// AUTO-GENERATED by scripts/compile-gpugemv-shader.sh — do not edit.
// Source: shaders/ggml_d3d12_mmv_q6_k.hlsl -D NUM_THREADS=128 -D TILE_COLS=4 (cs_6_0 CSMain)
#pragma once
#include <cstddef>
#include <cstdint>
// 20864 bytes DXIL
// clang-format off
static const uint8_t kGgmlD3d12MmvQ6K4ColT128Dxil[] = {
    0x44, 0x58, 0x42, 0x43, 0x4a, 0xbb, 0x4a, 0xa8, 0xec, 0x22, 0x46, 0x58,
    0x87, 0xe8, 0x92, 0x4d, 0x4a, 0xb5, 0x81, 0xcf, 0x01, 0x00, 0x00, 0x00,
    0x80, 0x51, 0x00, 0x00, 0x07, 0x00, 0x00, 0x00, 0x3c, 0x00, 0x00, 0x00,
    0x4c, 0x00, 0x00, 0x00, 0x5c, 0x00, 0x00, 0x00, 0x6c, 0x00, 0x00, 0x00,
    0x24, 0x01, 0x00, 0x00, 0xf8, 0x09, 0x00, 0x00, 0x14, 0x0a, 0x00, 0x00,
    0x53, 0x46, 0x49, 0x30, 0x08, 0x00, 0x00, 0x00, 0x00, 0x00, 0x00, 0x00,
    0x00, 0x00, 0x00, 0x00, 0x49, 0x53, 0x47, 0x31, 0x08, 0x00, 0x00, 0x00,
    0x00, 0x00, 0x00, 0x00, 0x08, 0x00, 0x00, 0x00, 0x4f, 0x53, 0x47, 0x31,
    0x08, 0x00, 0x00, 0x00, 0x00, 0x00, 0x00, 0x00, 0x08, 0x00, 0x00, 0x00,
    0x50, 0x53, 0x56, 0x30, 0xb0, 0x00, 0x00, 0x00, 0x34, 0x00, 0x00, 0x00,
    0x00, 0x00, 0x00, 0x00, 0x00, 0x00, 0x00, 0x00, 0x00, 0x00, 0x00, 0x00,
    0x00, 0x00, 0x00, 0x00, 0x00, 0x00, 0x00, 0x00, 0xff, 0xff, 0xff, 0xff,
    0x05, 0x00, 0x00, 0x00, 0x00, 0x00, 0x00, 0x00, 0x00, 0x00, 0x00, 0x00,
    0x80, 0x00, 0x00, 0x00, 0x01, 0x00, 0x00, 0x00, 0x01, 0x00, 0x00, 0x00,
    0x01, 0x00, 0x00, 0x00, 0x04, 0x00, 0x00, 0x00, 0x18, 0x00, 0x00, 0x00,
    0x02, 0x00, 0x00, 0x00, 0x00, 0x00, 0x00, 0x00, 0x00, 0x00, 0x00, 0x00,
    0x00, 0x00, 0x00, 0x00, 0x0d, 0x00, 0x00, 0x00, 0x00, 0x00, 0x00, 0x00,
    0x04, 0x00, 0x00, 0x00, 0x00, 0x00, 0x00, 0x00, 0x00, 0x00, 0x00, 0x00,
    0x00, 0x00, 0x00, 0x00, 0x0b, 0x00, 0x00, 0x00, 0x00, 0x00, 0x00, 0x00,
    0x07, 0x00, 0x00, 0x00, 0x00, 0x00, 0x00, 0x00, 0x01, 0x00, 0x00, 0x00,
    0x01, 0x00, 0x00, 0x00, 0x0b, 0x00, 0x00, 0x00, 0x00, 0x00, 0x00, 0x00,
    0x08, 0x00, 0x00, 0x00, 0x00, 0x00, 0x00, 0x00, 0x00, 0x00, 0x00, 0x00,
    0x00, 0x00, 0x00, 0x00, 0x0c, 0x00, 0x00, 0x00, 0x00, 0x00, 0x00, 0x00,
    0x08, 0x00, 0x00, 0x00, 0x00, 0x43, 0x53, 0x4d, 0x61, 0x69, 0x6e, 0x00,
    0x00, 0x00, 0x00, 0x00, 0x53, 0x54, 0x41, 0x54, 0xcc, 0x08, 0x00, 0x00,
    0x60, 0x00, 0x05, 0x00, 0x33, 0x02, 0x00, 0x00, 0x44, 0x58, 0x49, 0x4c,
    0x00, 0x01, 0x00, 0x00, 0x10, 0x00, 0x00, 0x00, 0xb4, 0x08, 0x00, 0x00,
    0x42, 0x43, 0xc0, 0xde, 0x21, 0x0c, 0x00, 0x00, 0x2a, 0x02, 0x00, 0x00,
    0x0b, 0x82, 0x20, 0x00, 0x02, 0x00, 0x00, 0x00, 0x13, 0x00, 0x00, 0x00,
    0x07, 0x81, 0x23, 0x91, 0x41, 0xc8, 0x04, 0x49, 0x06, 0x10, 0x32, 0x39,
    0x92, 0x01, 0x84, 0x0c, 0x25, 0x05, 0x08, 0x19, 0x1e, 0x04, 0x8b, 0x62,
    0x80, 0x18, 0x45, 0x02, 0x42, 0x92, 0x0b, 0x42, 0xc4, 0x10, 0x32, 0x14,
    0x38, 0x08, 0x18, 0x4b, 0x0a, 0x32, 0x62, 0x88, 0x48, 0x90, 0x14, 0x20,
    0x43, 0x46, 0x88, 0xa5, 0x00, 0x19, 0x32, 0x42, 0xe4, 0x48, 0x0e, 0x90,
    0x11, 0x23, 0xc4, 0x50, 0x41, 0x51, 0x81, 0x8c, 0xe1, 0x83, 0xe5, 0x8a,
    0x04, 0x31, 0x46, 0x06, 0x51, 0x18, 0x00, 0x00, 0x0b, 0x00, 0x00, 0x00,
    0x1b, 0x8c, 0xe0, 0xff, 0xff, 0xff, 0xff, 0x07, 0x40, 0x02, 0xa8, 0x0d,
    0x86, 0xf0, 0xff, 0xff, 0xff, 0xff, 0x03, 0xc0, 0x00, 0xd2, 0x06, 0x63,
    0xf8, 0xff, 0xff, 0xff, 0xff, 0x01, 0x90, 0x80, 0x6a, 0x03, 0x41, 0xfc,
    0xff, 0xff, 0xff, 0xff, 0x00, 0x48, 0x00, 0x00, 0x49, 0x18, 0x00, 0x00,
    0x03, 0x00, 0x00, 0x00, 0x13, 0x82, 0x60, 0x42, 0x20, 0x4c, 0x08, 0x86,
    0x09, 0x01, 0x01, 0x00, 0x89, 0x20, 0x00, 0x00, 0x4a, 0x00, 0x00, 0x00,
    0x32, 0x22, 0x88, 0x09, 0x20, 0x64, 0x85, 0x04, 0x13, 0x23, 0xa4, 0x84,
    0x04, 0x13, 0x23, 0xe3, 0x84, 0xa1, 0x90, 0x14, 0x12, 0x4c, 0x8c, 0x8c,
    0x0b, 0x84, 0xc4, 0x4c, 0x10, 0xac, 0xc1, 0x0c, 0x40, 0x02, 0x12, 0x00,
    0x83, 0x08, 0xc1, 0x30, 0x02, 0x50, 0x82, 0x81, 0x88, 0x39, 0x02, 0x30,
    0x28, 0x82, 0x61, 0xd0, 0x51, 0x06, 0xc3, 0x30, 0x28, 0x29, 0x84, 0x61,
    0x18, 0x06, 0x2d, 0x65, 0x00, 0x0c, 0x83, 0x9a, 0xa2, 0x00, 0x06, 0x00,
    0x00, 0x00, 0x00, 0x00, 0x00, 0x3d, 0x65, 0x18, 0x0c, 0x83, 0xa2, 0xa3,
    0x86, 0xcb, 0x9f, 0xb0, 0x87, 0x90, 0x7c, 0x6e, 0xa3, 0x8a, 0x95, 0x98,
    0x7c, 0xe4, 0xb6, 0x11, 0x61, 0x18, 0x86, 0x31, 0x47, 0x80, 0x10, 0x75,
    0xcf, 0x70, 0xf9, 0x13, 0xf6, 0x10, 0x92, 0x1f, 0x02, 0xcd, 0xb0, 0x10,
    0x28, 0xa8, 0x0a, 0x31, 0x19, 0x96, 0x41, 0xd7, 0x1c, 0x41, 0x50, 0x0c,
    0xcb, 0xa0, 0x0c, 0x23, 0x23, 0xed, 0xa6, 0xe1, 0xf2, 0x27, 0xec, 0x21,
    0x24, 0x7f, 0x25, 0xa4, 0x95, 0x98, 0x7c, 0xe4, 0xb6, 0x51, 0x61, 0x18,
    0x86, 0x61, 0x94, 0x82, 0x33, 0x2c, 0xc3, 0xa0, 0xae, 0x28, 0x83, 0x61,
    0x19, 0x06, 0x00, 0x00, 0x00, 0x45, 0xdf, 0x40, 0xc0, 0x61, 0xd2, 0x14,
    0x51, 0xc2, 0xe4, 0x6f, 0xd8, 0x44, 0x68, 0xc3, 0x10, 0x11, 0x92, 0xb4,
    0x51, 0x45, 0x41, 0x44, 0x28, 0x30, 0x48, 0x3c, 0x4d, 0x9a, 0x22, 0x4a,
    0x98, 0xfc, 0x15, 0xde, 0xb0, 0x89, 0xd0, 0x86, 0x21, 0x22, 0x24, 0x69,
    0xa3, 0x8a, 0x82, 0x88, 0x50, 0x60, 0x10, 0x39, 0xd3, 0x37, 0x0e, 0xec,
    0x10, 0x0e, 0xf3, 0x30, 0x0f, 0x6e, 0x20, 0x0b, 0xb7, 0x30, 0x0b, 0xf4,
    0x20, 0x0f, 0xf5, 0x30, 0x0e, 0xf4, 0x50, 0x0f, 0xf2, 0x50, 0x0e, 0xe4,
    0x20, 0x0a, 0xf5, 0x60, 0x0e, 0xe6, 0x50, 0x0e, 0xf2, 0xc0, 0x07, 0xe6,
    0xc0, 0x0e, 0xef, 0x10, 0x0e, 0xf4, 0xe0, 0x07, 0x28, 0x00, 0xc8, 0x3c,
    0x23, 0x05, 0x22, 0x80, 0x91, 0x10, 0x62, 0x18, 0x86, 0x61, 0x18, 0x86,
    0x41, 0xe8, 0x1c, 0x01, 0x28, 0x00, 0x00, 0x00, 0x13, 0x14, 0x72, 0xc0,
    0x87, 0x74, 0x60, 0x87, 0x36, 0x68, 0x87, 0x79, 0x68, 0x03, 0x72, 0xc0,
    0x87, 0x0d, 0xaf, 0x50, 0x0e, 0x6d, 0xd0, 0x0e, 0x7a, 0x50, 0x0e, 0x6d,
    0x00, 0x0f, 0x7a, 0x30, 0x07, 0x72, 0xa0, 0x07, 0x73, 0x20, 0x07, 0x6d,
    0x90, 0x0e, 0x71, 0xa0, 0x07, 0x73, 0x20, 0x07, 0x6d, 0x90, 0x0e, 0x78,
    0xa0, 0x07, 0x73, 0x20, 0x07, 0x6d, 0x90, 0x0e, 0x71, 0x60, 0x07, 0x7a,
    0x30, 0x07, 0x72, 0xd0, 0x06, 0xe9, 0x30, 0x07, 0x72, 0xa0, 0x07, 0x73,
    0x20, 0x07, 0x6d, 0x90, 0x0e, 0x76, 0x40, 0x07, 0x7a, 0x60, 0x07, 0x74,
    0xd0, 0x06, 0xe6, 0x10, 0x07, 0x76, 0xa0, 0x07, 0x73, 0x20, 0x07, 0x6d,
    0x60, 0x0e, 0x73, 0x20, 0x07, 0x7a, 0x30, 0x07, 0x72, 0xd0, 0x06, 0xe6,
    0x60, 0x07, 0x74, 0xa0, 0x07, 0x76, 0x40, 0x07, 0x6d, 0xe0, 0x0e, 0x78,
    0xa0, 0x07, 0x71, 0x60, 0x07, 0x7a, 0x30, 0x07, 0x72, 0xa0, 0x07, 0x76,
    0x40, 0x07, 0x3a, 0x0f, 0x24, 0x90, 0x21, 0x23, 0x45, 0x44, 0x00, 0x76,
    0xd4, 0x00, 0x3c, 0xe4, 0x21, 0x80, 0x00, 0x00, 0x00, 0x00, 0x00, 0x00,
    0x00, 0x00, 0x00, 0x60, 0xc8, 0x73, 0x00, 0x01, 0x10, 0x00, 0x00, 0x00,
    0x00, 0x00, 0x00, 0x00, 0xc0, 0x90, 0x27, 0x01, 0x02, 0x20, 0x00, 0x00,
    0x00, 0x00, 0x00, 0x00, 0x00, 0x80, 0x21, 0xcf, 0x02, 0x04, 0x40, 0x00,
    0x00, 0x00, 0x00, 0x00, 0x00, 0x00, 0x00, 0x43, 0x9e, 0x06, 0x08, 0x80,
    0x00, 0x00, 0x00, 0x00, 0x00, 0x00, 0x00, 0x00, 0x86, 0x3c, 0x0f, 0x10,
    0x00, 0x01, 0x00, 0x00, 0x00, 0x00, 0x00, 0x00, 0x00, 0x0c, 0x79, 0x22,
    0x20, 0x00, 0x04, 0x00, 0x00, 0x00, 0x00, 0x00, 0x00, 0x00, 0x18, 0xf2,
    0x5c, 0x40, 0x00, 0x0c, 0x00, 0x00, 0x00, 0x00, 0x00, 0x00, 0x00, 0x30,
    0xe4, 0xd1, 0x80, 0x00, 0x18, 0x00, 0x00, 0x00, 0x00, 0x00, 0x00, 0x00,
    0x60, 0xc8, 0xd3, 0x01, 0x01, 0x30, 0x00, 0x00, 0x00, 0x00, 0x00, 0x00,
    0x00, 0xc0, 0x90, 0xe7, 0x03, 0x02, 0x80, 0x00, 0x00, 0x00, 0x00, 0x00,
    0x00, 0x00, 0x80, 0x2c, 0x10, 0x00, 0x00, 0x00, 0x19, 0x00, 0x00, 0x00,
    0x32, 0x1e, 0x98, 0x18, 0x19, 0x11, 0x4c, 0x90, 0x8c, 0x09, 0x26, 0x47,
    0xc6, 0x04, 0x43, 0x52, 0x0b, 0x84, 0xb2, 0x1a, 0x20, 0xa3, 0x04, 0x46,
    0x00, 0x8a, 0xa1, 0x2c, 0x0a, 0xa3, 0x10, 0x0a, 0xa8, 0x0c, 0xca, 0xa1,
    0x24, 0x4a, 0xa1, 0x20, 0x0a, 0xa4, 0x50, 0x0a, 0xa6, 0x70, 0x0a, 0x50,
    0xa0, 0x00, 0x41, 0x0a, 0xb9, 0xa0, 0x90, 0x8a, 0x33, 0xa0, 0x00, 0x0f,
    0x0a, 0x5f, 0xa5, 0x40, 0x0d, 0x0a, 0xaf, 0xfc, 0x13, 0x28, 0x1b, 0x01,
    0xa0, 0x60, 0x06, 0x80, 0xc6, 0x19, 0x00, 0x2a, 0x67, 0x00, 0xc8, 0x9c,
    0x01, 0xa0, 0x73, 0x06, 0x80, 0xd0, 0x19, 0x00, 0x4a, 0x67, 0x00, 0x08,
    0x98, 0x01, 0x00, 0x00, 0x79, 0x18, 0x00, 0x00, 0xc1, 0x00, 0x00, 0x00,
    0x1a, 0x03, 0x4c, 0x90, 0x46, 0x02, 0x13, 0x44, 0x8f, 0x0c, 0x6f, 0xec,
    0xed, 0x4d, 0x0c, 0x24, 0xc6, 0x05, 0xc7, 0x45, 0xa6, 0x06, 0x46, 0xc6,
    0x25, 0x26, 0x06, 0x04, 0x45, 0x66, 0x26, 0x27, 0x47, 0x26, 0xa6, 0x46,
    0x46, 0x26, 0x65, 0x43, 0x10, 0x4c, 0x10, 0x0c, 0x67, 0x82, 0x60, 0x3c,
    0x1b, 0x84, 0x81, 0xd8, 0x20, 0x10, 0x04, 0x85, 0xb1, 0xb9, 0x09, 0x82,
    0x01, 0x6d, 0x18, 0x0e, 0x84, 0x98, 0x20, 0x8c, 0x81, 0x1a, 0x30, 0xb8,
    0x9a, 0x20, 0x18, 0xd1, 0x86, 0x84, 0x50, 0x16, 0x82, 0x18, 0x18, 0x02,
    0xd8, 0x10, 0x34, 0x13, 0x84, 0x32, 0x58, 0x03, 0x06, 0x58, 0x13, 0x84,
    0x0c, 0x0d, 0x36, 0x2c, 0xc4, 0x03, 0x11, 0xc3, 0xc0, 0x44, 0x51, 0x04,
    0x4c, 0x10, 0xce, 0xa0, 0x0d, 0x18, 0x64, 0x4d, 0x10, 0x0c, 0x69, 0x82,
    0x60, 0x4c, 0x1b, 0x84, 0xc1, 0xda, 0xb0, 0x0c, 0x13, 0x45, 0x10, 0x43,
    0x15, 0x45, 0xd1, 0xb5, 0x41, 0x90, 0xb0, 0x09, 0x42, 0x1a, 0xbc, 0x01,
    0x0d, 0xa8, 0x30, 0xb9, 0xb0, 0xb6, 0xb9, 0x09, 0x82, 0x41, 0x6d, 0x40,
    0x08, 0x6d, 0x23, 0x88, 0x81, 0x03, 0x36, 0x04, 0xdd, 0x06, 0xc2, 0xc9,
    0x3c, 0x60, 0x82, 0x60, 0x06, 0x6c, 0xc0, 0x00, 0x6d, 0x82, 0x60, 0x54,
    0x13, 0x04, 0xc3, 0x9a, 0x20, 0x18, 0xd7, 0x06, 0x03, 0x09, 0x03, 0x31,
    0x20, 0xc6, 0x80, 0x0c, 0x26, 0x08, 0x00, 0x1c, 0x6c, 0x10, 0x08, 0x33,
    0xd8, 0x10, 0x9c, 0xc1, 0x06, 0x81, 0x40, 0x83, 0x0d, 0x83, 0x55, 0x06,
    0x69, 0x30, 0x41, 0x40, 0x03, 0x37, 0x60, 0xe0, 0x36, 0x41, 0x30, 0xb0,
    0x09, 0x42, 0xd6, 0x6c, 0x40, 0x10, 0x36, 0x10, 0x03, 0x62, 0x0c, 0xda,
    0x80, 0x0c, 0xdc, 0x80, 0xc5, 0xda, 0x17, 0x59, 0x5a, 0xdb, 0x06, 0x03,
    0x81, 0x03, 0x31, 0xb0, 0xc6, 0xa0, 0x0d, 0x68, 0xb8, 0x8d, 0xa1, 0xd5,
    0xb9, 0xad, 0x4d, 0x10, 0x8c, 0x6c, 0x03, 0x82, 0xc8, 0x81, 0x18, 0xcc,
    0xc1, 0x18, 0xb4, 0x01, 0x19, 0xb8, 0x01, 0x97, 0xbb, 0x2f, 0xb9, 0xb7,
    0xbb, 0x2f, 0xb1, 0x3c, 0xba, 0xb2, 0xb9, 0x0d, 0x08, 0x52, 0x07, 0x62,
    0x50, 0x8d, 0x41, 0x1b, 0x90, 0x81, 0x1b, 0x10, 0xc1, 0xfb, 0x9a, 0xa3,
    0x93, 0x4b, 0x23, 0x2b, 0x9b, 0x20, 0x18, 0xda, 0x06, 0x04, 0xb9, 0x03,
    0x31, 0xc0, 0x83, 0x31, 0x68, 0x03, 0x32, 0x70, 0x03, 0x22, 0x79, 0x5f,
    0x73, 0x74, 0x72, 0x69, 0x64, 0x65, 0x13, 0x04, 0x63, 0xdb, 0x80, 0x20,
    0x7a, 0x20, 0x06, 0x7b, 0x30, 0x06, 0x6d, 0x40, 0x06, 0x6e, 0xc0, 0xc2,
    0x6d, 0xec, 0x8d, 0x6d, 0x6e, 0x82, 0x60, 0x70, 0x1b, 0x10, 0xa4, 0x0f,
    0xc4, 0xc0, 0x0f, 0xc6, 0xa0, 0x0d, 0xc8, 0xc0, 0x0d, 0x48, 0xc0, 0x85,
    0x91, 0xc5, 0x4c, 0x10, 0x8c, 0x6e, 0x83, 0x81, 0x80, 0x82, 0x18, 0x84,
    0xc2, 0x18, 0xb4, 0xc1, 0x86, 0x84, 0x7b, 0x83, 0x38, 0xa0, 0x03, 0x3b,
    0xc8, 0x03, 0x3e, 0xf8, 0x03, 0x51, 0xd8, 0x50, 0x10, 0x60, 0xa0, 0x06,
    0x6b, 0x30, 0x0a, 0x13, 0x84, 0x22, 0xd8, 0x00, 0x6c, 0x18, 0x08, 0x53,
    0x30, 0x85, 0x0d, 0xc1, 0x29, 0x6c, 0x18, 0x86, 0x52, 0x40, 0x05, 0x1a,
    0x43, 0x53, 0x4d, 0x61, 0x69, 0x6e, 0x13, 0x04, 0x35, 0x60, 0x26, 0x08,
    0x86, 0xb7, 0x61, 0x60, 0x85, 0x61, 0xd8, 0x40, 0x10, 0xab, 0x60, 0xb5,
    0xc2, 0x86, 0xa2, 0x14, 0x54, 0x01, 0xf8, 0x5c, 0x81, 0x50, 0x98, 0x9c,
    0x5c, 0x58, 0xde, 0x17, 0xdd, 0xd9, 0x5c, 0xdb, 0x97, 0x58, 0x1e, 0x5d,
    0xd9, 0xdc, 0x04, 0xc1, 0xf8, 0xf8, 0x84, 0xc9, 0xc9, 0x85, 0xe5, 0x7d,
    0xd1, 0x9d, 0xcd, 0xb5, 0x7d, 0xb1, 0x91, 0xcd, 0xd1, 0x4d, 0x10, 0x0c,
    0x30, 0xe0, 0x21, 0x16, 0x26, 0x27, 0x97, 0x56, 0x26, 0x37, 0x41, 0x30,
    0xc2, 0x80, 0x88, 0x98, 0x5c, 0x98, 0xdb, 0x18, 0x5a, 0xd9, 0xdc, 0x04,
    0xc1, 0x10, 0x03, 0x1a, 0x66, 0x6c, 0x6f, 0x61, 0x74, 0x73, 0x13, 0x04,
    0x63, 0x0c, 0x58, 0xa4, 0xb9, 0xcd, 0xd1, 0xcd, 0x4d, 0x10, 0x0c, 0x32,
    0x20, 0x91, 0xe6, 0x46, 0x37, 0x37, 0x41, 0x30, 0xca, 0x80, 0x08, 0x5d,
    0x19, 0xde, 0x17, 0xdb, 0x5b, 0x18, 0xd9, 0x04, 0xc1, 0x30, 0x03, 0x26,
    0x74, 0x65, 0x78, 0x5f, 0x73, 0x74, 0x6f, 0x72, 0x65, 0x2c, 0xea, 0xd2,
    0xdc, 0xe8, 0xe6, 0x26, 0x08, 0xc6, 0x19, 0x6c, 0xa0, 0x60, 0x21, 0x16,
    0x64, 0x61, 0x16, 0x68, 0xa1, 0x16, 0x6c, 0xe1, 0x16, 0x70, 0x21, 0x17,
    0x74, 0x61, 0x17, 0x78, 0xa1, 0x17, 0x7c, 0xe1, 0x17, 0xc0, 0xc1, 0x0a,
    0x07, 0x71, 0xa8, 0xc2, 0xc6, 0x66, 0xd7, 0xe6, 0x92, 0x46, 0x56, 0xe6,
    0x46, 0x37, 0x25, 0x08, 0xaa, 0x90, 0xe1, 0xb9, 0xd8, 0x95, 0xc9, 0xcd,
    0xa5, 0xbd, 0xb9, 0x4d, 0x09, 0x88, 0x26, 0x64, 0x78, 0x2e, 0x76, 0x61,
    0x6c, 0x76, 0x65, 0x72, 0x53, 0x82, 0xa2, 0x0e, 0x19, 0x9e, 0xcb, 0x1c,
    0x5a, 0x18, 0x59, 0x99, 0x5c, 0xd3, 0x1b, 0x59, 0x19, 0xdb, 0x94, 0x00,
    0x29, 0x43, 0x86, 0xe7, 0x22, 0x57, 0x36, 0xf7, 0x56, 0x27, 0x37, 0x56,
    0x36, 0x37, 0x25, 0xf0, 0x2a, 0x91, 0xe1, 0xb9, 0xd0, 0xe5, 0xc1, 0x95,
    0x05, 0xb9, 0xb9, 0xbd, 0xd1, 0x85, 0xd1, 0xa5, 0xbd, 0xb9, 0xcd, 0x4d,
    0x11, 0x46, 0x01, 0x15, 0xea, 0x90, 0xe1, 0xb9, 0x94, 0xb9, 0xd1, 0xc9,
    0xe5, 0x41, 0xbd, 0xa5, 0xb9, 0xd1, 0xcd, 0x4d, 0x09, 0x5c, 0xa1, 0x0b,
    0x19, 0x9e, 0xcb, 0xd8, 0x5b, 0x9d, 0x1b, 0x5d, 0x99, 0xdc, 0xdc, 0x94,
    0x40, 0x1c, 0x00, 0x00, 0x79, 0x18, 0x00, 0x00, 0x55, 0x00, 0x00, 0x00,
    0x33, 0x08, 0x80, 0x1c, 0xc4, 0xe1, 0x1c, 0x66, 0x14, 0x01, 0x3d, 0x88,
    0x43, 0x38, 0x84, 0xc3, 0x8c, 0x42, 0x80, 0x07, 0x79, 0x78, 0x07, 0x73,
    0x98, 0x71, 0x0c, 0xe6, 0x00, 0x0f, 0xed, 0x10, 0x0e, 0xf4, 0x80, 0x0e,
    0x33, 0x0c, 0x42, 0x1e, 0xc2, 0xc1, 0x1d, 0xce, 0xa1, 0x1c, 0x66, 0x30,
    0x05, 0x3d, 0x88, 0x43, 0x38, 0x84, 0x83, 0x1b, 0xcc, 0x03, 0x3d, 0xc8,
    0x43, 0x3d, 0x8c, 0x03, 0x3d, 0xcc, 0x78, 0x8c, 0x74, 0x70, 0x07, 0x7b,
    0x08, 0x07, 0x79, 0x48, 0x87, 0x70, 0x70, 0x07, 0x7a, 0x70, 0x03, 0x76,
    0x78, 0x87, 0x70, 0x20, 0x87, 0x19, 0xcc, 0x11, 0x0e, 0xec, 0x90, 0x0e,
    0xe1, 0x30, 0x0f, 0x6e, 0x30, 0x0f, 0xe3, 0xf0, 0x0e, 0xf0, 0x50, 0x0e,
    0x33, 0x10, 0xc4, 0x1d, 0xde, 0x21, 0x1c, 0xd8, 0x21, 0x1d, 0xc2, 0x61,
    0x1e, 0x66, 0x30, 0x89, 0x3b, 0xbc, 0x83, 0x3b, 0xd0, 0x43, 0x39, 0xb4,
    0x03, 0x3c, 0xbc, 0x83, 0x3c, 0x84, 0x03, 0x3b, 0xcc, 0xf0, 0x14, 0x76,
    0x60, 0x07, 0x7b, 0x68, 0x07, 0x37, 0x68, 0x87, 0x72, 0x68, 0x07, 0x37,
    0x80, 0x87, 0x70, 0x90, 0x87, 0x70, 0x60, 0x07, 0x76, 0x28, 0x07, 0x76,
    0xf8, 0x05, 0x76, 0x78, 0x87, 0x77, 0x80, 0x87, 0x5f, 0x08, 0x87, 0x71,
    0x18, 0x87, 0x72, 0x98, 0x87, 0x79, 0x98, 0x81, 0x2c, 0xee, 0xf0, 0x0e,
    0xee, 0xe0, 0x0e, 0xf5, 0xc0, 0x0e, 0xec, 0x30, 0x03, 0x62, 0xc8, 0xa1,
    0x1c, 0xe4, 0xa1, 0x1c, 0xcc, 0xa1, 0x1c, 0xe4, 0xa1, 0x1c, 0xdc, 0x61,
    0x1c, 0xca, 0x21, 0x1c, 0xc4, 0x81, 0x1d, 0xca, 0x61, 0x06, 0xd6, 0x90,
    0x43, 0x39, 0xc8, 0x43, 0x39, 0x98, 0x43, 0x39, 0xc8, 0x43, 0x39, 0xb8,
    0xc3, 0x38, 0x94, 0x43, 0x38, 0x88, 0x03, 0x3b, 0x94, 0xc3, 0x2f, 0xbc,
    0x83, 0x3c, 0xfc, 0x82, 0x3b, 0xd4, 0x03, 0x3b, 0xb0, 0xc3, 0x0c, 0xc4,
    0x21, 0x07, 0x7c, 0x70, 0x03, 0x7a, 0x28, 0x87, 0x76, 0x80, 0x87, 0x19,
    0xca, 0xc3, 0x0e, 0xec, 0x60, 0x0f, 0xed, 0xe0, 0x06, 0xec, 0xf0, 0x0e,
    0xef, 0x00, 0x0f, 0x33, 0x22, 0x88, 0x1c, 0xf0, 0xc1, 0x0d, 0xc8, 0x41,
    0x1c, 0xce, 0xc1, 0x0d, 0xec, 0x21, 0x1c, 0xe4, 0x81, 0x1d, 0xc2, 0x21,
    0x1f, 0xde, 0xa1, 0x1e, 0xe8, 0x61, 0x06, 0x13, 0x91, 0x03, 0x3e, 0xb8,
    0x81, 0x38, 0xc8, 0x43, 0x39, 0x84, 0xc3, 0x3a, 0xb8, 0x81, 0x38, 0xc8,
    0x03, 0x00, 0x00, 0x00, 0x71, 0x20, 0x00, 0x00, 0x34, 0x00, 0x00, 0x00,
    0x05, 0xa0, 0x05, 0x7e, 0xf2, 0x32, 0x19, 0x08, 0x9c, 0x41, 0x83, 0x59,
    0x58, 0x32, 0x08, 0x24, 0x91, 0x86, 0xc1, 0x66, 0xd0, 0x15, 0x23, 0xa7,
    0xdb, 0x16, 0x60, 0x70, 0xac, 0x09, 0x20, 0x8d, 0x1d, 0x34, 0xc3, 0xe5,
    0x3b, 0x8f, 0x1f, 0x00, 0x51, 0x84, 0x10, 0x91, 0x11, 0x40, 0xc3, 0xe5,
    0x3b, 0x8f, 0x1f, 0x20, 0x0d, 0x10, 0x61, 0x3e, 0x72, 0xdb, 0xa6, 0x40,
    0x0d, 0x97, 0xef, 0x3c, 0x7e, 0x40, 0x15, 0x05, 0x11, 0x95, 0x0e, 0x30,
    0xf8, 0xc8, 0x6d, 0xdb, 0x42, 0x35, 0x5c, 0xbe, 0xf3, 0xf8, 0x01, 0x55,
    0x14, 0x44, 0xc4, 0x4e, 0x4e, 0x44, 0xf8, 0xc5, 0x6d, 0x1b, 0xc2, 0x36,
    0x5c, 0xbe, 0xf3, 0xf8, 0x42, 0x40, 0x15, 0x05, 0x11, 0x95, 0x0e, 0x30,
    0x94, 0x84, 0x01, 0x08, 0x98, 0x8f, 0xdc, 0xb6, 0x25, 0x48, 0xc3, 0xe5,
    0x3b, 0x8f, 0x2f, 0x44, 0x04, 0x30, 0x11, 0x21, 0xd0, 0x0c, 0x0b, 0x61,
    0x06, 0xce, 0x70, 0xf9, 0xce, 0xe3, 0x0f, 0xce, 0x84, 0xfb, 0xc5, 0x6d,
    0x9b, 0x80, 0x18, 0x0c, 0x97, 0xef, 0x3c, 0x7e, 0xb1, 0x00, 0xd3, 0x44,
    0x34, 0xc4, 0xd0, 0x1e, 0x11, 0x01, 0x0c, 0xe2, 0x20, 0x36, 0x60, 0xe4,
    0x50, 0x8f, 0x8f, 0xdc, 0xb6, 0x0d, 0x44, 0xc3, 0xe5, 0x3b, 0x8f, 0x6f,
    0x44, 0x0e, 0xf5, 0x88, 0x83, 0x8f, 0xdc, 0xb6, 0x15, 0x50, 0xc3, 0xe5,
    0x3b, 0x8f, 0xbf, 0x10, 0x06, 0x20, 0x60, 0x5f, 0xad, 0xb7, 0xce, 0x77,
    0xdb, 0x00, 0x00, 0x00, 0x00, 0x00, 0x00, 0x00, 0x48, 0x41, 0x53, 0x48,
    0x14, 0x00, 0x00, 0x00, 0x00, 0x00, 0x00, 0x00, 0xed, 0xad, 0x8e, 0xda,
    0xcc, 0x83, 0x83, 0x18, 0xaa, 0x22, 0x9c, 0xfd, 0x52, 0xd6, 0x59, 0xef,
    0x44, 0x58, 0x49, 0x4c, 0x64, 0x47, 0x00, 0x00, 0x60, 0x00, 0x05, 0x00,
    0xd9, 0x11, 0x00, 0x00, 0x44, 0x58, 0x49, 0x4c, 0x00, 0x01, 0x00, 0x00,
    0x10, 0x00, 0x00, 0x00, 0x4c, 0x47, 0x00, 0x00, 0x42, 0x43, 0xc0, 0xde,
    0x21, 0x0c, 0x00, 0x00, 0xd0, 0x11, 0x00, 0x00, 0x0b, 0x82, 0x20, 0x00,
    0x02, 0x00, 0x00, 0x00, 0x13, 0x00, 0x00, 0x00, 0x07, 0x81, 0x23, 0x91,
    0x41, 0xc8, 0x04, 0x49, 0x06, 0x10, 0x32, 0x39, 0x92, 0x01, 0x84, 0x0c,
    0x25, 0x05, 0x08, 0x19, 0x1e, 0x04, 0x8b, 0x62, 0x80, 0x18, 0x45, 0x02,
    0x42, 0x92, 0x0b, 0x42, 0xc4, 0x10, 0x32, 0x14, 0x38, 0x08, 0x18, 0x4b,
    0x0a, 0x32, 0x62, 0x88, 0x48, 0x90, 0x14, 0x20, 0x43, 0x46, 0x88, 0xa5,
    0x00, 0x19, 0x32, 0x42, 0xe4, 0x48, 0x0e, 0x90, 0x11, 0x23, 0xc4, 0x50,
    0x41, 0x51, 0x81, 0x8c, 0xe1, 0x83, 0xe5, 0x8a, 0x04, 0x31, 0x46, 0x06,
    0x51, 0x18, 0x00, 0x00, 0x0b, 0x00, 0x00, 0x00, 0x1b, 0x8c, 0xe0, 0xff,
    0xff, 0xff, 0xff, 0x07, 0x40, 0x02, 0xa8, 0x0d, 0x86, 0xf0, 0xff, 0xff,
    0xff, 0xff, 0x03, 0xc0, 0x00, 0xd2, 0x06, 0x63, 0xf8, 0xff, 0xff, 0xff,
    0xff, 0x01, 0x90, 0x80, 0x6a, 0x03, 0x41, 0xfc, 0xff, 0xff, 0xff, 0xff,
    0x00, 0x48, 0x00, 0x00, 0x49, 0x18, 0x00, 0x00, 0x03, 0x00, 0x00, 0x00,
    0x13, 0x82, 0x60, 0x42, 0x20, 0x4c, 0x08, 0x86, 0x09, 0x01, 0x01, 0x00,
    0x89, 0x20, 0x00, 0x00, 0x4b, 0x00, 0x00, 0x00, 0x32, 0x22, 0x88, 0x09,
    0x20, 0x64, 0x85, 0x04, 0x13, 0x23, 0xa4, 0x84, 0x04, 0x13, 0x23, 0xe3,
    0x84, 0xa1, 0x90, 0x14, 0x12, 0x4c, 0x8c, 0x8c, 0x0b, 0x84, 0xc4, 0x4c,
    0x10, 0xb4, 0xc1, 0x0c, 0x40, 0x02, 0x12, 0x00, 0x83, 0x08, 0xc1, 0x30,
    0x02, 0x50, 0x82, 0x81, 0x88, 0x39, 0x02, 0x30, 0x28, 0x82, 0x61, 0xd0,
    0x51, 0x06, 0xc3, 0x30, 0x28, 0x29, 0x84, 0x61, 0x18, 0x06, 0x2d, 0x65,
    0x00, 0x0c, 0x83, 0x9a, 0xa2, 0x00, 0x06, 0x00, 0x00, 0x00, 0x00, 0x00,
    0x00, 0x3d, 0x65, 0x18, 0x0c, 0x83, 0xa2, 0xa3, 0x86, 0xcb, 0x9f, 0xb0,
    0x87, 0x90, 0x7c, 0x6e, 0xa3, 0x8a, 0x95, 0x98, 0x7c, 0xe4, 0xb6, 0x11,
    0x61, 0x18, 0x86, 0x31, 0x47, 0x80, 0x10, 0x75, 0xcf, 0x70, 0xf9, 0x13,
    0xf6, 0x10, 0x92, 0x1f, 0x02, 0xcd, 0xb0, 0x10, 0x28, 0xa8, 0x0a, 0x31,
    0x19, 0x96, 0x41, 0xd7, 0x1c, 0x41, 0x50, 0x0c, 0xcb, 0xa0, 0x0c, 0x23,
    0x23, 0xed, 0xa6, 0xe1, 0xf2, 0x27, 0xec, 0x21, 0x24, 0x7f, 0x25, 0xa4,
    0x95, 0x98, 0x7c, 0xe4, 0xb6, 0x51, 0x61, 0x18, 0x86, 0x61, 0x94, 0x82,
    0x33, 0x2c, 0xc3, 0xa0, 0xae, 0x28, 0x83, 0x61, 0x19, 0x06, 0x00, 0x00,
    0x00, 0x45, 0xdf, 0x40, 0xc0, 0x61, 0xd2, 0x14, 0x51, 0xc2, 0xe4, 0x6f,
    0xd8, 0x44, 0x68, 0xc3, 0x10, 0x11, 0x92, 0xb4, 0x51, 0x45, 0x41, 0x44,
    0x28, 0x30, 0x48, 0x3c, 0x4d, 0x9a, 0x22, 0x4a, 0x98, 0xfc, 0x15, 0xde,
    0xb0, 0x89, 0xd0, 0x86, 0x21, 0x22, 0x24, 0x69, 0xa3, 0x8a, 0x82, 0x88,
    0x50, 0x60, 0x10, 0x39, 0xd3, 0x37, 0x0e, 0xec, 0x10, 0x0e, 0xf3, 0x30,
    0x0f, 0x6e, 0x20, 0x0b, 0xb7, 0x30, 0x0b, 0xf4, 0x20, 0x0f, 0xf5, 0x30,
    0x0e, 0xf4, 0x50, 0x0f, 0xf2, 0x50, 0x0e, 0xe4, 0x20, 0x0a, 0xf5, 0x60,
    0x0e, 0xe6, 0x50, 0x0e, 0xf2, 0xc0, 0x07, 0xe6, 0xc0, 0x0e, 0xef, 0x10,
    0x0e, 0xf4, 0xe0, 0x07, 0x28, 0x00, 0xc8, 0x3c, 0x23, 0x05, 0x22, 0x80,
    0x91, 0x10, 0x62, 0x18, 0x86, 0x61, 0x18, 0x86, 0x41, 0xe8, 0x1c, 0x01,
    0x28, 0x4c, 0x01, 0x0c, 0x22, 0x00, 0x03, 0x00, 0x13, 0x14, 0x72, 0xc0,
    0x87, 0x74, 0x60, 0x87, 0x36, 0x68, 0x87, 0x79, 0x68, 0x03, 0x72, 0xc0,
    0x87, 0x0d, 0xaf, 0x50, 0x0e, 0x6d, 0xd0, 0x0e, 0x7a, 0x50, 0x0e, 0x6d,
    0x00, 0x0f, 0x7a, 0x30, 0x07, 0x72, 0xa0, 0x07, 0x73, 0x20, 0x07, 0x6d,
    0x90, 0x0e, 0x71, 0xa0, 0x07, 0x73, 0x20, 0x07, 0x6d, 0x90, 0x0e, 0x78,
    0xa0, 0x07, 0x73, 0x20, 0x07, 0x6d, 0x90, 0x0e, 0x71, 0x60, 0x07, 0x7a,
    0x30, 0x07, 0x72, 0xd0, 0x06, 0xe9, 0x30, 0x07, 0x72, 0xa0, 0x07, 0x73,
    0x20, 0x07, 0x6d, 0x90, 0x0e, 0x76, 0x40, 0x07, 0x7a, 0x60, 0x07, 0x74,
    0xd0, 0x06, 0xe6, 0x10, 0x07, 0x76, 0xa0, 0x07, 0x73, 0x20, 0x07, 0x6d,
    0x60, 0x0e, 0x73, 0x20, 0x07, 0x7a, 0x30, 0x07, 0x72, 0xd0, 0x06, 0xe6,
    0x60, 0x07, 0x74, 0xa0, 0x07, 0x76, 0x40, 0x07, 0x6d, 0xe0, 0x0e, 0x78,
    0xa0, 0x07, 0x71, 0x60, 0x07, 0x7a, 0x30, 0x07, 0x72, 0xa0, 0x07, 0x76,
    0x40, 0x07, 0x3a, 0x0f, 0x24, 0x90, 0x21, 0x23, 0x45, 0x44, 0x00, 0x76,
    0x3a, 0xf0, 0x90, 0x87, 0x00, 0x00, 0x00, 0x00, 0x00, 0x00, 0x00, 0x00,
    0x00, 0x00, 0x80, 0x21, 0xcf, 0x01, 0x04, 0x40, 0x00, 0x00, 0x00, 0x00,
    0x00, 0x00, 0x00, 0x00, 0x43, 0x9e, 0x04, 0x08, 0x80, 0x00, 0x00, 0x00,
    0x00, 0x00, 0x00, 0x00, 0x00, 0x86, 0x3c, 0x0b, 0x10, 0x00, 0x01, 0x00,
    0x00, 0x00, 0x00, 0x00, 0x00, 0x00, 0x0c, 0x79, 0x1a, 0x20, 0x00, 0x02,
    0x00, 0x00, 0x00, 0x00, 0x00, 0x00, 0x00, 0x18, 0xf2, 0x3c, 0x40, 0x00,
    0x04, 0x00, 0x00, 0x00, 0x00, 0x00, 0x00, 0x00, 0x30, 0xe4, 0x89, 0x80,
    0x00, 0x10, 0x00, 0x00, 0x00, 0x00, 0x00, 0x00, 0x00, 0x60, 0xc8, 0x73,
    0x01, 0x01, 0x30, 0x00, 0x00, 0x00, 0x00, 0x00, 0x00, 0x00, 0xc0, 0x90,
    0x47, 0x03, 0x02, 0x60, 0x00, 0x00, 0x00, 0x00, 0x00, 0x00, 0x00, 0x80,
    0x21, 0x4f, 0x07, 0x04, 0xc0, 0x00, 0x00, 0x00, 0x00, 0x00, 0x00, 0x00,
    0x00, 0x43, 0x9e, 0x0f, 0x08, 0x00, 0x02, 0x00, 0x00, 0x00, 0x00, 0x00,
    0x00, 0x00, 0xb2, 0x40, 0x0f, 0x00, 0x00, 0x00, 0x32, 0x1e, 0x98, 0x14,
    0x19, 0x11, 0x4c, 0x90, 0x8c, 0x09, 0x26, 0x47, 0xc6, 0x04, 0x43, 0x52,
    0x47, 0x00, 0xc8, 0x28, 0x81, 0x11, 0x80, 0x82, 0x28, 0x86, 0xb2, 0x28,
    0x8c, 0x42, 0x28, 0xa0, 0x02, 0x14, 0xa0, 0x6c, 0x04, 0x80, 0xd4, 0x02,
    0xa1, 0x72, 0x06, 0x80, 0xce, 0x19, 0x00, 0x4a, 0x67, 0x00, 0x68, 0x9c,
    0x01, 0xa0, 0x60, 0x06, 0x00, 0x00, 0x00, 0x00, 0x79, 0x18, 0x00, 0x00,
    0x59, 0x00, 0x00, 0x00, 0x1a, 0x03, 0x4c, 0x90, 0x46, 0x02, 0x13, 0x44,
    0x8f, 0x0c, 0x6f, 0xec, 0xed, 0x4d, 0x0c, 0x24, 0xc6, 0x05, 0xc7, 0x45,
    0xa6, 0x06, 0x46, 0xc6, 0x25, 0x26, 0x06, 0x04, 0x45, 0x66, 0x26, 0x27,
    0x47, 0x26, 0xa6, 0x46, 0x46, 0x26, 0x65, 0x43, 0x10, 0x4c, 0x10, 0x8c,
    0x66, 0x82, 0x60, 0x38, 0x1b, 0x84, 0x81, 0x98, 0x20, 0x18, 0xcf, 0x06,
    0x61, 0x30, 0x28, 0x8c, 0xcd, 0x4d, 0x10, 0x0c, 0x68, 0xc3, 0x80, 0x24,
    0xc4, 0x04, 0x61, 0x0c, 0x36, 0x02, 0x13, 0x04, 0x23, 0xda, 0x90, 0x10,
    0x0b, 0x43, 0x10, 0x43, 0x43, 0x00, 0x1b, 0x02, 0x67, 0x82, 0x50, 0x06,
    0xd8, 0x04, 0x21, 0xb3, 0x36, 0x2c, 0x04, 0xc4, 0x10, 0xc3, 0xd0, 0x44,
    0x51, 0x04, 0x4c, 0x10, 0xce, 0x20, 0x9b, 0x20, 0x18, 0xd2, 0x04, 0xc1,
    0x98, 0x36, 0x08, 0x43, 0xb5, 0x61, 0x19, 0x26, 0x86, 0x20, 0x06, 0x2a,
    0x8a, 0x22, 0x6b, 0x83, 0x20, 0x5d, 0x13, 0x84, 0x34, 0xd0, 0x26, 0x08,
    0x06, 0xb5, 0x01, 0x21, 0x32, 0x86, 0x20, 0x06, 0x0d, 0xd8, 0x10, 0x6c,
    0x1b, 0x88, 0x07, 0xe3, 0x80, 0x09, 0x42, 0x11, 0xd0, 0x18, 0x9a, 0x6a,
    0x0a, 0x4b, 0x73, 0x9b, 0x20, 0xa8, 0xc1, 0x35, 0x41, 0x30, 0xaa, 0x0d,
    0x43, 0x18, 0x0c, 0xc3, 0x06, 0x82, 0x00, 0x83, 0x4a, 0x0c, 0x36, 0x14,
    0xde, 0x07, 0x74, 0x63, 0xc0, 0xc2, 0x8c, 0xed, 0x2d, 0x8c, 0x8e, 0xcf,
    0x5b, 0x9b, 0x5b, 0x1a, 0xdc, 0x1b, 0x5d, 0x99, 0x1b, 0x1d, 0xc8, 0x18,
    0x5a, 0x98, 0x1c, 0xa3, 0xa9, 0xb4, 0x36, 0x38, 0xb6, 0x32, 0x90, 0xa1,
    0x97, 0xa1, 0x95, 0x15, 0x10, 0x2a, 0xa1, 0xa0, 0xa0, 0x0d, 0xc1, 0x19,
    0x4c, 0x10, 0xd4, 0x80, 0xd9, 0x30, 0x98, 0x01, 0x1a, 0xa4, 0xc1, 0x86,
    0xa1, 0x0c, 0xd4, 0x20, 0x0d, 0x36, 0x0c, 0x6b, 0xb0, 0x06, 0x69, 0x50,
    0x85, 0x8d, 0xcd, 0xae, 0xcd, 0x25, 0x8d, 0xac, 0xcc, 0x8d, 0x6e, 0x4a,
    0x10, 0x54, 0x21, 0xc3, 0x73, 0xb1, 0x2b, 0x93, 0x9b, 0x4b, 0x7b, 0x73,
    0x9b, 0x12, 0x10, 0x4d, 0xc8, 0xf0, 0x5c, 0xec, 0xc2, 0xd8, 0xec, 0xca,
    0xe4, 0xa6, 0x04, 0x46, 0x1d, 0x32, 0x3c, 0x97, 0x39, 0xb4, 0x30, 0xb2,
    0x32, 0xb9, 0xa6, 0x37, 0xb2, 0x32, 0xb6, 0x29, 0x41, 0x52, 0x86, 0x0c,
    0xcf, 0x45, 0xae, 0x6c, 0xee, 0xad, 0x4e, 0x6e, 0xac, 0x6c, 0x6e, 0x4a,
    0xc0, 0xd5, 0x21, 0xc3, 0x73, 0x29, 0x73, 0xa3, 0x93, 0xcb, 0x83, 0x7a,
    0x4b, 0x73, 0xa3, 0x9b, 0x9b, 0x12, 0x8c, 0x01, 0x00, 0x00, 0x00, 0x00,
    0x79, 0x18, 0x00, 0x00, 0x55, 0x00, 0x00, 0x00, 0x33, 0x08, 0x80, 0x1c,
    0xc4, 0xe1, 0x1c, 0x66, 0x14, 0x01, 0x3d, 0x88, 0x43, 0x38, 0x84, 0xc3,
    0x8c, 0x42, 0x80, 0x07, 0x79, 0x78, 0x07, 0x73, 0x98, 0x71, 0x0c, 0xe6,
    0x00, 0x0f, 0xed, 0x10, 0x0e, 0xf4, 0x80, 0x0e, 0x33, 0x0c, 0x42, 0x1e,
    0xc2, 0xc1, 0x1d, 0xce, 0xa1, 0x1c, 0x66, 0x30, 0x05, 0x3d, 0x88, 0x43,
    0x38, 0x84, 0x83, 0x1b, 0xcc, 0x03, 0x3d, 0xc8, 0x43, 0x3d, 0x8c, 0x03,
    0x3d, 0xcc, 0x78, 0x8c, 0x74, 0x70, 0x07, 0x7b, 0x08, 0x07, 0x79, 0x48,
    0x87, 0x70, 0x70, 0x07, 0x7a, 0x70, 0x03, 0x76, 0x78, 0x87, 0x70, 0x20,
    0x87, 0x19, 0xcc, 0x11, 0x0e, 0xec, 0x90, 0x0e, 0xe1, 0x30, 0x0f, 0x6e,
    0x30, 0x0f, 0xe3, 0xf0, 0x0e, 0xf0, 0x50, 0x0e, 0x33, 0x10, 0xc4, 0x1d,
    0xde, 0x21, 0x1c, 0xd8, 0x21, 0x1d, 0xc2, 0x61, 0x1e, 0x66, 0x30, 0x89,
    0x3b, 0xbc, 0x83, 0x3b, 0xd0, 0x43, 0x39, 0xb4, 0x03, 0x3c, 0xbc, 0x83,
    0x3c, 0x84, 0x03, 0x3b, 0xcc, 0xf0, 0x14, 0x76, 0x60, 0x07, 0x7b, 0x68,
    0x07, 0x37, 0x68, 0x87, 0x72, 0x68, 0x07, 0x37, 0x80, 0x87, 0x70, 0x90,
    0x87, 0x70, 0x60, 0x07, 0x76, 0x28, 0x07, 0x76, 0xf8, 0x05, 0x76, 0x78,
    0x87, 0x77, 0x80, 0x87, 0x5f, 0x08, 0x87, 0x71, 0x18, 0x87, 0x72, 0x98,
    0x87, 0x79, 0x98, 0x81, 0x2c, 0xee, 0xf0, 0x0e, 0xee, 0xe0, 0x0e, 0xf5,
    0xc0, 0x0e, 0xec, 0x30, 0x03, 0x62, 0xc8, 0xa1, 0x1c, 0xe4, 0xa1, 0x1c,
    0xcc, 0xa1, 0x1c, 0xe4, 0xa1, 0x1c, 0xdc, 0x61, 0x1c, 0xca, 0x21, 0x1c,
    0xc4, 0x81, 0x1d, 0xca, 0x61, 0x06, 0xd6, 0x90, 0x43, 0x39, 0xc8, 0x43,
    0x39, 0x98, 0x43, 0x39, 0xc8, 0x43, 0x39, 0xb8, 0xc3, 0x38, 0x94, 0x43,
    0x38, 0x88, 0x03, 0x3b, 0x94, 0xc3, 0x2f, 0xbc, 0x83, 0x3c, 0xfc, 0x82,
    0x3b, 0xd4, 0x03, 0x3b, 0xb0, 0xc3, 0x0c, 0xc4, 0x21, 0x07, 0x7c, 0x70,
    0x03, 0x7a, 0x28, 0x87, 0x76, 0x80, 0x87, 0x19, 0xca, 0xc3, 0x0e, 0xec,
    0x60, 0x0f, 0xed, 0xe0, 0x06, 0xec, 0xf0, 0x0e, 0xef, 0x00, 0x0f, 0x33,
    0x22, 0x88, 0x1c, 0xf0, 0xc1, 0x0d, 0xc8, 0x41, 0x1c, 0xce, 0xc1, 0x0d,
    0xec, 0x21, 0x1c, 0xe4, 0x81, 0x1d, 0xc2, 0x21, 0x1f, 0xde, 0xa1, 0x1e,
    0xe8, 0x61, 0x06, 0x13, 0x91, 0x03, 0x3e, 0xb8, 0x81, 0x38, 0xc8, 0x43,
    0x39, 0x84, 0xc3, 0x3a, 0xb8, 0x81, 0x38, 0xc8, 0x03, 0x00, 0x00, 0x00,
    0x71, 0x20, 0x00, 0x00, 0x34, 0x00, 0x00, 0x00, 0x05, 0xa0, 0x05, 0x7e,
    0xf2, 0x32, 0x19, 0x08, 0x9c, 0x41, 0x83, 0x59, 0x58, 0x32, 0x08, 0x24,
    0x91, 0x86, 0xc1, 0x66, 0xd0, 0x15, 0x23, 0xa7, 0xdb, 0x16, 0x60, 0x70,
    0xac, 0x09, 0x20, 0x8d, 0x1d, 0x34, 0xc3, 0xe5, 0x3b, 0x8f, 0x1f, 0x00,
    0x51, 0x84, 0x10, 0x91, 0x11, 0x40, 0xc3, 0xe5, 0x3b, 0x8f, 0x1f, 0x20,
    0x0d, 0x10, 0x61, 0x3e, 0x72, 0xdb, 0xa6, 0x40, 0x0d, 0x97, 0xef, 0x3c,
    0x7e, 0x40, 0x15, 0x05, 0x11, 0x95, 0x0e, 0x30, 0xf8, 0xc8, 0x6d, 0xdb,
    0x42, 0x35, 0x5c, 0xbe, 0xf3, 0xf8, 0x01, 0x55, 0x14, 0x44, 0xc4, 0x4e,
    0x4e, 0x44, 0xf8, 0xc5, 0x6d, 0x1b, 0xc2, 0x36, 0x5c, 0xbe, 0xf3, 0xf8,
    0x42, 0x40, 0x15, 0x05, 0x11, 0x95, 0x0e, 0x30, 0x94, 0x84, 0x01, 0x08,
    0x98, 0x8f, 0xdc, 0xb6, 0x25, 0x48, 0xc3, 0xe5, 0x3b, 0x8f, 0x2f, 0x44,
    0x04, 0x30, 0x11, 0x21, 0xd0, 0x0c, 0x0b, 0x61, 0x06, 0xce, 0x70, 0xf9,
    0xce, 0xe3, 0x0f, 0xce, 0x84, 0xfb, 0xc5, 0x6d, 0x9b, 0x80, 0x18, 0x0c,
    0x97, 0xef, 0x3c, 0x7e, 0xb1, 0x00, 0xd3, 0x44, 0x34, 0xc4, 0xd0, 0x1e,
    0x11, 0x01, 0x0c, 0xe2, 0x20, 0x36, 0x60, 0xe4, 0x50, 0x8f, 0x8f, 0xdc,
    0xb6, 0x0d, 0x44, 0xc3, 0xe5, 0x3b, 0x8f, 0x6f, 0x44, 0x0e, 0xf5, 0x88,
    0x83, 0x8f, 0xdc, 0xb6, 0x15, 0x50, 0xc3, 0xe5, 0x3b, 0x8f, 0xbf, 0x10,
    0x06, 0x20, 0x60, 0x5f, 0xad, 0xb7, 0xce, 0x77, 0xdb, 0x00, 0x00, 0x00,
    0x61, 0x20, 0x00, 0x00, 0x16, 0x10, 0x00, 0x00, 0x13, 0x04, 0x39, 0x11,
    0x0b, 0x04, 0x00, 0x00, 0x28, 0x00, 0x00, 0x00, 0x44, 0x15, 0xc1, 0x08,
    0x00, 0x19, 0x05, 0x53, 0x20, 0x15, 0x54, 0x70, 0x85, 0x18, 0x30, 0x03,
    0x50, 0x60, 0xe5, 0x51, 0x04, 0x65, 0x50, 0xa0, 0x01, 0x25, 0x51, 0x80,
    0x04, 0x05, 0x68, 0x50, 0x09, 0x65, 0x57, 0x28, 0x85, 0x53, 0x80, 0x01,
    0x05, 0x1c, 0x50, 0x72, 0x05, 0x55, 0xa0, 0x03, 0xe5, 0xff, 0x7f, 0x50,
    0x86, 0x02, 0xc5, 0x51, 0x2c, 0x45, 0x51, 0x24, 0xc5, 0x53, 0x8a, 0x01,
    0xc5, 0x1b, 0x50, 0x0e, 0x35, 0x50, 0xa4, 0x03, 0xa5, 0x50, 0x80, 0x03,
    0x85, 0x38, 0x50, 0x82, 0x02, 0x25, 0x48, 0x50, 0x82, 0x06, 0x44, 0x95,
    0x00, 0x01, 0x33, 0x00, 0x23, 0x00, 0xc4, 0x0e, 0x75, 0x04, 0x02, 0x60,
    0x38, 0x86, 0x33, 0xd4, 0x11, 0x08, 0x80, 0xe1, 0x18, 0xd5, 0x50, 0x47,
    0x20, 0x00, 0x86, 0x63, 0xac, 0xc1, 0x50, 0x47, 0x20, 0x00, 0x86, 0x63,
    0xb0, 0xc1, 0x50, 0x47, 0x20, 0x00, 0x86, 0x63, 0x34, 0x43, 0x1d, 0x81,
    0x00, 0x18, 0x8e, 0x51, 0x0a, 0x43, 0x1d, 0x81, 0x00, 0x18, 0x8e, 0x61,
    0x0a, 0x43, 0x1d, 0x81, 0x00, 0x18, 0x8e, 0x71, 0x0a, 0x00, 0x00, 0x00,
    0x23, 0x06, 0x09, 0x00, 0x82, 0x60, 0xa0, 0xa9, 0x02, 0x18, 0x2c, 0xa6,
    0x50, 0x0a, 0x7d, 0x30, 0x62, 0x90, 0x00, 0x20, 0x08, 0x06, 0xda, 0x2a,
    0x84, 0x01, 0x63, 0x0a, 0xa7, 0xe0, 0x07, 0x23, 0x06, 0x09, 0x00, 0x82,
    0x60, 0xa0, 0xb1, 0x82, 0x18, 0xdc, 0xc1, 0x29, 0x9c, 0xc2, 0x1f, 0x8c,
    0x18, 0x24, 0x00, 0x08, 0x82, 0x81, 0xd6, 0x0a, 0x63, 0x90, 0x07, 0xa8,
    0x80, 0x0a, 0xa0, 0x30, 0x62, 0x50, 0x00, 0x20, 0x08, 0x06, 0x47, 0x2d,
    0x94, 0xc1, 0x88, 0x81, 0x01, 0x80, 0x20, 0x18, 0x24, 0xb5, 0xa0, 0xa9,
    0xc2, 0x88, 0x81, 0x01, 0x80, 0x20, 0x18, 0x24, 0xb6, 0xb0, 0xb1, 0x42,
    0x09, 0x73, 0x70, 0x25, 0xd0, 0xc1, 0x55, 0x91, 0x0a, 0x58, 0x46, 0x1d,
    0x60, 0x05, 0xb1, 0xa0, 0x85, 0xe0, 0xc1, 0x55, 0x00, 0x07, 0x5a, 0x81,
    0x2b, 0xa0, 0x11, 0x63, 0x70, 0x83, 0x0a, 0x86, 0x1d, 0x31, 0x38, 0x00,
    0x10, 0x04, 0x83, 0x8b, 0x17, 0xec, 0xc0, 0xb1, 0x85, 0xd1, 0x84, 0x40,
    0x18, 0x6e, 0x50, 0x02, 0x32, 0x98, 0x65, 0x08, 0x6e, 0x21, 0x98, 0x25,
    0x10, 0x06, 0x2a, 0x80, 0xb9, 0x1d, 0x64, 0x41, 0x0f, 0x82, 0x81, 0x0a,
    0x60, 0xaf, 0x05, 0x59, 0xe0, 0x83, 0x60, 0xa0, 0x02, 0x18, 0xfd, 0x40,
    0x16, 0xfc, 0x20, 0x18, 0xa8, 0x00, 0x56, 0x33, 0x90, 0x05, 0x50, 0x08,
    0x06, 0x2a, 0x80, 0x55, 0x1d, 0x64, 0x41, 0x14, 0x82, 0x81, 0x0a, 0x60,
    0x96, 0x05, 0x59, 0x20, 0x85, 0x60, 0xa0, 0x02, 0xd8, 0xf5, 0x40, 0x16,
    0x4c, 0x21, 0x18, 0xa8, 0x00, 0xc6, 0x31, 0x90, 0x05, 0x54, 0x08, 0x06,
    0x2a, 0x80, 0xf1, 0x1c, 0x64, 0x41, 0x15, 0x82, 0x81, 0x0a, 0x60, 0x7d,
    0x05, 0x59, 0x60, 0x85, 0x60, 0xa0, 0x02, 0x98, 0xef, 0x40, 0x16, 0x5c,
    0x21, 0x18, 0xa8, 0x00, 0xf6, 0x4f, 0x16, 0x60, 0x21, 0x18, 0xa8, 0x00,
    0xf6, 0x71, 0x90, 0x05, 0x59, 0x08, 0x06, 0x2a, 0x80, 0x91, 0x15, 0x64,
    0x81, 0x16, 0x82, 0x81, 0x0a, 0x60, 0xa5, 0x03, 0x59, 0xb0, 0x85, 0x60,
    0xa0, 0x02, 0x98, 0x39, 0x59, 0xc0, 0x85, 0x60, 0xa0, 0xc2, 0xa8, 0xd9,
    0x41, 0x16, 0xec, 0x20, 0xa8, 0x20, 0x1d, 0xae, 0xac, 0x60, 0x47, 0x0c,
    0x0e, 0x00, 0x04, 0xc1, 0xe0, 0x92, 0x07, 0x56, 0x20, 0x83, 0x76, 0x18,
    0x4d, 0x08, 0x84, 0xe1, 0x86, 0x30, 0x08, 0xc8, 0x60, 0x96, 0x61, 0x20,
    0x82, 0xd1, 0x84, 0x01, 0xa8, 0x60, 0x0c, 0xa4, 0x02, 0x03, 0x2a, 0xc8,
    0x85, 0x1b, 0x31, 0x40, 0x00, 0x10, 0x04, 0x83, 0xee, 0x1e, 0x7c, 0xa1,
    0x0d, 0x82, 0x5e, 0x18, 0x4d, 0x08, 0x80, 0xd1, 0x04, 0x21, 0x18, 0x4d,
    0x18, 0x84, 0xd1, 0x04, 0x62, 0xa8, 0x46, 0x1e, 0xb6, 0x92, 0x00, 0x2a,
    0x08, 0x87, 0x1b, 0x31, 0x40, 0x00, 0x10, 0x04, 0x83, 0xee, 0x1f, 0xcc,
    0xa1, 0x0e, 0x82, 0x72, 0x18, 0x4d, 0x08, 0x80, 0xd1, 0x04, 0x21, 0x18,
    0x4d, 0x18, 0x84, 0xd1, 0x04, 0x62, 0xa8, 0xaa, 0x17, 0xb6, 0xa2, 0x00,
    0x2a, 0x48, 0x87, 0x1b, 0x31, 0x40, 0x00, 0x10, 0x04, 0x83, 0xee, 0x24,
    0xdc, 0xa1, 0x0f, 0x82, 0x76, 0x18, 0x4d, 0x08, 0x80, 0xd1, 0x04, 0x21,
    0x18, 0x4d, 0x18, 0x84, 0xd1, 0x04, 0x62, 0xa8, 0x8e, 0x1c, 0xb6, 0xb2,
    0x00, 0x2a, 0x88, 0x87, 0x1b, 0x31, 0x40, 0x00, 0x10, 0x04, 0x83, 0xee,
    0x25, 0xec, 0xa1, 0x14, 0x82, 0x7a, 0x18, 0x4d, 0x08, 0x80, 0xd1, 0x04,
    0x21, 0x18, 0x4d, 0x18, 0x84, 0xd1, 0x04, 0x62, 0x98, 0x25, 0x20, 0x06,
    0x2a, 0x0c, 0x30, 0x11, 0xd0, 0x60, 0x18, 0xa8, 0x30, 0xc4, 0x44, 0x40,
    0x83, 0x61, 0xa0, 0xc2, 0x20, 0x13, 0x01, 0x0d, 0x86, 0x81, 0x0a, 0xc3,
    0x4c, 0x04, 0x34, 0x18, 0x06, 0x2a, 0x0c, 0x34, 0x11, 0x40, 0x61, 0x18,
    0xa8, 0x30, 0xd4, 0x44, 0x00, 0x85, 0x61, 0xa0, 0xc2, 0x60, 0x13, 0x01,
    0x14, 0x86, 0x81, 0x0a, 0xc3, 0x4d, 0x04, 0x50, 0x18, 0x06, 0x2a, 0x0c,
    0x38, 0x11, 0xb0, 0x61, 0xa0, 0xc2, 0x90, 0x13, 0x01, 0x1b, 0x06, 0x2a,
    0x0c, 0x3a, 0x11, 0xb0, 0x61, 0xa0, 0xc2, 0xb0, 0x13, 0x01, 0x1b, 0x06,
    0x2a, 0x0c, 0x3c, 0x11, 0xe0, 0x60, 0x18, 0xa8, 0x30, 0xf4, 0x44, 0x80,
    0x83, 0x61, 0xa0, 0xc2, 0xe0, 0x13, 0x01, 0x0e, 0x86, 0x81, 0x0a, 0xc3,
    0x4f, 0x04, 0x38, 0x18, 0x6a, 0x16, 0xc2, 0x62, 0x87, 0x1b, 0x02, 0x3a,
    0x20, 0x83, 0x59, 0x86, 0xc2, 0x08, 0x46, 0x13, 0xec, 0x00, 0xa8, 0x60,
    0x90, 0x0a, 0xf2, 0x00, 0x2a, 0x60, 0x89, 0x1b, 0x31, 0x40, 0x00, 0x10,
    0x04, 0x83, 0x4e, 0x2d, 0x62, 0x02, 0x1c, 0x02, 0x98, 0x18, 0x4d, 0x08,
    0x80, 0xd1, 0x04, 0x21, 0x18, 0x4d, 0x18, 0x84, 0xd1, 0x04, 0x62, 0x28,
    0x50, 0x28, 0x8b, 0xad, 0x24, 0x80, 0x0a, 0x68, 0xe2, 0x46, 0x0c, 0x10,
    0x00, 0x04, 0xc1, 0xa0, 0x93, 0x8b, 0x9c, 0x40, 0x87, 0x00, 0x27, 0x46,
    0x13, 0x02, 0x60, 0x34, 0x41, 0x08, 0x46, 0x13, 0x06, 0x61, 0x34, 0x81,
    0x18, 0x0a, 0x15, 0x60, 0x62, 0x2b, 0x0a, 0xa0, 0x02, 0x9e, 0xb8, 0x11,
    0x03, 0x04, 0x00, 0x41, 0x30, 0xe8, 0xf4, 0x22, 0x2c, 0xe0, 0x21, 0x00,
    0x8b, 0xd1, 0x84, 0x00, 0x18, 0x4d, 0x10, 0x82, 0xd1, 0x84, 0x41, 0x18,
    0x4d, 0x20, 0x86, 0x82, 0x85, 0x9b, 0xd8, 0xca, 0x02, 0xa8, 0x80, 0x2c,
    0x6e, 0xc4, 0x00, 0x01, 0x40, 0x10, 0x0c, 0x3a, 0xd1, 0x48, 0x0b, 0x7c,
    0x08, 0xd0, 0x62, 0x34, 0x21, 0x00, 0x46, 0x13, 0x84, 0x60, 0x34, 0x61,
    0x10, 0x46, 0x13, 0x88, 0x61, 0x96, 0xc0, 0x18, 0xa8, 0x30, 0x4c, 0x86,
    0x40, 0x83, 0x62, 0xa0, 0xc2, 0x40, 0x19, 0x02, 0x0d, 0x8a, 0x81, 0x0a,
    0x43, 0x65, 0x08, 0x34, 0x28, 0x06, 0x2a, 0x0c, 0x96, 0x21, 0xd0, 0xa0,
    0x18, 0xa8, 0x30, 0x5c, 0x86, 0x00, 0x85, 0x62, 0xa0, 0xc2, 0x80, 0x19,
    0x02, 0x14, 0x8a, 0x81, 0x0a, 0x43, 0x66, 0x08, 0x50, 0x28, 0x06, 0x2a,
    0x0c, 0x9a, 0x21, 0x40, 0xa1, 0x18, 0xa8, 0x30, 0x6c, 0x86, 0xc0, 0x8a,
    0x81, 0x0a, 0x03, 0x67, 0x08, 0xac, 0x18, 0xa8, 0x30, 0x74, 0x86, 0xc0,
    0x8a, 0x81, 0x0a, 0x83, 0x67, 0x08, 0xac, 0x18, 0xa8, 0x30, 0x7c, 0x86,
    0x80, 0x83, 0x62, 0xa0, 0xc2, 0x00, 0x1b, 0x02, 0x0e, 0x8a, 0x81, 0x0a,
    0x43, 0x6c, 0x08, 0x38, 0x28, 0x06, 0x2a, 0x0c, 0xb2, 0x21, 0xe0, 0xa0,
    0x28, 0x93, 0xd0, 0x8b, 0x1d, 0x6e, 0x08, 0xce, 0x81, 0x0c, 0x66, 0x19,
    0x0e, 0x24, 0x18, 0x4d, 0x48, 0x07, 0xa0, 0x82, 0x41, 0x2a, 0x60, 0x07,
    0xa8, 0xe0, 0x2f, 0x6e, 0xc4, 0x00, 0x01, 0x40, 0x10, 0x0c, 0xba, 0xde,
    0x20, 0x8d, 0x99, 0x08, 0x46, 0x63, 0x34, 0x21, 0x00, 0x46, 0x13, 0x84,
    0x60, 0x34, 0x61, 0x10, 0x46, 0x13, 0x88, 0xa1, 0xe6, 0x01, 0x37, 0xb6,
    0x92, 0x00, 0x2a, 0x38, 0x8d, 0x1b, 0x31, 0x40, 0x00, 0x10, 0x04, 0x83,
    0xae, 0x3c, 0x58, 0x63, 0x27, 0x82, 0xd5, 0x18, 0x4d, 0x08, 0x80, 0xd1,
    0x04, 0x21, 0x18, 0x4d, 0x18, 0x84, 0xd1, 0x04, 0x62, 0xa8, 0x7d, 0x18,
    0x8d, 0xad, 0x28, 0x80, 0x0a, 0x5e, 0xe3, 0x46, 0x0c, 0x10, 0x00, 0x04,
    0xc1, 0xa0, 0x6b, 0x0f, 0xda, 0x18, 0x8b, 0x60, 0x36, 0x46, 0x13, 0x02,
    0x60, 0x34, 0x41, 0x08, 0x46, 0x13, 0x06, 0x61, 0x34, 0x81, 0x18, 0x6a,
    0x24, 0x54, 0x63, 0x2b, 0x0b, 0xa0, 0x82, 0xdb, 0xb8, 0x11, 0x03, 0x04,
    0x00, 0x41, 0x30, 0xe8, 0xea, 0x83, 0x37, 0xd6, 0x22, 0xd8, 0x8d, 0xd1,
    0x84, 0x00, 0x18, 0x4d, 0x10, 0x82, 0xd1, 0x84, 0x41, 0x18, 0x4d, 0x20,
    0x86, 0x59, 0x02, 0x64, 0xa0, 0xc2, 0x40, 0x83, 0x83, 0x7d, 0x8c, 0x81,
    0x0a, 0x03, 0x0d, 0x0e, 0xf7, 0x31, 0x06, 0x2a, 0x0c, 0x34, 0x38, 0xe0,
    0xc7, 0x18, 0xa8, 0x30, 0xd0, 0xe0, 0x90, 0x1f, 0x63, 0xa0, 0xc2, 0x00,
    0x85, 0x83, 0x7e, 0x8c, 0x81, 0x0a, 0x03, 0x14, 0x0e, 0xfb, 0x31, 0x06,
    0x2a, 0x0c, 0x50, 0x38, 0xf0, 0xc7, 0x18, 0xa8, 0x30, 0x40, 0xe1, 0xd0,
    0x1f, 0x63, 0xa0, 0xc2, 0xc0, 0x0e, 0xfe, 0x31, 0x06, 0x2a, 0x0c, 0xec,
    0xf0, 0x1f, 0x63, 0xa0, 0xc2, 0xc0, 0x0e, 0x10, 0x32, 0x06, 0x2a, 0x0c,
    0xec, 0x10, 0x21, 0x63, 0xa0, 0xc2, 0x80, 0x83, 0x83, 0x84, 0x8c, 0x81,
    0x0a, 0x03, 0x0e, 0x0e, 0x13, 0x32, 0x06, 0x2a, 0x0c, 0x38, 0x38, 0x50,
    0xc8, 0x18, 0xa8, 0x30, 0xe0, 0xe0, 0x50, 0x21, 0xa3, 0xf2, 0x82, 0x3d,
    0x76, 0xb8, 0x21, 0xd0, 0x09, 0x32, 0x98, 0x65, 0x48, 0x94, 0x60, 0x34,
    0x81, 0x27, 0x80, 0x0a, 0x06, 0xa9, 0xe0, 0x27, 0xa0, 0x02, 0xf9, 0xb8,
    0x11, 0x03, 0x04, 0x00, 0x41, 0x30, 0xe8, 0x60, 0xe4, 0x3e, 0x4c, 0x23,
    0xb0, 0x8f, 0xd1, 0x84, 0x00, 0x18, 0x4d, 0x10, 0x82, 0xd1, 0x84, 0x41,
    0x18, 0x4d, 0x20, 0x86, 0x32, 0x8b, 0x15, 0xd9, 0x4a, 0x02, 0xa8, 0x40,
    0x3f, 0x6e, 0xc4, 0x00, 0x01, 0x40, 0x10, 0x0c, 0x3a, 0x1c, 0xf9, 0x0f,
    0xd7, 0x08, 0xfc, 0x63, 0x34, 0x21, 0x00, 0x46, 0x13, 0x84, 0x60, 0x34,
    0x61, 0x10, 0x46, 0x13, 0x88, 0xa1, 0xdc, 0xc2, 0x3e, 0xb6, 0xa2, 0x00,
    0x2a, 0x10, 0x91, 0x1b, 0x31, 0x40, 0x00, 0x10, 0x04, 0x83, 0x0e, 0x4c,
    0x4e, 0xc4, 0x36, 0x02, 0x13, 0x19, 0x4d, 0x08, 0x80, 0xd1, 0x04, 0x21,
    0x18, 0x4d, 0x18, 0x84, 0xd1, 0x04, 0x62, 0x28, 0xbb, 0xe8, 0x8f, 0xad,
    0x2c, 0x80, 0x0a, 0x54, 0xe4, 0x46, 0x0c, 0x10, 0x00, 0x04, 0xc1, 0xa0,
    0x43, 0x93, 0x17, 0xf1, 0x8d, 0xc0, 0x45, 0x46, 0x13, 0x02, 0x60, 0x34,
    0x41, 0x08, 0x46, 0x13, 0x06, 0x61, 0x34, 0x81, 0x18, 0x66, 0x09, 0x94,
    0x81, 0x0a, 0x03, 0x0d, 0x12, 0x59, 0x42, 0x06, 0x2a, 0x0c, 0x34, 0x48,
    0x68, 0x09, 0x19, 0xa8, 0x30, 0xd0, 0x20, 0xb1, 0x25, 0x64, 0xa0, 0xc2,
    0x40, 0x83, 0x04, 0x97, 0x90, 0x81, 0x0a, 0x03, 0x14, 0x12, 0x5d, 0x42,
    0x06, 0x2a, 0x0c, 0x50, 0x48, 0x78, 0x09, 0x19, 0xa8, 0x30, 0x40, 0x21,
    0xf1, 0x25, 0x64, 0xa0, 0xc2, 0x00, 0x85, 0x04, 0x9c, 0x90, 0x81, 0x0a,
    0x03, 0x4b, 0xc4, 0x09, 0x19, 0xa8, 0x30, 0xb0, 0x84, 0x9c, 0x90, 0x81,
    0x0a, 0x03, 0x4b, 0xcc, 0x09, 0x19, 0xa8, 0x30, 0xb0, 0x04, 0x9d, 0x90,
    0x81, 0x0a, 0x03, 0x0e, 0x12, 0x75, 0x42, 0x06, 0x2a, 0x0c, 0x38, 0x48,
    0xd8, 0x09, 0x19, 0xa8, 0x30, 0xe0, 0x20, 0x71, 0x27, 0x64, 0xa0, 0xc2,
    0x80, 0x83, 0x04, 0x9e, 0x90, 0x11, 0x83, 0x03, 0x00, 0x41, 0x30, 0xb8,
    0xfe, 0x24, 0x47, 0xe2, 0x23, 0x4f, 0x46, 0x13, 0x02, 0xa0, 0x82, 0x14,
    0x81, 0x11, 0x83, 0x03, 0x00, 0x41, 0x30, 0x58, 0x4c, 0xc5, 0x46, 0xe0,
    0x23, 0x18, 0x4d, 0x20, 0x86, 0x0a, 0x04, 0x29, 0xdb, 0x60, 0x11, 0x29,
    0x21, 0x00, 0x8b, 0x8f, 0x3f, 0xb9, 0x41, 0x05, 0xf0, 0xb1, 0x15, 0x0c,
    0x50, 0x41, 0x99, 0xe8, 0x88, 0x01, 0x02, 0x80, 0x20, 0x18, 0x74, 0xa9,
    0x02, 0x27, 0xfe, 0x11, 0xbc, 0xc9, 0x68, 0x42, 0x00, 0x14, 0xd1, 0x26,
    0x3a, 0xdc, 0x10, 0xa0, 0x0a, 0x18, 0xcc, 0x32, 0x30, 0x4b, 0x50, 0xc3,
    0x9d, 0x60, 0x19, 0xa5, 0x02, 0x23, 0x06, 0x08, 0x00, 0x82, 0x60, 0xd0,
    0xbd, 0x8a, 0x9d, 0x90, 0x48, 0x50, 0x27, 0xa3, 0x09, 0x01, 0x50, 0xc1,
    0x9e, 0x5c, 0x05, 0xc5, 0xce, 0x12, 0x30, 0x03, 0x15, 0x86, 0xb0, 0x48,
    0x4a, 0xf9, 0xc7, 0xb3, 0x15, 0xac, 0xca, 0x96, 0x14, 0x40, 0x05, 0x74,
    0xa2, 0x23, 0x06, 0x08, 0x00, 0x82, 0x60, 0xd0, 0xe1, 0xca, 0x9f, 0xb4,
    0x48, 0xe0, 0x27, 0xa3, 0x09, 0x01, 0x50, 0x56, 0x89, 0x40, 0x05, 0x7d,
    0xa2, 0xc3, 0x0d, 0x01, 0xae, 0x80, 0xc1, 0x2c, 0x83, 0xd3, 0x04, 0x45,
    0x9c, 0x0a, 0xd6, 0x51, 0x2b, 0x30, 0x62, 0x80, 0x00, 0x20, 0x08, 0x06,
    0xdd, 0xaf, 0x98, 0x0a, 0x8d, 0x04, 0xa5, 0x32, 0x9a, 0x10, 0x00, 0x15,
    0xac, 0xca, 0x55, 0x50, 0xec, 0x2c, 0x81, 0x33, 0x50, 0x61, 0x08, 0x0d,
    0xc5, 0x18, 0x8c, 0xb0, 0xc9, 0x0d, 0xea, 0x45, 0x82, 0xad, 0x60, 0x57,
    0xb6, 0xc6, 0x20, 0x80, 0x0a, 0x4a, 0x45, 0x47, 0x0c, 0x10, 0x00, 0x04,
    0xc1, 0xa0, 0x4b, 0x17, 0x58, 0xf1, 0x91, 0xe0, 0x55, 0x46, 0x13, 0x02,
    0x60, 0x96, 0x01, 0x7a, 0x9e, 0x0a, 0x6a, 0x05, 0x8b, 0x18, 0x17, 0x18,
    0x31, 0x40, 0x00, 0x10, 0x04, 0x83, 0xae, 0x5d, 0x68, 0x45, 0x4c, 0x82,
    0x59, 0x19, 0x4d, 0x08, 0x80, 0x0a, 0x72, 0xe5, 0x2a, 0x28, 0x76, 0x96,
    0x00, 0x1a, 0xa8, 0x30, 0x84, 0xc7, 0x71, 0xcc, 0x47, 0x68, 0xe5, 0x06,
    0x15, 0xe8, 0xc9, 0x56, 0x00, 0x07, 0x50, 0x81, 0xac, 0xe8, 0x88, 0x01,
    0x02, 0x80, 0x20, 0x18, 0x74, 0xf6, 0xd2, 0x2b, 0x6b, 0x12, 0xf0, 0xca,
    0x68, 0x42, 0x00, 0x94, 0x41, 0x07, 0x50, 0xc1, 0xae, 0xe8, 0x70, 0x43,
    0x60, 0x2f, 0x60, 0x30, 0xcb, 0x20, 0x45, 0x41, 0x11, 0xe5, 0x82, 0x75,
    0xcc, 0x0b, 0x8c, 0x18, 0x20, 0x00, 0x08, 0x82, 0x41, 0xd7, 0x2f, 0xe4,
    0x22, 0x27, 0xc1, 0xb8, 0x8c, 0x26, 0x04, 0x40, 0x05, 0xe9, 0x72, 0x15,
    0x14, 0x3b, 0x4b, 0x20, 0x0d, 0x54, 0x18, 0x42, 0x44, 0x41, 0x05, 0xa1,
    0xca, 0xd6, 0x1f, 0x04, 0x50, 0x41, 0xb8, 0xe8, 0x88, 0x01, 0x02, 0x80,
    0x20, 0x18, 0x74, 0x25, 0xc3, 0x2e, 0x7a, 0x12, 0xac, 0xcb, 0x68, 0x42,
    0x00, 0xd4, 0x28, 0x54, 0x50, 0x81, 0xba, 0xe8, 0x70, 0x43, 0x50, 0x32,
    0x60, 0x30, 0xcb, 0x40, 0x4d, 0x41, 0x11, 0xf4, 0x82, 0x75, 0x88, 0x0c,
    0x8c, 0x18, 0x20, 0x00, 0x08, 0x82, 0x41, 0xc7, 0x32, 0xf3, 0x12, 0x2a,
    0x81, 0xbc, 0x8c, 0x26, 0x04, 0x40, 0x05, 0xf8, 0x72, 0x15, 0x14, 0x3b,
    0x4b, 0x40, 0x0d, 0x54, 0x18, 0xc2, 0x44, 0x49, 0xd5, 0x0a, 0xe6, 0x02,
    0x15, 0xbc, 0x8b, 0x8e, 0x18, 0x20, 0x00, 0x08, 0x82, 0x41, 0x37, 0x33,
    0xfa, 0x82, 0x2a, 0x41, 0xbe, 0x8c, 0x26, 0x04, 0x40, 0x11, 0xf8, 0xa2,
    0xc3, 0x0d, 0x81, 0xcc, 0x84, 0x41, 0x0d, 0x21, 0x83, 0x45, 0xb0, 0x8b,
    0x4e, 0x37, 0x08, 0xc1, 0x30, 0x62, 0x60, 0x00, 0x20, 0x08, 0x06, 0xcd,
    0xcf, 0xb4, 0x4b, 0x50, 0xa8, 0xf0, 0x2f, 0x5a, 0x6b, 0x30, 0x33, 0x57,
    0x81, 0xc8, 0x68, 0x05, 0xc3, 0x5a, 0x80, 0x32, 0x20, 0xb8, 0x00, 0xb0,
    0x72, 0x05, 0x9e, 0xc1, 0x0a, 0x4c, 0x46, 0x4b, 0x0e, 0x74, 0x06, 0x2b,
    0x48, 0x19, 0xad, 0x60, 0x58, 0x0b, 0x5e, 0x06, 0x04, 0x17, 0x00, 0x56,
    0xb5, 0x20, 0x33, 0x58, 0x41, 0xcb, 0x68, 0xe5, 0x81, 0xd8, 0x60, 0x05,
    0x30, 0xa3, 0x15, 0x0c, 0x6b, 0x81, 0xcd, 0x80, 0xe0, 0x02, 0xc0, 0x8a,
    0x17, 0x74, 0x06, 0x2b, 0xa0, 0x19, 0x2d, 0x50, 0x60, 0x19, 0xac, 0xe0,
    0x66, 0xb4, 0x82, 0x61, 0x2d, 0xe8, 0x19, 0x10, 0x5c, 0x00, 0x58, 0xcd,
    0x82, 0xce, 0x68, 0x99, 0x82, 0xce, 0x5c, 0x05, 0x3d, 0xa3, 0x15, 0x0c,
    0x6b, 0xc1, 0xd8, 0x80, 0xe0, 0x02, 0xc0, 0x2a, 0x17, 0xee, 0x06, 0x2b,
    0x08, 0x1b, 0xad, 0x56, 0xc0, 0x1b, 0xac, 0x80, 0x6c, 0xb4, 0x82, 0x61,
    0x2d, 0x50, 0x1b, 0x10, 0x5c, 0x00, 0x58, 0x81, 0x43, 0xdb, 0x60, 0x05,
    0x68, 0xa3, 0x45, 0x0b, 0x37, 0x83, 0x15, 0xac, 0x8d, 0x56, 0x30, 0xac,
    0x05, 0x71, 0x03, 0x82, 0x0b, 0x00, 0xab, 0x73, 0xa8, 0x1b, 0xac, 0xe0,
    0x6d, 0xb4, 0x76, 0xa1, 0x67, 0xb0, 0x02, 0xb9, 0xd1, 0x0a, 0x86, 0xb5,
    0x00, 0x6f, 0x40, 0x70, 0x01, 0x60, 0xe5, 0x0f, 0xa8, 0x83, 0x15, 0xd8,
    0x8d, 0x96, 0x38, 0xe0, 0x8d, 0x56, 0x20, 0xac, 0x05, 0x7e, 0x03, 0x82,
    0x0b, 0x00, 0x2b, 0x92, 0x78, 0x1d, 0xac, 0x80, 0x6f, 0xb4, 0xd0, 0x81,
    0x76, 0xb0, 0x82, 0xbf, 0xd1, 0x0a, 0x86, 0xb5, 0xa0, 0x74, 0x40, 0x70,
    0x01, 0x60, 0xb5, 0x12, 0x79, 0x83, 0x15, 0x8c, 0x8e, 0xd6, 0x3b, 0xa8,
    0x0e, 0x56, 0x60, 0x3a, 0x5a, 0xc1, 0xb0, 0x16, 0xb0, 0x0e, 0x08, 0x2e,
    0x00, 0xac, 0x64, 0xe2, 0x6f, 0xb0, 0xea, 0x21, 0x76, 0xb0, 0x02, 0xd6,
    0xd1, 0x0a, 0x86, 0xb5, 0x40, 0x76, 0x40, 0x70, 0x01, 0x60, 0x85, 0x12,
    0xe2, 0x83, 0x15, 0xc0, 0x8e, 0x16, 0x3f, 0xc0, 0x0e, 0x56, 0x30, 0x3b,
    0x5a, 0xc1, 0xb0, 0x16, 0xe4, 0x0e, 0x08, 0x2e, 0x00, 0xac, 0x5e, 0x42,
    0x7d, 0xb0, 0x82, 0xdb, 0xd1, 0x1a, 0x09, 0xd2, 0xc1, 0x0a, 0x74, 0x47,
    0x2b, 0x18, 0xd6, 0x02, 0xf0, 0x01, 0xc1, 0x05, 0x80, 0x95, 0x4d, 0xd0,
    0x0e, 0x56, 0xe0, 0x3b, 0x5a, 0x2a, 0xa1, 0x3a, 0x58, 0x41, 0xf8, 0x68,
    0x05, 0xc3, 0x5a, 0x70, 0x3e, 0x20, 0xb8, 0x00, 0xb0, 0xea, 0x09, 0xdd,
    0xc1, 0x82, 0x89, 0xd7, 0x41, 0x0b, 0xf2, 0xe7, 0x06, 0x15, 0x0c, 0x6b,
    0x41, 0xfb, 0x80, 0xe0, 0x02, 0xc0, 0x66, 0x19, 0x2a, 0x8b, 0x66, 0xec,
    0x6d, 0xd0, 0xe7, 0x06, 0x65, 0x12, 0x01, 0x56, 0x30, 0x3f, 0x67, 0x01,
    0xfd, 0x64, 0xe0, 0x02, 0xc0, 0x6e, 0x5e, 0x80, 0xbd, 0x79, 0x01, 0xf6,
    0xe6, 0x05, 0xd8, 0x9b, 0x17, 0x60, 0x47, 0x0c, 0x1a, 0x00, 0x04, 0xc1,
    0xe0, 0x99, 0xa1, 0xfb, 0x79, 0x07, 0x74, 0x08, 0x07, 0x5d, 0x20, 0x06,
    0x21, 0xb0, 0xc0, 0x90, 0x4f, 0x2d, 0xfb, 0xb3, 0x15, 0x13, 0x01, 0x56,
    0xe0, 0x3f, 0x67, 0xc1, 0xff, 0x64, 0xe0, 0x02, 0xc0, 0x4e, 0x64, 0x80,
    0x3d, 0x91, 0x01, 0xf6, 0x44, 0x06, 0xd8, 0x13, 0x19, 0x60, 0x47, 0x0c,
    0x1a, 0x00, 0x04, 0xc1, 0xe0, 0xf1, 0x21, 0x11, 0xfa, 0x05, 0x5c, 0x88,
    0x05, 0x55, 0x20, 0x06, 0x21, 0xb0, 0xc0, 0x90, 0x8f, 0x05, 0x0c, 0x7c,
    0xaa, 0x25, 0x2e, 0xac, 0x20, 0x85, 0xce, 0x02, 0x15, 0xca, 0xc0, 0x05,
    0x80, 0x5d, 0xc8, 0x00, 0x7b, 0x21, 0x03, 0xec, 0x85, 0x0c, 0xb0, 0x17,
    0x32, 0xc0, 0x8e, 0x18, 0x34, 0x00, 0x08, 0x82, 0xc1, 0x93, 0x46, 0x2d,
    0xf4, 0x0a, 0xa8, 0x10, 0x0a, 0x7b, 0x40, 0x0c, 0x42, 0x60, 0x81, 0x21,
    0x1f, 0x5b, 0x02, 0xf8, 0x14, 0x4e, 0x5c, 0x58, 0x01, 0x0d, 0x9d, 0x05,
    0x35, 0x94, 0x81, 0x0b, 0x00, 0x3b, 0x98, 0x01, 0xf6, 0x60, 0x06, 0xd8,
    0x83, 0x19, 0x60, 0x0f, 0x66, 0x80, 0x1d, 0x31, 0x68, 0x00, 0x10, 0x04,
    0x83, 0x87, 0x8e, 0x70, 0xe8, 0x0f, 0xf0, 0x20, 0x0e, 0xd6, 0x80, 0x18,
    0x84, 0xc0, 0x02, 0x43, 0x3e, 0xb6, 0x04, 0xf0, 0xb1, 0x20, 0x27, 0xe4,
    0x63, 0x01, 0xea, 0xc0, 0x67, 0x96, 0xc0, 0x1a, 0xa8, 0x00, 0x64, 0x8e,
    0x12, 0xaa, 0x59, 0x86, 0x0b, 0x8b, 0x19, 0xfb, 0x1d, 0x1c, 0xba, 0x41,
    0xd9, 0x45, 0x80, 0x15, 0x8c, 0xd1, 0x59, 0x40, 0x46, 0x19, 0xb8, 0x00,
    0xb0, 0x83, 0x17, 0x60, 0x0f, 0x5e, 0x80, 0x3d, 0x78, 0x01, 0xf6, 0xe0,
    0x05, 0xd8, 0x11, 0x83, 0x06, 0x00, 0x41, 0x30, 0x78, 0x46, 0xe9, 0x8c,
    0x7e, 0x02, 0x27, 0x62, 0x42, 0x25, 0x88, 0x41, 0x08, 0x2c, 0x30, 0xe4,
    0x53, 0xcb, 0x1a, 0x6d, 0x85, 0x46, 0x80, 0x15, 0xb8, 0xd1, 0x59, 0xf0,
    0x46, 0x19, 0xb8, 0x00, 0xb0, 0xfb, 0x17, 0x60, 0xef, 0x5f, 0x80, 0xbd,
    0x7f, 0x01, 0xf6, 0xfe, 0x05, 0xd8, 0x11, 0x83, 0x06, 0x00, 0x41, 0x30,
    0x78, 0x5c, 0x49, 0x8e, 0x5e, 0x02, 0x25, 0x42, 0x42, 0x1f, 0x88, 0x41,
    0x08, 0x2c, 0x30, 0xe4, 0x63, 0x01, 0x03, 0x9f, 0xea, 0x8b, 0x0b, 0x2b,
    0xc8, 0xa3, 0xb3, 0x40, 0x8f, 0x32, 0x70, 0x01, 0x60, 0xe7, 0x2f, 0xc0,
    0x9e, 0xbf, 0x00, 0x7b, 0xfe, 0x02, 0xec, 0xf9, 0x0b, 0xb0, 0x23, 0x06,
    0x0d, 0x00, 0x82, 0x60, 0xf0, 0xe4, 0x52, 0x1f, 0xfd, 0x03, 0x3e, 0xc4,
    0xc3, 0x3a, 0x10, 0x83, 0x10, 0x58, 0x60, 0xc8, 0xc7, 0x96, 0x00, 0x3e,
    0x85, 0x1a, 0x17, 0x56, 0x40, 0x4a, 0x67, 0x41, 0x29, 0x65, 0xe0, 0x02,
    0xc0, 0xae, 0x65, 0x80, 0xbd, 0x96, 0x01, 0xf6, 0x5a, 0x06, 0xd8, 0x6b,
    0x19, 0x60, 0x47, 0x0c, 0x1a, 0x00, 0x04, 0xc1, 0xe0, 0x21, 0x27, 0x54,
    0x7a, 0x07, 0x74, 0x08, 0x87, 0x5d, 0x20, 0x06, 0x21, 0xb0, 0xc0, 0x90,
    0x8f, 0x2d, 0x01, 0x7c, 0x2c, 0x48, 0x0d, 0xf9, 0x58, 0xc0, 0x3f, 0xf0,
    0x99, 0x25, 0xc0, 0x06, 0x2a, 0x00, 0xfd, 0xb3, 0x84, 0x6b, 0x96, 0x21,
    0xd3, 0x5c, 0xc6, 0x5e, 0x08, 0x95, 0x6e, 0x50, 0xe6, 0x11, 0x60, 0x05,
    0xb3, 0x74, 0x16, 0xd0, 0x52, 0x06, 0x2e, 0x00, 0xec, 0xda, 0x05, 0xd8,
    0x6b, 0x17, 0x60, 0xaf, 0x5d, 0x80, 0xbd, 0x76, 0x01, 0x76, 0xc4, 0xa0,
    0x01, 0x40, 0x10, 0x0c, 0x9e, 0x79, 0xba, 0xa5, 0xd7, 0x40, 0x8d, 0xd0,
    0xd0, 0x0b, 0x62, 0x10, 0x02, 0x0b, 0x0c, 0xf9, 0xd4, 0xb2, 0x4b, 0x5b,
    0xf1, 0x11, 0x60, 0x05, 0xbe, 0x74, 0x16, 0xfc, 0x52, 0x06, 0x2e, 0x00,
    0xec, 0xf8, 0x05, 0xd8, 0xe3, 0x17, 0x60, 0x8f, 0x5f, 0x80, 0x3d, 0x7e,
    0x01, 0x76, 0xc4, 0xa0, 0x01, 0x40, 0x10, 0x0c, 0x1e, 0x7f, 0x12, 0xa7,
    0xbf, 0xc0, 0x8b, 0xb8, 0x50, 0x0b, 0x62, 0x10, 0x02, 0x0b, 0x0c, 0xf9,
    0x58, 0xc0, 0xc0, 0xa7, 0xda, 0xe3, 0xc2, 0x0a, 0xd2, 0xe9, 0x2c, 0x50,
    0xa7, 0x0c, 0x5c, 0x00, 0xd8, 0xed, 0x0b, 0xb0, 0xb7, 0x2f, 0xc0, 0xde,
    0xbe, 0x00, 0x7b, 0xfb, 0x02, 0xec, 0x88, 0x41, 0x03, 0x80, 0x20, 0x18,
    0x3c, 0x29, 0xd5, 0x4e, 0x6f, 0x81, 0x16, 0x61, 0xb1, 0x13, 0xc4, 0x20,
    0x04, 0x16, 0x18, 0xf2, 0xb1, 0x25, 0x80, 0x4f, 0xe1, 0xc7, 0x85, 0x15,
    0xd0, 0xd3, 0x59, 0x50, 0x4f, 0x19, 0xb8, 0x00, 0xb0, 0x53, 0x19, 0x60,
    0x4f, 0x65, 0x80, 0x3d, 0x95, 0x01, 0xf6, 0x54, 0x06, 0xd8, 0x11, 0x83,
    0x06, 0x00, 0x41, 0x30, 0x78, 0x68, 0x0a, 0x9f, 0x7e, 0x02, 0x27, 0x62,
    0x62, 0x25, 0x88, 0x41, 0x08, 0x2c, 0x30, 0xe4, 0x63, 0x4b, 0x00, 0x1f,
    0x0b, 0xf2, 0x43, 0x3e, 0x16, 0xc0, 0x11, 0x7c, 0x66, 0x09, 0xb4, 0x81,
    0x0a, 0x40, 0xc8, 0xc4, 0x31, 0xc0, 0x66, 0x19, 0x36, 0x6e, 0x65, 0xec,
    0x8f, 0xf0, 0xe9, 0x06, 0x65, 0x23, 0x01, 0x56, 0x30, 0x52, 0x67, 0x01,
    0x49, 0x65, 0xe0, 0x02, 0xc0, 0x4e, 0x5d, 0x80, 0x3d, 0x75, 0x01, 0xf6,
    0xd4, 0x05, 0xd8, 0x53, 0x17, 0x60, 0x47, 0x0c, 0x1a, 0x00, 0x04, 0xc1,
    0xe0, 0x19, 0xab, 0x93, 0xfa, 0x0f, 0xfc, 0x88, 0x0f, 0xf5, 0x20, 0x06,
    0x21, 0xb0, 0xc0, 0x90, 0x4f, 0x2d, 0x2b, 0xb5, 0x15, 0x26, 0x01, 0x56,
    0xe0, 0x52, 0x67, 0xc1, 0x4b, 0x65, 0xe0, 0x02, 0xc0, 0x2e, 0x5f, 0x80,
    0xbd, 0x7c, 0x01, 0xf6, 0xf2, 0x05, 0xd8, 0xcb, 0x17, 0x60, 0x47, 0x0c,
    0x1a, 0x00, 0x04, 0xc1, 0xe0, 0x71, 0x2b, 0x99, 0x7a, 0x0f, 0xf4, 0x08,
    0x0f, 0xdd, 0x20, 0x06, 0x21, 0xb0, 0xc0, 0x90, 0x8f, 0x05, 0x0c, 0x7c,
    0xaa, 0x47, 0x2e, 0xac, 0x20, 0xa7, 0xce, 0x02, 0x9d, 0xca, 0xc0, 0x05,
    0x80, 0x1d, 0xbe, 0x00, 0x7b, 0xf8, 0x02, 0xec, 0xe1, 0x0b, 0xb0, 0x87,
    0x2f, 0xc0, 0x8e, 0x18, 0x34, 0x00, 0x08, 0x82, 0xc1, 0x93, 0x57, 0x3d,
    0xf5, 0x1b, 0xb8, 0x11, 0x1b, 0xab, 0x41, 0x0c, 0x42, 0x60, 0x81, 0x21,
    0x1f, 0x5b, 0x02, 0xf8, 0x14, 0x9a, 0x5c, 0x58, 0x01, 0x59, 0x9d, 0x05,
    0x65, 0x95, 0x81, 0x0b, 0x00, 0xbb, 0x93, 0x01, 0xf6, 0x4e, 0x06, 0xd8,
    0x3b, 0x19, 0x60, 0xef, 0x64, 0x80, 0x1d, 0x31, 0x68, 0x00, 0x10, 0x04,
    0x83, 0x87, 0xb4, 0xd0, 0xea, 0x35, 0x50, 0x23, 0x34, 0xf6, 0x82, 0x18,
    0x84, 0xc0, 0x02, 0x43, 0x3e, 0xb6, 0x04, 0xf0, 0xb1, 0x20, 0x4d, 0xe4,
    0x63, 0x01, 0x39, 0xc1, 0x67, 0x96, 0x80, 0x1b, 0xa8, 0x00, 0x54, 0x33,
    0xd0, 0x84, 0xad, 0xec, 0x69, 0xb4, 0x76, 0xc4, 0xe0, 0x00, 0x40, 0x10,
    0x0c, 0x96, 0xd6, 0xea, 0xa9, 0x00, 0x65, 0x2a, 0x38, 0x19, 0xa9, 0xc0,
    0x64, 0xa0, 0x48, 0x26, 0x80, 0x0a, 0xd0, 0x4a, 0x47, 0x0c, 0x10, 0x00,
    0x04, 0xc1, 0xa0, 0x63, 0xad, 0xb9, 0x0a, 0xa9, 0x40, 0xae, 0x46, 0x13,
    0x02, 0xa0, 0x08, 0xb8, 0xd2, 0xe1, 0x86, 0x60, 0xb5, 0xc0, 0x60, 0x96,
    0xc1, 0xeb, 0x82, 0x1a, 0xf4, 0x0a, 0xcb, 0x40, 0x2d, 0x18, 0x31, 0x40,
    0x00, 0x10, 0x04, 0x83, 0x4e, 0xb6, 0xf2, 0xea, 0xa4, 0x02, 0xbc, 0x1a,
    0x4d, 0x08, 0x80, 0x0a, 0xfc, 0xea, 0x2a, 0x28, 0x76, 0x96, 0xc0, 0x1b,
    0xa8, 0x30, 0x84, 0x4e, 0xe2, 0xca, 0x11, 0x19, 0xa8, 0xa0, 0xae, 0x74,
    0xc4, 0x00, 0x01, 0x40, 0x10, 0x0c, 0xba, 0xdc, 0x02, 0x2d, 0x97, 0x0a,
    0xfe, 0x6a, 0x34, 0x21, 0x00, 0x4a, 0x32, 0x29, 0xa8, 0xc0, 0xaf, 0x74,
    0xb8, 0x21, 0xc8, 0x2d, 0x30, 0x98, 0x65, 0x00, 0x83, 0x2f, 0x28, 0x02,
    0xb5, 0xb0, 0x0e, 0xdb, 0x82, 0x11, 0x03, 0x04, 0x00, 0x41, 0x30, 0xe8,
    0xc0, 0xeb, 0xb4, 0x6a, 0x2a, 0x30, 0xad, 0xd1, 0x84, 0x00, 0xa8, 0x80,
    0xb5, 0xae, 0x82, 0x62, 0x67, 0x09, 0xc0, 0x60, 0xa0, 0xc2, 0x10, 0x3e,
    0xca, 0x2b, 0xee, 0x5f, 0xa0, 0x82, 0xd1, 0xd2, 0x11, 0x03, 0x04, 0x00,
    0x41, 0x30, 0xe8, 0xce, 0xcb, 0xb5, 0x78, 0x2a, 0x68, 0xad, 0xd1, 0x84,
    0x00, 0x98, 0x65, 0x10, 0x83, 0x30, 0x60, 0x2a, 0x98, 0x2d, 0x2c, 0x22,
    0xbc, 0x60, 0xc4, 0x00, 0x01, 0x40, 0x10, 0x0c, 0xba, 0xf5, 0x92, 0x2d,
    0xb0, 0x0a, 0x62, 0x6b, 0x34, 0x21, 0x00, 0x2a, 0xb8, 0xad, 0xab, 0xa0,
    0xd8, 0x59, 0x02, 0x31, 0x18, 0xa8, 0x30, 0x84, 0x30, 0x70, 0xc0, 0xa0,
    0xfa, 0xe5, 0x0c, 0xa0, 0x02, 0xd7, 0xd2, 0x11, 0x03, 0x04, 0x00, 0x41,
    0x30, 0xe8, 0xe4, 0x2b, 0xb7, 0xce, 0x2a, 0xc0, 0xad, 0xd1, 0x84, 0x00,
    0x28, 0x91, 0x59, 0x03, 0xa8, 0xe0, 0xb6, 0x74, 0xb8, 0x21, 0x90, 0x2f,
    0x30, 0x98, 0x65, 0x20, 0x83, 0x31, 0x08, 0x8a, 0x08, 0x2f, 0xac, 0xe3,
    0xbd, 0x60, 0xc4, 0x00, 0x01, 0x40, 0x10, 0x0c, 0xba, 0xfc, 0x02, 0x2f,
    0xb7, 0x0a, 0x7e, 0x6b, 0x34, 0x21, 0x00, 0x2a, 0x28, 0xaf, 0xab, 0xa0,
    0xd8, 0x59, 0x02, 0x32, 0x18, 0xa8, 0x30, 0x84, 0x31, 0xa0, 0xc4, 0xa0,
    0xea, 0x80, 0x5f, 0xa0, 0x02, 0xde, 0xd2, 0x11, 0x03, 0x04, 0x00, 0x41,
    0x30, 0xe8, 0x40, 0xec, 0xbc, 0xea, 0x2a, 0x30, 0xaf, 0xd1, 0x84, 0x00,
    0xa8, 0x3c, 0x80, 0x19, 0xa8, 0xa0, 0xbc, 0x74, 0xb8, 0x21, 0x00, 0x31,
    0x30, 0x98, 0x65, 0x30, 0x83, 0x32, 0x08, 0x8a, 0x78, 0x2f, 0xac, 0xa3,
    0xbf, 0x60, 0xc4, 0x00, 0x01, 0x40, 0x10, 0x0c, 0xba, 0x13, 0x73, 0x2f,
    0xbe, 0x0a, 0xda, 0x6b, 0x34, 0x21, 0x00, 0x2a, 0x98, 0xaf, 0xab, 0xa0,
    0xd8, 0x59, 0x02, 0x33, 0x18, 0xa8, 0x30, 0x84, 0x32, 0xa0, 0xc8, 0xa0,
    0x46, 0x21, 0xbc, 0xa0, 0x02, 0xf5, 0xd2, 0x11, 0x03, 0x04, 0x00, 0x41,
    0x30, 0xe8, 0x5c, 0xac, 0xbe, 0x46, 0x2b, 0xa0, 0xaf, 0xd1, 0x84, 0x00,
    0x28, 0x62, 0xbe, 0x74, 0xb8, 0x21, 0x68, 0xb1, 0x30, 0xa8, 0x81, 0xbf,
    0xb0, 0x88, 0xf3, 0xd2, 0xe9, 0x06, 0x21, 0x18, 0x46, 0x0c, 0x0c, 0x00,
    0x04, 0xc1, 0xa0, 0xd1, 0x31, 0xf4, 0x0a, 0x0a, 0x14, 0xf4, 0x4b, 0x0b,
    0x0d, 0x5c, 0xec, 0x2a, 0xe8, 0x2f, 0xad, 0x60, 0x58, 0x0b, 0x46, 0x0c,
    0x04, 0x17, 0x00, 0x56, 0xa6, 0x70, 0x63, 0x58, 0x41, 0x88, 0x69, 0xbd,
    0x41, 0x8d, 0x61, 0x05, 0x24, 0xa6, 0x15, 0x0c, 0x6b, 0x81, 0x8a, 0x81,
    0xe0, 0x02, 0xc0, 0xaa, 0x15, 0x5a, 0x0c, 0x2b, 0x40, 0x31, 0x2d, 0x3b,
    0xe8, 0x31, 0xac, 0x60, 0xc5, 0xb4, 0x82, 0x61, 0x2d, 0x88, 0x31, 0x10,
    0x5c, 0x00, 0x58, 0xd1, 0x42, 0x8d, 0x61, 0x05, 0x2f, 0xa6, 0xd5, 0x07,
    0x27, 0x86, 0x15, 0xc8, 0x98, 0x56, 0x30, 0xac, 0x05, 0x38, 0x06, 0x82,
    0x0b, 0x00, 0xab, 0x56, 0xa8, 0x31, 0xad, 0x51, 0xa8, 0xb1, 0xab, 0x00,
    0xc7, 0xb4, 0x82, 0x61, 0x2d, 0xf0, 0x31, 0x10, 0x5c, 0x00, 0x58, 0xcd,
    0x82, 0x9c, 0x61, 0x05, 0x3c, 0xa6, 0xa5, 0x0a, 0x73, 0x86, 0x15, 0xfc,
    0x98, 0x56, 0x30, 0xac, 0x05, 0x65, 0x06, 0x82, 0x0b, 0x00, 0x2b, 0x5d,
    0x40, 0x33, 0xac, 0x60, 0xcc, 0xb4, 0x62, 0x41, 0xc6, 0xb0, 0x02, 0x33,
    0xd3, 0x0a, 0x86, 0xb5, 0x80, 0xcd, 0x40, 0x70, 0x01, 0x60, 0x15, 0x0e,
    0x70, 0x86, 0x15, 0xa8, 0x99, 0x16, 0x2e, 0xe0, 0x18, 0x56, 0xd0, 0x66,
    0x5a, 0xc1, 0xb0, 0x16, 0xcc, 0x19, 0x08, 0x2e, 0x00, 0xac, 0xec, 0x61,
    0xd4, 0xb0, 0x82, 0x38, 0xd3, 0xfa, 0x85, 0x39, 0xd3, 0x0a, 0x84, 0xb5,
    0x20, 0xcf, 0x40, 0x70, 0x01, 0x60, 0xc5, 0x0f, 0xaa, 0x86, 0x15, 0xdc,
    0x99, 0x56, 0x39, 0xbc, 0x1a, 0x56, 0xa0, 0x67, 0x5a, 0xc1, 0xb0, 0x16,
    0x80, 0x1a, 0x08, 0x2e, 0x00, 0xac, 0x46, 0x82, 0xce, 0xb0, 0x02, 0x3f,
    0xd3, 0x62, 0x87, 0x52, 0xc3, 0x0a, 0x42, 0x4d, 0x2b, 0x18, 0xd6, 0x82,
    0x53, 0x03, 0xc1, 0x05, 0x80, 0x95, 0x4a, 0xe8, 0x19, 0x96, 0x3c, 0xb0,
    0x1a, 0x56, 0x70, 0x6a, 0x5a, 0xc1, 0xb0, 0x16, 0xb4, 0x1a, 0x08, 0x2e,
    0x00, 0xac, 0x44, 0xa2, 0xd7, 0xb0, 0x82, 0x55, 0xd3, 0xca, 0x87, 0x55,
    0xc3, 0x0a, 0x5c, 0x4d, 0x2b, 0x18, 0xd6, 0x02, 0x5a, 0x03, 0xc1, 0x05,
    0x80, 0x55, 0x4a, 0x94, 0x1b, 0x56, 0x20, 0x6b, 0x5a, 0x20, 0xf1, 0x67,
    0x58, 0x41, 0xad, 0x69, 0x05, 0xc3, 0x5a, 0xb0, 0x6b, 0x20, 0xb8, 0x00,
    0xb0, 0x82, 0x89, 0x57, 0xc3, 0x0a, 0x72, 0x4d, 0xeb, 0x24, 0x4a, 0x0d,
    0x2b, 0xe0, 0x35, 0xad, 0x60, 0x58, 0x0b, 0xc4, 0x0d, 0x04, 0x17, 0x00,
    0x56, 0x37, 0x51, 0x6b, 0x58, 0x2d, 0xa1, 0x6a, 0x68, 0x01, 0xbd, 0xdd,
    0xa0, 0x82, 0x61, 0x2d, 0x40, 0x37, 0x10, 0x5c, 0x00, 0xd8, 0x2c, 0xc3,
    0x19, 0xa0, 0xc1, 0x8b, 0x99, 0x9a, 0x8d, 0xdb, 0x0d, 0xaa, 0x24, 0x02,
    0xac, 0xc0, 0xdd, 0xce, 0x82, 0x77, 0xcb, 0xc0, 0x05, 0x80, 0x9d, 0x7b,
    0x01, 0x7b, 0xee, 0x05, 0xec, 0xb9, 0x17, 0xb0, 0xe7, 0x5e, 0xc0, 0x8e,
    0x18, 0x34, 0x00, 0x08, 0x82, 0xc1, 0xe3, 0x72, 0xf2, 0xf6, 0x0e, 0xe8,
    0x10, 0x0e, 0xba, 0x40, 0x0c, 0x42, 0x60, 0x81, 0x21, 0x9f, 0x5a, 0xec,
    0x6d, 0x0b, 0x26, 0x02, 0xac, 0x20, 0xdf, 0xce, 0x02, 0x7d, 0xcb, 0xc0,
    0x05, 0x80, 0x5d, 0x7f, 0x01, 0x7b, 0xfd, 0x05, 0xec, 0xf5, 0x17, 0xb0,
    0xd7, 0x5f, 0xc0, 0x8e, 0x18, 0x34, 0x00, 0x08, 0x82, 0xc1, 0x93, 0x73,
    0xfd, 0xf6, 0x0b, 0xb8, 0x10, 0x0b, 0xaa, 0x40, 0x0c, 0x42, 0x60, 0x81,
    0x21, 0x1f, 0x0b, 0x18, 0xf8, 0x54, 0x4b, 0x5c, 0x58, 0x01, 0xc9, 0x9d,
    0x05, 0x25, 0x97, 0x81, 0x0b, 0x00, 0x3b, 0xfe, 0x02, 0xf6, 0xf8, 0x0b,
    0xd8, 0xe3, 0x2f, 0x60, 0x8f, 0xbf, 0x80, 0x1d, 0x31, 0x68, 0x00, 0x10,
    0x04, 0x83, 0x87, 0xec, 0x50, 0xee, 0x15, 0x50, 0x21, 0x14, 0xf6, 0x80,
    0x18, 0x84, 0xc0, 0x02, 0x43, 0x3e, 0xb6, 0x04, 0xf0, 0x29, 0x9c, 0xb8,
    0xb0, 0x82, 0x97, 0x3b, 0x0b, 0x60, 0x2e, 0x03, 0x17, 0x00, 0x76, 0x2b,
    0x06, 0xec, 0xad, 0x18, 0xb0, 0xb7, 0x62, 0xc0, 0xde, 0x8a, 0x01, 0x3b,
    0x62, 0xd0, 0x00, 0x20, 0x08, 0x06, 0xcf, 0xdb, 0xcd, 0xdc, 0x1f, 0xe0,
    0x41, 0x1c, 0xac, 0x01, 0x31, 0x08, 0x81, 0x05, 0x86, 0x7c, 0x6c, 0x09,
    0xe0, 0x63, 0x41, 0x4e, 0xc8, 0xc7, 0x02, 0x52, 0x83, 0xcf, 0x2c, 0x01,
    0x1a, 0x0c, 0x54, 0x00, 0x2a, 0x1d, 0x98, 0x81, 0x70, 0x06, 0xb3, 0x0c,
    0x69, 0xa0, 0x06, 0x2c, 0x66, 0xba, 0x36, 0x73, 0x37, 0xa8, 0xba, 0x08,
    0xb0, 0x02, 0x9f, 0x3b, 0x0b, 0x7e, 0x2e, 0x03, 0x17, 0x00, 0x76, 0xeb,
    0x05, 0xec, 0xad, 0x17, 0xb0, 0xb7, 0x5e, 0xc0, 0xde, 0x7a, 0x01, 0x3b,
    0x62, 0xd0, 0x00, 0x20, 0x08, 0x06, 0x8f, 0xdf, 0x89, 0xdd, 0x4f, 0xe0,
    0x44, 0x4c, 0xa8, 0x04, 0x31, 0x08, 0x81, 0x05, 0x86, 0x7c, 0x6a, 0x31,
    0xbb, 0x2d, 0xd0, 0x08, 0xb0, 0x82, 0xb4, 0x3b, 0x0b, 0xd4, 0x2e, 0x03,
    0x17, 0x00, 0x76, 0xfa, 0x05, 0xec, 0xe9, 0x17, 0xb0, 0xa7, 0x5f, 0xc0,
    0x9e, 0x7e, 0x01, 0x3b, 0x62, 0xd0, 0x00, 0x20, 0x08, 0x06, 0x4f, 0xea,
    0xb5, 0xdd, 0x4b, 0xa0, 0x44, 0x48, 0xe8, 0x03, 0x31, 0x08, 0x81, 0x05,
    0x86, 0x7c, 0x2c, 0x60, 0xe0, 0x53, 0x7d, 0x71, 0x61, 0x05, 0x74, 0x77,
    0x16, 0xd4, 0x5d, 0x06, 0x2e, 0x00, 0xec, 0xf2, 0x0b, 0xd8, 0xcb, 0x2f,
    0x60, 0x2f, 0xbf, 0x80, 0xbd, 0xfc, 0x02, 0x76, 0xc4, 0xa0, 0x01, 0x40,
    0x10, 0x0c, 0x1e, 0xda, 0xc3, 0xbb, 0x7f, 0xc0, 0x87, 0x78, 0x58, 0x07,
    0x62, 0x10, 0x02, 0x0b, 0x0c, 0xf9, 0xd8, 0x12, 0xc0, 0xa7, 0x50, 0xe3,
    0xc2, 0x0a, 0xfe, 0xee, 0x2c, 0x00, 0xbd, 0x0c, 0x5c, 0x00, 0xd8, 0xa1,
    0x18, 0xb0, 0x87, 0x62, 0xc0, 0x1e, 0x8a, 0x01, 0x7b, 0x28, 0x06, 0xec,
    0x88, 0x41, 0x03, 0x80, 0x20, 0x18, 0x3c, 0xbf, 0x37, 0x7a, 0xef, 0x80,
    0x0e, 0xe1, 0xb0, 0x0b, 0xc4, 0x20, 0x04, 0x16, 0x18, 0xf2, 0xb1, 0x25,
    0x80, 0x8f, 0x05, 0xa9, 0x21, 0x1f, 0x0b, 0xf0, 0x0d, 0x3e, 0xb3, 0x04,
    0x6a, 0x30, 0x50, 0x01, 0xc8, 0x77, 0x80, 0x06, 0x42, 0x1a, 0xcc, 0x32,
    0xac, 0x01, 0x1b, 0xa4, 0x98, 0xa9, 0xdc, 0xe8, 0xdd, 0xa0, 0xca, 0x23,
    0xc0, 0x0a, 0x5c, 0xef, 0x2c, 0x78, 0xbd, 0x0c, 0x5c, 0x00, 0xd8, 0xa1,
    0x17, 0xb0, 0x87, 0x5e, 0xc0, 0x1e, 0x7a, 0x01, 0x7b, 0xe8, 0x05, 0xec,
    0x88, 0x41, 0x03, 0x80, 0x20, 0x18, 0x3c, 0xee, 0x27, 0x7b, 0xaf, 0x81,
    0x1a, 0xa1, 0xa1, 0x17, 0xc4, 0x20, 0x04, 0x16, 0x18, 0xf2, 0xa9, 0xc5,
    0xf6, 0xb6, 0xe0, 0x23, 0xc0, 0x0a, 0x72, 0xef, 0x2c, 0xd0, 0xbd, 0x0c,
    0x5c, 0x00, 0xd8, 0xdd, 0x17, 0xb0, 0x77, 0x5f, 0xc0, 0xde, 0x7d, 0x01,
    0x7b, 0xf7, 0x05, 0xec, 0x88, 0x41, 0x03, 0x80, 0x20, 0x18, 0x3c, 0xf9,
    0xd7, 0x7b, 0x7f, 0x81, 0x17, 0x71, 0xa1, 0x16, 0xc4, 0x20, 0x04, 0x16,
    0x18, 0xf2, 0xb1, 0x80, 0x81, 0x4f, 0xb5, 0xc7, 0x85, 0x15, 0x90, 0xdf,
    0x59, 0x50, 0x7e, 0x19, 0xb8, 0x00, 0xb0, 0xb3, 0x2f, 0x60, 0xcf, 0xbe,
    0x80, 0x3d, 0xfb, 0x02, 0xf6, 0xec, 0x0b, 0xd8, 0x11, 0x83, 0x06, 0x00,
    0x41, 0x30, 0x78, 0x48, 0x30, 0x40, 0xbf, 0xb7, 0x40, 0x8b, 0xb0, 0xd8,
    0x09, 0x62, 0x10, 0x02, 0x0b, 0x0c, 0xf9, 0xd8, 0x12, 0xc0, 0xa7, 0xf0,
    0xe3, 0xc2, 0x0a, 0xde, 0xef, 0x2c, 0x80, 0xbf, 0x0c, 0x5c, 0x00, 0xd8,
    0x95, 0x18, 0xb0, 0x57, 0x62, 0xc0, 0x5e, 0x89, 0x01, 0x7b, 0x25, 0x06,
    0xec, 0x88, 0x41, 0x03, 0x80, 0x20, 0x18, 0x3c, 0x2f, 0x18, 0xcc, 0xdf,
    0x4f, 0xe0, 0x44, 0x4c, 0xac, 0x04, 0x31, 0x08, 0x81, 0x05, 0x86, 0x7c,
    0x6c, 0x09, 0xe0, 0x63, 0x41, 0x7e, 0xc8, 0xc7, 0x02, 0xb6, 0x83, 0xcf,
    0x2c, 0x01, 0x1b, 0x0c, 0x54, 0x00, 0xc2, 0x1a, 0xe8, 0x7a, 0xa0, 0x06,
    0xb3, 0x0c, 0x6d, 0xe0, 0x06, 0x26, 0x66, 0x7a, 0x37, 0x7f, 0x37, 0xa8,
    0x1a, 0x09, 0xb0, 0x02, 0xff, 0x3b, 0x0b, 0xfe, 0x2f, 0x03, 0x17, 0x00,
    0x76, 0xe5, 0x05, 0xec, 0x95, 0x17, 0xb0, 0x57, 0x5e, 0xc0, 0x5e, 0x79,
    0x01, 0x3b, 0x62, 0xd0, 0x00, 0x20, 0x08, 0x06, 0x8f, 0x0f, 0x06, 0x22,
    0x18, 0xfc, 0x07, 0x7e, 0xc4, 0x87, 0x7a, 0x10, 0x83, 0x10, 0x58, 0x60,
    0xc8, 0xa7, 0x16, 0x13, 0x0c, 0xb6, 0xc0, 0x24, 0xc0, 0x0a, 0x52, 0x30,
    0x38, 0x0b, 0x54, 0x30, 0xc8, 0xc0, 0x05, 0x80, 0x1d, 0x7d, 0x01, 0x7b,
    0xf4, 0x05, 0xec, 0xd1, 0x17, 0xb0, 0x47, 0x5f, 0xc0, 0x8e, 0x18, 0x34,
    0x00, 0x08, 0x82, 0xc1, 0x93, 0x86, 0x41, 0x0b, 0x06, 0xef, 0x81, 0x1e,
    0xe1, 0xa1, 0x1b, 0xc4, 0x20, 0x04, 0x16, 0x18, 0xf2, 0xb1, 0x80, 0x81,
    0x4f, 0xf5, 0xc8, 0x85, 0x15, 0xd0, 0x60, 0x70, 0x16, 0xd4, 0x60, 0x90,
    0x81, 0x0b, 0x00, 0xbb, 0xf9, 0x02, 0xf6, 0xe6, 0x0b, 0xd8, 0x9b, 0x2f,
    0x60, 0x6f, 0xbe, 0x80, 0x1d, 0x31, 0x68, 0x00, 0x10, 0x04, 0x83, 0x87,
    0x0e, 0x03, 0x1c, 0x0c, 0x7e, 0x03, 0x37, 0x62, 0x63, 0x35, 0x88, 0x41,
    0x08, 0x2c, 0x30, 0xe4, 0x63, 0x4b, 0x00, 0x9f, 0x42, 0x93, 0x0b, 0x2b,
    0xf8, 0xc1, 0xe0, 0x2c, 0x00, 0xc3, 0x20, 0x03, 0x17, 0x00, 0x76, 0x22,
    0x06, 0xec, 0x89, 0x18, 0xb0, 0x27, 0x62, 0xc0, 0x9e, 0x88, 0x01, 0x3b,
    0x62, 0xd0, 0x00, 0x20, 0x08, 0x06, 0xcf, 0x1f, 0x06, 0x63, 0x18, 0xbc,
    0x06, 0x6a, 0x84, 0xc6, 0x5e, 0x10, 0x83, 0x10, 0x58, 0x60, 0xc8, 0xc7,
    0x96, 0x00, 0x3e, 0x16, 0xa4, 0x89, 0x7c, 0x2c, 0x00, 0x3f, 0xf8, 0xcc,
    0x12, 0xb8, 0xc1, 0x40, 0x05, 0x20, 0xfa, 0x01, 0x1b, 0x08, 0x6d, 0x50,
    0xf1, 0x47, 0x86, 0xc1, 0x8e, 0x18, 0x1c, 0x00, 0x08, 0x82, 0xc1, 0x82,
    0x8a, 0x01, 0x0e, 0x06, 0xc1, 0x88, 0x55, 0x20, 0x62, 0x52, 0x41, 0x88,
    0x41, 0xfd, 0x57, 0x00, 0x15, 0x8c, 0x61, 0xa0, 0x23, 0x06, 0x08, 0x00,
    0x82, 0x60, 0xd0, 0x9d, 0x62, 0xe0, 0x86, 0x01, 0xff, 0x05, 0x6d, 0x18,
    0x8c, 0x26, 0x04, 0x40, 0x11, 0x6b, 0x18, 0xe8, 0x70, 0x43, 0x60, 0x8a,
    0x01, 0x18, 0xcc, 0x32, 0xc0, 0xc1, 0x1b, 0x04, 0x35, 0xd4, 0x61, 0x80,
    0x65, 0x8c, 0x62, 0x00, 0x23, 0x06, 0x08, 0x00, 0x82, 0x60, 0xd0, 0xb5,
    0x62, 0x40, 0x87, 0x81, 0x08, 0x06, 0xc1, 0x1c, 0x06, 0xa3, 0x09, 0x01,
    0x50, 0x41, 0x1e, 0x06, 0x57, 0x41, 0xb1, 0xb3, 0x04, 0x70, 0x30, 0x50,
    0x61, 0x08, 0x6f, 0x20, 0xb9, 0x41, 0x39, 0xfd, 0x05, 0x15, 0xc0, 0x61,
    0xa0, 0x23, 0x06, 0x08, 0x00, 0x82, 0x60, 0xd0, 0xd1, 0x62, 0xb0, 0x87,
    0x41, 0x0a, 0x06, 0x81, 0x1e, 0x06, 0xa3, 0x09, 0x01, 0x50, 0x52, 0x08,
    0x06, 0x50, 0x41, 0x1e, 0x06, 0x3a, 0xdc, 0x10, 0xd0, 0x62, 0x00, 0x06,
    0xb3, 0x0c, 0x72, 0x10, 0x07, 0x41, 0x11, 0xa3, 0x18, 0x60, 0x1d, 0xb1,
    0x18, 0xc0, 0x88, 0x01, 0x02, 0x80, 0x20, 0x18, 0x74, 0xbb, 0x18, 0x88,
    0x62, 0x00, 0x83, 0x41, 0x10, 0x8a, 0xc1, 0x68, 0x42, 0x00, 0x54, 0x70,
    0x8a, 0xc1, 0x55, 0x50, 0xec, 0x2c, 0x81, 0x1c, 0x0c, 0x54, 0x18, 0x42,
    0x1c, 0x50, 0x70, 0x50, 0x9c, 0x7e, 0x41, 0x05, 0x7e, 0x18, 0xe8, 0x88,
    0x01, 0x02, 0x80, 0x20, 0x18, 0x74, 0xe2, 0x18, 0xa4, 0x62, 0x70, 0x83,
    0x41, 0x80, 0x8a, 0xc1, 0x68, 0x42, 0x00, 0xcc, 0x32, 0xd0, 0xc1, 0x1c,
    0x30, 0x15, 0xb8, 0x62, 0x80, 0x45, 0xf0, 0x62, 0x00, 0x23, 0x06, 0x08,
    0x00, 0x82, 0x60, 0xd0, 0x99, 0x63, 0xd0, 0x8a, 0xc1, 0x0e, 0x06, 0x01,
    0x2b, 0x06, 0xa3, 0x09, 0x01, 0x50, 0x81, 0x2c, 0x06, 0x57, 0x41, 0xb1,
    0xb3, 0x04, 0x74, 0x30, 0x50, 0x61, 0x08, 0x73, 0xe0, 0xc8, 0x41, 0xe1,
    0xd7, 0x19, 0x40, 0x05, 0xa9, 0x18, 0xe8, 0x88, 0x01, 0x02, 0x80, 0x20,
    0x18, 0x74, 0xed, 0x18, 0xd0, 0x62, 0x20, 0x86, 0x41, 0x30, 0x8b, 0xc1,
    0x68, 0x42, 0x00, 0x54, 0x7f, 0xad, 0x01, 0x54, 0x20, 0x8b, 0x81, 0x0e,
    0x37, 0x04, 0xed, 0x18, 0x80, 0xc1, 0x2c, 0x83, 0x1d, 0xd4, 0x41, 0x50,
    0x04, 0x2f, 0x06, 0x58, 0x87, 0x3a, 0x06, 0x30, 0x62, 0x80, 0x00, 0x20,
    0x08, 0x06, 0x1d, 0x3d, 0x06, 0xbb, 0x18, 0xa4, 0x61, 0x10, 0xe8, 0x62,
    0x30, 0x9a, 0x10, 0x00, 0x15, 0x80, 0x63, 0x70, 0x15, 0x14, 0x3b, 0x4b,
    0x60, 0x07, 0x03, 0x15, 0x86, 0x50, 0x07, 0x14, 0x1d, 0x54, 0x1d, 0xdc,
    0x17, 0x54, 0x70, 0x8b, 0x81, 0x8e, 0x18, 0x20, 0x00, 0x08, 0x82, 0x41,
    0xb7, 0x8f, 0x81, 0x38, 0x06, 0x70, 0x18, 0x04, 0xe1, 0x18, 0x8c, 0x26,
    0x04, 0x40, 0xe5, 0xc1, 0x8a, 0x41, 0x05, 0xe0, 0x18, 0xe8, 0x70, 0x43,
    0xb0, 0x8f, 0x01, 0x18, 0xcc, 0x32, 0xe0, 0xc1, 0x1d, 0x04, 0x45, 0xa8,
    0x63, 0x80, 0x75, 0xe0, 0x63, 0x00, 0x23, 0x06, 0x08, 0x00, 0x82, 0x60,
    0xd0, 0x89, 0x64, 0x90, 0x8e, 0xc1, 0x1d, 0x06, 0x01, 0x3a, 0x06, 0xa3,
    0x09, 0x01, 0x50, 0x81, 0x3b, 0x06, 0x57, 0x41, 0xb1, 0xb3, 0x04, 0x78,
    0x30, 0x50, 0x61, 0x08, 0x77, 0x40, 0xd9, 0x41, 0x8d, 0x02, 0x2f, 0x06,
    0x50, 0x41, 0x39, 0x06, 0x3a, 0x62, 0x80, 0x00, 0x20, 0x08, 0x06, 0x5d,
    0x4a, 0x06, 0xf0, 0x18, 0xf8, 0x61, 0x10, 0xbc, 0x63, 0x30, 0x9a, 0x10,
    0x00, 0x45, 0xb8, 0x63, 0xa0, 0xc3, 0x0d, 0x01, 0x4a, 0x06, 0x61, 0x50,
    0xc3, 0x3d, 0x06, 0x58, 0x84, 0x38, 0x06, 0x3a, 0xdd, 0x20, 0x04, 0xc3,
    0x88, 0x81, 0x01, 0x80, 0x20, 0x18, 0x34, 0x35, 0x19, 0x8c, 0x63, 0x10,
    0x14, 0x28, 0xd4, 0x63, 0xa0, 0x85, 0x06, 0x29, 0x19, 0x5c, 0x05, 0xf8,
    0x18, 0x68, 0x05, 0xc3, 0x5a, 0xe0, 0x8f, 0x01, 0x08, 0x2e, 0x00, 0xac,
    0x4c, 0x41, 0x26, 0x03, 0xac, 0x80, 0x1f, 0x03, 0xad, 0x37, 0x80, 0xc9,
    0x00, 0x2b, 0xf8, 0xc7, 0x40, 0x2b, 0x18, 0xd6, 0x82, 0x92, 0x0c, 0x40,
    0x70, 0x01, 0x60, 0xd5, 0x0a, 0x28, 0x19, 0x60, 0x05, 0x23, 0x19, 0x68,
    0xd9, 0x01, 0x4e, 0x06, 0x58, 0x81, 0x49, 0x06, 0x5a, 0xc1, 0xb0, 0x16,
    0xb0, 0x64, 0x00, 0x82, 0x0b, 0x00, 0x2b, 0x5a, 0x80, 0xc9, 0x00, 0x2b,
    0x50, 0xc9, 0x40, 0xab, 0x0f, 0x44, 0x32, 0xc0, 0x0a, 0x5a, 0x32, 0xd0,
    0x0a, 0x86, 0xb5, 0x60, 0x26, 0x03, 0x10, 0x5c, 0x00, 0x58, 0xb5, 0x02,
    0x4c, 0x06, 0x5a, 0xa3, 0x00, 0x93, 0xc1, 0x55, 0x30, 0x93, 0x81, 0x56,
    0x30, 0xac, 0x05, 0x39, 0x19, 0x80, 0xe0, 0x02, 0xc0, 0x6a, 0x16, 0xda,
    0x32, 0xc0, 0x0a, 0x6e, 0x32, 0xd0, 0x52, 0x05, 0xb7, 0x0c, 0xb0, 0x02,
    0x9d, 0x0c, 0xb4, 0x82, 0x61, 0x2d, 0x00, 0xcb, 0x00, 0x04, 0x17, 0x00,
    0x56, 0xba, 0x30, 0x96, 0x01, 0x56, 0xe0, 0x93, 0x81, 0x56, 0x2c, 0xb4,
    0x64, 0x80, 0x15, 0x84, 0x65, 0xa0, 0x15, 0x0c, 0x6b, 0xc1, 0x59, 0x06,
    0x20, 0xb8, 0x00, 0xb0, 0x0a, 0x87, 0xb5, 0x0c, 0xb0, 0x82, 0xb2, 0x0c,
    0xb4, 0x70, 0x61, 0x26, 0x03, 0xac, 0x00, 0x2d, 0x03, 0xad, 0x60, 0x58,
    0x0b, 0xdc, 0x32, 0x00, 0xc1, 0x05, 0x80, 0x95, 0x3d, 0xf8, 0x65, 0x80,
    0x15, 0xb0, 0x65, 0xa0, 0xf5, 0x0b, 0x6e, 0x19, 0x68, 0x05, 0xc2, 0x5a,
    0x40, 0x97, 0x01, 0x08, 0x2e, 0x00, 0xac, 0xf8, 0xa1, 0x34, 0x03, 0xac,
    0x40, 0x2e, 0x03, 0xad, 0x72, 0x50, 0xcd, 0x00, 0x2b, 0xa8, 0xcb, 0x40,
    0x2b, 0x18, 0xd6, 0x82, 0xbd, 0x0c, 0x40, 0x70, 0x01, 0x60, 0x35, 0x12,
    0x6f, 0x19, 0x60, 0x05, 0x79, 0x19, 0x68, 0xb1, 0x03, 0x68, 0x06, 0x58,
    0x01, 0x5f, 0x06, 0x5a, 0xc1, 0xb0, 0x16, 0x88, 0x66, 0x00, 0x82, 0x0b,
    0x00, 0x2b, 0x95, 0xa8, 0xcb, 0x00, 0x4b, 0x1e, 0x4e, 0x33, 0xc0, 0x0a,
    0x44, 0x33, 0xd0, 0x0a, 0x86, 0xb5, 0x00, 0x35, 0x03, 0x10, 0x5c, 0x00,
    0x58, 0x89, 0x04, 0x6e, 0x06, 0x58, 0x81, 0x69, 0x06, 0x5a, 0xf9, 0x60,
    0x9a, 0x01, 0x56, 0x90, 0x9a, 0x81, 0x56, 0x30, 0xac, 0x05, 0xaf, 0x19,
    0x80, 0xe0, 0x02, 0xc0, 0x2a, 0x25, 0xc0, 0x33, 0xc0, 0x0a, 0x5a, 0x33,
    0xd0, 0x02, 0x09, 0xbd, 0x0c, 0xb0, 0x02, 0xd8, 0x0c, 0xb4, 0x82, 0x61,
    0x2d, 0xb0, 0xcd, 0x00, 0x04, 0x17, 0x00, 0x56, 0x30, 0xa1, 0x9a, 0x01,
    0x56, 0x40, 0x9b, 0x81, 0xd6, 0x49, 0x80, 0x66, 0x80, 0x15, 0xdc, 0x66,
    0xa0, 0x15, 0x0c, 0x6b, 0x41, 0x6f, 0x06, 0x20, 0xb8, 0x00, 0xb0, 0xba,
    0x09, 0xd8, 0x0c, 0xb0, 0x5a, 0xa2, 0x34, 0x03, 0xb4, 0xe0, 0x3d, 0x83,
    0x1b, 0x54, 0x30, 0xac, 0x05, 0xe3, 0x19, 0x80, 0xe0, 0x02, 0xc0, 0x66,
    0x19, 0xf2, 0x40, 0x0f, 0x54, 0x32, 0xb0, 0xb2, 0x0c, 0x7c, 0x33, 0xb8,
    0x41, 0x95, 0x44, 0x80, 0x15, 0xa4, 0x67, 0x70, 0x16, 0xa8, 0x67, 0x90,
    0x81, 0x0b, 0x00, 0xbb, 0x74, 0x0c, 0x80, 0xbd, 0x74, 0x0c, 0x80, 0xbd,
    0x74, 0x0c, 0x80, 0xbd, 0x74, 0x0c, 0x80, 0x1d, 0x31, 0x68, 0x00, 0x10,
    0x04, 0x83, 0x27, 0x45, 0x83, 0xf6, 0x0c, 0xde, 0x01, 0x1d, 0xc2, 0x41,
    0x17, 0x88, 0x41, 0x08, 0x2c, 0x30, 0xe4, 0x53, 0x4b, 0x7c, 0x06, 0x5b,
    0x30, 0x11, 0x60, 0x05, 0xf4, 0x19, 0x9c, 0x05, 0xf5, 0x19, 0x64, 0xe0,
    0x02, 0xc0, 0x0e, 0x1f, 0x03, 0x60, 0x0f, 0x1f, 0x03, 0x60, 0x0f, 0x1f,
    0x03, 0x60, 0x0f, 0x1f, 0x03, 0x60, 0x47, 0x0c, 0x1a, 0x00, 0x04, 0xc1,
    0xe0, 0xa1, 0xd1, 0x00, 0x3f, 0x83, 0x5f, 0xc0, 0x85, 0x58, 0x50, 0x05,
    0x62, 0x10, 0x02, 0x0b, 0x0c, 0xf9, 0x58, 0xc0, 0xc0, 0xa7, 0x5a, 0xe2,
    0xc2, 0x0a, 0xfe, 0x33, 0x38, 0x0b, 0x40, 0x34, 0xc8, 0xc0, 0x05, 0x80,
    0xdd, 0x3d, 0x06, 0xc0, 0xde, 0x3d, 0x06, 0xc0, 0xde, 0x3d, 0x06, 0xc0,
    0xde, 0x3d, 0x06, 0xc0, 0x8e, 0x18, 0x34, 0x00, 0x08, 0x82, 0xc1, 0xf3,
    0xa3, 0xc1, 0x88, 0x06, 0xaf, 0x80, 0x0a, 0xa1, 0xb0, 0x07, 0xc4, 0x20,
    0x04, 0x16, 0x18, 0xf2, 0xb1, 0x25, 0x80, 0x4f, 0xe1, 0xc4, 0x85, 0x15,
    0xa8, 0x68, 0x70, 0x16, 0xac, 0x68, 0x90, 0x81, 0x0b, 0x00, 0x3b, 0x93,
    0x0c, 0x80, 0x3d, 0x93, 0x0c, 0x80, 0x3d, 0x93, 0x0c, 0x80, 0x3d, 0x93,
    0x0c, 0x80, 0x1d, 0x31, 0x68, 0x00, 0x10, 0x04, 0x83, 0x47, 0x4d, 0x03,
    0x17, 0x0d, 0xfe, 0x00, 0x0f, 0xe2, 0x60, 0x0d, 0x88, 0x41, 0x08, 0x2c,
    0x30, 0xe4, 0x63, 0x4b, 0x00, 0x1f, 0x0b, 0x72, 0x42, 0x3e, 0x16, 0x80,
    0x66, 0x00, 0x9f, 0x59, 0x02, 0x3d, 0x18, 0xa8, 0x00, 0x44, 0x56, 0xc0,
    0x03, 0x21, 0x0f, 0x66, 0x19, 0xf6, 0x80, 0x0f, 0x4e, 0x32, 0xb0, 0xda,
    0x0c, 0x5c, 0x34, 0xb8, 0x41, 0xd5, 0x45, 0x80, 0x15, 0xe4, 0x68, 0x70,
    0x16, 0xe8, 0x68, 0x90, 0x81, 0x0b, 0x00, 0x3b, 0x73, 0x0c, 0x80, 0x3d,
    0x73, 0x0c, 0x80, 0x3d, 0x73, 0x0c, 0x80, 0x3d, 0x73, 0x0c, 0x80, 0x1d,
    0x31, 0x68, 0x00, 0x10, 0x04, 0x83, 0x27, 0x4f, 0x83, 0x1e, 0x0d, 0x7e,
    0x02, 0x27, 0x62, 0x42, 0x25, 0x88, 0x41, 0x08, 0x2c, 0x30, 0xe4, 0x53,
    0x4b, 0x98, 0x06, 0x5b, 0xa0, 0x11, 0x60, 0x05, 0x64, 0x1a, 0x9c, 0x05,
    0x65, 0x1a, 0x64, 0xe0, 0x02, 0xc0, 0xae, 0x1e, 0x03, 0x60, 0xaf, 0x1e,
    0x03, 0x60, 0xaf, 0x1e, 0x03, 0x60, 0xaf, 0x1e, 0x03, 0x60, 0x47, 0x0c,
    0x1a, 0x00, 0x04, 0xc1, 0xe0, 0x21, 0xd5, 0x00, 0x4d, 0x83, 0x97, 0x40,
    0x89, 0x90, 0xd0, 0x07, 0x62, 0x10, 0x02, 0x0b, 0x0c, 0xf9, 0x58, 0xc0,
    0xc0, 0xa7, 0xfa, 0xe2, 0xc2, 0x0a, 0xde, 0x34, 0x38, 0x0b, 0xe0, 0x34,
    0xc8, 0xc0, 0x05, 0x80, 0x1d, 0x3d, 0x06, 0xc0, 0x1e, 0x3d, 0x06, 0xc0,
    0x1e, 0x3d, 0x06, 0xc0, 0x1e, 0x3d, 0x06, 0xc0, 0x8e, 0x18, 0x34, 0x00,
    0x08, 0x82, 0xc1, 0xf3, 0xaa, 0xc1, 0x9c, 0x06, 0xff, 0x80, 0x0f, 0xf1,
    0xb0, 0x0e, 0xc4, 0x20, 0x04, 0x16, 0x18, 0xf2, 0xb1, 0x25, 0x80, 0x4f,
    0xa1, 0xc6, 0x85, 0x15, 0xe8, 0x69, 0x70, 0x16, 0xec, 0x69, 0x90, 0x81,
    0x0b, 0x00, 0xbb, 0x91, 0x0c, 0x80, 0xbd, 0x91, 0x0c, 0x80, 0xbd, 0x91,
    0x0c, 0x80, 0xbd, 0x91, 0x0c, 0x80, 0x1d, 0x31, 0x68, 0x00, 0x10, 0x04,
    0x83, 0x47, 0x57, 0x03, 0x3f, 0x0d, 0xde, 0x01, 0x1d, 0xc2, 0x61, 0x17,
    0x88, 0x41, 0x08, 0x2c, 0x30, 0xe4, 0x63, 0x4b, 0x00, 0x1f, 0x0b, 0x52,
    0x43, 0x3e, 0x16, 0xd0, 0x67, 0x00, 0x9f, 0x59, 0x02, 0x3e, 0x18, 0xa8,
    0x00, 0xd4, 0x57, 0xd0, 0x03, 0x61, 0x0f, 0x66, 0x19, 0xfa, 0xc0, 0x0f,
    0x48, 0x32, 0xb0, 0x12, 0x0d, 0xfc, 0x34, 0xb8, 0x41, 0x95, 0x47, 0x80,
    0x15, 0xa4, 0x6a, 0x70, 0x16, 0xa8, 0x6a, 0x90, 0x81, 0x0b, 0x00, 0xbb,
    0x71, 0x0c, 0x80, 0xbd, 0x71, 0x0c, 0x80, 0xbd, 0x71, 0x0c, 0x80, 0xbd,
    0x71, 0x0c, 0x80, 0x1d, 0x31, 0x68, 0x00, 0x10, 0x04, 0x83, 0x27, 0x5d,
    0x83, 0x56, 0x0d, 0x5e, 0x03, 0x35, 0x42, 0x43, 0x2f, 0x88, 0x41, 0x08,
    0x2c, 0x30, 0xe4, 0x53, 0x4b, 0xac, 0x06, 0x5b, 0xf0, 0x11, 0x60, 0x05,
    0xb4, 0x1a, 0x9c, 0x05, 0xb5, 0x1a, 0x64, 0xe0, 0x02, 0xc0, 0x4e, 0x1e,
    0x03, 0x60, 0x4f, 0x1e, 0x03, 0x60, 0x4f, 0x1e, 0x03, 0x60, 0x4f, 0x1e,
    0x03, 0x60, 0x47, 0x0c, 0x1a, 0x00, 0x04, 0xc1, 0xe0, 0xa1, 0xd7, 0x00,
    0x57, 0x83, 0xbf, 0xc0, 0x8b, 0xb8, 0x50, 0x0b, 0x62, 0x10, 0x02, 0x0b,
    0x0c, 0xf9, 0x58, 0xc0, 0xc0, 0xa7, 0xda, 0xe3, 0xc2, 0x0a, 0x7e, 0x35,
    0x38, 0x0b, 0xc0, 0x35, 0xc8, 0xc0, 0x05, 0x80, 0x5d, 0x3c, 0x06, 0xc0,
    0x5e, 0x3c, 0x06, 0xc0, 0x5e, 0x3c, 0x06, 0xc0, 0x5e, 0x3c, 0x06, 0xc0,
    0x8e, 0x18, 0x34, 0x00, 0x08, 0x82, 0xc1, 0xf3, 0xaf, 0xc1, 0xb8, 0x06,
    0x6f, 0x81, 0x16, 0x61, 0xb1, 0x13, 0xc4, 0x20, 0x04, 0x16, 0x18, 0xf2,
    0xb1, 0x25, 0x80, 0x4f, 0xe1, 0xc7, 0x85, 0x15, 0xa8, 0x6b, 0x70, 0x16,
    0xac, 0x6b, 0x90, 0x81, 0x0b, 0x00, 0x3b, 0x90, 0x0c, 0x80, 0x3d, 0x90,
    0x0c, 0x80, 0x3d, 0x90, 0x0c, 0x80, 0x3d, 0x90, 0x0c, 0x80, 0x1d, 0x31,
    0x68, 0x00, 0x10, 0x04, 0x83, 0x47, 0x65, 0x03, 0x77, 0x0d, 0x7e, 0x02,
    0x27, 0x62, 0x62, 0x25, 0x88, 0x41, 0x08, 0x2c, 0x30, 0xe4, 0x63, 0x4b,
    0x00, 0x1f, 0x0b, 0xf2, 0x43, 0x3e, 0x16, 0xa0, 0x69, 0x00, 0x9f, 0x59,
    0x02, 0x3f, 0x18, 0xa8, 0x00, 0x84, 0x3e, 0x90, 0x65, 0x81, 0x0f, 0x66,
    0x19, 0xfe, 0x00, 0x14, 0x42, 0x32, 0xb0, 0x3a, 0x0d, 0xdc, 0x35, 0xb8,
    0x41, 0xd5, 0x48, 0x80, 0x15, 0xe4, 0x6b, 0x70, 0x16, 0xe8, 0x6b, 0x90,
    0x81, 0x0b, 0x00, 0x3b, 0x70, 0x0c, 0x80, 0x3d, 0x70, 0x0c, 0x80, 0x3d,
    0x70, 0x0c, 0x80, 0x3d, 0x70, 0x0c, 0x80, 0x1d, 0x31, 0x68, 0x00, 0x10,
    0x04, 0x83, 0x27, 0x67, 0x83, 0x7e, 0x0d, 0xfe, 0x03, 0x3f, 0xe2, 0x43,
    0x3d, 0x88, 0x41, 0x08, 0x2c, 0x30, 0xe4, 0x53, 0x4b, 0xc8, 0x06, 0x5b,
    0x60, 0x12, 0x60, 0x05, 0x24, 0x1b, 0x9c, 0x05, 0x25, 0x1b, 0x64, 0xe0,
    0x02, 0xc0, 0xee, 0x1d, 0x03, 0x60, 0xef, 0x1d, 0x03, 0x60, 0xef, 0x1d,
    0x03, 0x60, 0xef, 0x1d, 0x03, 0x60, 0x47, 0x0c, 0x1a, 0x00, 0x04, 0xc1,
    0xe0, 0x21, 0xdb, 0x00, 0x65, 0x83, 0xf7, 0x40, 0x8f, 0xf0, 0xd0, 0x0d,
    0x62, 0x10, 0x02, 0x0b, 0x0c, 0xf9, 0x58, 0xc0, 0xc0, 0xa7, 0x7a, 0xe4,
    0xc2, 0x0a, 0x5e, 0x36, 0x38, 0x0b, 0x60, 0x36, 0xc8, 0xc0, 0x05, 0x80,
    0x9d, 0x3b, 0x06, 0xc0, 0x9e, 0x3b, 0x06, 0xc0, 0x9e, 0x3b, 0x06, 0xc0,
    0x9e, 0x3b, 0x06, 0xc0, 0x8e, 0x18, 0x34, 0x00, 0x08, 0x82, 0xc1, 0xf3,
    0xb6, 0xc1, 0xcc, 0x06, 0xbf, 0x81, 0x1b, 0xb1, 0xb1, 0x1a, 0xc4, 0x20,
    0x04, 0x16, 0x18, 0xf2, 0xb1, 0x25, 0x80, 0x4f, 0xa1, 0xc9, 0x85, 0x15,
    0xe8, 0x6c, 0x70, 0x16, 0xec, 0x6c, 0x90, 0x81, 0x0b, 0x00, 0xbb, 0x7e,
    0x0c, 0x80, 0xbd, 0x7e, 0x0c, 0x80, 0xbd, 0x7e, 0x0c, 0x80, 0xbd, 0x7e,
    0x0c, 0x80, 0x1d, 0x31, 0x68, 0x00, 0x10, 0x04, 0x83, 0x47, 0x6f, 0x03,
    0x9f, 0x0d, 0x5e, 0x03, 0x35, 0x42, 0x63, 0x2f, 0x88, 0x41, 0x08, 0x2c,
    0x30, 0xe4, 0x63, 0x4b, 0x00, 0x1f, 0x0b, 0xd2, 0x44, 0x3e, 0x16, 0xf0,
    0x6a, 0x00, 0x9f, 0x59, 0x02, 0x50, 0x18, 0xa8, 0x00, 0xf4, 0x5a, 0xf0,
    0x03, 0xe1, 0x0f, 0x8a, 0x5d, 0x03, 0x9f, 0x0d, 0x76, 0xc4, 0xe0, 0x00,
    0x40, 0x10, 0x0c, 0x96, 0xd1, 0x0d, 0x66, 0x36, 0x08, 0xfc, 0x31, 0xa8,
    0xa0, 0x1f, 0x03, 0xa9, 0x80, 0x1f, 0x03, 0x28, 0x7d, 0x0c, 0x02, 0xa8,
    0xc0, 0x67, 0x03, 0x1d, 0x31, 0x40, 0x00, 0x10, 0x04, 0x83, 0x4e, 0x74,
    0x83, 0xb4, 0x0d, 0xee, 0x35, 0x08, 0xd0, 0x36, 0x18, 0x4d, 0x08, 0x80,
    0x22, 0xcc, 0x36, 0xd0, 0xe1, 0x86, 0x20, 0x74, 0x03, 0x30, 0x98, 0x65,
    0x10, 0x85, 0x50, 0x08, 0x6a, 0x80, 0xdb, 0x00, 0xcb, 0xf0, 0xdb, 0x00,
    0x46, 0x0c, 0x10, 0x00, 0x04, 0xc1, 0xa0, 0x43, 0xdd, 0xe0, 0x6d, 0x83,
    0x7e, 0x0d, 0x02, 0xb7, 0x0d, 0x46, 0x13, 0x02, 0xa0, 0x02, 0xba, 0x0d,
    0xae, 0x82, 0x62, 0x67, 0x09, 0x44, 0x61, 0xa0, 0xc2, 0x10, 0x42, 0x41,
    0x02, 0x85, 0x72, 0xf0, 0x31, 0x80, 0x0a, 0xd6, 0x36, 0xd0, 0x11, 0x03,
    0x04, 0x00, 0x41, 0x30, 0xe8, 0x5e, 0x37, 0xb0, 0xdb, 0x80, 0x64, 0x83,
    0xa0, 0x6e, 0x83, 0xd1, 0x84, 0x00, 0x28, 0x89, 0x5f, 0x03, 0xa8, 0x80,
    0x6e, 0x03, 0x1d, 0x6e, 0x08, 0x5e, 0x37, 0x00, 0x83, 0x59, 0x06, 0x52,
    0x18, 0x85, 0xa0, 0x08, 0xbf, 0x0d, 0xb0, 0x0e, 0xd6, 0x0d, 0x60, 0xc4,
    0x00, 0x01, 0x40, 0x10, 0x0c, 0x3a, 0xdb, 0x0d, 0xfa, 0x36, 0x58, 0xd9,
    0x20, 0xe0, 0xdb, 0x60, 0x34, 0x21, 0x00, 0x2a, 0x10, 0xdd, 0xe0, 0x2a,
    0x28, 0x76, 0x96, 0x80, 0x14, 0x06, 0x2a, 0x0c, 0x61, 0x14, 0x28, 0x51,
    0x28, 0xae, 0x1e, 0x03, 0xa8, 0x20, 0x6f, 0x03, 0x1d, 0x31, 0x40, 0x00,
    0x10, 0x04, 0x83, 0xae, 0x77, 0x03, 0xd2, 0x0d, 0x64, 0x36, 0x08, 0x46,
    0x37, 0x18, 0x4d, 0x08, 0x80, 0x59, 0x06, 0x53, 0x28, 0x05, 0xa6, 0x82,
    0xd4, 0x0d, 0xb0, 0x88, 0xdb, 0x0d, 0x60, 0xc4, 0x00, 0x01, 0x40, 0x10,
    0x0c, 0xba, 0xf0, 0x0d, 0x50, 0x37, 0xb0, 0xd9, 0x20, 0x38, 0xdd, 0x60,
    0x34, 0x21, 0x00, 0x2a, 0x68, 0xdd, 0xe0, 0x2a, 0x28, 0x76, 0x96, 0xc0,
    0x14, 0x06, 0x2a, 0x0c, 0xa1, 0x14, 0x1c, 0x52, 0xa8, 0x79, 0x0c, 0xce,
    0x00, 0x2a, 0x20, 0xdd, 0x40, 0x47, 0x0c, 0x10, 0x00, 0x04, 0xc1, 0xa0,
    0x43, 0xdf, 0xe0, 0x75, 0x83, 0x9e, 0x0d, 0x02, 0xd7, 0x0d, 0x46, 0x13,
    0x02, 0xa0, 0xf0, 0x31, 0x58, 0x03, 0xa8, 0xa0, 0x75, 0x03, 0x1d, 0x6e,
    0x08, 0xd0, 0x37, 0x00, 0x83, 0x59, 0x06, 0x54, 0x38, 0x85, 0xa0, 0x88,
    0xdb, 0x0d, 0xb0, 0x8e, 0xf2, 0x0d, 0x60, 0xc4, 0x00, 0x01, 0x40, 0x10,
    0x0c, 0xba, 0xf7, 0x0d, 0x6c, 0x37, 0x20, 0xdb, 0x20, 0xa8, 0xdd, 0x60,
    0x34, 0x21, 0x00, 0x2a, 0xd8, 0xdd, 0xe0, 0x2a, 0x28, 0x76, 0x96, 0x00,
    0x15, 0x06, 0x2a, 0x0c, 0xe1, 0x14, 0x28, 0x53, 0xa8, 0x3a, 0x90, 0xc7,
    0x00, 0x2a, 0x90, 0xdd, 0x40, 0x47, 0x0c, 0x10, 0x00, 0x04, 0xc1, 0xa0,
    0xb3, 0xdf, 0xa0, 0x77, 0x83, 0xb5, 0x0d, 0x02, 0xde, 0x0d, 0x46, 0x13,
    0x02, 0xa0, 0xf2, 0xc0, 0x24, 0x03, 0xa8, 0x60, 0x77, 0x03, 0x1d, 0x6e,
    0x08, 0xec, 0x37, 0x00, 0x83, 0x59, 0x06, 0x55, 0x48, 0x85, 0xa0, 0x88,
    0xf2, 0x0d, 0xb0, 0x8e, 0xf9, 0x0d, 0x60, 0xc4, 0x00, 0x01, 0x40, 0x10,
    0x0c, 0xba, 0xfe, 0x0d, 0xc8, 0x37, 0x90, 0xdb, 0x20, 0x18, 0xdf, 0x60,
    0x34, 0x21, 0x00, 0x2a, 0x48, 0xdf, 0xe0, 0x2a, 0x28, 0x76, 0x96, 0x40,
    0x15, 0x06, 0x2a, 0x0c, 0x21, 0x15, 0x28, 0x54, 0xa8, 0x51, 0xb8, 0xdd,
    0x00, 0x2a, 0x00, 0xdf, 0x40, 0x47, 0x0c, 0x10, 0x00, 0x04, 0xc1, 0xa0,
    0x23, 0xe1, 0x60, 0x7d, 0x83, 0xbc, 0x0d, 0x02, 0xf5, 0x0d, 0x46, 0x13,
    0x02, 0xa0, 0x88, 0xf4, 0x0d, 0x74, 0xb8, 0x21, 0x18, 0xe1, 0x20, 0x0c,
    0x6a, 0x90, 0xdf, 0x00, 0x8b, 0xe8, 0xdd, 0x40, 0xa7, 0x1b, 0x84, 0x60,
    0x18, 0x31, 0x30, 0x00, 0x10, 0x04, 0x83, 0x06, 0x86, 0x03, 0xdf, 0x0d,
    0x82, 0x02, 0x05, 0xf8, 0x0d, 0xb4, 0xd0, 0x80, 0x84, 0x83, 0xab, 0x60,
    0x7e, 0x03, 0xad, 0x60, 0x58, 0x0b, 0xf2, 0x37, 0x00, 0xc1, 0x05, 0x80,
    0x95, 0x29, 0xb4, 0x70, 0x80, 0x15, 0xdc, 0x6f, 0xa0, 0xf5, 0x06, 0x2b,
    0x1c, 0x60, 0x05, 0xfa, 0x1b, 0x68, 0x05, 0xc3, 0x5a, 0x00, 0xc2, 0x01,
    0x08, 0x2e, 0x00, 0xac, 0x5a, 0x61, 0x84, 0x03, 0xac, 0xc0, 0x7f, 0x03,
    0x2d, 0x3b, 0x98, 0xe1, 0x00, 0x2b, 0x08, 0xe1, 0x40, 0x2b, 0x18, 0xd6,
    0x82, 0x13, 0x0e, 0x40, 0x70, 0x01, 0x60, 0x45, 0x0b, 0x2b, 0x1c, 0x60,
    0x05, 0x25, 0x1c, 0x68, 0xf5, 0x41, 0xff, 0x06, 0x58, 0x01, 0x0a, 0x07,
    0x5a, 0xc1, 0xb0, 0x16, 0xb8, 0x70, 0x00, 0x82, 0x0b, 0x00, 0xab, 0x56,
    0x58, 0xe1, 0x40, 0x6b, 0x14, 0x56, 0x38, 0xb8, 0x0a, 0x5c, 0x38, 0xd0,
    0x0a, 0x86, 0xb5, 0x80, 0x86, 0x03, 0x10, 0x5c, 0x00, 0x58, 0xcd, 0x02,
    0x1a, 0x07, 0x58, 0x81, 0x0c, 0x07, 0x5a, 0xaa, 0x90, 0xc6, 0x01, 0x56,
    0x50, 0xc3, 0x81, 0x56, 0x30, 0xac, 0x05, 0x3b, 0x1c, 0x80, 0xe0, 0x02,
    0xc0, 0x4a, 0x17, 0x7c, 0x38, 0xc0, 0x0a, 0x72, 0x38, 0xd0, 0x8a, 0x05,
    0x14, 0x0e, 0xb0, 0x02, 0x1e, 0x0e, 0xb4, 0x82, 0x61, 0x2d, 0x10, 0xe3,
    0x00, 0x04, 0x17, 0x00, 0x56, 0xe1, 0x60, 0xc6, 0x01, 0x56, 0x00, 0xc6,
    0x81, 0x16, 0x2e, 0xb8, 0x70, 0x80, 0x15, 0x8c, 0x71, 0xa0, 0x15, 0x0c,
    0x6b, 0x41, 0x1a, 0x07, 0x20, 0xb8, 0x00, 0xb0, 0xb2, 0x87, 0x3c, 0x0e,
    0xb0, 0x82, 0x33, 0x0e, 0xb4, 0x7e, 0x21, 0x8d, 0x03, 0xad, 0x40, 0x58,
    0x0b, 0xde, 0x38, 0x00, 0xc1, 0x05, 0x80, 0x15, 0x3f, 0x80, 0x72, 0x80,
    0x15, 0xb4, 0x71, 0xa0, 0x55, 0x0e, 0xa5, 0x1c, 0x60, 0x05, 0x70, 0x1c,
    0x68, 0x05, 0xc3, 0x5a, 0x60, 0xc7, 0x01, 0x08, 0x2e, 0x00, 0xac, 0x46,
    0x42, 0x8d, 0x03, 0xac, 0x80, 0x8e, 0x03, 0x2d, 0x76, 0xd8, 0xe3, 0x00,
    0x2b, 0xb8, 0xe3, 0x40, 0x2b, 0x18, 0xd6, 0x82, 0x3e, 0x0e, 0x40, 0x70,
    0x01, 0x60, 0xa5, 0x12, 0x70, 0x1c, 0x60, 0xc9, 0x83, 0x28, 0x07, 0x58,
    0x41, 0x1f, 0x07, 0x5a, 0xc1, 0xb0, 0x16, 0x8c, 0x72, 0x00, 0x82, 0x0b,
    0x00, 0x2b, 0x91, 0x98, 0xe5, 0x00, 0x2b, 0x08, 0xe5, 0x40, 0x2b, 0x1f,
    0x42, 0x39, 0xc0, 0x0a, 0x48, 0x39, 0xd0, 0x0a, 0x86, 0xb5, 0x40, 0x95,
    0x03, 0x10, 0x5c, 0x00, 0x58, 0xa5, 0xc4, 0x2e, 0x07, 0x58, 0x01, 0x2a,
    0x07, 0x5a, 0x20, 0x51, 0xc7, 0x01, 0x56, 0xb0, 0xca, 0x81, 0x56, 0x30,
    0xac, 0x05, 0xb1, 0x1c, 0x80, 0xe0, 0x02, 0xc0, 0x0a, 0x26, 0x4a, 0x39,
    0xc0, 0x0a, 0x5e, 0x39, 0xd0, 0x3a, 0x89, 0x3d, 0x0e, 0xb0, 0x02, 0x59,
    0x0e, 0xb4, 0x82, 0x61, 0x2d, 0xc0, 0xe5, 0x00, 0x04, 0x17, 0x00, 0x56,
    0x37, 0xb1, 0xca, 0x01, 0x56, 0x4b, 0x80, 0x72, 0x80, 0x16, 0xa8, 0x73,
    0x70, 0x83, 0x0a, 0x86, 0xb5, 0xc0, 0x97, 0x03, 0x10, 0x5c, 0x00, 0xd8,
    0x2c, 0xc3, 0x2a, 0xb0, 0x42, 0x09, 0x07, 0x06, 0xc6, 0x41, 0x2e, 0x07,
    0x37, 0xa8, 0x92, 0x08, 0xb0, 0x02, 0x72, 0x0e, 0xce, 0x82, 0x72, 0x0e,
    0x32, 0x70, 0x01, 0x60, 0x47, 0xbe, 0x01, 0xb0, 0x47, 0xbe, 0x01, 0xb0,
    0x47, 0xbe, 0x01, 0xb0, 0x47, 0xbe, 0x01, 0xb0, 0x23, 0x06, 0x0d, 0x00,
    0x82, 0x60, 0xf0, 0x90, 0x74, 0x80, 0xce, 0xc1, 0x3b, 0xa0, 0x43, 0x38,
    0xe8, 0x02, 0x31, 0x08, 0x81, 0x05, 0x86, 0x7c, 0x6a, 0x61, 0xe7, 0x60,
    0x0b, 0x26, 0x02, 0xac, 0xe0, 0x9d, 0x83, 0xb3, 0x00, 0x9e, 0x83, 0x0c,
    0x5c, 0x00, 0xd8, 0xcd, 0x6f, 0x00, 0xec, 0xcd, 0x6f, 0x00, 0xec, 0xcd,
    0x6f, 0x00, 0xec, 0xcd, 0x6f, 0x00, 0xec, 0x88, 0x41, 0x03, 0x80, 0x20,
    0x18, 0x3c, 0x2f, 0x1d, 0xcc, 0x73, 0xf0, 0x0b, 0xb8, 0x10, 0x0b, 0xaa,
    0x40, 0x0c, 0x42, 0x60, 0x81, 0x21, 0x1f, 0x0b, 0x18, 0xf8, 0x54, 0x4b,
    0x5c, 0x58, 0x81, 0x3e, 0x07, 0x67, 0xc1, 0x3e, 0x07, 0x19, 0xb8, 0x00,
    0xb0, 0x93, 0xdf, 0x00, 0xd8, 0x93, 0xdf, 0x00, 0xd8, 0x93, 0xdf, 0x00,
    0xd8, 0x93, 0xdf, 0x00, 0xd8, 0x11, 0x83, 0x06, 0x00, 0x41, 0x30, 0x78,
    0x74, 0x3a, 0xf0, 0xe7, 0xe0, 0x15, 0x50, 0x21, 0x14, 0xf6, 0x80, 0x18,
    0x84, 0xc0, 0x02, 0x43, 0x3e, 0xb6, 0x04, 0xf0, 0x29, 0x9c, 0xb8, 0xb0,
    0x82, 0x92, 0x0e, 0xce, 0x02, 0x93, 0x0e, 0x32, 0x70, 0x01, 0x60, 0x17,
    0xc2, 0x01, 0xb0, 0x17, 0xc2, 0x01, 0xb0, 0x17, 0xc2, 0x01, 0xb0, 0x17,
    0xc2, 0x01, 0xb0, 0x23, 0x06, 0x0d, 0x00, 0x82, 0x60, 0xf0, 0x94, 0x75,
    0x90, 0xd2, 0xc1, 0x1f, 0xe0, 0x41, 0x1c, 0xac, 0x01, 0x31, 0x08, 0x81,
    0x05, 0x86, 0x7c, 0x6c, 0x09, 0xe0, 0x63, 0x41, 0x4e, 0xc8, 0xc7, 0x02,
    0x3e, 0x0e, 0xe0, 0x33, 0x4b, 0xc0, 0x0a, 0x03, 0x15, 0x80, 0x3e, 0x0e,
    0xaa, 0x20, 0xac, 0xc2, 0x2c, 0x43, 0x2b, 0xb8, 0x82, 0x08, 0x07, 0x06,
    0xcb, 0x41, 0x4a, 0x07, 0x37, 0xa8, 0xba, 0x08, 0xb0, 0x02, 0x9a, 0x0e,
    0xce, 0x82, 0x9a, 0x0e, 0x32, 0x70, 0x01, 0x60, 0x17, 0xbe, 0x01, 0xb0,
    0x17, 0xbe, 0x01, 0xb0, 0x17, 0xbe, 0x01, 0xb0, 0x17, 0xbe, 0x01, 0xb0,
    0x23, 0x06, 0x0d, 0x00, 0x82, 0x60, 0xf0, 0xd0, 0x75, 0x80, 0xd3, 0xc1,
    0x4f, 0xe0, 0x44, 0x4c, 0xa8, 0x04, 0x31, 0x08, 0x81, 0x05, 0x86, 0x7c,
    0x6a, 0xe1, 0xe9, 0x60, 0x0b, 0x34, 0x02, 0xac, 0xe0, 0xa7, 0x83, 0xb3,
    0x00, 0xac, 0x83, 0x0c, 0x5c, 0x00, 0xd8, 0xc1, 0x6f, 0x00, 0xec, 0xc1,
    0x6f, 0x00, 0xec, 0xc1, 0x6f, 0x00, 0xec, 0xc1, 0x6f, 0x00, 0xec, 0x88,
    0x41, 0x03, 0x80, 0x20, 0x18, 0x3c, 0x7f, 0x1d, 0x8c, 0x75, 0xf0, 0x12,
    0x28, 0x11, 0x12, 0xfa, 0x40, 0x0c, 0x42, 0x60, 0x81, 0x21, 0x1f, 0x0b,
    0x18, 0xf8, 0x54, 0x5f, 0x5c, 0x58, 0x81, 0x5a, 0x07, 0x67, 0xc1, 0x5a,
    0x07, 0x19, 0xb8, 0x00, 0xb0, 0x7b, 0xdf, 0x00, 0xd8, 0x7b, 0xdf, 0x00,
    0xd8, 0x7b, 0xdf, 0x00, 0xd8, 0x7b, 0xdf, 0x00, 0xd8, 0x11, 0x83, 0x06,
    0x00, 0x41, 0x30, 0x78, 0x54, 0x3b, 0x70, 0xeb, 0xe0, 0x1f, 0xf0, 0x21,
    0x1e, 0xd6, 0x81, 0x18, 0x84, 0xc0, 0x02, 0x43, 0x3e, 0xb6, 0x04, 0xf0,
    0x29, 0xd4, 0xb8, 0xb0, 0x82, 0xba, 0x0e, 0xce, 0x02, 0xbb, 0x0e, 0x32,
    0x70, 0x01, 0x60, 0xe7, 0xbf, 0x01, 0xb0, 0xe7, 0xbf, 0x01, 0xb0, 0xe7,
    0xbf, 0x01, 0xb0, 0xe7, 0xbf, 0x01, 0xb0, 0x23, 0x06, 0x0d, 0x00, 0x82,
    0x60, 0xf0, 0xd4, 0x76, 0x90, 0xd7, 0xc1, 0x3b, 0xa0, 0x43, 0x38, 0xec,
    0x02, 0x31, 0x08, 0x81, 0x05, 0x86, 0x7c, 0x6c, 0x09, 0xe0, 0x63, 0x41,
    0x6a, 0xc8, 0xc7, 0x02, 0x78, 0x0e, 0xe0, 0x33, 0x4b, 0xe0, 0x0a, 0x03,
    0x15, 0x80, 0x78, 0x0e, 0xac, 0x20, 0xb4, 0xc2, 0x2c, 0xc3, 0x2b, 0xc0,
    0xc2, 0xff, 0x06, 0x06, 0xd2, 0x41, 0x5e, 0x07, 0x37, 0xa8, 0xf2, 0x08,
    0xb0, 0x02, 0xd2, 0x0e, 0xce, 0x82, 0xd2, 0x0e, 0x32, 0x70, 0x01, 0x60,
    0xe7, 0xbb, 0x01, 0xb0, 0xe7, 0xbb, 0x01, 0xb0, 0xe7, 0xbb, 0x01, 0xb0,
    0xe7, 0xbb, 0x01, 0xb0, 0x23, 0x06, 0x0d, 0x00, 0x82, 0x60, 0xf0, 0x90,
    0x77, 0x80, 0xda, 0xc1, 0x6b, 0xa0, 0x46, 0x68, 0xe8, 0x05, 0x31, 0x08,
    0x81, 0x05, 0x86, 0x7c, 0x6a, 0x61, 0xed, 0x60, 0x0b, 0x3e, 0x02, 0xac,
    0xe0, 0xb5, 0x83, 0xb3, 0x00, 0xb6, 0x83, 0x0c, 0x5c, 0x00, 0xd8, 0xb5,
    0x6f, 0x00, 0xec, 0xb5, 0x6f, 0x00, 0xec, 0xb5, 0x6f, 0x00, 0xec, 0xb5,
    0x6f, 0x00, 0xec, 0x88, 0x41, 0x03, 0x80, 0x20, 0x18, 0x3c, 0xef, 0x1d,
    0xcc, 0x76, 0xf0, 0x17, 0x78, 0x11, 0x17, 0x6a, 0x41, 0x0c, 0x42, 0x60,
    0x81, 0x21, 0x1f, 0x0b, 0x18, 0xf8, 0x54, 0x7b, 0x5c, 0x58, 0x81, 0x6e,
    0x07, 0x67, 0xc1, 0x6e, 0x07, 0x19, 0xb8, 0x00, 0xb0, 0x63, 0xdf, 0x00,
    0xd8, 0x63, 0xdf, 0x00, 0xd8, 0x63, 0xdf, 0x00, 0xd8, 0x63, 0xdf, 0x00,
    0xd8, 0x11, 0x83, 0x06, 0x00, 0x41, 0x30, 0x78, 0xf4, 0x3b, 0xf0, 0xed,
    0xe0, 0x2d, 0xd0, 0x22, 0x2c, 0x76, 0x82, 0x18, 0x84, 0xc0, 0x02, 0x43,
    0x3e, 0xb6, 0x04, 0xf0, 0x29, 0xfc, 0xb8, 0xb0, 0x82, 0xf2, 0x0e, 0xce,
    0x02, 0xf3, 0x0e, 0x32, 0x70, 0x01, 0x60, 0xb7, 0xbf, 0x01, 0xb0, 0xb7,
    0xbf, 0x01, 0xb0, 0xb7, 0xbf, 0x01, 0xb0, 0xb7, 0xbf, 0x01, 0xb0, 0x23,
    0x06, 0x0d, 0x00, 0x82, 0x60, 0xf0, 0x94, 0x78, 0x90, 0xde, 0xc1, 0x4f,
    0xe0, 0x44, 0x4c, 0xac, 0x04, 0x31, 0x08, 0x81, 0x05, 0x86, 0x7c, 0x6c,
    0x09, 0xe0, 0x63, 0x41, 0x7e, 0xc8, 0xc7, 0x02, 0xb2, 0x0e, 0xe0, 0x33,
    0x4b, 0x00, 0x0b, 0x03, 0x15, 0x80, 0xf0, 0x0a, 0xaa, 0x3a, 0xb8, 0xc2,
    0x2c, 0x43, 0x2c, 0xc8, 0x02, 0xff, 0x06, 0x06, 0xd7, 0x41, 0x7a, 0x07,
    0x37, 0xa8, 0x1a, 0x09, 0xb0, 0x02, 0xfa, 0x0e, 0xce, 0x82, 0xfa, 0x0e,
    0x32, 0x70, 0x01, 0x60, 0xb7, 0xbb, 0x01, 0xb0, 0xb7, 0xbb, 0x01, 0xb0,
    0xb7, 0xbb, 0x01, 0xb0, 0xb7, 0xbb, 0x01, 0xb0, 0x23, 0x06, 0x0d, 0x00,
    0x82, 0x60, 0xf0, 0xd0, 0x78, 0x80, 0xdf, 0xc1, 0x7f, 0xe0, 0x47, 0x7c,
    0xa8, 0x07, 0x31, 0x08, 0x81, 0x05, 0x86, 0x7c, 0x6a, 0xe1, 0xef, 0x60,
    0x0b, 0x4c, 0x02, 0xac, 0xe0, 0xbf, 0x83, 0xb3, 0x00, 0xc4, 0x83, 0x0c,
    0x5c, 0x00, 0xd8, 0xa9, 0x6f, 0x00, 0xec, 0xa9, 0x6f, 0x00, 0xec, 0xa9,
    0x6f, 0x00, 0xec, 0xa9, 0x6f, 0x00, 0xec, 0x88, 0x41, 0x03, 0x80, 0x20,
    0x18, 0x3c, 0x3f, 0x1e, 0x8c, 0x78, 0xf0, 0x1e, 0xe8, 0x11, 0x1e, 0xba,
    0x41, 0x0c, 0x42, 0x60, 0x81, 0x21, 0x1f, 0x0b, 0x18, 0xf8, 0x54, 0x8f,
    0x5c, 0x58, 0x81, 0x8a, 0x07, 0x67, 0xc1, 0x8a, 0x07, 0x19, 0xb8, 0x00,
    0xb0, 0x4b, 0xdf, 0x00, 0xd8, 0x4b, 0xdf, 0x00, 0xd8, 0x4b, 0xdf, 0x00,
    0xd8, 0x4b, 0xdf, 0x00, 0xd8, 0x11, 0x83, 0x06, 0x00, 0x41, 0x30, 0x78,
    0xd4, 0x3c, 0x70, 0xf1, 0xe0, 0x37, 0x70, 0x23, 0x36, 0x56, 0x83, 0x18,
    0x84, 0xc0, 0x02, 0x43, 0x3e, 0xb6, 0x04, 0xf0, 0x29, 0x34, 0xb9, 0xb0,
    0x82, 0x1a, 0x0f, 0xce, 0x02, 0x1b, 0x0f, 0x32, 0x70, 0x01, 0x60, 0x87,
    0xbf, 0x01, 0xb0, 0x87, 0xbf, 0x01, 0xb0, 0x87, 0xbf, 0x01, 0xb0, 0x87,
    0xbf, 0x01, 0xb0, 0x23, 0x06, 0x0d, 0x00, 0x82, 0x60, 0xf0, 0xd4, 0x79,
    0x90, 0xe3, 0xc1, 0x6b, 0xa0, 0x46, 0x68, 0xec, 0x05, 0x31, 0x08, 0x81,
    0x05, 0x86, 0x7c, 0x6c, 0x09, 0xe0, 0x63, 0x41, 0x9a, 0xc8, 0xc7, 0x02,
    0xdc, 0x0e, 0xe0, 0x33, 0x4b, 0x20, 0x0b, 0x03, 0x15, 0x80, 0xdc, 0x0e,
    0xb0, 0x20, 0xc4, 0x42, 0xa9, 0x76, 0x20, 0xe7, 0x01, 0x8c, 0x26, 0xec,
    0x6f, 0x20, 0x0c, 0x37, 0x08, 0x01, 0x19, 0xcc, 0x32, 0x08, 0xb6, 0x10,
    0x94, 0x7a, 0x07, 0xed, 0x1d, 0xc0, 0x88, 0xc1, 0x01, 0x80, 0x20, 0x18,
    0x5c, 0x7d, 0x1e, 0xdc, 0x78, 0xf0, 0xde, 0xc1, 0x9d, 0x07, 0xa3, 0x09,
    0x01, 0x30, 0xdc, 0x30, 0x04, 0x64, 0x30, 0xcb, 0x40, 0x0b, 0xb5, 0x10,
    0x54, 0x7c, 0x07, 0x73, 0x1e, 0x48, 0xed, 0x79, 0x10, 0xc0, 0x0a, 0x06,
    0x55, 0x0f, 0xf8, 0x3c, 0x08, 0x28, 0x00, 0xc6, 0x88, 0xc1, 0x01, 0x80,
    0x20, 0x18, 0x5c, 0xa4, 0x1e, 0xf8, 0x78, 0x60, 0xdf, 0xc1, 0x9f, 0x07,
    0xa3, 0x09, 0x41, 0x50, 0xc1, 0x7c, 0x07, 0x52, 0xc1, 0x02, 0x23, 0x06,
    0x0d, 0x00, 0x82, 0x60, 0xf0, 0x95, 0x7a, 0x30, 0xe3, 0x41, 0x7f, 0x07,
    0x81, 0xa8, 0x07, 0xc5, 0x89, 0x07, 0x27, 0x1e, 0x9c, 0x78, 0x80, 0xe2,
    0xc1, 0x2c, 0x41, 0x2d, 0x8c, 0x18, 0x18, 0x00, 0x08, 0x82, 0x41, 0x94,
    0xea, 0xc1, 0x99, 0x07, 0x66, 0x1e, 0x54, 0x7d, 0x07, 0xa3, 0x1e, 0xec,
    0x88, 0xc1, 0x01, 0x80, 0x20, 0x18, 0x5c, 0xa9, 0x1e, 0x8c, 0x79, 0xb0,
    0xdf, 0x01, 0xa9, 0x07, 0xa3, 0x09, 0x81, 0x30, 0xdc, 0x30, 0x04, 0x64,
    0x30, 0x6c, 0x60, 0xb0, 0xff, 0xff, 0xff, 0xff, 0xc0, 0x06, 0xf5, 0xff,
    0xff, 0xff, 0x3f, 0x00, 0x03, 0x30, 0x6c, 0x60, 0xa8, 0xff, 0xff, 0xff,
    0xff, 0xc0, 0x06, 0xf6, 0xff, 0xff, 0xff, 0x3f, 0x00, 0x03, 0x30, 0x6c,
    0x60, 0xa0, 0xff, 0xff, 0xff, 0xff, 0xc0, 0x06, 0xf7, 0xff, 0xff, 0xff,
    0x3f, 0x00, 0x03, 0x30, 0x6c, 0x60, 0x98, 0xff, 0xff, 0xff, 0xff, 0xc0,
    0x06, 0xf8, 0xff, 0xff, 0xff, 0x3f, 0x00, 0x03, 0x30, 0x62, 0x60, 0x00,
    0x20, 0x08, 0x06, 0x51, 0xab, 0x07, 0x6b, 0x1e, 0xa8, 0x79, 0x30, 0xcb,
    0xa0, 0x0e, 0xe9, 0x50, 0xfe, 0xff, 0xff, 0xff, 0xc3, 0x2c, 0xc1, 0x2d,
    0x0c, 0x54, 0x00, 0x34, 0x3c, 0x00, 0x68, 0x60, 0x0b, 0x03, 0x15, 0x80,
    0x0d, 0x0f, 0x00, 0x98, 0xd9, 0xc2, 0x40, 0x05, 0x80, 0xc3, 0x03, 0x80,
    0xc3, 0x81, 0x2d, 0x0c, 0x54, 0x00, 0x3a, 0x3c, 0x00, 0x30, 0x2a, 0xd8,
    0xc2, 0x40, 0x05, 0xc0, 0xc3, 0x03, 0x00, 0x13, 0xb6, 0x30, 0x50, 0x01,
    0xf8, 0xf0, 0x00, 0xa0, 0x9c, 0x2d, 0x0c, 0x54, 0x00, 0x60, 0x3c, 0x00,
    0x20, 0x1d, 0xd8, 0xc2, 0x40, 0x05, 0x20, 0xc6, 0x03, 0x80, 0xaf, 0x82,
    0x2d, 0x0c, 0x54, 0x00, 0x64, 0x3c, 0x00, 0xf8, 0x61, 0x0b, 0x03, 0x15,
    0x80, 0x19, 0x0f, 0x00, 0xfc, 0xd9, 0xc2, 0x40, 0x05, 0x80, 0xc6, 0x03,
    0x80, 0xde, 0x81, 0x2d, 0x0c, 0x54, 0x00, 0x6a, 0x3c, 0x00, 0xe0, 0x2b,
    0xd8, 0xc2, 0x40, 0x05, 0xc0, 0xc6, 0x03, 0x00, 0x2e, 0xb6, 0x30, 0x50,
    0x01, 0xb8, 0xf1, 0x00, 0xe0, 0x62, 0x60, 0x0b, 0x03, 0x15, 0x00, 0x1c,
    0x0f, 0x00, 0xac, 0x07, 0xb6, 0x30, 0x50, 0x01, 0xc8, 0xf1, 0x00, 0xa0,
    0xb2, 0x60, 0x0b, 0x23, 0x06, 0x07, 0x00, 0x82, 0x60, 0x70, 0xf1, 0x7a,
    0x60, 0xe7, 0x81, 0x8b, 0x07, 0xb7, 0x1e, 0x8c, 0x26, 0x04, 0xc2, 0x70,
    0xc3, 0x8a, 0x07, 0x01, 0x19, 0x14, 0x8c, 0x07, 0xb9, 0x1e, 0xc0, 0x0a,
    0x06, 0x74, 0x0f, 0x74, 0x3d, 0x08, 0x86, 0x0d, 0x88, 0xc0, 0x18, 0x80,
    0x92, 0xf1, 0x80, 0xd6, 0x03, 0x58, 0xc1, 0xa0, 0xee, 0x01, 0xaf, 0x07,
    0xc1, 0xb0, 0x01, 0x11, 0x24, 0x03, 0x50, 0x34, 0x1e, 0x80, 0x7a, 0x00,
    0x2b, 0x18, 0xd8, 0x3d, 0xf0, 0xf5, 0x20, 0x18, 0x36, 0x20, 0x02, 0x66,
    0x00, 0xca, 0xc6, 0x83, 0x50, 0x0f, 0x60, 0x05, 0x83, 0xbb, 0x07, 0xe0,
    0x1e, 0x04, 0xc3, 0x06, 0x44, 0xf0, 0x0c, 0xc0, 0x88, 0x81, 0x01, 0x80,
    0x20, 0x18, 0x44, 0xe8, 0x1e, 0x98, 0x7a, 0x50, 0xea, 0xc1, 0x70, 0x03,
    0x8e, 0x07, 0x7e, 0x1e, 0x90, 0xc1, 0x2c, 0x43, 0x2e, 0xe0, 0x42, 0x30,
    0x62, 0x60, 0x00, 0x20, 0x08, 0x06, 0x51, 0xba, 0x07, 0xa7, 0x1e, 0x98,
    0x7a, 0x30, 0xdc, 0x90, 0xe3, 0x01, 0xaf, 0x07, 0x64, 0x30, 0xcb, 0xb0,
    0x0b, 0xba, 0x10, 0x94, 0x8e, 0x07, 0xa0, 0x1e, 0x40, 0x05, 0xe4, 0x1e,
    0xc0, 0x0a, 0x86, 0x79, 0x0f, 0xca, 0x3d, 0x08, 0x28, 0x00, 0x06, 0x35,
    0xc0, 0xb0, 0x40, 0x80, 0xcf, 0xb0, 0x01, 0xf1, 0x04, 0x03, 0x50, 0x86,
    0xb8, 0x07, 0xb0, 0x82, 0x01, 0xdf, 0x03, 0x75, 0x0f, 0x02, 0x0a, 0x80,
    0x41, 0x10, 0x30, 0x2c, 0x10, 0xe0, 0x33, 0x6c, 0x40, 0x48, 0xc1, 0x00,
    0xd4, 0x12, 0xeb, 0x01, 0xac, 0x60, 0xe8, 0xf7, 0xe0, 0xdd, 0x83, 0x80,
    0x02, 0x60, 0xd0, 0x04, 0x0c, 0x0b, 0x04, 0xf8, 0x0c, 0x1b, 0x10, 0x55,
    0x30, 0x00, 0x05, 0xd5, 0x7a, 0x00, 0x2b, 0x18, 0x44, 0x3e, 0xa0, 0xf7,
    0x20, 0xa0, 0x00, 0x18, 0x64, 0x01, 0xc3, 0x02, 0x01, 0x3e, 0xc3, 0x06,
    0x04, 0x16, 0x0c, 0xc0, 0x2c, 0x01, 0x2e, 0x8c, 0x18, 0x18, 0x00, 0x08,
    0x82, 0x41, 0xf4, 0xef, 0x41, 0xaf, 0x07, 0xbc, 0x1e, 0x0c, 0x37, 0xbc,
    0x79, 0x60, 0xee, 0x01, 0x19, 0xcc, 0x32, 0xf4, 0x02, 0x2f, 0x04, 0x05,
    0xe7, 0xc1, 0xbc, 0x07, 0x50, 0x81, 0xbe, 0x07, 0xb0, 0x82, 0x21, 0xe5,
    0x83, 0x7d, 0x0f, 0x02, 0x0a, 0x80, 0x41, 0x63, 0x00, 0x0c, 0x0b, 0x04,
    0xf8, 0x0c, 0x1b, 0x10, 0x65, 0x10, 0x0c, 0x40, 0x19, 0xf8, 0x1e, 0xc0,
    0x0a, 0x06, 0x97, 0x0f, 0x40, 0x3e, 0x08, 0x28, 0x00, 0x06, 0x99, 0x01,
    0x30, 0x2c, 0x10, 0xe0, 0x33, 0x6c, 0x40, 0xa0, 0x41, 0x30, 0x00, 0xb5,
    0x9c, 0x7b, 0x00, 0x2b, 0x18, 0x66, 0x3e, 0x28, 0xf9, 0x20, 0xa0, 0x00,
    0x18, 0x94, 0x06, 0xc0, 0xb0, 0x40, 0x80, 0xcf, 0xb0, 0x01, 0xb1, 0x06,
    0xc1, 0x00, 0x14, 0xb4, 0xee, 0x01, 0xac, 0x60, 0xc0, 0xf9, 0x40, 0xe5,
    0x83, 0x80, 0x02, 0x60, 0x10, 0x1b, 0x00, 0xc3, 0x02, 0x01, 0x3e, 0xc3,
    0x06, 0x84, 0x1b, 0x04, 0x03, 0x30, 0x4b, 0xa0, 0x0b, 0x23, 0x06, 0x06,
    0x00, 0x82, 0x60, 0x10, 0xd5, 0x7c, 0x30, 0xef, 0x81, 0xbc, 0x07, 0xc3,
    0x0d, 0xa5, 0x1e, 0xb4, 0x7c, 0x40, 0x06, 0xb3, 0x0c, 0xbf, 0xe0, 0x0b,
    0x41, 0x99, 0x7a, 0xd0, 0xef, 0x01, 0x54, 0x00, 0xf3, 0x01, 0xac, 0x60,
    0xf8, 0xf9, 0x20, 0xe6, 0x83, 0x80, 0x02, 0x60, 0x50, 0x1e, 0x00, 0xc3,
    0x02, 0x01, 0x3e, 0xc3, 0x06, 0xc4, 0x1e, 0x04, 0x03, 0x50, 0x86, 0xcb,
    0x07, 0xb0, 0x82, 0x81, 0xec, 0x03, 0x9b, 0x0f, 0x02, 0x0a, 0x80, 0x41,
    0x7c, 0x00, 0x0c, 0x0b, 0x04, 0xf8, 0x0c, 0x1b, 0x10, 0x7e, 0x10, 0x0c,
    0x40, 0x2d, 0xfd, 0x1e, 0xc0, 0x0a, 0x86, 0xb4, 0x0f, 0x76, 0x3e, 0x08,
    0x28, 0x00, 0x06, 0xfd, 0x01, 0x30, 0x2c, 0x10, 0xe0, 0x33, 0x6c, 0x40,
    0x84, 0x42, 0x30, 0x00, 0x05, 0x85, 0x7c, 0x00, 0x2b, 0x18, 0xdc, 0x3e,
    0x00, 0xfb, 0x20, 0xa0, 0x00, 0x18, 0x24, 0x0a, 0xc0, 0xb0, 0x40, 0x80,
    0xcf, 0xb0, 0x01, 0x41, 0x0a, 0xc1, 0x00, 0xcc, 0x12, 0xf0, 0xc2, 0x88,
    0x81, 0x01, 0x80, 0x20, 0x18, 0x44, 0x6b, 0x1f, 0xa4, 0x7c, 0x80, 0xf2,
    0xc1, 0x70, 0xc3, 0xae, 0x07, 0x3f, 0x1f, 0x90, 0xc1, 0x2c, 0x43, 0x38,
    0x80, 0x43, 0x50, 0xbc, 0x1e, 0x90, 0x7d, 0x00, 0x15, 0x98, 0x7d, 0x00,
    0x2b, 0x18, 0xea, 0x3e, 0x38, 0xfb, 0x20, 0xa0, 0x00, 0x18, 0xf4, 0x0a,
    0xc0, 0xb0, 0x40, 0x80, 0xcf, 0xb0, 0x01, 0x11, 0x0b, 0xc1, 0x00, 0x94,
    0x41, 0xf6, 0x01, 0xac, 0x60, 0xd0, 0xfb, 0x80, 0xed, 0x83, 0x80, 0x02,
    0x60, 0x90, 0x2c, 0x00, 0xc3, 0x02, 0x01, 0x3e, 0xc3, 0x06, 0x04, 0x2d,
    0x04, 0x03, 0x50, 0xcb, 0xcc, 0x07, 0xb0, 0x82, 0xe1, 0xef, 0x83, 0xb8,
    0x0f, 0x02, 0x0a, 0x80, 0x41, 0xb5, 0x00, 0x0c, 0x0b, 0x04, 0xf8, 0x0c,
    0x1b, 0x10, 0xb7, 0x10, 0x0c, 0x40, 0x41, 0x37, 0x1f, 0xc0, 0x0a, 0x06,
    0xd2, 0x0f, 0xec, 0x3e, 0x08, 0x28, 0x00, 0x06, 0xe1, 0x02, 0x30, 0x2c,
    0x10, 0xe0, 0x33, 0x6c, 0x40, 0xe8, 0x42, 0x30, 0x00, 0xb3, 0x04, 0xbe,
    0x30, 0x62, 0x60, 0x00, 0x20, 0x08, 0x06, 0x51, 0xe8, 0x07, 0x3f, 0x1f,
    0xf8, 0x7c, 0x30, 0xdc, 0x10, 0xef, 0x41, 0xd8, 0x07, 0x64, 0x30, 0xcb,
    0x30, 0x0e, 0xe2, 0x10, 0x94, 0xbc, 0x07, 0x76, 0x1f, 0x40, 0x05, 0x7c,
    0x1f, 0xc0, 0x0a, 0x86, 0xd5, 0x0f, 0xfa, 0x3e, 0x08, 0x28, 0x00, 0x06,
    0x95, 0x03, 0x30, 0x2c, 0x10, 0xe0, 0x33, 0x6c, 0x40, 0x9c, 0x43, 0x30,
    0x00, 0x65, 0xe8, 0x7d, 0x00, 0x2b, 0x18, 0x60, 0x3f, 0x10, 0xfd, 0x20,
    0xa0, 0x00, 0x18, 0x84, 0x0e, 0xc0, 0xb0, 0x40, 0x80, 0xcf, 0xb0, 0x01,
    0xa1, 0x0e, 0xc1, 0x00, 0xd4, 0x92, 0xf6, 0x01, 0xac, 0x60, 0xa8, 0xfd,
    0xe0, 0xf4, 0x83, 0x80, 0x02, 0x60, 0xd0, 0x3a, 0x00, 0xc3, 0x02, 0x01,
    0x3e, 0xc3, 0x06, 0x44, 0x3b, 0x04, 0x03, 0x50, 0x50, 0xdb, 0x07, 0xb0,
    0x82, 0x41, 0xf7, 0x03, 0xd6, 0x0f, 0x02, 0x0a, 0x80, 0x41, 0xee, 0x00,
    0x0c, 0x0b, 0x04, 0xf8, 0x0c, 0x1b, 0x10, 0xf0, 0x10, 0x0c, 0xc0, 0x2c,
    0x01, 0x38, 0x8c, 0x18, 0x18, 0x00, 0x08, 0x82, 0x41, 0x74, 0xfb, 0x41,
    0xdd, 0x07, 0x74, 0x1f, 0x0c, 0x37, 0x9c, 0x7c, 0x00, 0xfb, 0x01, 0x18,
    0xcc, 0x32, 0x94, 0x03, 0x39, 0x04, 0x85, 0xf2, 0x01, 0xde, 0x07, 0x50,
    0x81, 0xec, 0x07, 0xb0, 0x82, 0x21, 0xfc, 0x83, 0xd9, 0x0f, 0x02, 0x0a,
    0x80, 0x41, 0xfb, 0x00, 0x0c, 0x0b, 0x04, 0xf8, 0x0c, 0x1b, 0x10, 0xfd,
    0x10, 0x0c, 0x40, 0x19, 0xb0, 0x1f, 0xc0, 0x0a, 0x06, 0xf3, 0x0f, 0x70,
    0x3f, 0x08, 0x28, 0x00, 0x06, 0xf9, 0x03, 0x30, 0x2c, 0x10, 0xe0, 0x33,
    0x6c, 0x40, 0x80, 0x44, 0x30, 0x00, 0xb5, 0xfc, 0x7d, 0x00, 0x2b, 0x18,
    0xd6, 0x3f, 0xe8, 0xfd, 0x20, 0xa0, 0x00, 0x18, 0x14, 0x12, 0xc0, 0xb0,
    0x40, 0x80, 0xcf, 0xb0, 0x01, 0x31, 0x12, 0xc1, 0x00, 0x14, 0x34, 0xfa,
    0x01, 0xac, 0x60, 0x80, 0xff, 0x40, 0xfc, 0x83, 0x80, 0x02, 0x60, 0x10,
    0x49, 0x00, 0xc3, 0x02, 0x01, 0x3e, 0xc3, 0x06, 0x84, 0x49, 0x04, 0x03,
    0x30, 0x4b, 0x20, 0x0e, 0x23, 0x06, 0x06, 0x00, 0x82, 0x60, 0x10, 0xb5,
    0x7f, 0xb0, 0xfa, 0x81, 0xea, 0x07, 0x25, 0x0a, 0x2e, 0xa1, 0xb3, 0x0c,
    0xb3, 0x50, 0x0b, 0x01, 0x99, 0x7d, 0x00, 0x0c, 0x5a, 0xfb, 0x00, 0x18,
    0x16, 0x08, 0xf0, 0x19, 0x36, 0x20, 0xda, 0x3e, 0x08, 0x06, 0x80, 0xd0,
    0x3e, 0x00, 0x06, 0xb5, 0x7d, 0x00, 0x0c, 0x0b, 0x04, 0xf8, 0x0c, 0x1b,
    0x10, 0x6f, 0x1f, 0x04, 0x03, 0x40, 0x6a, 0x1f, 0x00, 0x83, 0xde, 0x3e,
    0x00, 0x86, 0x05, 0x02, 0x7c, 0x86, 0x0d, 0x88, 0xb8, 0x0f, 0x82, 0x01,
    0x20, 0xb6, 0x0f, 0x80, 0x41, 0x71, 0x1f, 0x00, 0xc3, 0x02, 0x01, 0x3e,
    0xc3, 0x06, 0xc4, 0xdc, 0x07, 0xc1, 0x00, 0xcc, 0x12, 0x90, 0x43, 0x9d,
    0x7d, 0xa0, 0xf6, 0x01, 0x8c, 0x18, 0x1c, 0x00, 0x08, 0x82, 0xc1, 0xa5,
    0xff, 0x01, 0xed, 0x07, 0x6c, 0x1f, 0xd0, 0x7f, 0x30, 0x9a, 0x10, 0x00,
    0xc3, 0x0d, 0x43, 0x40, 0x06, 0xb3, 0x0c, 0xe7, 0x80, 0x0e, 0x41, 0xb9,
    0x7d, 0x00, 0xff, 0x81, 0x14, 0xfe, 0x07, 0x01, 0xac, 0x60, 0x38, 0x41,
    0x21, 0xff, 0x83, 0x80, 0x02, 0x60, 0x8c, 0x18, 0x1c, 0x00, 0x08, 0x82,
    0xc1, 0x15, 0x82, 0xc2, 0xee, 0x07, 0x73, 0x1f, 0xf0, 0x7f, 0x30, 0x9a,
    0x10, 0x04, 0x15, 0xec, 0x85, 0x54, 0xb0, 0xc0, 0x88, 0x41, 0x03, 0x80,
    0x20, 0x18, 0x7c, 0x22, 0x28, 0xc0, 0x7e, 0xa0, 0xf7, 0x41, 0xf0, 0xff,
    0x41, 0x41, 0xfa, 0x01, 0xe9, 0x07, 0xa4, 0x1f, 0x94, 0x7e, 0x30, 0x4b,
    0x80, 0x0e, 0x23, 0x06, 0x06, 0x00, 0x82, 0x60, 0x10, 0x99, 0xa0, 0x40,
    0xfe, 0xc1, 0xf8, 0x07, 0x25, 0xf7, 0x81, 0xf9, 0x07, 0x3b, 0x62, 0x70,
    0x00, 0x20, 0x08, 0x06, 0x97, 0x09, 0x0a, 0xe0, 0x1f, 0xe0, 0x7d, 0x10,
    0x82, 0xc2, 0x68, 0x42, 0x20, 0x0c, 0x37, 0x0c, 0x01, 0x19, 0x0c, 0x1b,
    0x10, 0x69, 0x61, 0x17, 0x03, 0x30, 0x6c, 0x40, 0x9c, 0xc5, 0x5d, 0x0c,
    0xc0, 0xb0, 0x01, 0x51, 0x16, 0x78, 0x31, 0x00, 0xc3, 0x06, 0xc4, 0x58,
    0xe4, 0xc5, 0x00, 0x8c, 0x18, 0x18, 0x00, 0x08, 0x82, 0x41, 0xa4, 0x82,
    0x02, 0xfa, 0x07, 0xe7, 0x1f, 0xcc, 0x32, 0xec, 0x83, 0x3e, 0x88, 0xc5,
    0x88, 0x81, 0x01, 0x80, 0x20, 0x18, 0x44, 0x2a, 0x28, 0xa0, 0x7f, 0x70,
    0xfe, 0xc1, 0x2c, 0x03, 0x3b, 0xac, 0x43, 0x58, 0x94, 0xde, 0x07, 0xe0,
    0x1f, 0x40, 0x05, 0x24, 0x28, 0xc0, 0x0a, 0x86, 0x19, 0x14, 0x4a, 0x50,
    0x08, 0x28, 0x00, 0x06, 0xb5, 0x05, 0x30, 0x2c, 0x10, 0xe0, 0x33, 0x6c,
    0x40, 0xbc, 0x45, 0x30, 0x00, 0x65, 0x88, 0xa0, 0x00, 0x2b, 0x18, 0x70,
    0x50, 0x50, 0x41, 0x21, 0xa0, 0x00, 0x18, 0x04, 0x17, 0xc0, 0xb0, 0x40,
    0x80, 0xcf, 0xb0, 0x01, 0x21, 0x17, 0xc1, 0x00, 0xd4, 0x12, 0xff, 0x01,
    0xac, 0x60, 0xe8, 0x41, 0xe1, 0x05, 0x85, 0x80, 0x02, 0x60, 0xd0, 0x5c,
    0x00, 0xc3, 0x02, 0x01, 0x3e, 0xc3, 0x06, 0x44, 0x5d, 0x04, 0x03, 0x50,
    0x50, 0xfd, 0x07, 0xb0, 0x82, 0x41, 0x0c, 0x05, 0x1a, 0x14, 0x02, 0x0a,
    0x80, 0x41, 0x76, 0x01, 0x0c, 0x0b, 0x04, 0xf8, 0x0c, 0x1b, 0x10, 0x78,
    0x11, 0x0c, 0xc0, 0x2c, 0x41, 0x3a, 0x8c, 0x18, 0x18, 0x00, 0x08, 0x82,
    0x41, 0xf4, 0x83, 0x42, 0xff, 0x07, 0xfc, 0x1f, 0xcc, 0x32, 0xb8, 0x43,
    0x3b, 0x80, 0x45, 0xbd, 0x7e, 0x20, 0x83, 0x02, 0x54, 0x90, 0x83, 0x02,
    0xac, 0x60, 0x40, 0x43, 0x41, 0x07, 0x85, 0x80, 0x02, 0x60, 0x90, 0x68,
    0x00, 0xc3, 0x02, 0x01, 0x3e, 0xc3, 0x06, 0x04, 0x69, 0x04, 0x03, 0x50,
    0xc6, 0x0d, 0x0a, 0xb0, 0x82, 0xa1, 0x0d, 0x85, 0x1f, 0x14, 0x02, 0x0a,
    0x80, 0x41, 0xa5, 0x01, 0x0c, 0x0b, 0x04, 0xf8, 0x0c, 0x1b, 0x10, 0xa7,
    0x11, 0x0c, 0x40, 0x2d, 0x26, 0x28, 0xc0, 0x0a, 0x06, 0x39, 0x14, 0xc8,
    0x50, 0x08, 0x28, 0x00, 0x06, 0xa1, 0x06, 0x30, 0x2c, 0x10, 0xe0, 0x33,
    0x6c, 0x40, 0xa8, 0x46, 0x30, 0x00, 0x05, 0xa9, 0xa0, 0x00, 0x2b, 0x18,
    0xee, 0x50, 0x48, 0x43, 0x21, 0xa0, 0x00, 0x18, 0xb4, 0x1a, 0xc0, 0xb0,
    0x40, 0x80, 0xcf, 0xb0, 0x01, 0xd1, 0x1a, 0xc1, 0x00, 0xcc, 0x12, 0xac,
    0xc3, 0x88, 0x81, 0x01, 0x80, 0x20, 0x18, 0x44, 0x74, 0x28, 0xc8, 0xa0,
    0x10, 0x83, 0xc2, 0x2c, 0x03, 0x3c, 0xbc, 0xc3, 0x4f, 0x14, 0xf9, 0x07,
    0x3b, 0x28, 0x40, 0x05, 0x6e, 0x28, 0xc0, 0x0a, 0x86, 0x3e, 0x14, 0xde,
    0x50, 0x08, 0x28, 0x00, 0x06, 0xdd, 0x06, 0x30, 0x2c, 0x10, 0xe0, 0x33,
    0x6c, 0x40, 0xe4, 0x46, 0x30, 0x00, 0x65, 0xb0, 0xa1, 0x00, 0x2b, 0x18,
    0x44, 0x51, 0xa0, 0x43, 0x21, 0xa0, 0x00, 0x18, 0xa4, 0x1b, 0xc0, 0xb0,
    0x40, 0x80, 0xcf, 0xb0, 0x01, 0xc1, 0x1b, 0xc1, 0x00, 0xd4, 0xb2, 0x83,
    0x02, 0xac, 0x60, 0x38, 0x45, 0x21, 0x0f, 0x85, 0x80, 0x02, 0x60, 0x50,
    0x6f, 0x00, 0xc3, 0x02, 0x01, 0x3e, 0xc3, 0x06, 0xc4, 0x6f, 0x04, 0x03,
    0x50, 0xd0, 0x0f, 0x0a, 0xb0, 0x82, 0x81, 0x15, 0x05, 0x3f, 0x14, 0x02,
    0x0a, 0x80, 0x41, 0xe0, 0x01, 0x0c, 0x0b, 0x04, 0xf8, 0x0c, 0x1b, 0x10,
    0xe2, 0x11, 0x0c, 0xc0, 0x2c, 0x41, 0x3b, 0x8c, 0x18, 0x18, 0x00, 0x08,
    0x82, 0x41, 0x94, 0x8a, 0xc2, 0x19, 0x0a, 0x66, 0x28, 0xcc, 0x32, 0xc8,
    0x43, 0x3c, 0xf8, 0x44, 0xe5, 0x7f, 0x10, 0x8a, 0x02, 0x54, 0x30, 0x8a,
    0x02, 0xac, 0x60, 0x90, 0x45, 0x81, 0x14, 0x85, 0x80, 0x02, 0x60, 0x10,
    0x7b, 0x00, 0xc3, 0x02, 0x01, 0x3e, 0xc3, 0x06, 0x84, 0x7b, 0x04, 0x03,
    0x50, 0x46, 0x28, 0x0a, 0xb0, 0x82, 0xe1, 0x16, 0x85, 0x54, 0x14, 0x02,
    0x0a, 0x80, 0x41, 0xef, 0x01, 0x0c, 0x0b, 0x04, 0xf8, 0x0c, 0x1b, 0x10,
    0xf1, 0x11, 0x0c, 0x40, 0x2d, 0x70, 0x28, 0xc0, 0x0a, 0x06, 0x5e, 0x14,
    0x5c, 0x51, 0x08, 0x28, 0x00, 0x06, 0xc9, 0x07, 0x30, 0x2c, 0x10, 0xe0,
    0x33, 0x6c, 0x40, 0xd0, 0x47, 0x30, 0x00, 0x05, 0xd1, 0xa1, 0x00, 0x2b,
    0x18, 0xc2, 0x51, 0x98, 0x45, 0x21, 0xa0, 0x00, 0x18, 0x54, 0x1f, 0xc0,
    0xb0, 0x40, 0x80, 0xcf, 0xb0, 0x01, 0x71, 0x1f, 0xc1, 0x00, 0xcc, 0x12,
    0xbc, 0xc3, 0x88, 0x81, 0x01, 0x80, 0x20, 0x18, 0x44, 0xbe, 0x28, 0xf0,
    0xa1, 0xb0, 0x87, 0xc2, 0x2c, 0x03, 0x3d, 0xcc, 0x43, 0x4f, 0x94, 0x0b,
    0x0a, 0xb2, 0x28, 0x40, 0x05, 0xb8, 0x28, 0xc0, 0x0a, 0x86, 0x73, 0x14,
    0x72, 0x51, 0x08, 0x28, 0x00, 0x06, 0x85, 0x08, 0x30, 0x2c, 0x10, 0xe0,
    0x33, 0x6c, 0x40, 0x8c, 0x48, 0x30, 0x00, 0x65, 0xd8, 0xa2, 0x00, 0x2b,
    0x18, 0xd8, 0x51, 0xf0, 0x45, 0x21, 0xa0, 0x00, 0x18, 0x44, 0x22, 0xc0,
    0xb0, 0x40, 0x80, 0xcf, 0xb0, 0x01, 0x61, 0x22, 0xc1, 0x00, 0xd4, 0x52,
    0x8a, 0x02, 0xac, 0x60, 0x88, 0x47, 0x61, 0x1c, 0x85, 0x80, 0x02, 0x60,
    0xd0, 0x89, 0x00, 0xc3, 0x02, 0x01, 0x3e, 0xc3, 0x06, 0x44, 0x8a, 0x04,
    0x03, 0x50, 0x50, 0x2a, 0x0a, 0xb0, 0x82, 0xc1, 0x1e, 0x05, 0x74, 0x14,
    0x02, 0x0a, 0x80, 0x41, 0x2a, 0x02, 0x0c, 0x0b, 0x04, 0xf8, 0x0c, 0x1b,
    0x10, 0x2c, 0x12, 0x0c, 0xc0, 0x2c, 0x41, 0x3c, 0x8c, 0x18, 0x18, 0x00,
    0x08, 0x82, 0x41, 0x34, 0x8f, 0x42, 0x2c, 0x0a, 0xb0, 0x28, 0xcc, 0x32,
    0xd8, 0x43, 0x3d, 0xf0, 0x44, 0x8d, 0xa1, 0x30, 0x8b, 0x02, 0x54, 0xd0,
    0x8e, 0x02, 0xac, 0x60, 0xe0, 0x47, 0xc1, 0x1d, 0x85, 0x80, 0x02, 0x60,
    0x90, 0x8d, 0x00, 0xc3, 0x02, 0x01, 0x3e, 0xc3, 0x06, 0x04, 0x8e, 0x04,
    0x03, 0x50, 0xc6, 0x3a, 0x0a, 0xb0, 0x82, 0x21, 0x24, 0x85, 0x79, 0x14,
    0x02, 0x0a, 0x80, 0x41, 0x39, 0x02, 0x0c, 0x0b, 0x04, 0xf8, 0x0c, 0x1b,
    0x10, 0x3b, 0x12, 0x0c, 0x40, 0x2d, 0xba, 0x28, 0xc0, 0x0a, 0x06, 0x93,
    0x14, 0xf0, 0x51, 0x08, 0x28, 0x00, 0x06, 0xf1, 0x08, 0x30, 0x2c, 0x10,
    0xe0, 0x33, 0x6c, 0x40, 0xf8, 0x48, 0x30, 0x00, 0x05, 0xf9, 0xa2, 0x00,
    0x2b, 0x18, 0x56, 0x52, 0xe8, 0x47, 0x21, 0xa0, 0x00, 0x18, 0xf4, 0x23,
    0xc0, 0xb0, 0x40, 0x80, 0xcf, 0xb0, 0x01, 0x11, 0x26, 0xc1, 0x00, 0xcc,
    0x12, 0xcc, 0xc3, 0x88, 0x81, 0x01, 0x80, 0x20, 0x18, 0x44, 0x28, 0x29,
    0x98, 0xa3, 0x50, 0x8e, 0x42, 0xf5, 0x06, 0x9f, 0xe8, 0x2c, 0x83, 0x39,
    0xa0, 0x43, 0x40, 0xa1, 0x28, 0x00, 0x83, 0x4c, 0x51, 0x00, 0x86, 0x05,
    0x02, 0x7c, 0x86, 0x0d, 0x08, 0x54, 0x14, 0x82, 0x01, 0xa0, 0x51, 0x14,
    0x80, 0x41, 0xa8, 0x28, 0x00, 0xc3, 0x02, 0x01, 0x3e, 0xc3, 0x06, 0x84,
    0x2a, 0x0a, 0xc1, 0x00, 0x50, 0x29, 0x0a, 0xc0, 0x20, 0x55, 0x14, 0x80,
    0x61, 0x81, 0x00, 0x9f, 0x61, 0x03, 0x82, 0x15, 0x85, 0x60, 0x00, 0xe8,
    0x14, 0x05, 0x60, 0x10, 0x2b, 0x0a, 0xc0, 0xb0, 0x40, 0x80, 0xcf, 0xb0,
    0x01, 0xe1, 0x8a, 0x42, 0x30, 0x00, 0xb3, 0x04, 0xf5, 0x50, 0xa2, 0x28,
    0x94, 0xa2, 0x00, 0x23, 0x06, 0x07, 0x00, 0x82, 0x60, 0x70, 0xd5, 0xa4,
    0xf0, 0x8e, 0xc2, 0x29, 0x0a, 0x2f, 0x29, 0x8c, 0x26, 0x04, 0xc0, 0x70,
    0xc3, 0x10, 0x90, 0xc1, 0x2c, 0x03, 0x3e, 0xe4, 0x43, 0x50, 0xa9, 0x28,
    0xac, 0xa4, 0x20, 0x35, 0x93, 0x42, 0x00, 0x2b, 0x18, 0xc4, 0x52, 0xa0,
    0x49, 0x21, 0xa0, 0x00, 0x18, 0x23, 0x06, 0x07, 0x00, 0x82, 0x60, 0x70,
    0xf1, 0xa4, 0x60, 0x8f, 0x82, 0x2b, 0x0a, 0x37, 0x29, 0x8c, 0x26, 0x04,
    0x41, 0x05, 0x39, 0x21, 0x15, 0x2c, 0x30, 0x62, 0xd0, 0x00, 0x20, 0x08,
    0x06, 0x5f, 0x4f, 0x0a, 0xeb, 0x28, 0xd4, 0xa2, 0x10, 0xe8, 0xa4, 0x50,
    0xfc, 0xa2, 0xf0, 0x8b, 0xc2, 0x2f, 0x0a, 0xe0, 0x28, 0xcc, 0x12, 0xe4,
    0xc3, 0x88, 0x81, 0x01, 0x80, 0x20, 0x18, 0x44, 0x61, 0x29, 0xfc, 0xa3,
    0xe0, 0x8f, 0x42, 0xb5, 0xa2, 0x00, 0x92, 0xc2, 0x8e, 0x18, 0x1c, 0x00,
    0x08, 0x82, 0xc1, 0x15, 0x96, 0xc2, 0x3e, 0x0a, 0xb3, 0x28, 0xf0, 0xa4,
    0x30, 0x9a, 0x10, 0x08, 0xc3, 0x0d, 0x43, 0x40, 0x06, 0xc3, 0x06, 0x04,
    0xa9, 0xd4, 0xca, 0x00, 0x0c, 0x1b, 0x10, 0xa2, 0x62, 0x2b, 0x03, 0x30,
    0x6c, 0x40, 0x80, 0xca, 0xad, 0x0c, 0xc0, 0xb0, 0x01, 0xe1, 0x27, 0xb8,
    0x32, 0x00, 0x23, 0x06, 0x06, 0x00, 0x82, 0x60, 0x10, 0x95, 0xa5, 0x30,
    0x92, 0x82, 0x48, 0x0a, 0xb3, 0x0c, 0x2c, 0xb1, 0x12, 0x7d, 0x32, 0x62,
    0x60, 0x00, 0x20, 0x08, 0x06, 0x51, 0x59, 0x0a, 0x23, 0x29, 0x88, 0xa4,
    0x30, 0xcb, 0xd0, 0x0f, 0xfc, 0xc0, 0x27, 0x55, 0x8b, 0xc2, 0x3e, 0x0a,
    0x50, 0xc1, 0x4f, 0x0a, 0xb0, 0x82, 0xc1, 0x2d, 0x05, 0xb0, 0x14, 0x02,
    0x0a, 0x80, 0x41, 0xa8, 0x02, 0x0c, 0x0b, 0x04, 0xf8, 0x0c, 0x1b, 0x10,
    0xaa, 0x12, 0x0c, 0x40, 0x19, 0x3d, 0x29, 0xc0, 0x0a, 0x86, 0xb9, 0x14,
    0xca, 0x52, 0x08, 0x28, 0x00, 0x06, 0xad, 0x0a, 0x30, 0x2c, 0x10, 0xe0,
    0x33, 0x6c, 0x40, 0xb4, 0x4a, 0x30, 0x00, 0xb5, 0xb0, 0xa4, 0x00, 0x2b,
    0x18, 0xf0, 0x52, 0x50, 0x4b, 0x21, 0xa0, 0x00, 0x18, 0xe4, 0x2a, 0xc0,
    0xb0, 0x40, 0x80, 0xcf, 0xb0, 0x01, 0x01, 0x2b, 0xc1, 0x00, 0x14, 0x04,
    0x93, 0x02, 0xac, 0x60, 0xe8, 0x4b, 0xe1, 0x2d, 0x85, 0x80, 0x02, 0x60,
    0x50, 0xac, 0x00, 0xc3, 0x02, 0x01, 0x3e, 0xc3, 0x06, 0xc4, 0xac, 0x04,
    0x03, 0x30, 0x4b, 0xa0, 0x0f, 0x23, 0x06, 0x06, 0x00, 0x82, 0x60, 0x10,
    0xe9, 0xa5, 0x80, 0x93, 0xc2, 0x4d, 0x0a, 0xb3, 0x0c, 0xff, 0xe0, 0x0f,
    0x7b, 0x52, 0xea, 0x28, 0xb4, 0xa5, 0x00, 0x15, 0xd0, 0xa5, 0x00, 0x2b,
    0x18, 0x46, 0x53, 0xa8, 0x4b, 0x21, 0xa0, 0x00, 0x18, 0xd4, 0x2b, 0xc0,
    0xb0, 0x40, 0x80, 0xcf, 0xb0, 0x01, 0xf1, 0x2b, 0xc1, 0x00, 0x94, 0x21,
    0x97, 0x02, 0xac, 0x60, 0x40, 0x4d, 0x41, 0x2f, 0x85, 0x80, 0x02, 0x60,
    0x10, 0xb8, 0x00, 0xc3, 0x02, 0x01, 0x3e, 0xc3, 0x06, 0x84, 0xb8, 0x04,
    0x03, 0x50, 0x4b, 0x58, 0x0a, 0xb0, 0x82, 0xa1, 0x35, 0x85, 0xbf, 0x14,
    0x02, 0x0a, 0x80, 0x41, 0xe3, 0x02, 0x0c, 0x0b, 0x04, 0xf8, 0x0c, 0x1b,
    0x10, 0xe5, 0x12, 0x0c, 0x40, 0x41, 0x65, 0x29, 0xc0, 0x0a, 0x06, 0xd9,
    0x14, 0x48, 0x53, 0x08, 0x28, 0x00, 0x06, 0x99, 0x0b, 0x30, 0x2c, 0x10,
    0xe0, 0x33, 0x6c, 0x40, 0xa0, 0x4b, 0x30, 0x00, 0xb3, 0x04, 0xfc, 0x30,
    0x62, 0x60, 0x00, 0x20, 0x08, 0x06, 0xd1, 0x6b, 0x0a, 0x6d, 0x29, 0xb0,
    0xa5, 0x30, 0xcb, 0x10, 0x12, 0x20, 0xa1, 0x27, 0xf5, 0x8f, 0x82, 0x5d,
    0x0a, 0x50, 0x41, 0x6a, 0x0a, 0xb0, 0x82, 0x01, 0x37, 0x05, 0xd5, 0x14,
    0x02, 0x0a, 0x80, 0x41, 0xf2, 0x02, 0x0c, 0x0b, 0x04, 0xf8, 0x0c, 0x1b,
    0x10, 0xf4, 0x12, 0x0c, 0x40, 0x19, 0xa7, 0x29, 0xc0, 0x0a, 0x86, 0xde,
    0x14, 0x5e, 0x53, 0x08, 0x28, 0x00, 0x06, 0xd5, 0x0b, 0x30, 0x2c, 0x10,
    0xe0, 0x33, 0x6c, 0x40, 0xdc, 0x4b, 0x30, 0x00, 0xb5, 0xd8, 0xa5, 0x00,
    0x2b, 0x18, 0xc4, 0x53, 0xa0, 0x4d, 0x21, 0xa0, 0x00, 0x18, 0x84, 0x2f,
    0xc0, 0xb0, 0x40, 0x80, 0xcf, 0xb0, 0x01, 0xa1, 0x2f, 0xc1, 0x00, 0x14,
    0xa4, 0x97, 0x02, 0xac, 0x60, 0x38, 0x4f, 0x21, 0x37, 0x85, 0x80, 0x02,
    0x60, 0xd0, 0xbe, 0x00, 0xc3, 0x02, 0x01, 0x3e, 0xc3, 0x06, 0x44, 0xbf,
    0x04, 0x03, 0x30, 0x4b, 0xe0, 0x0f, 0x23, 0x06, 0x06, 0x00, 0x82, 0x60,
    0x10, 0x91, 0xa7, 0x20, 0x9a, 0x42, 0x68, 0x0a, 0xb3, 0x0c, 0x23, 0x21,
    0x12, 0x79, 0x52, 0x34, 0x29, 0xf0, 0xa6, 0x00, 0x15, 0xf8, 0xa6, 0x00,
    0x2b, 0x18, 0xda, 0x53, 0xf8, 0x4d, 0x21, 0xa0, 0x00, 0x18, 0x74, 0x32,
    0xc0, 0xb0, 0x40, 0x80, 0xcf, 0xb0, 0x01, 0x91, 0x32, 0xc1, 0x00, 0x94,
    0xc1, 0x9b, 0x02, 0xac, 0x60, 0x90, 0x4f, 0x81, 0x3c, 0x85, 0x80, 0x02,
    0x60, 0x90, 0xca, 0x00, 0xc3, 0x02, 0x01, 0x3e, 0xc3, 0x06, 0x04, 0xcb,
    0x04, 0x03, 0x50, 0xcb, 0x6a, 0x0a, 0xb0, 0x82, 0xe1, 0x3e, 0x85, 0xf4,
    0x14, 0x02, 0x0a, 0x80, 0x41, 0x2d, 0x03, 0x0c, 0x0b, 0x04, 0xf8, 0x0c,
    0x1b, 0x10, 0x2f, 0x13, 0x0c, 0x40, 0x41, 0xaf, 0x29, 0xc0, 0x0a, 0x06,
    0xfe, 0x14, 0xdc, 0x53, 0x08, 0x28, 0x00, 0x06, 0xc1, 0x0c, 0x30, 0x2c,
    0x10, 0xe0, 0x33, 0x6c, 0x40, 0xc8, 0x4c, 0x30, 0x00, 0xb3, 0x04, 0x20,
    0x31, 0x62, 0x60, 0x00, 0x20, 0x08, 0x06, 0x51, 0x7e, 0x0a, 0xb7, 0x29,
    0xd8, 0xa6, 0x30, 0xcb, 0x50, 0x12, 0x24, 0x81, 0x27, 0x95, 0x96, 0x42,
    0x7b, 0x0a, 0x50, 0xc1, 0x7c, 0x0a, 0xb0, 0x82, 0x41, 0x44, 0x05, 0xfa,
    0x14, 0x02, 0x0a, 0x80, 0x41, 0x3c, 0x03, 0x0c, 0x0b, 0x04, 0xf8, 0x0c,
    0x1b, 0x10, 0x3e, 0x13, 0x0c, 0x40, 0x19, 0xf1, 0x29, 0xc0, 0x0a, 0x86,
    0x13, 0x15, 0xf2, 0x53, 0x08, 0x28, 0x00, 0x06, 0xfd, 0x0c, 0x30, 0x2c,
    0x10, 0xe0, 0x33, 0x6c, 0x40, 0x84, 0x4d, 0x30, 0x00, 0xb5, 0x80, 0xa7,
    0x00, 0x2b, 0x18, 0x58, 0x54, 0xf0, 0x4f, 0x21, 0xa0, 0x00, 0x18, 0x24,
    0x36, 0xc0, 0xb0, 0x40, 0x80, 0xcf, 0xb0, 0x01, 0x41, 0x36, 0xc1, 0x00,
    0x14, 0x44, 0x9e, 0x02, 0xac, 0x60, 0x88, 0x51, 0x61, 0x44, 0x85, 0x80,
    0x02, 0x60, 0x50, 0xd9, 0x00, 0xc3, 0x02, 0x01, 0x3e, 0xc3, 0x06, 0xc4,
    0xd9, 0x04, 0x03, 0x30, 0x4b, 0x20, 0x12, 0x23, 0x06, 0x06, 0x00, 0x82,
    0x60, 0x10, 0xb9, 0xa8, 0xc0, 0x9e, 0xc2, 0x7a, 0x0a, 0xb3, 0x0c, 0x27,
    0x61, 0x12, 0x77, 0x52, 0x7e, 0x29, 0xb8, 0xa7, 0x00, 0x15, 0xa0, 0xa8,
    0x00, 0x2b, 0x18, 0x6e, 0x54, 0x48, 0x51, 0x21, 0xa0, 0x00, 0x18, 0x14,
    0x37, 0xc0, 0xb0, 0x40, 0x80, 0xcf, 0xb0, 0x01, 0x31, 0x37, 0xc1, 0x00,
    0x94, 0x61, 0xa2, 0x02, 0xac, 0x60, 0xe0, 0x51, 0xc1, 0x45, 0x85, 0x80,
    0x02, 0x60, 0x10, 0xdd, 0x00, 0xc3, 0x02, 0x01, 0x3e, 0xc3, 0x06, 0x84,
    0xdd, 0x04, 0x03, 0x50, 0x4b, 0x7d, 0x0a, 0xb0, 0x82, 0x21, 0x4c, 0x85,
    0x19, 0x15, 0x02, 0x0a, 0x80, 0x41, 0x77, 0x03, 0x0c, 0x0b, 0x04, 0xf8,
    0x0c, 0x1b, 0x10, 0x79, 0x13, 0x0c, 0x40, 0x41, 0xf9, 0x29, 0xc0, 0x0a,
    0x06, 0x33, 0x15, 0x70, 0x54, 0x08, 0x28, 0x00, 0x06, 0xe9, 0x0d, 0x30,
    0x2c, 0x10, 0xe0, 0x33, 0x6c, 0x40, 0xf0, 0x4d, 0x30, 0x00, 0xb3, 0x04,
    0x24, 0x31, 0x62, 0x60, 0x00, 0x20, 0x08, 0x06, 0xd1, 0x98, 0x0a, 0x21,
    0x2a, 0x80, 0xa8, 0x50, 0xf8, 0xa2, 0x23, 0x3a, 0xcb, 0x70, 0x0f, 0xf9,
    0x10, 0x10, 0x6f, 0x0a, 0xc0, 0xa0, 0xf0, 0x14, 0x80, 0x61, 0x81, 0x00,
    0x9f, 0x61, 0x03, 0x62, 0x3c, 0x85, 0x60, 0x00, 0xc8, 0x37, 0x05, 0x60,
    0xd0, 0x78, 0x0a, 0xc0, 0xb0, 0x40, 0x80, 0xcf, 0xb0, 0x01, 0x51, 0x9e,
    0x42, 0x30, 0x00, 0x04, 0x9e, 0x02, 0x30, 0xa8, 0x3c, 0x05, 0x60, 0x58,
    0x20, 0xc0, 0x67, 0xd8, 0x80, 0x38, 0x4f, 0x21, 0x18, 0x00, 0x12, 0x4f,
    0x01, 0x18, 0x74, 0x9e, 0x02, 0x30, 0x2c, 0x10, 0xe0, 0x33, 0x6c, 0x40,
    0xa4, 0xa7, 0x10, 0x0c, 0xc0, 0x2c, 0x81, 0x49, 0x54, 0x6f, 0x0a, 0xe0,
    0x29, 0xc0, 0x88, 0xc1, 0x01, 0x80, 0x20, 0x18, 0x5c, 0x70, 0x2a, 0xa8,
    0xa8, 0x20, 0x9e, 0x82, 0x9a, 0x0a, 0xa3, 0x09, 0x01, 0x30, 0xdc, 0x30,
    0x04, 0x64, 0x30, 0xcb, 0x90, 0x12, 0x2a, 0x11, 0x14, 0x79, 0x0a, 0x66,
    0x2a, 0x48, 0xb9, 0xa9, 0x10, 0xc0, 0x0a, 0x86, 0x3e, 0x15, 0xde, 0x54,
    0x08, 0x28, 0x00, 0xc6, 0x88, 0xc1, 0x01, 0x80, 0x20, 0x18, 0x5c, 0x77,
    0x2a, 0xc4, 0xa8, 0x90, 0x9e, 0x82, 0x9c, 0x0a, 0xa3, 0x09, 0x41, 0x50,
    0x41, 0x4e, 0x48, 0x05, 0x0b, 0x8c, 0x18, 0x34, 0x00, 0x08, 0x82, 0xc1,
    0x87, 0xa7, 0x82, 0x89, 0x0a, 0xf0, 0x29, 0x04, 0x75, 0x2a, 0x14, 0xfa,
    0x29, 0xe8, 0xa7, 0xa0, 0x9f, 0xc2, 0x7e, 0x0a, 0xb3, 0x04, 0x2a, 0x31,
    0x62, 0x60, 0x00, 0x20, 0x08, 0x06, 0x11, 0x9f, 0x0a, 0x3a, 0x2a, 0xe4,
    0xa8, 0x80, 0x23, 0x06, 0x06, 0x00, 0x82, 0x60, 0x10, 0xf1, 0xa9, 0xa0,
    0xa3, 0x42, 0x8e, 0x0a, 0xb3, 0x0c, 0x2e, 0xd1, 0x12, 0xb3, 0x53, 0xec,
    0x29, 0xc8, 0xa8, 0x00, 0x15, 0xd8, 0xa9, 0x00, 0x2b, 0x18, 0x4a, 0x55,
    0xb8, 0x53, 0x21, 0xa0, 0x00, 0x18, 0xf4, 0x3b, 0xc0, 0xb0, 0x40, 0x80,
    0xcf, 0xb0, 0x01, 0x11, 0x3e, 0xc1, 0x00, 0x94, 0x41, 0xa7, 0x02, 0xac,
    0x60, 0x50, 0x55, 0x81, 0x4f, 0x85, 0x80, 0x02, 0x60, 0x90, 0xf8, 0x00,
    0xc3, 0x02, 0x01, 0x3e, 0xc3, 0x06, 0x04, 0xf9, 0x04, 0x03, 0x50, 0xcb,
    0x98, 0x0a, 0xb0, 0x82, 0xe1, 0x55, 0x85, 0x50, 0x15, 0x02, 0x0a, 0x80,
    0x41, 0xe5, 0x03, 0x0c, 0x0b, 0x04, 0xf8, 0x0c, 0x1b, 0x10, 0xe7, 0x13,
    0x0c, 0x40, 0x41, 0x67, 0x2a, 0xc0, 0x0a, 0x06, 0x5a, 0x15, 0x4c, 0x55,
    0x08, 0x28, 0x00, 0x06, 0xa1, 0x0f, 0x30, 0x2c, 0x10, 0xe0, 0x33, 0x6c,
    0x40, 0xa8, 0x4f, 0x30, 0x00, 0xb3, 0x04, 0x2b, 0x31, 0x62, 0x60, 0x00,
    0x20, 0x08, 0x06, 0x51, 0xac, 0x0a, 0x6f, 0x2a, 0xb8, 0xa9, 0x30, 0xcb,
    0x00, 0x13, 0x2f, 0x21, 0x3b, 0x15, 0xa2, 0x02, 0xa9, 0x0a, 0x50, 0xc1,
    0xaa, 0x0a, 0xb0, 0x82, 0x41, 0x57, 0x05, 0x56, 0x15, 0x02, 0x0a, 0x80,
    0x41, 0xf4, 0x03, 0x0c, 0x0b, 0x04, 0xf8, 0x0c, 0x1b, 0x10, 0xf6, 0x13,
    0x0c, 0x40, 0x19, 0xa9, 0x2a, 0xc0, 0x0a, 0x86, 0x5f, 0x15, 0x62, 0x55,
    0x08, 0x28, 0x00, 0x06, 0xdd, 0x0f, 0x30, 0x2c, 0x10, 0xe0, 0x33, 0x6c,
    0x40, 0xe4, 0x4f, 0x30, 0x00, 0xb5, 0xe0, 0xa9, 0x00, 0x2b, 0x18, 0xc8,
    0x55, 0xb0, 0x55, 0x21, 0xa0, 0x00, 0x18, 0xa4, 0x3f, 0xc0, 0xb0, 0x40,
    0x80, 0xcf, 0xb0, 0x01, 0xc1, 0x3f, 0xc1, 0x00, 0x14, 0xc4, 0xa7, 0x02,
    0xac, 0x60, 0x48, 0x57, 0x61, 0x57, 0x85, 0x80, 0x02, 0x60, 0x50, 0xff,
    0x00, 0xc3, 0x02, 0x01, 0x3e, 0xc3, 0x06, 0xc4, 0xff, 0x04, 0x03, 0x30,
    0x4b, 0xd0, 0x12, 0x23, 0x06, 0x06, 0x00, 0x82, 0x60, 0x10, 0x99, 0xab,
    0x40, 0xaa, 0xc2, 0xa8, 0x0a, 0xb3, 0x0c, 0x32, 0x11, 0x13, 0xb1, 0x53,
    0x36, 0x2a, 0xb4, 0xaa, 0x00, 0x15, 0x80, 0xab, 0x00, 0x2b, 0x18, 0xde,
    0x55, 0x08, 0x57, 0x21, 0xa0, 0x00, 0x18, 0x94, 0x42, 0xc0, 0xb0, 0x40,
    0x80, 0xcf, 0xb0, 0x01, 0xb1, 0x42, 0xc1, 0x00, 0x94, 0xe1, 0xab, 0x02,
    0xac, 0x60, 0xa0, 0x57, 0xc1, 0x5c, 0x85, 0x80, 0x02, 0x60, 0x10, 0x0b,
    0x01, 0xc3, 0x02, 0x01, 0x3e, 0xc3, 0x06, 0x84, 0x0b, 0x05, 0x03, 0x50,
    0x4b, 0xab, 0x0a, 0xb0, 0x82, 0x21, 0x5f, 0x85, 0x75, 0x15, 0x02, 0x0a,
    0x80, 0x41, 0x2f, 0x04, 0x0c, 0x0b, 0x04, 0xf8, 0x0c, 0x1b, 0x10, 0x31,
    0x14, 0x0c, 0x40, 0x41, 0xb1, 0x2a, 0xc0, 0x0a, 0x06, 0x7f, 0x15, 0xe0,
    0x55, 0x08, 0x28, 0x00, 0x06, 0xc9, 0x10, 0x30, 0x2c, 0x10, 0xe0, 0x33,
    0x6c, 0x40, 0xd0, 0x50, 0x30, 0x00, 0xb3, 0x04, 0x2f, 0x31, 0x62, 0x60,
    0x00, 0x20, 0x08, 0x06, 0xd1, 0xbe, 0x0a, 0xb9, 0x2a, 0xe0, 0xaa, 0x30,
    0xcb, 0x40, 0x13, 0x33, 0x01, 0x3b, 0xb5, 0xa6, 0xc2, 0xbc, 0x0a, 0x50,
    0x41, 0xbd, 0x0a, 0xb0, 0x82, 0x81, 0x64, 0x05, 0x7b, 0x15, 0x02, 0x0a,
    0x80, 0x41, 0x3e, 0x04, 0x0c, 0x0b, 0x04, 0xf8, 0x0c, 0x1b, 0x10, 0x60,
    0x14, 0x0c, 0x40, 0x19, 0xf3, 0x2a, 0xc0, 0x0a, 0x86, 0x94, 0x15, 0xf6,
    0x55, 0x08, 0x28, 0x00, 0x06, 0x85, 0x11, 0x30, 0x2c, 0x10, 0xe0, 0x33,
    0x6c, 0x40, 0x8c, 0x51, 0x30, 0x00, 0xb5, 0x88, 0xab, 0x00, 0x2b, 0x18,
    0x5c, 0x56, 0x00, 0x59, 0x21, 0xa0, 0x00, 0x18, 0x44, 0x46, 0xc0, 0xb0,
    0x40, 0x80, 0xcf, 0xb0, 0x01, 0x61, 0x46, 0xc1, 0x00, 0x14, 0x64, 0xae,
    0x02, 0xac, 0x60, 0x98, 0x59, 0xa1, 0x64, 0x85, 0x80, 0x02, 0x60, 0xd0,
    0x19, 0x01, 0xc3, 0x02, 0x01, 0x3e, 0xc3, 0x06, 0x44, 0x1a, 0x05, 0x03,
    0x30, 0x4b, 0x10, 0x13, 0x23, 0x06, 0x06, 0x00, 0x82, 0x60, 0x10, 0xc1,
    0xac, 0xe0, 0xae, 0x42, 0xbb, 0x0a, 0xb3, 0x0c, 0x36, 0x51, 0x13, 0xaf,
    0x53, 0xa0, 0x2a, 0x90, 0xac, 0x00, 0x15, 0xa8, 0xac, 0x00, 0x2b, 0x18,
    0x72, 0x56, 0x58, 0x59, 0x21, 0xa0, 0x00, 0x18, 0x34, 0x47, 0xc0, 0xb0,
    0x40, 0x80, 0xcf, 0xb0, 0x01, 0x51, 0x47, 0xc1, 0x00, 0x94, 0x81, 0xb2,
    0x02, 0xac, 0x60, 0xf0, 0x59, 0x01, 0x66, 0x85, 0x80, 0x02, 0x60, 0x90,
    0x1d, 0x01, 0xc3, 0x02, 0x01, 0x3e, 0xc3, 0x06, 0x04, 0x1e, 0x05, 0x03,
    0x50, 0xcb, 0xbd, 0x0a, 0xb0, 0x82, 0x61, 0x6c, 0x85, 0x9a, 0x15, 0x02,
    0x0a, 0x80, 0x41, 0x79, 0x04, 0x0c, 0x0b, 0x04, 0xf8, 0x0c, 0x1b, 0x10,
    0x7b, 0x14, 0x0c, 0x40, 0x41, 0xfb, 0x2a, 0xc0, 0x0a, 0x06, 0xb4, 0x15,
    0x74, 0x56, 0x08, 0x28, 0x00, 0x06, 0xf1, 0x11, 0x30, 0x2c, 0x10, 0xe0,
    0x33, 0x6c, 0x40, 0xf8, 0x51, 0x30, 0x00, 0xb3, 0x04, 0x33, 0x31, 0x62,
    0x60, 0x00, 0x20, 0x08, 0x06, 0x51, 0xd9, 0x0a, 0x23, 0x2b, 0x88, 0xac,
    0x30, 0xcb, 0x80, 0x13, 0x37, 0xe1, 0x3a, 0x55, 0xab, 0x42, 0xc9, 0x0a,
    0x50, 0xc1, 0xcf, 0x0a, 0xb0, 0x82, 0xc1, 0x6d, 0x05, 0xb0, 0x15, 0x02,
    0x0a, 0x80, 0x41, 0xa8, 0x04, 0x0c, 0x0b, 0x04, 0xf8, 0x0c, 0x1b, 0x10,
    0xaa, 0x14, 0x0c, 0x40, 0x19, 0x3d, 0x2b, 0xc0, 0x0a, 0x86, 0xb9, 0x15,
    0xca, 0x56, 0x08, 0x28, 0x00, 0x06, 0xad, 0x12, 0x30, 0x2c, 0x10, 0xe0,
    0x33, 0x6c, 0x40, 0xb4, 0x52, 0x30, 0x00, 0xb5, 0xb0, 0xac, 0x00, 0x2b,
    0x18, 0xf0, 0x56, 0x50, 0x5b, 0x21, 0xa0, 0x00, 0x18, 0xe4, 0x4a, 0xc0,
    0xb0, 0x40, 0x80, 0xcf, 0xb0, 0x01, 0x01, 0x4b, 0xc1, 0x00, 0x14, 0x04,
    0xb3, 0x02, 0xac, 0x60, 0xe8, 0x5b, 0xe1, 0x6d, 0x85, 0x80, 0x02, 0x60,
    0x50, 0x2c, 0x01, 0xc3, 0x02, 0x01, 0x3e, 0xc3, 0x06, 0xc4, 0x2c, 0x05,
    0x03, 0x30, 0x4b, 0x50, 0x13, 0x23, 0x06, 0x06, 0x00, 0x82, 0x60, 0x10,
    0xe9, 0xad, 0x80, 0xb3, 0xc2, 0xcd, 0x0a, 0xf5, 0x42, 0x36, 0xa2, 0xb3,
    0x0c, 0x28, 0xa1, 0x12, 0x01, 0xcd, 0xab, 0x00, 0x0c, 0xc2, 0x57, 0x01,
    0x18, 0x16, 0x08, 0xf0, 0x19, 0x36, 0x20, 0xf4, 0x55, 0x08, 0x06, 0x80,
    0xea, 0x55, 0x00, 0x06, 0xe9, 0xab, 0x00, 0x0c, 0x0b, 0x04, 0xf8, 0x0c,
    0x1b, 0x10, 0xfc, 0x2a, 0x04, 0x03, 0x40, 0xf7, 0x2a, 0x00, 0x83, 0xf8,
    0x55, 0x00, 0x86, 0x05, 0x02, 0x7c, 0x86, 0x0d, 0x08, 0x7f, 0x15, 0x82,
    0x01, 0xa0, 0x7c, 0x15, 0x80, 0x41, 0xfe, 0x2a, 0x00, 0xc3, 0x02, 0x01,
    0x3e, 0xc3, 0x06, 0x04, 0xc8, 0x0a, 0xc1, 0x00, 0xcc, 0x12, 0xdc, 0x44,
    0x40, 0x0c, 0x00, 0x00, 0x38, 0x02, 0x00, 0x00, 0x5b, 0x06, 0x56, 0x0f,
    0x82, 0x35, 0xd8, 0x32, 0xe0, 0x7a, 0x10, 0xac, 0xc1, 0x96, 0x21, 0xd7,
    0x83, 0x60, 0x0d, 0xb6, 0x0c, 0xba, 0x1e, 0x04, 0x6b, 0xb0, 0x65, 0xd8,
    0xf5, 0x20, 0x58, 0x83, 0x2d, 0x03, 0xbd, 0x07, 0xc1, 0x1a, 0x6c, 0x19,
    0xee, 0x3d, 0x08, 0xd6, 0x60, 0xcb, 0xa0, 0xef, 0x41, 0xb0, 0x06, 0x5b,
    0x86, 0x7e, 0x0f, 0x82, 0x35, 0xd8, 0x32, 0x9c, 0x7c, 0x10, 0xac, 0xc1,
    0x96, 0x01, 0xe5, 0x83, 0x60, 0x0d, 0xb6, 0x0c, 0x2a, 0x1f, 0x04, 0x6b,
    0xb0, 0x65, 0x68, 0xf9, 0x20, 0x58, 0x83, 0x2d, 0x83, 0xcb, 0x07, 0xc1,
    0x1a, 0x6c, 0x19, 0x60, 0x3e, 0x08, 0xd6, 0x60, 0xcb, 0x30, 0xf3, 0x41,
    0xb0, 0x06, 0x5b, 0x06, 0x9a, 0x0f, 0x82, 0x35, 0xd8, 0x32, 0xd8, 0x7c,
    0x10, 0xac, 0xc1, 0x96, 0x21, 0xe7, 0x83, 0x60, 0x0d, 0xb6, 0x0c, 0x3a,
    0x1f, 0x04, 0x6b, 0xb0, 0x65, 0xe0, 0xf9, 0x20, 0x58, 0x83, 0x2d, 0x03,
    0xd9, 0x07, 0xc1, 0x1a, 0x6c, 0x19, 0xca, 0x3e, 0x08, 0xd6, 0x60, 0xcb,
    0x70, 0xf6, 0x41, 0xb0, 0x06, 0x5b, 0x06, 0xb5, 0x0f, 0x82, 0x35, 0xd8,
    0x32, 0xac, 0x7d, 0x10, 0xac, 0xc1, 0x96, 0xa1, 0xed, 0x83, 0x60, 0x0d,
    0xb6, 0x0c, 0x70, 0x1f, 0x04, 0x6b, 0xb0, 0x65, 0x88, 0xfb, 0x20, 0x58,
    0x83, 0x2d, 0xc3, 0xdc, 0x07, 0xc1, 0x1a, 0x6c, 0x19, 0xec, 0x3e, 0x08,
    0xd6, 0x60, 0xcb, 0x70, 0xf7, 0x41, 0xb0, 0x06, 0x5b, 0x86, 0xbc, 0x0f,
    0x82, 0x35, 0xd8, 0x32, 0x84, 0x7e, 0x10, 0xac, 0xc1, 0x96, 0x41, 0xf4,
    0x83, 0x60, 0x0d, 0xb6, 0x0c, 0xa4, 0x1f, 0x04, 0x6b, 0xb0, 0x65, 0x38,
    0xfd, 0x20, 0x58, 0x83, 0x2d, 0x03, 0xea, 0x07, 0xc1, 0x1a, 0x6c, 0x19,
    0x54, 0x3f, 0x08, 0xd6, 0x60, 0xcb, 0xd0, 0xfa, 0x41, 0xb0, 0x06, 0x5b,
    0x06, 0xd7, 0x0f, 0x82, 0x35, 0xd8, 0x32, 0xc0, 0x7e, 0x10, 0xac, 0xc1,
    0x96, 0x61, 0xf6, 0x83, 0x60, 0x0d, 0xb6, 0x0c, 0xb4, 0x1f, 0x04, 0x6b,
    0xb0, 0x65, 0xb0, 0xfd, 0x20, 0x58, 0x83, 0x2d, 0x83, 0xef, 0x07, 0xc1,
    0x1a, 0x6c, 0x19, 0x7e, 0x3f, 0x08, 0xd6, 0x60, 0xcb, 0x10, 0xfe, 0x41,
    0xb0, 0x06, 0x5b, 0x06, 0xf2, 0x0f, 0x82, 0x35, 0xd8, 0x32, 0x94, 0x7f,
    0x10, 0xac, 0xc1, 0x96, 0xe1, 0xfc, 0x83, 0x60, 0x0d, 0xb6, 0x0c, 0xea,
    0x1f, 0x04, 0x6b, 0xb0, 0x65, 0x58, 0xff, 0x20, 0x58, 0x83, 0x2d, 0x43,
    0xfb, 0x07, 0xc1, 0x1a, 0x6c, 0x19, 0xe0, 0x3f, 0x08, 0xd6, 0x60, 0xcb,
    0x10, 0xff, 0x41, 0xb0, 0x06, 0x5b, 0x86, 0xf9, 0x0f, 0x82, 0x35, 0xd8,
    0x32, 0xec, 0x7f, 0x10, 0xac, 0xc1, 0x96, 0x81, 0xff, 0x83, 0x60, 0x0d,
    0xb6, 0x0c, 0xfe, 0x1f, 0x04, 0x6b, 0xb0, 0x65, 0x08, 0x41, 0x21, 0x58,
    0x83, 0x2d, 0x83, 0x08, 0x0a, 0xc1, 0x1a, 0x6c, 0x19, 0x48, 0x50, 0x08,
    0xd6, 0x60, 0xcb, 0x70, 0x82, 0x42, 0xb0, 0x06, 0x5b, 0x06, 0x14, 0x14,
    0x82, 0x35, 0xd8, 0x32, 0xa8, 0xa0, 0x10, 0xac, 0xc1, 0x96, 0xa1, 0x05,
    0x85, 0x60, 0x0d, 0xb6, 0x0c, 0x2e, 0x28, 0x04, 0x6b, 0xb0, 0x65, 0x80,
    0x41, 0x21, 0x58, 0x83, 0x2d, 0x03, 0x0e, 0x0a, 0xc1, 0x1a, 0x6c, 0x19,
    0x72, 0x50, 0x08, 0xd6, 0x60, 0xcb, 0xb0, 0x83, 0x42, 0xb0, 0x06, 0x5b,
    0x06, 0x1f, 0x14, 0x82, 0x35, 0xd8, 0x32, 0xfc, 0xa0, 0x10, 0xac, 0xc1,
    0x96, 0x21, 0x0c, 0x85, 0x60, 0x0d, 0xb6, 0x0c, 0x64, 0x28, 0x04, 0x6b,
    0xb0, 0x65, 0x28, 0x43, 0x21, 0x58, 0x83, 0x2d, 0xc3, 0x19, 0x0a, 0xc1,
    0x1a, 0x6c, 0x19, 0xd4, 0x50, 0x08, 0xd6, 0x60, 0xcb, 0xb0, 0x86, 0x42,
    0xb0, 0x06, 0x5b, 0x86, 0x36, 0x14, 0x82, 0x35, 0xd8, 0x32, 0xc8, 0xa1,
    0x10, 0xac, 0xc1, 0x96, 0x61, 0x0e, 0x85, 0x60, 0x0d, 0xb6, 0x0c, 0x75,
    0x28, 0x04, 0x6b, 0xb0, 0x65, 0xb0, 0x43, 0x21, 0x58, 0x83, 0x2d, 0xc3,
    0x1d, 0x0a, 0xc1, 0x1a, 0x6c, 0x19, 0xf2, 0x50, 0x08, 0xd6, 0x60, 0xcb,
    0xa0, 0x87, 0x42, 0xb0, 0x06, 0x5b, 0x86, 0x3d, 0x14, 0x82, 0x35, 0xd8,
    0x32, 0xf4, 0xa1, 0x10, 0xac, 0xc1, 0x96, 0xc1, 0x0f, 0x85, 0x60, 0x0d,
    0xb6, 0x0c, 0x7f, 0x28, 0x04, 0x6b, 0xb0, 0x65, 0x08, 0x45, 0x21, 0x58,
    0x83, 0x2d, 0xc3, 0x2a, 0x0a, 0xc1, 0x1a, 0x6c, 0x19, 0x6e, 0x51, 0x08,
    0xd6, 0x60, 0xcb, 0x80, 0x8b, 0x42, 0xb0, 0x06, 0x5b, 0x86, 0x5c, 0x14,
    0x82, 0x35, 0xd8, 0x32, 0xe8, 0xa2, 0x10, 0xac, 0xc1, 0x96, 0x41, 0x1c,
    0x85, 0x60, 0x0d, 0xb6, 0x0c, 0xe3, 0x28, 0x04, 0x6b, 0xb0, 0x65, 0x28,
    0x47, 0x21, 0x58, 0x83, 0x2d, 0x03, 0x3a, 0x0a, 0xc1, 0x1a, 0x6c, 0x19,
    0xd2, 0x51, 0x08, 0xd6, 0x60, 0xcb, 0xb0, 0x8e, 0x42, 0xb0, 0x06, 0x5b,
    0x06, 0x77, 0x14, 0x82, 0x35, 0xd8, 0x32, 0xbc, 0xa3, 0x10, 0xac, 0xc1,
    0x96, 0x21, 0x1e, 0x85, 0x60, 0x0d, 0xb6, 0x0c, 0xf4, 0x28, 0x04, 0x6b,
    0xb0, 0x65, 0xa8, 0x47, 0x21, 0x58, 0x83, 0x2d, 0xc3, 0x3d, 0x0a, 0xc1,
    0x1a, 0x6c, 0x19, 0xfc, 0x51, 0x08, 0xd6, 0x60, 0xcb, 0xf0, 0x8f, 0x42,
    0xb0, 0x06, 0x5b, 0x86, 0x90, 0x14, 0x82, 0x35, 0xd8, 0x32, 0x90, 0xa4,
    0x10, 0xac, 0xc1, 0x96, 0xa1, 0x24, 0x85, 0x60, 0x0d, 0xb6, 0x0c, 0x27,
    0x29, 0x04, 0x6b, 0xb0, 0x65, 0x50, 0x49, 0x21, 0x58, 0x83, 0x2d, 0xc3,
    0x4a, 0x0a, 0xc1, 0x1a, 0x6c, 0x19, 0x5a, 0x52, 0x08, 0xd6, 0x60, 0xcb,
    0x00, 0x93, 0x42, 0xb0, 0x06, 0x5b, 0x86, 0x98, 0x14, 0x82, 0x35, 0xd8,
    0x32, 0xcc, 0xa4, 0x10, 0xac, 0xc1, 0x96, 0x41, 0x27, 0x85, 0x60, 0x0d,
    0xb6, 0x0c, 0x3b, 0x29, 0x04, 0x6b, 0xb0, 0x65, 0xe8, 0x49, 0x21, 0x58,
    0x83, 0x2d, 0x03, 0x58, 0x0a, 0xc1, 0x1a, 0x6c, 0x19, 0xc2, 0x52, 0x08,
    0xd6, 0x60, 0xcb, 0x30, 0x96, 0x42, 0xb0, 0x06, 0x5b, 0x06, 0xb3, 0x14,
    0x82, 0x35, 0xd8, 0x32, 0x9c, 0xa5, 0x10, 0xac, 0xc1, 0x96, 0x21, 0x2d,
    0x85, 0x60, 0x0d, 0xb6, 0x0c, 0x6c, 0x29, 0x04, 0x6b, 0xb0, 0x65, 0x68,
    0x4b, 0x21, 0x58, 0x83, 0x2d, 0xc3, 0x5b, 0x0a, 0xc1, 0x1a, 0x6c, 0x19,
    0xec, 0x52, 0x08, 0xd6, 0x60, 0xcb, 0x70, 0x97, 0x42, 0xb0, 0x06, 0x5b,
    0x86, 0xbc, 0x14, 0x82, 0x35, 0xd8, 0x32, 0xf0, 0xa5, 0x10, 0xac, 0xc1,
    0x96, 0xa1, 0x2f, 0x85, 0x60, 0x0d, 0xb6, 0x0c, 0x7f, 0x29, 0x04, 0x6b,
    0xb0, 0x65, 0x10, 0x4d, 0x21, 0x58, 0x83, 0x2d, 0xc3, 0x68, 0x0a, 0xc1,
    0x1a, 0x6c, 0x19, 0x4a, 0x53, 0x08, 0xd6, 0x60, 0xcb, 0x80, 0x9a, 0x42,
    0xb0, 0x06, 0x5b, 0x86, 0xd4, 0x14, 0x82, 0x35, 0xd8, 0x32, 0xac, 0xa6,
    0x10, 0xac, 0xc1, 0x96, 0x41, 0x36, 0x85, 0x60, 0x0d, 0xb6, 0x0c, 0xb3,
    0x29, 0x04, 0x6b, 0xb0, 0x65, 0xa8, 0x4d, 0x21, 0x58, 0x83, 0x2d, 0x03,
    0x6e, 0x0a, 0xc1, 0x1a, 0x6c, 0x19, 0x72, 0x53, 0x08, 0xd6, 0x60, 0xcb,
    0xb0, 0x9b, 0x42, 0xb0, 0x06, 0x5b, 0x06, 0xdf, 0x14, 0x82, 0x35, 0xd8,
    0x32, 0xfc, 0xa6, 0x10, 0xac, 0xc1, 0x96, 0x21, 0x3c, 0x85, 0x60, 0x0d,
    0xb6, 0x0c, 0xe4, 0x29, 0x04, 0x6b, 0xb0, 0x65, 0x28, 0x4f, 0x21, 0x58,
    0x83, 0x2d, 0xc3, 0x79, 0x0a, 0xc1, 0x1a, 0x6c, 0x19, 0xdc, 0x53, 0x08,
    0xd6, 0x60, 0xcb, 0xf0, 0x9e, 0x42, 0xb0, 0x06, 0x5b, 0x86, 0xf8, 0x14,
    0x82, 0x35, 0xd8, 0x32, 0xd0, 0xa7, 0x10, 0xac, 0xc1, 0x96, 0xa1, 0x3e,
    0x85, 0x60, 0x0d, 0xb6, 0x0c, 0xf7, 0x29, 0x04, 0x6b, 0xb0, 0x65, 0xd0,
    0x4f, 0x21, 0x58, 0x83, 0x2d, 0xc3, 0x7e, 0x0a, 0xc1, 0x1a, 0x6c, 0x19,
    0xfa, 0x53, 0x08, 0xd6, 0x60, 0xcb, 0x00, 0xa2, 0x42, 0xb0, 0x06, 0x5b,
    0x86, 0x10, 0x15, 0x82, 0x35, 0xd8, 0x32, 0x8c, 0xa8, 0x10, 0xac, 0xc1,
    0x96, 0x01, 0x45, 0x85, 0x60, 0x0d, 0xb6, 0x0c, 0x29, 0x2a, 0x04, 0x6b,
    0xb0, 0x65, 0x58, 0x51, 0x21, 0x58, 0x83, 0x2d, 0x03, 0x8b, 0x0a, 0xc1,
    0x1a, 0x6c, 0x19, 0x5a, 0x54, 0x08, 0xd6, 0x60, 0xcb, 0xf0, 0xa2, 0x42,
    0xb0, 0x06, 0x5b, 0x06, 0x18, 0x15, 0x82, 0x35, 0xd8, 0x32, 0xc4, 0xa8,
    0x10, 0xac, 0xc1, 0x96, 0x61, 0x46, 0x85, 0x60, 0x0d, 0xb6, 0x0c, 0x34,
    0x2a, 0x04, 0x6b, 0xb0, 0x65, 0xa8, 0x51, 0x21, 0x58, 0x83, 0x2d, 0xc3,
    0x8d, 0x0a, 0xc1, 0x1a, 0x6c, 0x19, 0xc2, 0x54, 0x08, 0xd6, 0x60, 0xcb,
    0xd0, 0xa6, 0x42, 0xb0, 0x06, 0x5b, 0x06, 0x37, 0x15, 0x82, 0x35, 0xd8,
    0x32, 0xbc, 0xa9, 0x10, 0xac, 0xc1, 0x96, 0x01, 0x4e, 0x85, 0x60, 0x0d,
    0xb6, 0x0c, 0x78, 0x2a, 0x04, 0x6b, 0xb0, 0x65, 0xc8, 0x53, 0x21, 0x58,
    0x83, 0x2d, 0xc3, 0x9e, 0x0a, 0xc1, 0x1a, 0x6c, 0x19, 0xfc, 0x54, 0x08,
    0xd6, 0x60, 0xcb, 0xf0, 0xa7, 0x42, 0xb0, 0x06, 0x5b, 0x86, 0x50, 0x15,
    0x82, 0x35, 0xd8, 0x32, 0x90, 0xaa, 0x10, 0xac, 0xc1, 0x96, 0xa1, 0x54,
    0x85, 0x60, 0x0d, 0xb6, 0x0c, 0xa7, 0x2a, 0x04, 0x6b, 0xb0, 0x65, 0x50,
    0x55, 0x21, 0x58, 0x83, 0x2d, 0xc3, 0xaa, 0x0a, 0xc1, 0x1a, 0x6c, 0x19,
    0x5a, 0x55, 0x08, 0xd6, 0x60, 0xcb, 0x40, 0xab, 0x42, 0xb0, 0x06, 0x5b,
    0x86, 0x5a, 0x15, 0x82, 0x35, 0xd8, 0x32, 0xdc, 0xaa, 0x10, 0xac, 0xc1,
    0x96, 0x41, 0x57, 0x85, 0x60, 0x0d, 0xb6, 0x0c, 0xbb, 0x2a, 0x04, 0x6b,
    0xb0, 0x65, 0xe8, 0x55, 0x21, 0x58, 0x83, 0x2d, 0x03, 0xb8, 0x0a, 0xc1,
    0x1a, 0x6c, 0x19, 0xc2, 0x55, 0x08, 0xd6, 0x60, 0xcb, 0x30, 0xae, 0x42,
    0xb0, 0x06, 0x5b, 0x06, 0x73, 0x15, 0x82, 0x35, 0xd8, 0x32, 0x9c, 0xab,
    0x10, 0xac, 0xc1, 0x96, 0x21, 0x5d, 0x85, 0x60, 0x0d, 0xb6, 0x0c, 0xf0,
    0x2a, 0x04, 0x6b, 0xb0, 0x65, 0x88, 0x57, 0x21, 0x58, 0x83, 0x2d, 0xc3,
    0xbc, 0x0a, 0xc1, 0x1a, 0x6c, 0x19, 0xec, 0x55, 0x08, 0xd6, 0x60, 0xcb,
    0x70, 0xaf, 0x42, 0xb0, 0x06, 0x5b, 0x86, 0x7c, 0x15, 0x82, 0x35, 0xd8,
    0x32, 0xf0, 0xab, 0x10, 0xac, 0xc1, 0x96, 0xa1, 0x5f, 0x85, 0x60, 0x0d,
    0xb6, 0x0c, 0xff, 0x2a, 0x04, 0x6b, 0xb0, 0x65, 0x10, 0x59, 0x21, 0x58,
    0x83, 0x2d, 0xc3, 0xc8, 0x0a, 0xc1, 0x1a, 0x6c, 0x19, 0x4a, 0x56, 0x08,
    0xd6, 0x60, 0xcb, 0xc0, 0xb2, 0x42, 0xb0, 0x06, 0x5b, 0x86, 0x96, 0x15,
    0x82, 0x35, 0xd8, 0x32, 0xbc, 0xac, 0x10, 0xac, 0xc1, 0x96, 0x41, 0x66,
    0x85, 0x60, 0x0d, 0xb6, 0x0c, 0x33, 0x2b, 0x04, 0x6b, 0xb0, 0x65, 0xa8,
    0x59, 0x21, 0x58, 0x83, 0x2d, 0x03, 0xce, 0x0a, 0xc1, 0x1a, 0x6c, 0x19,
    0x72, 0x56, 0x08, 0xd6, 0x60, 0xcb, 0xb0, 0xb3, 0x42, 0xb0, 0x06, 0x5b,
    0x06, 0x9f, 0x15, 0x82, 0x35, 0xd8, 0x32, 0xfc, 0xac, 0x10, 0xac, 0xc1,
    0x96, 0x21, 0x6c, 0x85, 0x60, 0x0d, 0xb6, 0x0c, 0x68, 0x2b, 0x04, 0x6b,
    0xb0, 0x65, 0x48, 0x5b, 0x21, 0x58, 0x83, 0x2d, 0xc3, 0xda, 0x0a, 0xc1,
    0x1a, 0x6c, 0x19, 0xdc, 0x56, 0x08, 0xd6, 0x60, 0xcb, 0xf0, 0xb6, 0x42,
    0xb0, 0x06, 0x5b, 0x86, 0xb8, 0x15, 0x82, 0x35, 0xd8, 0x32, 0xd0, 0xad,
    0x10, 0xac, 0xc1, 0x96, 0xa1, 0x6e, 0x85, 0x60, 0x0d, 0xb6, 0x0c, 0x77,
    0x2b, 0x04, 0x6b, 0xb0, 0x65, 0xd0, 0x5b, 0x21, 0x58, 0x83, 0x2d, 0xc3,
    0xde, 0x0a, 0xc1, 0x1a, 0x6c, 0x19, 0xfa, 0x56, 0x08, 0xd6, 0x60, 0xcb,
    0x40, 0xba, 0x42, 0xb0, 0x06, 0x5b, 0x86, 0xd2, 0x15, 0x82, 0x35, 0xd8,
    0x32, 0x9c, 0xae, 0x10, 0xac, 0xc1, 0x96, 0x41, 0x75, 0x85, 0x60, 0x0d,
    0xb6, 0x0c, 0xab, 0x2b, 0x04, 0x6b, 0xb0, 0x65, 0x68, 0x5d, 0x21, 0x58,
    0x83, 0x2d, 0x03, 0xec, 0x0a, 0xc1, 0x1a, 0x6c, 0x19, 0x62, 0x57, 0x08,
    0xd6, 0x60, 0xcb, 0x30, 0xbb, 0x42, 0xb0, 0x06, 0x5b, 0x06, 0xdb, 0x15,
    0x82, 0x35, 0xd8, 0x32, 0xdc, 0xae, 0x10, 0xac, 0xc1, 0x96, 0x21, 0x77,
    0x85, 0x60, 0x0d, 0xb6, 0x0c, 0xbe, 0x2b, 0x04, 0x6b, 0xb0, 0x65, 0xf8,
    0x5d, 0x21, 0x58, 0x83, 0x2d, 0x43, 0xf8, 0x0a, 0xc1, 0x1a, 0x6c, 0x19,
    0xc4, 0x57, 0x08, 0xd6, 0x60, 0xcb, 0x30, 0xbe, 0x42, 0xb0, 0x06, 0x5b,
    0x86, 0xf2, 0x15, 0x82, 0x35, 0xd8, 0x32, 0x98, 0xaf, 0x10, 0xac, 0xc1,
    0x96, 0xe1, 0x7c, 0x85, 0x60, 0x0d, 0xb6, 0x0c, 0xe9, 0x2b, 0x04, 0x6b,
    0xb0, 0x65, 0x50, 0x5f, 0x21, 0x58, 0x83, 0x2d, 0xc3, 0xfa, 0x0a, 0xc1,
    0x1a, 0x6c, 0x19, 0xda, 0x57, 0x08, 0xd6, 0x60, 0xcb, 0x70, 0xbf, 0x42,
    0xb0, 0x06, 0x5b, 0x86, 0x12, 0x16, 0x82, 0x35, 0xd8, 0x32, 0x98, 0xb0,
    0x10, 0xac, 0xc1, 0x96, 0x01, 0x85, 0x85, 0x60, 0x0d, 0xb6, 0x0c, 0x2b,
    0x2c, 0x04, 0x6b, 0xb0, 0x65, 0x60, 0x61, 0x21, 0x58, 0x83, 0x2d, 0x83,
    0x0b, 0x0b, 0xc1, 0x1a, 0x6c, 0x19, 0x62, 0x58, 0x08, 0xd6, 0x60, 0xcb,
    0x20, 0xc3, 0x42, 0xb0, 0x06, 0x5b, 0x06, 0x1a, 0x16, 0x82, 0x35, 0xd8,
    0x32, 0xdc, 0xb0, 0x10, 0xac, 0xc1, 0x96, 0x01, 0x87, 0x85, 0x60, 0x0d,
    0xb6, 0x0c, 0x3a, 0x2c, 0x04, 0x6b, 0xb0, 0x65, 0x08, 0x63, 0x21, 0x58,
    0x83, 0x2d, 0x83, 0x18, 0x0b, 0xc1, 0x1a, 0x6c, 0x19, 0xc8, 0x58, 0x08,
    0xd6, 0x60, 0xcb, 0x70, 0xc6, 0x42, 0xb0, 0x06, 0x5b, 0x06, 0x34, 0x16,
    0x82, 0x35, 0xd8, 0x32, 0xa8, 0xb1, 0x10, 0xac, 0xc1, 0x96, 0xa1, 0x8d,
    0x85, 0x60, 0x0d, 0xb6, 0x0c, 0x6e, 0x2c, 0x04, 0x6b, 0xb0, 0x65, 0x80,
    0x63, 0x21, 0x58, 0x83, 0x2d, 0xc3, 0x1c, 0x0b, 0xc1, 0x1a, 0x6c, 0x19,
    0xe8, 0x58, 0x08, 0xd6, 0x60, 0xcb, 0x60, 0xc7, 0x42, 0xb0, 0x06, 0x5b,
    0x86, 0x3e, 0x16, 0x82, 0x35, 0xd8, 0x32, 0xf8, 0xb1, 0x10, 0xac, 0xc1,
    0x96, 0x01, 0x94, 0x85, 0x60, 0x0d, 0xb6, 0x0c, 0xa3, 0x2c, 0x04, 0x6b,
    0xb0, 0x65, 0x20, 0x65, 0x21, 0x58, 0x83, 0x2d, 0x83, 0x29, 0x0b, 0xc1,
    0x1a, 0x6c, 0x19, 0x52, 0x59, 0x08, 0xd6, 0x60, 0xcb, 0xa0, 0xca, 0x42,
    0xb0, 0x06, 0x5b, 0x06, 0x56, 0x16, 0x82, 0x35, 0xd8, 0x32, 0xbc, 0xb2,
    0x10, 0xac, 0xc1, 0x96, 0x01, 0x96, 0x85, 0x60, 0x0d, 0xb6, 0x0c, 0xb2,
    0x2c, 0x04, 0x6b, 0xb0, 0x65, 0xc8, 0x65, 0x21, 0x58, 0x83, 0x2d, 0x83,
    0x2e, 0x0b, 0xc1, 0x1a, 0x6c, 0x19, 0x78, 0x59, 0x08, 0xd6, 0x60, 0xcb,
    0xf0, 0xcb, 0x42, 0xb0, 0x06, 0x5b, 0x06, 0x70, 0x16, 0x82, 0x35, 0xd8,
    0x32, 0x88, 0xb3, 0x10, 0xac, 0xc1, 0x96, 0xa1, 0x9c, 0x85, 0x60, 0x0d,
    0xb6, 0x0c, 0xe6, 0x2c, 0x04, 0x6b, 0xb0, 0x65, 0x40, 0x67, 0x21, 0x58,
    0x83, 0x2d, 0xc3, 0x3a, 0x0b, 0xc1, 0x1a, 0x6c, 0x19, 0xd8, 0x59, 0x08,
    0xd6, 0x60, 0xcb, 0xe0, 0xce, 0x42, 0xb0, 0x06, 0x5b, 0x86, 0x7a, 0x16,
    0x82, 0x35, 0xd8, 0x32, 0xd8, 0xb3, 0x10, 0xac, 0xc1, 0x96, 0x01, 0x9f,
    0x85, 0x60, 0x0d, 0xb6, 0x0c, 0xfb, 0x2c, 0x04, 0x6b, 0xb0, 0x65, 0xe0,
    0x67, 0x21, 0x58, 0x83, 0x2d, 0x83, 0x3f, 0x0b, 0xc1, 0x1a, 0x6c, 0x19,
    0x42, 0x5a, 0x08, 0xd6, 0x60, 0xcb, 0x20, 0xd2, 0x42, 0xb0, 0x06, 0x5b,
    0x06, 0x92, 0x16, 0x82, 0x35, 0xd8, 0x32, 0x9c, 0xb4, 0x10, 0xac, 0xc1,
    0x96, 0x01, 0xa5, 0x85, 0x60, 0x0d, 0xb6, 0x0c, 0x2a, 0x2d, 0x04, 0x6b,
    0xb0, 0x65, 0x88, 0x69, 0x21, 0x58, 0x83, 0x2d, 0x83, 0x4c, 0x0b, 0xc1,
    0x1a, 0x6c, 0x19, 0x68, 0x5a, 0x08, 0xd6, 0x60, 0xcb, 0x70, 0xd3, 0x42,
    0xb0, 0x06, 0x5b, 0x06, 0x9c, 0x16, 0x82, 0x35, 0xd8, 0x32, 0xe8, 0xb4,
    0x10, 0xac, 0xc1, 0x96, 0xa1, 0xa7, 0x85, 0x60, 0x0d, 0xb6, 0x0c, 0x3e,
    0x2d, 0x04, 0x6b, 0xb0, 0x65, 0x00, 0x6b, 0x21, 0x58, 0x83, 0x2d, 0xc3,
    0x58, 0x0b, 0xc1, 0x1a, 0x6c, 0x19, 0xc8, 0x5a, 0x08, 0xd6, 0x60, 0xcb,
    0x60, 0xd6, 0x42, 0xb0, 0x06, 0x5b, 0x86, 0xb5, 0x16, 0x82, 0x35, 0xd8,
    0x32, 0xb0, 0xb5, 0x10, 0xac, 0xc1, 0x96, 0xc1, 0xad, 0x85, 0x60, 0x0d,
    0xb6, 0x0c, 0x6f, 0x2d, 0x04, 0x6b, 0xb0, 0x65, 0x80, 0x6b, 0x21, 0x58,
    0x83, 0x2d, 0x83, 0x5c, 0x0b, 0xc1, 0x1a, 0x6c, 0x19, 0xe6, 0x5a, 0x08,
    0xd6, 0x60, 0xcb, 0x40, 0xd7, 0x42, 0xb0, 0x06, 0x5b, 0x06, 0xbb, 0x16,
    0x82, 0x35, 0xd8, 0x32, 0xdc, 0xb5, 0x10, 0xac, 0xc1, 0x96, 0x01, 0xaf,
    0x85, 0x60, 0x0d, 0xb6, 0x0c, 0x7a, 0x2d, 0x04, 0x6b, 0x00, 0x00, 0x00,
    0x00, 0x00, 0x00, 0x00, 0x00, 0x00, 0x00, 0x00,
};
static const size_t kGgmlD3d12MmvQ6K4ColT128DxilSize = 20864;
// clang-format on
