Reusing existing test certificate ...
Certificate thumbprint: 89F82DB72C9AB8BE8E92B6A3B1F016F3CCA0884D
PFX: C:\Users\hjotha\worktrees\xllama-mtp-fast\uwp\xllama-test.pfx
CER: C:\Users\hjotha\worktrees\xllama-mtp-fast\uwp\xllama-test.cer
Using MSBuild: C:\Program Files\Microsoft Visual Studio\2022\Community\MSBuild\Current\Bin\MSBuild.exe
[33;1mWARNING: VC++ CRT redist directory not found. onnxruntime may fail in AppContainer on Xbox.[0m
Restoring NuGet packages ...
MSBuild auto-detection: using msbuild version '17.14.60.43110' from 'C:\Program Files\Microsoft Visual Studio\2022\Community\MSBuild\Current\Bin'.
All packages listed in packages.config are already installed.
  GET https://api.nuget.org/v3/vulnerabilities/index.json
  OK https://api.nuget.org/v3/vulnerabilities/index.json 419ms
  GET https://api.nuget.org/v3-vulnerabilities/2026.10.06.23.47.38/vulnerability.base.json
  GET https://api.nuget.org/v3-vulnerabilities/2026.10.06.23.47.38/2026.10.06.23.47.38/vulnerability.update.json
  OK https://api.nuget.org/v3-vulnerabilities/2026.10.06.23.47.38/vulnerability.base.json 586ms
  OK https://api.nuget.org/v3-vulnerabilities/2026.10.06.23.47.38/2026.10.06.23.47.38/vulnerability.update.json 1267ms
Version stamped (AppxManifest.xml): 1.6.0.124 (revision = build 124)
Building Release|x64 ...
Backend: unified (links the static ggml/llama lib)
Pre-building ggml-uwp.vcxproj (Release|x64) ...
Build started 10/7/2026 3:09:58 PM.

     1>Project "C:\Users\hjotha\worktrees\xllama-mtp-fast\uwp\ggml-uwp.vcxproj" on node 1 (Build target(s)).
     1>PrepareForBuild:
         Structured output is enabled. The formatting of compiler diagnostics will reflect the error hierarchy. See https://aka.ms/cpp/structured-output for more details.
       GetInstalledSDKLocations:
         Searching for SDKs targeting "UAP, 10.0.26100.0".
         Searching for SDKs targeting "Windows, 8.1".
       ResolveSDKReferences:
           Reading SDK manifest file "C:\Program Files (x86)\Microsoft SDKs\Windows Kits\10\ExtensionSDKs\Microsoft.VCLibs\14.0\SDKManifest.xml".
           Targeted configuration and architecture "Retail|x64"
           Could not find "FrameworkIdentity" attribute "FrameworkIdentity-Retail-x64" in the SDK manifest. 
           Found "FrameworkIdentity" attribute "Name = Microsoft.VCLibs.140.00, MinVersion = 14.0.33519.0, Publisher = 'CN=Microsoft Corporation, O=Microsoft Corporation, L=Redmond, S=Washington, C=US'" in the SDK manifest.
           Found "APPX" location attribute "AppX-Retail-x86=.\AppX\Retail\x86\Microsoft.VCLibs.x86.14.00.appx" in the SDK manifest.
           Found "APPX" location attribute "AppX-Retail-x64=.\AppX\Retail\x64\Microsoft.VCLibs.x64.14.00.appx" in the SDK manifest.
           Found "APPX" location attribute "AppX-Retail-ARM=.\AppX\Retail\ARM\Microsoft.VCLibs.ARM.14.00.appx" in the SDK manifest.
           Found "APPX" location attribute "AppX-Retail-ARM64=.\AppX\Retail\ARM64\Microsoft.VCLibs.ARM64.14.00.appx" in the SDK manifest.
       ExpandSDKReferences:
         Enumerating SDK Reference "Microsoft.VCLibs, Version=14.0" from "C:\Program Files (x86)\Microsoft SDKs\Windows Kits\10\ExtensionSDKs\Microsoft.VCLibs\14.0\".
       InitializeBuildStatus:
         Creating "C:\Users\hjotha\worktrees\xllama-mtp-fast\uwp\ggml-uwp-final\x64\Release\ggml-uwp.tlog\unsuccessfulbuild" because "AlwaysCreate" was specified.
         Touching "C:\Users\hjotha\worktrees\xllama-mtp-fast\uwp\ggml-uwp-final\x64\Release\ggml-uwp.tlog\unsuccessfulbuild".
       GenerateGgmlVersion:
         cmake -DGGML_SOURCE_DIR="C:\Users\hjotha\worktrees\xllama-mtp-fast\uwp\..\llama.cpp\ggml" -DOUTPUT_FILE="C:\Users\hjotha\worktrees\xllama-mtp-fast\uwp\ggml-uwp-final\x64\Release\generated\ggml-version.h" -P "C:\Users\hjotha\worktrees\xllama-mtp-fast\uwp\..\cmake\GenerateGgmlVersion.cmake"
       ClCompile:
         All outputs are up-to-date.
         All outputs are up-to-date.
         All outputs are up-to-date.
         All outputs are up-to-date.
         All outputs are up-to-date.
         C:\Program Files\Microsoft Visual Studio\2022\Community\VC\Tools\MSVC\14.44.35207\bin\HostX64\x64\CL.exe /c /I"C:\Users\hjotha\worktrees\xllama-mtp-fast\uwp\ggml-uwp-final\x64\Release\generated" /I"C:\Users\hjotha\worktrees\xllama-mtp-fast\uwp\..\llama.cpp\include" /I"C:\Users\hjotha\worktrees\xllama-mtp-fast\uwp\..\llama.cpp\src" /I"C:\Users\hjotha\worktrees\xllama-mtp-fast\uwp\..\llama.cpp\ggml\include" /I"C:\Users\hjotha\worktrees\xllama-mtp-fast\uwp\..\llama.cpp\ggml\src" /I"C:\Users\hjotha\worktrees\xllama-mtp-fast\uwp\..\llama.cpp\ggml\src\ggml-cpu" /I"C:\Users\hjotha\worktrees\xllama-mtp-fast\uwp\\" /I"Generated Files\\" /I"C:\Users\hjotha\worktrees\xllama-mtp-fast\uwp\ggml-uwp-final\x64\Release\\" /Zi /nologo /W3 /WX- /diagnostics:column /sdl /MP /O2 /Oi /Ot /Oy- /GL /D XLLAMA_UWP=1 /D NOMINMAX /D WIN32_LEAN_AND_MEAN /D _CRT_SECURE_NO_WARNINGS /D GGML_USE_CPU /D GGML_USE_CPU_REPACK /D GGML_STATIC /D GGML_SCHED_MAX_COPIES=4 /D _UNICODE /D UNICODE /D WINAPI_FAMILY=WINAPI_FAMILY_APP /D __WRL_NO_DEFAULT_LIB__ /Gm- /EHsc /MD /GS /Gy /fp:precise /Zc:wchar_t /Zc:forScope /Zc:inline /std:c++17 /Fo"C:\Users\hjotha\worktrees\xllama-mtp-fast\uwp\ggml-uwp-final\x64\Release\..\llama.cpp\ggml\src\ggml-cpu\\" /Fd"C:\Users\hjotha\worktrees\xllama-mtp-fast\uwp\x64\Release\ggml-uwp\ggml-uwp.pdb" /external:W3 /Gd /TP /FU"C:\Program Files\Microsoft Visual Studio\2022\Community\VC\Tools\MSVC\14.44.35207\lib\x86\store\references\platform.winmd" /analyze- /FC /errorReport:queue /arch:AVX2 /Oi /Ot /utf-8 /bigobj /utf-8 /bigobj "..\llama.cpp\ggml\src\ggml-cpu\ops.cpp"
         ops.cpp
     1>C:\Users\hjotha\worktrees\xllama-mtp-fast\llama.cpp\ggml\src\ggml-impl.h(775,108): warning C4267: 'argument': conversion from 'size_t' to 'int', possible loss of data [C:\Users\hjotha\worktrees\xllama-mtp-fast\uwp\ggml-uwp.vcxproj]
         (compiling source file '../llama.cpp/ggml/src/ggml-cpu/ops.cpp')
         
     1>C:\Users\hjotha\worktrees\xllama-mtp-fast\llama.cpp\ggml\src\ggml-impl.h(775,62): warning C4267: 'argument': conversion from 'size_t' to 'int', possible loss of data [C:\Users\hjotha\worktrees\xllama-mtp-fast\uwp\ggml-uwp.vcxproj]
         (compiling source file '../llama.cpp/ggml/src/ggml-cpu/ops.cpp')
         
     1>C:\Users\hjotha\worktrees\xllama-mtp-fast\llama.cpp\ggml\src\ggml-cpu\common.h(35,12): warning C4244: 'return': conversion from 'int32_t' to 'float', possible loss of data [C:\Users\hjotha\worktrees\xllama-mtp-fast\uwp\ggml-uwp.vcxproj]
         (compiling source file '../llama.cpp/ggml/src/ggml-cpu/ops.cpp')
         
     1>C:\Users\hjotha\worktrees\xllama-mtp-fast\llama.cpp\ggml\src\ggml-cpu\common.h(39,12): warning C4244: 'return': conversion from 'float' to 'int32_t', possible loss of data [C:\Users\hjotha\worktrees\xllama-mtp-fast\uwp\ggml-uwp.vcxproj]
         (compiling source file '../llama.cpp/ggml/src/ggml-cpu/ops.cpp')
         
     1>C:\Users\hjotha\worktrees\xllama-mtp-fast\llama.cpp\ggml\src\ggml-cpu\ops.cpp(36,40): warning C4244: 'initializing': conversion from 'int64_t' to 'int', possible loss of data [C:\Users\hjotha\worktrees\xllama-mtp-fast\uwp\ggml-uwp.vcxproj]
     1>C:\Users\hjotha\worktrees\xllama-mtp-fast\llama.cpp\ggml\src\ggml-cpu\ops.cpp(36,18): warning C4244: 'initializing': conversion from 'int64_t' to 'const int', possible loss of data [C:\Users\hjotha\worktrees\xllama-mtp-fast\uwp\ggml-uwp.vcxproj]
     1>C:\Users\hjotha\worktrees\xllama-mtp-fast\llama.cpp\ggml\src\ggml-cpu\ops.cpp(350,20): warning C4244: 'initializing': conversion from 'const int64_t' to 'int', possible loss of data [C:\Users\hjotha\worktrees\xllama-mtp-fast\uwp\ggml-uwp.vcxproj]
     1>C:\Users\hjotha\worktrees\xllama-mtp-fast\llama.cpp\ggml\src\ggml-cpu\ops.cpp(350,18): warning C4244: 'initializing': conversion from 'const int64_t' to 'const int', possible loss of data [C:\Users\hjotha\worktrees\xllama-mtp-fast\uwp\ggml-uwp.vcxproj]
     1>C:\Users\hjotha\worktrees\xllama-mtp-fast\llama.cpp\ggml\src\ggml-cpu\ops.cpp(501,34): warning C4244: 'initializing': conversion from 'int64_t' to 'int', possible loss of data [C:\Users\hjotha\worktrees\xllama-mtp-fast\uwp\ggml-uwp.vcxproj]
     1>C:\Users\hjotha\worktrees\xllama-mtp-fast\llama.cpp\ggml\src\ggml-cpu\ops.cpp(501,18): warning C4244: 'initializing': conversion from 'int64_t' to 'const int', possible loss of data [C:\Users\hjotha\worktrees\xllama-mtp-fast\uwp\ggml-uwp.vcxproj]
     1>C:\Users\hjotha\worktrees\xllama-mtp-fast\llama.cpp\ggml\src\ggml-cpu\ops.cpp(505,21): warning C4244: 'initializing': conversion from 'int64_t' to 'int', possible loss of data [C:\Users\hjotha\worktrees\xllama-mtp-fast\uwp\ggml-uwp.vcxproj]
     1>C:\Users\hjotha\worktrees\xllama-mtp-fast\llama.cpp\ggml\src\ggml-cpu\ops.cpp(505,19): warning C4244: 'initializing': conversion from 'int64_t' to 'const int', possible loss of data [C:\Users\hjotha\worktrees\xllama-mtp-fast\uwp\ggml-uwp.vcxproj]
     1>C:\Users\hjotha\worktrees\xllama-mtp-fast\llama.cpp\ggml\src\ggml-cpu\ops.cpp(509,20): warning C4267: 'initializing': conversion from 'size_t' to 'uint32_t', possible loss of data [C:\Users\hjotha\worktrees\xllama-mtp-fast\uwp\ggml-uwp.vcxproj]
     1>C:\Users\hjotha\worktrees\xllama-mtp-fast\llama.cpp\ggml\src\ggml-cpu\ops.cpp(590,31): warning C4244: 'initializing': conversion from 'int64_t' to 'int', possible loss of data [C:\Users\hjotha\worktrees\xllama-mtp-fast\uwp\ggml-uwp.vcxproj]
     1>C:\Users\hjotha\worktrees\xllama-mtp-fast\llama.cpp\ggml\src\ggml-cpu\ops.cpp(590,19): warning C4244: 'initializing': conversion from 'int64_t' to 'const int', possible loss of data [C:\Users\hjotha\worktrees\xllama-mtp-fast\uwp\ggml-uwp.vcxproj]
     1>C:\Users\hjotha\worktrees\xllama-mtp-fast\llama.cpp\ggml\src\ggml-cpu\ops.cpp(625,27): warning C4244: 'initializing': conversion from 'int64_t' to 'int', possible loss of data [C:\Users\hjotha\worktrees\xllama-mtp-fast\uwp\ggml-uwp.vcxproj]
     1>C:\Users\hjotha\worktrees\xllama-mtp-fast\llama.cpp\ggml\src\ggml-cpu\ops.cpp(625,23): warning C4244: 'initializing': conversion from 'int64_t' to 'const int', possible loss of data [C:\Users\hjotha\worktrees\xllama-mtp-fast\uwp\ggml-uwp.vcxproj]
     1>C:\Users\hjotha\worktrees\xllama-mtp-fast\llama.cpp\ggml\src\ggml-cpu\ops.cpp(626,45): warning C4244: 'initializing': conversion from 'int64_t' to 'int', possible loss of data [C:\Users\hjotha\worktrees\xllama-mtp-fast\uwp\ggml-uwp.vcxproj]
     1>C:\Users\hjotha\worktrees\xllama-mtp-fast\llama.cpp\ggml\src\ggml-cpu\ops.cpp(626,23): warning C4244: 'initializing': conversion from 'int64_t' to 'const int', possible loss of data [C:\Users\hjotha\worktrees\xllama-mtp-fast\uwp\ggml-uwp.vcxproj]
     1>C:\Users\hjotha\worktrees\xllama-mtp-fast\llama.cpp\ggml\src\ggml-cpu\ops.cpp(627,45): warning C4244: 'initializing': conversion from 'int64_t' to 'int', possible loss of data [C:\Users\hjotha\worktrees\xllama-mtp-fast\uwp\ggml-uwp.vcxproj]
     1>C:\Users\hjotha\worktrees\xllama-mtp-fast\llama.cpp\ggml\src\ggml-cpu\ops.cpp(627,23): warning C4244: 'initializing': conversion from 'int64_t' to 'const int', possible loss of data [C:\Users\hjotha\worktrees\xllama-mtp-fast\uwp\ggml-uwp.vcxproj]
     1>C:\Users\hjotha\worktrees\xllama-mtp-fast\llama.cpp\ggml\src\ggml-cpu\ops.cpp(647,26): warning C4244: 'argument': conversion from 'const int64_t' to 'const int', possible loss of data [C:\Users\hjotha\worktrees\xllama-mtp-fast\uwp\ggml-uwp.vcxproj]
     1>C:\Users\hjotha\worktrees\xllama-mtp-fast\llama.cpp\ggml\src\ggml-cpu\ops.cpp(728,31): warning C4244: 'initializing': conversion from 'int64_t' to 'int', possible loss of data [C:\Users\hjotha\worktrees\xllama-mtp-fast\uwp\ggml-uwp.vcxproj]
     1>C:\Users\hjotha\worktrees\xllama-mtp-fast\llama.cpp\ggml\src\ggml-cpu\ops.cpp(728,19): warning C4244: 'initializing': conversion from 'int64_t' to 'const int', possible loss of data [C:\Users\hjotha\worktrees\xllama-mtp-fast\uwp\ggml-uwp.vcxproj]
     1>C:\Users\hjotha\worktrees\xllama-mtp-fast\llama.cpp\ggml\src\ggml-cpu\ops.cpp(744,26): warning C4244: 'initializing': conversion from 'int64_t' to 'int', possible loss of data [C:\Users\hjotha\worktrees\xllama-mtp-fast\uwp\ggml-uwp.vcxproj]
     1>C:\Users\hjotha\worktrees\xllama-mtp-fast\llama.cpp\ggml\src\ggml-cpu\ops.cpp(744,22): warning C4244: 'initializing': conversion from 'int64_t' to 'const int', possible loss of data [C:\Users\hjotha\worktrees\xllama-mtp-fast\uwp\ggml-uwp.vcxproj]
     1>C:\Users\hjotha\worktrees\xllama-mtp-fast\llama.cpp\ggml\src\ggml-cpu\ops.cpp(745,41): warning C4244: 'initializing': conversion from 'int64_t' to 'int', possible loss of data [C:\Users\hjotha\worktrees\xllama-mtp-fast\uwp\ggml-uwp.vcxproj]
     1>C:\Users\hjotha\worktrees\xllama-mtp-fast\llama.cpp\ggml\src\ggml-cpu\ops.cpp(745,22): warning C4244: 'initializing': conversion from 'int64_t' to 'const int', possible loss of data [C:\Users\hjotha\worktrees\xllama-mtp-fast\uwp\ggml-uwp.vcxproj]
     1>C:\Users\hjotha\worktrees\xllama-mtp-fast\llama.cpp\ggml\src\ggml-cpu\ops.cpp(746,41): warning C4244: 'initializing': conversion from 'int64_t' to 'int', possible loss of data [C:\Users\hjotha\worktrees\xllama-mtp-fast\uwp\ggml-uwp.vcxproj]
     1>C:\Users\hjotha\worktrees\xllama-mtp-fast\llama.cpp\ggml\src\ggml-cpu\ops.cpp(746,22): warning C4244: 'initializing': conversion from 'int64_t' to 'const int', possible loss of data [C:\Users\hjotha\worktrees\xllama-mtp-fast\uwp\ggml-uwp.vcxproj]
     1>C:\Users\hjotha\worktrees\xllama-mtp-fast\llama.cpp\ggml\src\ggml-cpu\ops.cpp(753,26): warning C4244: 'argument': conversion from 'const int64_t' to 'const int', possible loss of data [C:\Users\hjotha\worktrees\xllama-mtp-fast\uwp\ggml-uwp.vcxproj]
     1>C:\Users\hjotha\worktrees\xllama-mtp-fast\llama.cpp\ggml\src\ggml-cpu\ops.cpp(793,31): warning C4244: 'initializing': conversion from 'int64_t' to 'int', possible loss of data [C:\Users\hjotha\worktrees\xllama-mtp-fast\uwp\ggml-uwp.vcxproj]
     1>C:\Users\hjotha\worktrees\xllama-mtp-fast\llama.cpp\ggml\src\ggml-cpu\ops.cpp(793,19): warning C4244: 'initializing': conversion from 'int64_t' to 'const int', possible loss of data [C:\Users\hjotha\worktrees\xllama-mtp-fast\uwp\ggml-uwp.vcxproj]
     1>C:\Users\hjotha\worktrees\xllama-mtp-fast\llama.cpp\ggml\src\ggml-cpu\ops.cpp(809,26): warning C4244: 'initializing': conversion from 'int64_t' to 'int', possible loss of data [C:\Users\hjotha\worktrees\xllama-mtp-fast\uwp\ggml-uwp.vcxproj]
     1>C:\Users\hjotha\worktrees\xllama-mtp-fast\llama.cpp\ggml\src\ggml-cpu\ops.cpp(809,22): warning C4244: 'initializing': conversion from 'int64_t' to 'const int', possible loss of data [C:\Users\hjotha\worktrees\xllama-mtp-fast\uwp\ggml-uwp.vcxproj]
     1>C:\Users\hjotha\worktrees\xllama-mtp-fast\llama.cpp\ggml\src\ggml-cpu\ops.cpp(810,41): warning C4244: 'initializing': conversion from 'int64_t' to 'int', possible loss of data [C:\Users\hjotha\worktrees\xllama-mtp-fast\uwp\ggml-uwp.vcxproj]
     1>C:\Users\hjotha\worktrees\xllama-mtp-fast\llama.cpp\ggml\src\ggml-cpu\ops.cpp(810,22): warning C4244: 'initializing': conversion from 'int64_t' to 'const int', possible loss of data [C:\Users\hjotha\worktrees\xllama-mtp-fast\uwp\ggml-uwp.vcxproj]
     1>C:\Users\hjotha\worktrees\xllama-mtp-fast\llama.cpp\ggml\src\ggml-cpu\ops.cpp(811,41): warning C4244: 'initializing': conversion from 'int64_t' to 'int', possible loss of data [C:\Users\hjotha\worktrees\xllama-mtp-fast\uwp\ggml-uwp.vcxproj]
     1>C:\Users\hjotha\worktrees\xllama-mtp-fast\llama.cpp\ggml\src\ggml-cpu\ops.cpp(811,22): warning C4244: 'initializing': conversion from 'int64_t' to 'const int', possible loss of data [C:\Users\hjotha\worktrees\xllama-mtp-fast\uwp\ggml-uwp.vcxproj]
     1>C:\Users\hjotha\worktrees\xllama-mtp-fast\llama.cpp\ggml\src\ggml-cpu\ops.cpp(822,27): warning C4244: 'argument': conversion from 'const int64_t' to 'const int', possible loss of data [C:\Users\hjotha\worktrees\xllama-mtp-fast\uwp\ggml-uwp.vcxproj]
     1>C:\Users\hjotha\worktrees\xllama-mtp-fast\llama.cpp\ggml\src\ggml-cpu\ops.cpp(846,31): warning C4244: 'initializing': conversion from 'int64_t' to 'int', possible loss of data [C:\Users\hjotha\worktrees\xllama-mtp-fast\uwp\ggml-uwp.vcxproj]
     1>C:\Users\hjotha\worktrees\xllama-mtp-fast\llama.cpp\ggml\src\ggml-cpu\ops.cpp(846,19): warning C4244: 'initializing': conversion from 'int64_t' to 'const int', possible loss of data [C:\Users\hjotha\worktrees\xllama-mtp-fast\uwp\ggml-uwp.vcxproj]
     1>C:\Users\hjotha\worktrees\xllama-mtp-fast\llama.cpp\ggml\src\ggml-cpu\ops.cpp(866,26): warning C4244: 'initializing': conversion from 'int64_t' to 'int', possible loss of data [C:\Users\hjotha\worktrees\xllama-mtp-fast\uwp\ggml-uwp.vcxproj]
     1>C:\Users\hjotha\worktrees\xllama-mtp-fast\llama.cpp\ggml\src\ggml-cpu\ops.cpp(866,22): warning C4244: 'initializing': conversion from 'int64_t' to 'const int', possible loss of data [C:\Users\hjotha\worktrees\xllama-mtp-fast\uwp\ggml-uwp.vcxproj]
     1>C:\Users\hjotha\worktrees\xllama-mtp-fast\llama.cpp\ggml\src\ggml-cpu\ops.cpp(867,41): warning C4244: 'initializing': conversion from 'int64_t' to 'int', possible loss of data [C:\Users\hjotha\worktrees\xllama-mtp-fast\uwp\ggml-uwp.vcxproj]
     1>C:\Users\hjotha\worktrees\xllama-mtp-fast\llama.cpp\ggml\src\ggml-cpu\ops.cpp(867,22): warning C4244: 'initializing': conversion from 'int64_t' to 'const int', possible loss of data [C:\Users\hjotha\worktrees\xllama-mtp-fast\uwp\ggml-uwp.vcxproj]
     1>C:\Users\hjotha\worktrees\xllama-mtp-fast\llama.cpp\ggml\src\ggml-cpu\ops.cpp(868,41): warning C4244: 'initializing': conversion from 'int64_t' to 'int', possible loss of data [C:\Users\hjotha\worktrees\xllama-mtp-fast\uwp\ggml-uwp.vcxproj]
     1>C:\Users\hjotha\worktrees\xllama-mtp-fast\llama.cpp\ggml\src\ggml-cpu\ops.cpp(868,22): warning C4244: 'initializing': conversion from 'int64_t' to 'const int', possible loss of data [C:\Users\hjotha\worktrees\xllama-mtp-fast\uwp\ggml-uwp.vcxproj]
     1>C:\Users\hjotha\worktrees\xllama-mtp-fast\llama.cpp\ggml\src\ggml-cpu\ops.cpp(894,31): warning C4244: 'initializing': conversion from 'int64_t' to 'int', possible loss of data [C:\Users\hjotha\worktrees\xllama-mtp-fast\uwp\ggml-uwp.vcxproj]
     1>C:\Users\hjotha\worktrees\xllama-mtp-fast\llama.cpp\ggml\src\ggml-cpu\ops.cpp(894,19): warning C4244: 'initializing': conversion from 'int64_t' to 'const int', possible loss of data [C:\Users\hjotha\worktrees\xllama-mtp-fast\uwp\ggml-uwp.vcxproj]
     1>C:\Users\hjotha\worktrees\xllama-mtp-fast\llama.cpp\ggml\src\ggml-cpu\ops.cpp(914,26): warning C4244: 'initializing': conversion from 'int64_t' to 'int', possible loss of data [C:\Users\hjotha\worktrees\xllama-mtp-fast\uwp\ggml-uwp.vcxproj]
     1>C:\Users\hjotha\worktrees\xllama-mtp-fast\llama.cpp\ggml\src\ggml-cpu\ops.cpp(914,22): warning C4244: 'initializing': conversion from 'int64_t' to 'const int', possible loss of data [C:\Users\hjotha\worktrees\xllama-mtp-fast\uwp\ggml-uwp.vcxproj]
     1>C:\Users\hjotha\worktrees\xllama-mtp-fast\llama.cpp\ggml\src\ggml-cpu\ops.cpp(915,41): warning C4244: 'initializing': conversion from 'int64_t' to 'int', possible loss of data [C:\Users\hjotha\worktrees\xllama-mtp-fast\uwp\ggml-uwp.vcxproj]
     1>C:\Users\hjotha\worktrees\xllama-mtp-fast\llama.cpp\ggml\src\ggml-cpu\ops.cpp(915,22): warning C4244: 'initializing': conversion from 'int64_t' to 'const int', possible loss of data [C:\Users\hjotha\worktrees\xllama-mtp-fast\uwp\ggml-uwp.vcxproj]
     1>C:\Users\hjotha\worktrees\xllama-mtp-fast\llama.cpp\ggml\src\ggml-cpu\ops.cpp(916,41): warning C4244: 'initializing': conversion from 'int64_t' to 'int', possible loss of data [C:\Users\hjotha\worktrees\xllama-mtp-fast\uwp\ggml-uwp.vcxproj]
     1>C:\Users\hjotha\worktrees\xllama-mtp-fast\llama.cpp\ggml\src\ggml-cpu\ops.cpp(916,22): warning C4244: 'initializing': conversion from 'int64_t' to 'const int', possible loss of data [C:\Users\hjotha\worktrees\xllama-mtp-fast\uwp\ggml-uwp.vcxproj]
     1>C:\Users\hjotha\worktrees\xllama-mtp-fast\llama.cpp\ggml\src\ggml-cpu\ops.cpp(942,31): warning C4244: 'initializing': conversion from 'int64_t' to 'int', possible loss of data [C:\Users\hjotha\worktrees\xllama-mtp-fast\uwp\ggml-uwp.vcxproj]
     1>C:\Users\hjotha\worktrees\xllama-mtp-fast\llama.cpp\ggml\src\ggml-cpu\ops.cpp(942,19): warning C4244: 'initializing': conversion from 'int64_t' to 'const int', possible loss of data [C:\Users\hjotha\worktrees\xllama-mtp-fast\uwp\ggml-uwp.vcxproj]
     1>C:\Users\hjotha\worktrees\xllama-mtp-fast\llama.cpp\ggml\src\ggml-cpu\ops.cpp(973,26): warning C4244: 'initializing': conversion from 'int64_t' to 'int', possible loss of data [C:\Users\hjotha\worktrees\xllama-mtp-fast\uwp\ggml-uwp.vcxproj]
     1>C:\Users\hjotha\worktrees\xllama-mtp-fast\llama.cpp\ggml\src\ggml-cpu\ops.cpp(973,22): warning C4244: 'initializing': conversion from 'int64_t' to 'const int', possible loss of data [C:\Users\hjotha\worktrees\xllama-mtp-fast\uwp\ggml-uwp.vcxproj]
     1>C:\Users\hjotha\worktrees\xllama-mtp-fast\llama.cpp\ggml\src\ggml-cpu\ops.cpp(974,41): warning C4244: 'initializing': conversion from 'int64_t' to 'int', possible loss of data [C:\Users\hjotha\worktrees\xllama-mtp-fast\uwp\ggml-uwp.vcxproj]
     1>C:\Users\hjotha\worktrees\xllama-mtp-fast\llama.cpp\ggml\src\ggml-cpu\ops.cpp(974,22): warning C4244: 'initializing': conversion from 'int64_t' to 'const int', possible loss of data [C:\Users\hjotha\worktrees\xllama-mtp-fast\uwp\ggml-uwp.vcxproj]
     1>C:\Users\hjotha\worktrees\xllama-mtp-fast\llama.cpp\ggml\src\ggml-cpu\ops.cpp(975,41): warning C4244: 'initializing': conversion from 'int64_t' to 'int', possible loss of data [C:\Users\hjotha\worktrees\xllama-mtp-fast\uwp\ggml-uwp.vcxproj]
     1>C:\Users\hjotha\worktrees\xllama-mtp-fast\llama.cpp\ggml\src\ggml-cpu\ops.cpp(975,22): warning C4244: 'initializing': conversion from 'int64_t' to 'const int', possible loss of data [C:\Users\hjotha\worktrees\xllama-mtp-fast\uwp\ggml-uwp.vcxproj]
     1>C:\Users\hjotha\worktrees\xllama-mtp-fast\llama.cpp\ggml\src\ggml-cpu\ops.cpp(985,27): warning C4244: 'argument': conversion from 'const int64_t' to 'const int', possible loss of data [C:\Users\hjotha\worktrees\xllama-mtp-fast\uwp\ggml-uwp.vcxproj]
     1>C:\Users\hjotha\worktrees\xllama-mtp-fast\llama.cpp\ggml\src\ggml-cpu\ops.cpp(1007,31): warning C4244: 'initializing': conversion from 'int64_t' to 'int', possible loss of data [C:\Users\hjotha\worktrees\xllama-mtp-fast\uwp\ggml-uwp.vcxproj]
     1>C:\Users\hjotha\worktrees\xllama-mtp-fast\llama.cpp\ggml\src\ggml-cpu\ops.cpp(1007,19): warning C4244: 'initializing': conversion from 'int64_t' to 'const int', possible loss of data [C:\Users\hjotha\worktrees\xllama-mtp-fast\uwp\ggml-uwp.vcxproj]
     1>C:\Users\hjotha\worktrees\xllama-mtp-fast\llama.cpp\ggml\src\ggml-cpu\ops.cpp(1027,26): warning C4244: 'initializing': conversion from 'int64_t' to 'int', possible loss of data [C:\Users\hjotha\worktrees\xllama-mtp-fast\uwp\ggml-uwp.vcxproj]
     1>C:\Users\hjotha\worktrees\xllama-mtp-fast\llama.cpp\ggml\src\ggml-cpu\ops.cpp(1027,22): warning C4244: 'initializing': conversion from 'int64_t' to 'const int', possible loss of data [C:\Users\hjotha\worktrees\xllama-mtp-fast\uwp\ggml-uwp.vcxproj]
     1>C:\Users\hjotha\worktrees\xllama-mtp-fast\llama.cpp\ggml\src\ggml-cpu\ops.cpp(1028,41): warning C4244: 'initializing': conversion from 'int64_t' to 'int', possible loss of data [C:\Users\hjotha\worktrees\xllama-mtp-fast\uwp\ggml-uwp.vcxproj]
     1>C:\Users\hjotha\worktrees\xllama-mtp-fast\llama.cpp\ggml\src\ggml-cpu\ops.cpp(1028,22): warning C4244: 'initializing': conversion from 'int64_t' to 'const int', possible loss of data [C:\Users\hjotha\worktrees\xllama-mtp-fast\uwp\ggml-uwp.vcxproj]
     1>C:\Users\hjotha\worktrees\xllama-mtp-fast\llama.cpp\ggml\src\ggml-cpu\ops.cpp(1029,41): warning C4244: 'initializing': conversion from 'int64_t' to 'int', possible loss of data [C:\Users\hjotha\worktrees\xllama-mtp-fast\uwp\ggml-uwp.vcxproj]
     1>C:\Users\hjotha\worktrees\xllama-mtp-fast\llama.cpp\ggml\src\ggml-cpu\ops.cpp(1029,22): warning C4244: 'initializing': conversion from 'int64_t' to 'const int', possible loss of data [C:\Users\hjotha\worktrees\xllama-mtp-fast\uwp\ggml-uwp.vcxproj]
     1>C:\Users\hjotha\worktrees\xllama-mtp-fast\llama.cpp\ggml\src\ggml-cpu\ops.cpp(1055,31): warning C4244: 'initializing': conversion from 'int64_t' to 'int', possible loss of data [C:\Users\hjotha\worktrees\xllama-mtp-fast\uwp\ggml-uwp.vcxproj]
     1>C:\Users\hjotha\worktrees\xllama-mtp-fast\llama.cpp\ggml\src\ggml-cpu\ops.cpp(1055,19): warning C4244: 'initializing': conversion from 'int64_t' to 'const int', possible loss of data [C:\Users\hjotha\worktrees\xllama-mtp-fast\uwp\ggml-uwp.vcxproj]
     1>C:\Users\hjotha\worktrees\xllama-mtp-fast\llama.cpp\ggml\src\ggml-cpu\ops.cpp(1075,26): warning C4244: 'initializing': conversion from 'int64_t' to 'int', possible loss of data [C:\Users\hjotha\worktrees\xllama-mtp-fast\uwp\ggml-uwp.vcxproj]
     1>C:\Users\hjotha\worktrees\xllama-mtp-fast\llama.cpp\ggml\src\ggml-cpu\ops.cpp(1075,22): warning C4244: 'initializing': conversion from 'int64_t' to 'const int', possible loss of data [C:\Users\hjotha\worktrees\xllama-mtp-fast\uwp\ggml-uwp.vcxproj]
     1>C:\Users\hjotha\worktrees\xllama-mtp-fast\llama.cpp\ggml\src\ggml-cpu\ops.cpp(1076,41): warning C4244: 'initializing': conversion from 'int64_t' to 'int', possible loss of data [C:\Users\hjotha\worktrees\xllama-mtp-fast\uwp\ggml-uwp.vcxproj]
     1>C:\Users\hjotha\worktrees\xllama-mtp-fast\llama.cpp\ggml\src\ggml-cpu\ops.cpp(1076,22): warning C4244: 'initializing': conversion from 'int64_t' to 'const int', possible loss of data [C:\Users\hjotha\worktrees\xllama-mtp-fast\uwp\ggml-uwp.vcxproj]
     1>C:\Users\hjotha\worktrees\xllama-mtp-fast\llama.cpp\ggml\src\ggml-cpu\ops.cpp(1077,41): warning C4244: 'initializing': conversion from 'int64_t' to 'int', possible loss of data [C:\Users\hjotha\worktrees\xllama-mtp-fast\uwp\ggml-uwp.vcxproj]
     1>C:\Users\hjotha\worktrees\xllama-mtp-fast\llama.cpp\ggml\src\ggml-cpu\ops.cpp(1077,22): warning C4244: 'initializing': conversion from 'int64_t' to 'const int', possible loss of data [C:\Users\hjotha\worktrees\xllama-mtp-fast\uwp\ggml-uwp.vcxproj]
     1>C:\Users\hjotha\worktrees\xllama-mtp-fast\llama.cpp\ggml\src\ggml-cpu\ops.cpp(1196,30): warning C4244: 'initializing': conversion from 'int64_t' to 'int', possible loss of data [C:\Users\hjotha\worktrees\xllama-mtp-fast\uwp\ggml-uwp.vcxproj]
     1>C:\Users\hjotha\worktrees\xllama-mtp-fast\llama.cpp\ggml\src\ggml-cpu\ops.cpp(1196,18): warning C4244: 'initializing': conversion from 'int64_t' to 'const int', possible loss of data [C:\Users\hjotha\worktrees\xllama-mtp-fast\uwp\ggml-uwp.vcxproj]
     1>C:\Users\hjotha\worktrees\xllama-mtp-fast\llama.cpp\ggml\src\ggml-cpu\ops.cpp(1197,30): warning C4244: 'initializing': conversion from 'const int64_t' to 'int', possible loss of data [C:\Users\hjotha\worktrees\xllama-mtp-fast\uwp\ggml-uwp.vcxproj]
     1>C:\Users\hjotha\worktrees\xllama-mtp-fast\llama.cpp\ggml\src\ggml-cpu\ops.cpp(1197,18): warning C4244: 'initializing': conversion from 'const int64_t' to 'const int', possible loss of data [C:\Users\hjotha\worktrees\xllama-mtp-fast\uwp\ggml-uwp.vcxproj]
     1>C:\Users\hjotha\worktrees\xllama-mtp-fast\llama.cpp\ggml\src\ggml-cpu\ops.cpp(1225,26): warning C4244: 'initializing': conversion from 'int64_t' to 'int', possible loss of data [C:\Users\hjotha\worktrees\xllama-mtp-fast\uwp\ggml-uwp.vcxproj]
     1>C:\Users\hjotha\worktrees\xllama-mtp-fast\llama.cpp\ggml\src\ggml-cpu\ops.cpp(1225,22): warning C4244: 'initializing': conversion from 'int64_t' to 'const int', possible loss of data [C:\Users\hjotha\worktrees\xllama-mtp-fast\uwp\ggml-uwp.vcxproj]
     1>C:\Users\hjotha\worktrees\xllama-mtp-fast\llama.cpp\ggml\src\ggml-cpu\ops.cpp(1226,43): warning C4244: 'initializing': conversion from 'int64_t' to 'int', possible loss of data [C:\Users\hjotha\worktrees\xllama-mtp-fast\uwp\ggml-uwp.vcxproj]
     1>C:\Users\hjotha\worktrees\xllama-mtp-fast\llama.cpp\ggml\src\ggml-cpu\ops.cpp(1226,22): warning C4244: 'initializing': conversion from 'int64_t' to 'const int', possible loss of data [C:\Users\hjotha\worktrees\xllama-mtp-fast\uwp\ggml-uwp.vcxproj]
     1>C:\Users\hjotha\worktrees\xllama-mtp-fast\llama.cpp\ggml\src\ggml-cpu\ops.cpp(1227,43): warning C4244: 'initializing': conversion from 'int64_t' to 'int', possible loss of data [C:\Users\hjotha\worktrees\xllama-mtp-fast\uwp\ggml-uwp.vcxproj]
     1>C:\Users\hjotha\worktrees\xllama-mtp-fast\llama.cpp\ggml\src\ggml-cpu\ops.cpp(1227,22): warning C4244: 'initializing': conversion from 'int64_t' to 'const int', possible loss of data [C:\Users\hjotha\worktrees\xllama-mtp-fast\uwp\ggml-uwp.vcxproj]
     1>C:\Users\hjotha\worktrees\xllama-mtp-fast\llama.cpp\ggml\src\ggml-cpu\ops.cpp(1315,38): warning C4244: 'argument': conversion from 'const int64_t' to 'const int', possible loss of data [C:\Users\hjotha\worktrees\xllama-mtp-fast\uwp\ggml-uwp.vcxproj]
     1>C:\Users\hjotha\worktrees\xllama-mtp-fast\llama.cpp\ggml\src\ggml-cpu\ops.cpp(1322,32): warning C4244: '=': conversion from 'ggml_float' to 'float', possible loss of data [C:\Users\hjotha\worktrees\xllama-mtp-fast\uwp\ggml-uwp.vcxproj]
     1>C:\Users\hjotha\worktrees\xllama-mtp-fast\llama.cpp\ggml\src\ggml-cpu\ops.cpp(1348,38): warning C4244: 'argument': conversion from 'const int64_t' to 'const int', possible loss of data [C:\Users\hjotha\worktrees\xllama-mtp-fast\uwp\ggml-uwp.vcxproj]
     1>C:\Users\hjotha\worktrees\xllama-mtp-fast\llama.cpp\ggml\src\ggml-cpu\ops.cpp(1381,39): warning C4244: 'argument': conversion from 'const int64_t' to 'const int', possible loss of data [C:\Users\hjotha\worktrees\xllama-mtp-fast\uwp\ggml-uwp.vcxproj]
     1>C:\Users\hjotha\worktrees\xllama-mtp-fast\llama.cpp\ggml\src\ggml-cpu\ops.cpp(1445,29): warning C4244: 'argument': conversion from 'const int64_t' to 'const int', possible loss of data [C:\Users\hjotha\worktrees\xllama-mtp-fast\uwp\ggml-uwp.vcxproj]
     1>C:\Users\hjotha\worktrees\xllama-mtp-fast\llama.cpp\ggml\src\ggml-cpu\ops.cpp(1495,34): warning C4244: 'argument': conversion from 'const int64_t' to 'const int', possible loss of data [C:\Users\hjotha\worktrees\xllama-mtp-fast\uwp\ggml-uwp.vcxproj]
     1>C:\Users\hjotha\worktrees\xllama-mtp-fast\llama.cpp\ggml\src\ggml-cpu\ops.cpp(1549,34): warning C4244: 'argument': conversion from 'const int64_t' to 'const int', possible loss of data [C:\Users\hjotha\worktrees\xllama-mtp-fast\uwp\ggml-uwp.vcxproj]
     1>C:\Users\hjotha\worktrees\xllama-mtp-fast\llama.cpp\ggml\src\ggml-cpu\ops.cpp(1602,29): warning C4244: 'argument': conversion from 'const int64_t' to 'const int', possible loss of data [C:\Users\hjotha\worktrees\xllama-mtp-fast\uwp\ggml-uwp.vcxproj]
     1>C:\Users\hjotha\worktrees\xllama-mtp-fast\llama.cpp\ggml\src\ggml-cpu\ops.cpp(1739,50): warning C4244: 'argument': conversion from 'const int64_t' to 'const int', possible loss of data [C:\Users\hjotha\worktrees\xllama-mtp-fast\uwp\ggml-uwp.vcxproj]
     1>C:\Users\hjotha\worktrees\xllama-mtp-fast\llama.cpp\ggml\src\ggml-cpu\ops.cpp(1856,37): warning C4244: 'argument': conversion from 'int64_t' to 'const int', possible loss of data [C:\Users\hjotha\worktrees\xllama-mtp-fast\uwp\ggml-uwp.vcxproj]
     1>C:\Users\hjotha\worktrees\xllama-mtp-fast\llama.cpp\ggml\src\ggml-cpu\ops.cpp(1861,38): warning C4244: 'argument': conversion from 'const int64_t' to 'const int', possible loss of data [C:\Users\hjotha\worktrees\xllama-mtp-fast\uwp\ggml-uwp.vcxproj]
     1>C:\Users\hjotha\worktrees\xllama-mtp-fast\llama.cpp\ggml\src\ggml-cpu\ops.cpp(1877,50): warning C4244: 'argument': conversion from 'const int64_t' to 'const int', possible loss of data [C:\Users\hjotha\worktrees\xllama-mtp-fast\uwp\ggml-uwp.vcxproj]
     1>C:\Users\hjotha\worktrees\xllama-mtp-fast\llama.cpp\ggml\src\ggml-cpu\ops.cpp(2137,30): warning C4244: 'initializing': conversion from 'const int64_t' to 'int', possible loss of data [C:\Users\hjotha\worktrees\xllama-mtp-fast\uwp\ggml-uwp.vcxproj]
     1>C:\Users\hjotha\worktrees\xllama-mtp-fast\llama.cpp\ggml\src\ggml-cpu\ops.cpp(2137,18): warning C4244: 'initializing': conversion from 'const int64_t' to 'const int', possible loss of data [C:\Users\hjotha\worktrees\xllama-mtp-fast\uwp\ggml-uwp.vcxproj]
     1>C:\Users\hjotha\worktrees\xllama-mtp-fast\llama.cpp\ggml\src\ggml-cpu\ops.cpp(2138,30): warning C4244: 'initializing': conversion from 'int64_t' to 'int', possible loss of data [C:\Users\hjotha\worktrees\xllama-mtp-fast\uwp\ggml-uwp.vcxproj]
     1>C:\Users\hjotha\worktrees\xllama-mtp-fast\llama.cpp\ggml\src\ggml-cpu\ops.cpp(2138,18): warning C4244: 'initializing': conversion from 'int64_t' to 'const int', possible loss of data [C:\Users\hjotha\worktrees\xllama-mtp-fast\uwp\ggml-uwp.vcxproj]
     1>C:\Users\hjotha\worktrees\xllama-mtp-fast\llama.cpp\ggml\src\ggml-cpu\ops.cpp(2148,26): warning C4244: 'initializing': conversion from 'int64_t' to 'int', possible loss of data [C:\Users\hjotha\worktrees\xllama-mtp-fast\uwp\ggml-uwp.vcxproj]
     1>C:\Users\hjotha\worktrees\xllama-mtp-fast\llama.cpp\ggml\src\ggml-cpu\ops.cpp(2148,22): warning C4244: 'initializing': conversion from 'int64_t' to 'const int', possible loss of data [C:\Users\hjotha\worktrees\xllama-mtp-fast\uwp\ggml-uwp.vcxproj]
     1>C:\Users\hjotha\worktrees\xllama-mtp-fast\llama.cpp\ggml\src\ggml-cpu\ops.cpp(2149,43): warning C4244: 'initializing': conversion from 'int64_t' to 'int', possible loss of data [C:\Users\hjotha\worktrees\xllama-mtp-fast\uwp\ggml-uwp.vcxproj]
     1>C:\Users\hjotha\worktrees\xllama-mtp-fast\llama.cpp\ggml\src\ggml-cpu\ops.cpp(2149,22): warning C4244: 'initializing': conversion from 'int64_t' to 'const int', possible loss of data [C:\Users\hjotha\worktrees\xllama-mtp-fast\uwp\ggml-uwp.vcxproj]
     1>C:\Users\hjotha\worktrees\xllama-mtp-fast\llama.cpp\ggml\src\ggml-cpu\ops.cpp(2150,43): warning C4244: 'initializing': conversion from 'int64_t' to 'int', possible loss of data [C:\Users\hjotha\worktrees\xllama-mtp-fast\uwp\ggml-uwp.vcxproj]
     1>C:\Users\hjotha\worktrees\xllama-mtp-fast\llama.cpp\ggml\src\ggml-cpu\ops.cpp(2150,22): warning C4244: 'initializing': conversion from 'int64_t' to 'const int', possible loss of data [C:\Users\hjotha\worktrees\xllama-mtp-fast\uwp\ggml-uwp.vcxproj]
     1>C:\Users\hjotha\worktrees\xllama-mtp-fast\llama.cpp\ggml\src\ggml-cpu\ops.cpp(2184,30): warning C4244: 'initializing': conversion from 'const int64_t' to 'int', possible loss of data [C:\Users\hjotha\worktrees\xllama-mtp-fast\uwp\ggml-uwp.vcxproj]
     1>C:\Users\hjotha\worktrees\xllama-mtp-fast\llama.cpp\ggml\src\ggml-cpu\ops.cpp(2184,18): warning C4244: 'initializing': conversion from 'const int64_t' to 'const int', possible loss of data [C:\Users\hjotha\worktrees\xllama-mtp-fast\uwp\ggml-uwp.vcxproj]
     1>C:\Users\hjotha\worktrees\xllama-mtp-fast\llama.cpp\ggml\src\ggml-cpu\ops.cpp(2185,30): warning C4244: 'initializing': conversion from 'int64_t' to 'int', possible loss of data [C:\Users\hjotha\worktrees\xllama-mtp-fast\uwp\ggml-uwp.vcxproj]
     1>C:\Users\hjotha\worktrees\xllama-mtp-fast\llama.cpp\ggml\src\ggml-cpu\ops.cpp(2185,18): warning C4244: 'initializing': conversion from 'int64_t' to 'const int', possible loss of data [C:\Users\hjotha\worktrees\xllama-mtp-fast\uwp\ggml-uwp.vcxproj]
     1>C:\Users\hjotha\worktrees\xllama-mtp-fast\llama.cpp\ggml\src\ggml-cpu\ops.cpp(2195,26): warning C4244: 'initializing': conversion from 'int64_t' to 'int', possible loss of data [C:\Users\hjotha\worktrees\xllama-mtp-fast\uwp\ggml-uwp.vcxproj]
     1>C:\Users\hjotha\worktrees\xllama-mtp-fast\llama.cpp\ggml\src\ggml-cpu\ops.cpp(2195,22): warning C4244: 'initializing': conversion from 'int64_t' to 'const int', possible loss of data [C:\Users\hjotha\worktrees\xllama-mtp-fast\uwp\ggml-uwp.vcxproj]
     1>C:\Users\hjotha\worktrees\xllama-mtp-fast\llama.cpp\ggml\src\ggml-cpu\ops.cpp(2196,43): warning C4244: 'initializing': conversion from 'int64_t' to 'int', possible loss of data [C:\Users\hjotha\worktrees\xllama-mtp-fast\uwp\ggml-uwp.vcxproj]
     1>C:\Users\hjotha\worktrees\xllama-mtp-fast\llama.cpp\ggml\src\ggml-cpu\ops.cpp(2196,22): warning C4244: 'initializing': conversion from 'int64_t' to 'const int', possible loss of data [C:\Users\hjotha\worktrees\xllama-mtp-fast\uwp\ggml-uwp.vcxproj]
     1>C:\Users\hjotha\worktrees\xllama-mtp-fast\llama.cpp\ggml\src\ggml-cpu\ops.cpp(2197,43): warning C4244: 'initializing': conversion from 'int64_t' to 'int', possible loss of data [C:\Users\hjotha\worktrees\xllama-mtp-fast\uwp\ggml-uwp.vcxproj]
     1>C:\Users\hjotha\worktrees\xllama-mtp-fast\llama.cpp\ggml\src\ggml-cpu\ops.cpp(2197,22): warning C4244: 'initializing': conversion from 'int64_t' to 'const int', possible loss of data [C:\Users\hjotha\worktrees\xllama-mtp-fast\uwp\ggml-uwp.vcxproj]
     1>C:\Users\hjotha\worktrees\xllama-mtp-fast\llama.cpp\ggml\src\ggml-cpu\ops.cpp(2254,26): warning C4244: 'argument': conversion from 'const int64_t' to 'const int', possible loss of data [C:\Users\hjotha\worktrees\xllama-mtp-fast\uwp\ggml-uwp.vcxproj]
     1>C:\Users\hjotha\worktrees\xllama-mtp-fast\llama.cpp\ggml\src\ggml-cpu\ops.cpp(2273,26): warning C4244: 'argument': conversion from 'const int64_t' to 'const int', possible loss of data [C:\Users\hjotha\worktrees\xllama-mtp-fast\uwp\ggml-uwp.vcxproj]
     1>C:\Users\hjotha\worktrees\xllama-mtp-fast\llama.cpp\ggml\src\ggml-cpu\ops.cpp(2328,38): warning C4244: 'argument': conversion from 'const int64_t' to 'int', possible loss of data [C:\Users\hjotha\worktrees\xllama-mtp-fast\uwp\ggml-uwp.vcxproj]
     1>C:\Users\hjotha\worktrees\xllama-mtp-fast\llama.cpp\ggml\src\ggml-cpu\ops.cpp(2367,30): warning C4244: 'initializing': conversion from 'const int64_t' to 'int', possible loss of data [C:\Users\hjotha\worktrees\xllama-mtp-fast\uwp\ggml-uwp.vcxproj]
     1>C:\Users\hjotha\worktrees\xllama-mtp-fast\llama.cpp\ggml\src\ggml-cpu\ops.cpp(2367,18): warning C4244: 'initializing': conversion from 'const int64_t' to 'const int', possible loss of data [C:\Users\hjotha\worktrees\xllama-mtp-fast\uwp\ggml-uwp.vcxproj]
     1>C:\Users\hjotha\worktrees\xllama-mtp-fast\llama.cpp\ggml\src\ggml-cpu\ops.cpp(2368,30): warning C4244: 'initializing': conversion from 'int64_t' to 'int', possible loss of data [C:\Users\hjotha\worktrees\xllama-mtp-fast\uwp\ggml-uwp.vcxproj]
     1>C:\Users\hjotha\worktrees\xllama-mtp-fast\llama.cpp\ggml\src\ggml-cpu\ops.cpp(2368,18): warning C4244: 'initializing': conversion from 'int64_t' to 'const int', possible loss of data [C:\Users\hjotha\worktrees\xllama-mtp-fast\uwp\ggml-uwp.vcxproj]
     1>C:\Users\hjotha\worktrees\xllama-mtp-fast\llama.cpp\ggml\src\ggml-cpu\ops.cpp(2378,26): warning C4244: 'initializing': conversion from 'int64_t' to 'int', possible loss of data [C:\Users\hjotha\worktrees\xllama-mtp-fast\uwp\ggml-uwp.vcxproj]
     1>C:\Users\hjotha\worktrees\xllama-mtp-fast\llama.cpp\ggml\src\ggml-cpu\ops.cpp(2378,22): warning C4244: 'initializing': conversion from 'int64_t' to 'const int', possible loss of data [C:\Users\hjotha\worktrees\xllama-mtp-fast\uwp\ggml-uwp.vcxproj]
     1>C:\Users\hjotha\worktrees\xllama-mtp-fast\llama.cpp\ggml\src\ggml-cpu\ops.cpp(2379,43): warning C4244: 'initializing': conversion from 'int64_t' to 'int', possible loss of data [C:\Users\hjotha\worktrees\xllama-mtp-fast\uwp\ggml-uwp.vcxproj]
     1>C:\Users\hjotha\worktrees\xllama-mtp-fast\llama.cpp\ggml\src\ggml-cpu\ops.cpp(2379,22): warning C4244: 'initializing': conversion from 'int64_t' to 'const int', possible loss of data [C:\Users\hjotha\worktrees\xllama-mtp-fast\uwp\ggml-uwp.vcxproj]
     1>C:\Users\hjotha\worktrees\xllama-mtp-fast\llama.cpp\ggml\src\ggml-cpu\ops.cpp(2380,43): warning C4244: 'initializing': conversion from 'int64_t' to 'int', possible loss of data [C:\Users\hjotha\worktrees\xllama-mtp-fast\uwp\ggml-uwp.vcxproj]
     1>C:\Users\hjotha\worktrees\xllama-mtp-fast\llama.cpp\ggml\src\ggml-cpu\ops.cpp(2380,22): warning C4244: 'initializing': conversion from 'int64_t' to 'const int', possible loss of data [C:\Users\hjotha\worktrees\xllama-mtp-fast\uwp\ggml-uwp.vcxproj]
     1>C:\Users\hjotha\worktrees\xllama-mtp-fast\llama.cpp\ggml\src\ggml-cpu\ops.cpp(2414,30): warning C4244: 'initializing': conversion from 'const int64_t' to 'int', possible loss of data [C:\Users\hjotha\worktrees\xllama-mtp-fast\uwp\ggml-uwp.vcxproj]
     1>C:\Users\hjotha\worktrees\xllama-mtp-fast\llama.cpp\ggml\src\ggml-cpu\ops.cpp(2414,18): warning C4244: 'initializing': conversion from 'const int64_t' to 'const int', possible loss of data [C:\Users\hjotha\worktrees\xllama-mtp-fast\uwp\ggml-uwp.vcxproj]
     1>C:\Users\hjotha\worktrees\xllama-mtp-fast\llama.cpp\ggml\src\ggml-cpu\ops.cpp(2415,30): warning C4244: 'initializing': conversion from 'int64_t' to 'int', possible loss of data [C:\Users\hjotha\worktrees\xllama-mtp-fast\uwp\ggml-uwp.vcxproj]
     1>C:\Users\hjotha\worktrees\xllama-mtp-fast\llama.cpp\ggml\src\ggml-cpu\ops.cpp(2415,18): warning C4244: 'initializing': conversion from 'int64_t' to 'const int', possible loss of data [C:\Users\hjotha\worktrees\xllama-mtp-fast\uwp\ggml-uwp.vcxproj]
     1>C:\Users\hjotha\worktrees\xllama-mtp-fast\llama.cpp\ggml\src\ggml-cpu\ops.cpp(2425,26): warning C4244: 'initializing': conversion from 'int64_t' to 'int', possible loss of data [C:\Users\hjotha\worktrees\xllama-mtp-fast\uwp\ggml-uwp.vcxproj]
     1>C:\Users\hjotha\worktrees\xllama-mtp-fast\llama.cpp\ggml\src\ggml-cpu\ops.cpp(2425,22): warning C4244: 'initializing': conversion from 'int64_t' to 'const int', possible loss of data [C:\Users\hjotha\worktrees\xllama-mtp-fast\uwp\ggml-uwp.vcxproj]
     1>C:\Users\hjotha\worktrees\xllama-mtp-fast\llama.cpp\ggml\src\ggml-cpu\ops.cpp(2426,43): warning C4244: 'initializing': conversion from 'int64_t' to 'int', possible loss of data [C:\Users\hjotha\worktrees\xllama-mtp-fast\uwp\ggml-uwp.vcxproj]
     1>C:\Users\hjotha\worktrees\xllama-mtp-fast\llama.cpp\ggml\src\ggml-cpu\ops.cpp(2426,22): warning C4244: 'initializing': conversion from 'int64_t' to 'const int', possible loss of data [C:\Users\hjotha\worktrees\xllama-mtp-fast\uwp\ggml-uwp.vcxproj]
     1>C:\Users\hjotha\worktrees\xllama-mtp-fast\llama.cpp\ggml\src\ggml-cpu\ops.cpp(2427,43): warning C4244: 'initializing': conversion from 'int64_t' to 'int', possible loss of data [C:\Users\hjotha\worktrees\xllama-mtp-fast\uwp\ggml-uwp.vcxproj]
     1>C:\Users\hjotha\worktrees\xllama-mtp-fast\llama.cpp\ggml\src\ggml-cpu\ops.cpp(2427,22): warning C4244: 'initializing': conversion from 'int64_t' to 'const int', possible loss of data [C:\Users\hjotha\worktrees\xllama-mtp-fast\uwp\ggml-uwp.vcxproj]
     1>C:\Users\hjotha\worktrees\xllama-mtp-fast\llama.cpp\ggml\src\ggml-cpu\ops.cpp(2486,30): warning C4244: 'initializing': conversion from 'const int64_t' to 'int', possible loss of data [C:\Users\hjotha\worktrees\xllama-mtp-fast\uwp\ggml-uwp.vcxproj]
     1>C:\Users\hjotha\worktrees\xllama-mtp-fast\llama.cpp\ggml\src\ggml-cpu\ops.cpp(2486,18): warning C4244: 'initializing': conversion from 'const int64_t' to 'const int', possible loss of data [C:\Users\hjotha\worktrees\xllama-mtp-fast\uwp\ggml-uwp.vcxproj]
     1>C:\Users\hjotha\worktrees\xllama-mtp-fast\llama.cpp\ggml\src\ggml-cpu\ops.cpp(2487,30): warning C4244: 'initializing': conversion from 'int64_t' to 'int', possible loss of data [C:\Users\hjotha\worktrees\xllama-mtp-fast\uwp\ggml-uwp.vcxproj]
     1>C:\Users\hjotha\worktrees\xllama-mtp-fast\llama.cpp\ggml\src\ggml-cpu\ops.cpp(2487,18): warning C4244: 'initializing': conversion from 'int64_t' to 'const int', possible loss of data [C:\Users\hjotha\worktrees\xllama-mtp-fast\uwp\ggml-uwp.vcxproj]
     1>C:\Users\hjotha\worktrees\xllama-mtp-fast\llama.cpp\ggml\src\ggml-cpu\ops.cpp(2497,26): warning C4244: 'initializing': conversion from 'int64_t' to 'int', possible loss of data [C:\Users\hjotha\worktrees\xllama-mtp-fast\uwp\ggml-uwp.vcxproj]
     1>C:\Users\hjotha\worktrees\xllama-mtp-fast\llama.cpp\ggml\src\ggml-cpu\ops.cpp(2497,22): warning C4244: 'initializing': conversion from 'int64_t' to 'const int', possible loss of data [C:\Users\hjotha\worktrees\xllama-mtp-fast\uwp\ggml-uwp.vcxproj]
     1>C:\Users\hjotha\worktrees\xllama-mtp-fast\llama.cpp\ggml\src\ggml-cpu\ops.cpp(2498,43): warning C4244: 'initializing': conversion from 'int64_t' to 'int', possible loss of data [C:\Users\hjotha\worktrees\xllama-mtp-fast\uwp\ggml-uwp.vcxproj]
     1>C:\Users\hjotha\worktrees\xllama-mtp-fast\llama.cpp\ggml\src\ggml-cpu\ops.cpp(2498,22): warning C4244: 'initializing': conversion from 'int64_t' to 'const int', possible loss of data [C:\Users\hjotha\worktrees\xllama-mtp-fast\uwp\ggml-uwp.vcxproj]
     1>C:\Users\hjotha\worktrees\xllama-mtp-fast\llama.cpp\ggml\src\ggml-cpu\ops.cpp(2499,43): warning C4244: 'initializing': conversion from 'int64_t' to 'int', possible loss of data [C:\Users\hjotha\worktrees\xllama-mtp-fast\uwp\ggml-uwp.vcxproj]
     1>C:\Users\hjotha\worktrees\xllama-mtp-fast\llama.cpp\ggml\src\ggml-cpu\ops.cpp(2499,22): warning C4244: 'initializing': conversion from 'int64_t' to 'const int', possible loss of data [C:\Users\hjotha\worktrees\xllama-mtp-fast\uwp\ggml-uwp.vcxproj]
     1>C:\Users\hjotha\worktrees\xllama-mtp-fast\llama.cpp\ggml\src\ggml-cpu\ops.cpp(2533,30): warning C4244: 'initializing': conversion from 'const int64_t' to 'int', possible loss of data [C:\Users\hjotha\worktrees\xllama-mtp-fast\uwp\ggml-uwp.vcxproj]
     1>C:\Users\hjotha\worktrees\xllama-mtp-fast\llama.cpp\ggml\src\ggml-cpu\ops.cpp(2533,18): warning C4244: 'initializing': conversion from 'const int64_t' to 'const int', possible loss of data [C:\Users\hjotha\worktrees\xllama-mtp-fast\uwp\ggml-uwp.vcxproj]
     1>C:\Users\hjotha\worktrees\xllama-mtp-fast\llama.cpp\ggml\src\ggml-cpu\ops.cpp(2534,30): warning C4244: 'initializing': conversion from 'int64_t' to 'int', possible loss of data [C:\Users\hjotha\worktrees\xllama-mtp-fast\uwp\ggml-uwp.vcxproj]
     1>C:\Users\hjotha\worktrees\xllama-mtp-fast\llama.cpp\ggml\src\ggml-cpu\ops.cpp(2534,18): warning C4244: 'initializing': conversion from 'int64_t' to 'const int', possible loss of data [C:\Users\hjotha\worktrees\xllama-mtp-fast\uwp\ggml-uwp.vcxproj]
     1>C:\Users\hjotha\worktrees\xllama-mtp-fast\llama.cpp\ggml\src\ggml-cpu\ops.cpp(2544,26): warning C4244: 'initializing': conversion from 'int64_t' to 'int', possible loss of data [C:\Users\hjotha\worktrees\xllama-mtp-fast\uwp\ggml-uwp.vcxproj]
     1>C:\Users\hjotha\worktrees\xllama-mtp-fast\llama.cpp\ggml\src\ggml-cpu\ops.cpp(2544,22): warning C4244: 'initializing': conversion from 'int64_t' to 'const int', possible loss of data [C:\Users\hjotha\worktrees\xllama-mtp-fast\uwp\ggml-uwp.vcxproj]
     1>C:\Users\hjotha\worktrees\xllama-mtp-fast\llama.cpp\ggml\src\ggml-cpu\ops.cpp(2545,43): warning C4244: 'initializing': conversion from 'int64_t' to 'int', possible loss of data [C:\Users\hjotha\worktrees\xllama-mtp-fast\uwp\ggml-uwp.vcxproj]
     1>C:\Users\hjotha\worktrees\xllama-mtp-fast\llama.cpp\ggml\src\ggml-cpu\ops.cpp(2545,22): warning C4244: 'initializing': conversion from 'int64_t' to 'const int', possible loss of data [C:\Users\hjotha\worktrees\xllama-mtp-fast\uwp\ggml-uwp.vcxproj]
     1>C:\Users\hjotha\worktrees\xllama-mtp-fast\llama.cpp\ggml\src\ggml-cpu\ops.cpp(2546,43): warning C4244: 'initializing': conversion from 'int64_t' to 'int', possible loss of data [C:\Users\hjotha\worktrees\xllama-mtp-fast\uwp\ggml-uwp.vcxproj]
     1>C:\Users\hjotha\worktrees\xllama-mtp-fast\llama.cpp\ggml\src\ggml-cpu\ops.cpp(2546,22): warning C4244: 'initializing': conversion from 'int64_t' to 'const int', possible loss of data [C:\Users\hjotha\worktrees\xllama-mtp-fast\uwp\ggml-uwp.vcxproj]
     1>C:\Users\hjotha\worktrees\xllama-mtp-fast\llama.cpp\ggml\src\ggml-cpu\ops.cpp(2605,30): warning C4244: 'initializing': conversion from 'const int64_t' to 'int', possible loss of data [C:\Users\hjotha\worktrees\xllama-mtp-fast\uwp\ggml-uwp.vcxproj]
     1>C:\Users\hjotha\worktrees\xllama-mtp-fast\llama.cpp\ggml\src\ggml-cpu\ops.cpp(2605,18): warning C4244: 'initializing': conversion from 'const int64_t' to 'const int', possible loss of data [C:\Users\hjotha\worktrees\xllama-mtp-fast\uwp\ggml-uwp.vcxproj]
     1>C:\Users\hjotha\worktrees\xllama-mtp-fast\llama.cpp\ggml\src\ggml-cpu\ops.cpp(2606,30): warning C4244: 'initializing': conversion from 'int64_t' to 'int', possible loss of data [C:\Users\hjotha\worktrees\xllama-mtp-fast\uwp\ggml-uwp.vcxproj]
     1>C:\Users\hjotha\worktrees\xllama-mtp-fast\llama.cpp\ggml\src\ggml-cpu\ops.cpp(2606,18): warning C4244: 'initializing': conversion from 'int64_t' to 'const int', possible loss of data [C:\Users\hjotha\worktrees\xllama-mtp-fast\uwp\ggml-uwp.vcxproj]
     1>C:\Users\hjotha\worktrees\xllama-mtp-fast\llama.cpp\ggml\src\ggml-cpu\ops.cpp(2616,26): warning C4244: 'initializing': conversion from 'int64_t' to 'int', possible loss of data [C:\Users\hjotha\worktrees\xllama-mtp-fast\uwp\ggml-uwp.vcxproj]
     1>C:\Users\hjotha\worktrees\xllama-mtp-fast\llama.cpp\ggml\src\ggml-cpu\ops.cpp(2616,22): warning C4244: 'initializing': conversion from 'int64_t' to 'const int', possible loss of data [C:\Users\hjotha\worktrees\xllama-mtp-fast\uwp\ggml-uwp.vcxproj]
     1>C:\Users\hjotha\worktrees\xllama-mtp-fast\llama.cpp\ggml\src\ggml-cpu\ops.cpp(2617,43): warning C4244: 'initializing': conversion from 'int64_t' to 'int', possible loss of data [C:\Users\hjotha\worktrees\xllama-mtp-fast\uwp\ggml-uwp.vcxproj]
     1>C:\Users\hjotha\worktrees\xllama-mtp-fast\llama.cpp\ggml\src\ggml-cpu\ops.cpp(2617,22): warning C4244: 'initializing': conversion from 'int64_t' to 'const int', possible loss of data [C:\Users\hjotha\worktrees\xllama-mtp-fast\uwp\ggml-uwp.vcxproj]
     1>C:\Users\hjotha\worktrees\xllama-mtp-fast\llama.cpp\ggml\src\ggml-cpu\ops.cpp(2618,43): warning C4244: 'initializing': conversion from 'int64_t' to 'int', possible loss of data [C:\Users\hjotha\worktrees\xllama-mtp-fast\uwp\ggml-uwp.vcxproj]
     1>C:\Users\hjotha\worktrees\xllama-mtp-fast\llama.cpp\ggml\src\ggml-cpu\ops.cpp(2618,22): warning C4244: 'initializing': conversion from 'int64_t' to 'const int', possible loss of data [C:\Users\hjotha\worktrees\xllama-mtp-fast\uwp\ggml-uwp.vcxproj]
     1>C:\Users\hjotha\worktrees\xllama-mtp-fast\llama.cpp\ggml\src\ggml-cpu\ops.cpp(2652,30): warning C4244: 'initializing': conversion from 'const int64_t' to 'int', possible loss of data [C:\Users\hjotha\worktrees\xllama-mtp-fast\uwp\ggml-uwp.vcxproj]
     1>C:\Users\hjotha\worktrees\xllama-mtp-fast\llama.cpp\ggml\src\ggml-cpu\ops.cpp(2652,18): warning C4244: 'initializing': conversion from 'const int64_t' to 'const int', possible loss of data [C:\Users\hjotha\worktrees\xllama-mtp-fast\uwp\ggml-uwp.vcxproj]
     1>C:\Users\hjotha\worktrees\xllama-mtp-fast\llama.cpp\ggml\src\ggml-cpu\ops.cpp(2653,30): warning C4244: 'initializing': conversion from 'int64_t' to 'int', possible loss of data [C:\Users\hjotha\worktrees\xllama-mtp-fast\uwp\ggml-uwp.vcxproj]
     1>C:\Users\hjotha\worktrees\xllama-mtp-fast\llama.cpp\ggml\src\ggml-cpu\ops.cpp(2653,18): warning C4244: 'initializing': conversion from 'int64_t' to 'const int', possible loss of data [C:\Users\hjotha\worktrees\xllama-mtp-fast\uwp\ggml-uwp.vcxproj]
     1>C:\Users\hjotha\worktrees\xllama-mtp-fast\llama.cpp\ggml\src\ggml-cpu\ops.cpp(2663,26): warning C4244: 'initializing': conversion from 'int64_t' to 'int', possible loss of data [C:\Users\hjotha\worktrees\xllama-mtp-fast\uwp\ggml-uwp.vcxproj]
     1>C:\Users\hjotha\worktrees\xllama-mtp-fast\llama.cpp\ggml\src\ggml-cpu\ops.cpp(2663,22): warning C4244: 'initializing': conversion from 'int64_t' to 'const int', possible loss of data [C:\Users\hjotha\worktrees\xllama-mtp-fast\uwp\ggml-uwp.vcxproj]
     1>C:\Users\hjotha\worktrees\xllama-mtp-fast\llama.cpp\ggml\src\ggml-cpu\ops.cpp(2664,43): warning C4244: 'initializing': conversion from 'int64_t' to 'int', possible loss of data [C:\Users\hjotha\worktrees\xllama-mtp-fast\uwp\ggml-uwp.vcxproj]
     1>C:\Users\hjotha\worktrees\xllama-mtp-fast\llama.cpp\ggml\src\ggml-cpu\ops.cpp(2664,22): warning C4244: 'initializing': conversion from 'int64_t' to 'const int', possible loss of data [C:\Users\hjotha\worktrees\xllama-mtp-fast\uwp\ggml-uwp.vcxproj]
     1>C:\Users\hjotha\worktrees\xllama-mtp-fast\llama.cpp\ggml\src\ggml-cpu\ops.cpp(2665,43): warning C4244: 'initializing': conversion from 'int64_t' to 'int', possible loss of data [C:\Users\hjotha\worktrees\xllama-mtp-fast\uwp\ggml-uwp.vcxproj]
     1>C:\Users\hjotha\worktrees\xllama-mtp-fast\llama.cpp\ggml\src\ggml-cpu\ops.cpp(2665,22): warning C4244: 'initializing': conversion from 'int64_t' to 'const int', possible loss of data [C:\Users\hjotha\worktrees\xllama-mtp-fast\uwp\ggml-uwp.vcxproj]
     1>C:\Users\hjotha\worktrees\xllama-mtp-fast\llama.cpp\ggml\src\ggml-cpu\ops.cpp(2720,30): warning C4244: 'initializing': conversion from 'int64_t' to 'int', possible loss of data [C:\Users\hjotha\worktrees\xllama-mtp-fast\uwp\ggml-uwp.vcxproj]
     1>C:\Users\hjotha\worktrees\xllama-mtp-fast\llama.cpp\ggml\src\ggml-cpu\ops.cpp(2720,18): warning C4244: 'initializing': conversion from 'int64_t' to 'const int', possible loss of data [C:\Users\hjotha\worktrees\xllama-mtp-fast\uwp\ggml-uwp.vcxproj]
     1>C:\Users\hjotha\worktrees\xllama-mtp-fast\llama.cpp\ggml\src\ggml-cpu\ops.cpp(2721,30): warning C4244: 'initializing': conversion from 'const int64_t' to 'int', possible loss of data [C:\Users\hjotha\worktrees\xllama-mtp-fast\uwp\ggml-uwp.vcxproj]
     1>C:\Users\hjotha\worktrees\xllama-mtp-fast\llama.cpp\ggml\src\ggml-cpu\ops.cpp(2721,18): warning C4244: 'initializing': conversion from 'const int64_t' to 'const int', possible loss of data [C:\Users\hjotha\worktrees\xllama-mtp-fast\uwp\ggml-uwp.vcxproj]
     1>C:\Users\hjotha\worktrees\xllama-mtp-fast\llama.cpp\ggml\src\ggml-cpu\ops.cpp(2750,30): warning C4244: 'initializing': conversion from 'int64_t' to 'int', possible loss of data [C:\Users\hjotha\worktrees\xllama-mtp-fast\uwp\ggml-uwp.vcxproj]
     1>C:\Users\hjotha\worktrees\xllama-mtp-fast\llama.cpp\ggml\src\ggml-cpu\ops.cpp(2750,18): warning C4244: 'initializing': conversion from 'int64_t' to 'const int', possible loss of data [C:\Users\hjotha\worktrees\xllama-mtp-fast\uwp\ggml-uwp.vcxproj]
     1>C:\Users\hjotha\worktrees\xllama-mtp-fast\llama.cpp\ggml\src\ggml-cpu\ops.cpp(2751,30): warning C4244: 'initializing': conversion from 'const int64_t' to 'int', possible loss of data [C:\Users\hjotha\worktrees\xllama-mtp-fast\uwp\ggml-uwp.vcxproj]
     1>C:\Users\hjotha\worktrees\xllama-mtp-fast\llama.cpp\ggml\src\ggml-cpu\ops.cpp(2751,18): warning C4244: 'initializing': conversion from 'const int64_t' to 'const int', possible loss of data [C:\Users\hjotha\worktrees\xllama-mtp-fast\uwp\ggml-uwp.vcxproj]
     1>C:\Users\hjotha\worktrees\xllama-mtp-fast\llama.cpp\ggml\src\ggml-cpu\ops.cpp(2806,30): warning C4244: 'initializing': conversion from 'const int64_t' to 'int', possible loss of data [C:\Users\hjotha\worktrees\xllama-mtp-fast\uwp\ggml-uwp.vcxproj]
     1>C:\Users\hjotha\worktrees\xllama-mtp-fast\llama.cpp\ggml\src\ggml-cpu\ops.cpp(2806,18): warning C4244: 'initializing': conversion from 'const int64_t' to 'const int', possible loss of data [C:\Users\hjotha\worktrees\xllama-mtp-fast\uwp\ggml-uwp.vcxproj]
     1>C:\Users\hjotha\worktrees\xllama-mtp-fast\llama.cpp\ggml\src\ggml-cpu\ops.cpp(2807,30): warning C4244: 'initializing': conversion from 'int64_t' to 'int', possible loss of data [C:\Users\hjotha\worktrees\xllama-mtp-fast\uwp\ggml-uwp.vcxproj]
     1>C:\Users\hjotha\worktrees\xllama-mtp-fast\llama.cpp\ggml\src\ggml-cpu\ops.cpp(2807,18): warning C4244: 'initializing': conversion from 'int64_t' to 'const int', possible loss of data [C:\Users\hjotha\worktrees\xllama-mtp-fast\uwp\ggml-uwp.vcxproj]
     1>C:\Users\hjotha\worktrees\xllama-mtp-fast\llama.cpp\ggml\src\ggml-cpu\ops.cpp(2849,30): warning C4244: 'initializing': conversion from 'const int64_t' to 'int', possible loss of data [C:\Users\hjotha\worktrees\xllama-mtp-fast\uwp\ggml-uwp.vcxproj]
     1>C:\Users\hjotha\worktrees\xllama-mtp-fast\llama.cpp\ggml\src\ggml-cpu\ops.cpp(2849,18): warning C4244: 'initializing': conversion from 'const int64_t' to 'const int', possible loss of data [C:\Users\hjotha\worktrees\xllama-mtp-fast\uwp\ggml-uwp.vcxproj]
     1>C:\Users\hjotha\worktrees\xllama-mtp-fast\llama.cpp\ggml\src\ggml-cpu\ops.cpp(2850,30): warning C4244: 'initializing': conversion from 'int64_t' to 'int', possible loss of data [C:\Users\hjotha\worktrees\xllama-mtp-fast\uwp\ggml-uwp.vcxproj]
     1>C:\Users\hjotha\worktrees\xllama-mtp-fast\llama.cpp\ggml\src\ggml-cpu\ops.cpp(2850,18): warning C4244: 'initializing': conversion from 'int64_t' to 'const int', possible loss of data [C:\Users\hjotha\worktrees\xllama-mtp-fast\uwp\ggml-uwp.vcxproj]
     1>C:\Users\hjotha\worktrees\xllama-mtp-fast\llama.cpp\ggml\src\ggml-cpu\ops.cpp(2868,29): warning C4244: 'argument': conversion from 'const float' to 'ggml_fp16_t', possible loss of data [C:\Users\hjotha\worktrees\xllama-mtp-fast\uwp\ggml-uwp.vcxproj]
     1>C:\Users\hjotha\worktrees\xllama-mtp-fast\llama.cpp\ggml\src\ggml-cpu\ops.cpp(2923,25): warning C4244: 'initializing': conversion from 'int64_t' to 'int', possible loss of data [C:\Users\hjotha\worktrees\xllama-mtp-fast\uwp\ggml-uwp.vcxproj]
     1>C:\Users\hjotha\worktrees\xllama-mtp-fast\llama.cpp\ggml\src\ggml-cpu\ops.cpp(2923,18): warning C4244: 'initializing': conversion from 'int64_t' to 'const int', possible loss of data [C:\Users\hjotha\worktrees\xllama-mtp-fast\uwp\ggml-uwp.vcxproj]
     1>C:\Users\hjotha\worktrees\xllama-mtp-fast\llama.cpp\ggml\src\ggml-cpu\ops.cpp(2924,30): warning C4244: 'initializing': conversion from 'int64_t' to 'int', possible loss of data [C:\Users\hjotha\worktrees\xllama-mtp-fast\uwp\ggml-uwp.vcxproj]
     1>C:\Users\hjotha\worktrees\xllama-mtp-fast\llama.cpp\ggml\src\ggml-cpu\ops.cpp(2924,18): warning C4244: 'initializing': conversion from 'int64_t' to 'const int', possible loss of data [C:\Users\hjotha\worktrees\xllama-mtp-fast\uwp\ggml-uwp.vcxproj]
     1>C:\Users\hjotha\worktrees\xllama-mtp-fast\llama.cpp\ggml\src\ggml-cpu\ops.cpp(2982,25): warning C4244: 'initializing': conversion from 'int64_t' to 'int', possible loss of data [C:\Users\hjotha\worktrees\xllama-mtp-fast\uwp\ggml-uwp.vcxproj]
     1>C:\Users\hjotha\worktrees\xllama-mtp-fast\llama.cpp\ggml\src\ggml-cpu\ops.cpp(2982,18): warning C4244: 'initializing': conversion from 'int64_t' to 'const int', possible loss of data [C:\Users\hjotha\worktrees\xllama-mtp-fast\uwp\ggml-uwp.vcxproj]
     1>C:\Users\hjotha\worktrees\xllama-mtp-fast\llama.cpp\ggml\src\ggml-cpu\ops.cpp(2983,30): warning C4244: 'initializing': conversion from 'int64_t' to 'int', possible loss of data [C:\Users\hjotha\worktrees\xllama-mtp-fast\uwp\ggml-uwp.vcxproj]
     1>C:\Users\hjotha\worktrees\xllama-mtp-fast\llama.cpp\ggml\src\ggml-cpu\ops.cpp(2983,18): warning C4244: 'initializing': conversion from 'int64_t' to 'const int', possible loss of data [C:\Users\hjotha\worktrees\xllama-mtp-fast\uwp\ggml-uwp.vcxproj]
     1>C:\Users\hjotha\worktrees\xllama-mtp-fast\llama.cpp\ggml\src\ggml-cpu\ops.cpp(3066,25): warning C4244: 'initializing': conversion from 'int64_t' to 'int', possible loss of data [C:\Users\hjotha\worktrees\xllama-mtp-fast\uwp\ggml-uwp.vcxproj]
     1>C:\Users\hjotha\worktrees\xllama-mtp-fast\llama.cpp\ggml\src\ggml-cpu\ops.cpp(3066,18): warning C4244: 'initializing': conversion from 'int64_t' to 'const int', possible loss of data [C:\Users\hjotha\worktrees\xllama-mtp-fast\uwp\ggml-uwp.vcxproj]
     1>C:\Users\hjotha\worktrees\xllama-mtp-fast\llama.cpp\ggml\src\ggml-cpu\ops.cpp(3067,30): warning C4244: 'initializing': conversion from 'int64_t' to 'int', possible loss of data [C:\Users\hjotha\worktrees\xllama-mtp-fast\uwp\ggml-uwp.vcxproj]
     1>C:\Users\hjotha\worktrees\xllama-mtp-fast\llama.cpp\ggml\src\ggml-cpu\ops.cpp(3067,18): warning C4244: 'initializing': conversion from 'int64_t' to 'const int', possible loss of data [C:\Users\hjotha\worktrees\xllama-mtp-fast\uwp\ggml-uwp.vcxproj]
     1>C:\Users\hjotha\worktrees\xllama-mtp-fast\llama.cpp\ggml\src\ggml-cpu\ops.cpp(3125,25): warning C4244: 'initializing': conversion from 'int64_t' to 'int', possible loss of data [C:\Users\hjotha\worktrees\xllama-mtp-fast\uwp\ggml-uwp.vcxproj]
     1>C:\Users\hjotha\worktrees\xllama-mtp-fast\llama.cpp\ggml\src\ggml-cpu\ops.cpp(3125,18): warning C4244: 'initializing': conversion from 'int64_t' to 'const int', possible loss of data [C:\Users\hjotha\worktrees\xllama-mtp-fast\uwp\ggml-uwp.vcxproj]
     1>C:\Users\hjotha\worktrees\xllama-mtp-fast\llama.cpp\ggml\src\ggml-cpu\ops.cpp(3126,30): warning C4244: 'initializing': conversion from 'int64_t' to 'int', possible loss of data [C:\Users\hjotha\worktrees\xllama-mtp-fast\uwp\ggml-uwp.vcxproj]
     1>C:\Users\hjotha\worktrees\xllama-mtp-fast\llama.cpp\ggml\src\ggml-cpu\ops.cpp(3126,18): warning C4244: 'initializing': conversion from 'int64_t' to 'const int', possible loss of data [C:\Users\hjotha\worktrees\xllama-mtp-fast\uwp\ggml-uwp.vcxproj]
     1>C:\Users\hjotha\worktrees\xllama-mtp-fast\llama.cpp\ggml\src\ggml-cpu\ops.cpp(3209,25): warning C4244: 'initializing': conversion from 'int64_t' to 'int', possible loss of data [C:\Users\hjotha\worktrees\xllama-mtp-fast\uwp\ggml-uwp.vcxproj]
     1>C:\Users\hjotha\worktrees\xllama-mtp-fast\llama.cpp\ggml\src\ggml-cpu\ops.cpp(3209,18): warning C4244: 'initializing': conversion from 'int64_t' to 'const int', possible loss of data [C:\Users\hjotha\worktrees\xllama-mtp-fast\uwp\ggml-uwp.vcxproj]
     1>C:\Users\hjotha\worktrees\xllama-mtp-fast\llama.cpp\ggml\src\ggml-cpu\ops.cpp(3210,30): warning C4244: 'initializing': conversion from 'int64_t' to 'int', possible loss of data [C:\Users\hjotha\worktrees\xllama-mtp-fast\uwp\ggml-uwp.vcxproj]
     1>C:\Users\hjotha\worktrees\xllama-mtp-fast\llama.cpp\ggml\src\ggml-cpu\ops.cpp(3210,18): warning C4244: 'initializing': conversion from 'int64_t' to 'const int', possible loss of data [C:\Users\hjotha\worktrees\xllama-mtp-fast\uwp\ggml-uwp.vcxproj]
     1>C:\Users\hjotha\worktrees\xllama-mtp-fast\llama.cpp\ggml\src\ggml-cpu\ops.cpp(3268,25): warning C4244: 'initializing': conversion from 'int64_t' to 'int', possible loss of data [C:\Users\hjotha\worktrees\xllama-mtp-fast\uwp\ggml-uwp.vcxproj]
     1>C:\Users\hjotha\worktrees\xllama-mtp-fast\llama.cpp\ggml\src\ggml-cpu\ops.cpp(3268,18): warning C4244: 'initializing': conversion from 'int64_t' to 'const int', possible loss of data [C:\Users\hjotha\worktrees\xllama-mtp-fast\uwp\ggml-uwp.vcxproj]
     1>C:\Users\hjotha\worktrees\xllama-mtp-fast\llama.cpp\ggml\src\ggml-cpu\ops.cpp(3269,30): warning C4244: 'initializing': conversion from 'int64_t' to 'int', possible loss of data [C:\Users\hjotha\worktrees\xllama-mtp-fast\uwp\ggml-uwp.vcxproj]
     1>C:\Users\hjotha\worktrees\xllama-mtp-fast\llama.cpp\ggml\src\ggml-cpu\ops.cpp(3269,18): warning C4244: 'initializing': conversion from 'int64_t' to 'const int', possible loss of data [C:\Users\hjotha\worktrees\xllama-mtp-fast\uwp\ggml-uwp.vcxproj]
     1>C:\Users\hjotha\worktrees\xllama-mtp-fast\llama.cpp\ggml\src\ggml-cpu\ops.cpp(3352,25): warning C4244: 'initializing': conversion from 'int64_t' to 'int', possible loss of data [C:\Users\hjotha\worktrees\xllama-mtp-fast\uwp\ggml-uwp.vcxproj]
     1>C:\Users\hjotha\worktrees\xllama-mtp-fast\llama.cpp\ggml\src\ggml-cpu\ops.cpp(3352,18): warning C4244: 'initializing': conversion from 'int64_t' to 'const int', possible loss of data [C:\Users\hjotha\worktrees\xllama-mtp-fast\uwp\ggml-uwp.vcxproj]
     1>C:\Users\hjotha\worktrees\xllama-mtp-fast\llama.cpp\ggml\src\ggml-cpu\ops.cpp(3353,30): warning C4244: 'initializing': conversion from 'int64_t' to 'int', possible loss of data [C:\Users\hjotha\worktrees\xllama-mtp-fast\uwp\ggml-uwp.vcxproj]
     1>C:\Users\hjotha\worktrees\xllama-mtp-fast\llama.cpp\ggml\src\ggml-cpu\ops.cpp(3353,18): warning C4244: 'initializing': conversion from 'int64_t' to 'const int', possible loss of data [C:\Users\hjotha\worktrees\xllama-mtp-fast\uwp\ggml-uwp.vcxproj]
     1>C:\Users\hjotha\worktrees\xllama-mtp-fast\llama.cpp\ggml\src\ggml-cpu\ops.cpp(3436,25): warning C4244: 'initializing': conversion from 'int64_t' to 'int', possible loss of data [C:\Users\hjotha\worktrees\xllama-mtp-fast\uwp\ggml-uwp.vcxproj]
     1>C:\Users\hjotha\worktrees\xllama-mtp-fast\llama.cpp\ggml\src\ggml-cpu\ops.cpp(3436,18): warning C4244: 'initializing': conversion from 'int64_t' to 'const int', possible loss of data [C:\Users\hjotha\worktrees\xllama-mtp-fast\uwp\ggml-uwp.vcxproj]
     1>C:\Users\hjotha\worktrees\xllama-mtp-fast\llama.cpp\ggml\src\ggml-cpu\ops.cpp(3437,30): warning C4244: 'initializing': conversion from 'int64_t' to 'int', possible loss of data [C:\Users\hjotha\worktrees\xllama-mtp-fast\uwp\ggml-uwp.vcxproj]
     1>C:\Users\hjotha\worktrees\xllama-mtp-fast\llama.cpp\ggml\src\ggml-cpu\ops.cpp(3437,18): warning C4244: 'initializing': conversion from 'int64_t' to 'const int', possible loss of data [C:\Users\hjotha\worktrees\xllama-mtp-fast\uwp\ggml-uwp.vcxproj]
     1>C:\Users\hjotha\worktrees\xllama-mtp-fast\llama.cpp\ggml\src\ggml-cpu\ops.cpp(3495,25): warning C4244: 'initializing': conversion from 'int64_t' to 'int', possible loss of data [C:\Users\hjotha\worktrees\xllama-mtp-fast\uwp\ggml-uwp.vcxproj]
     1>C:\Users\hjotha\worktrees\xllama-mtp-fast\llama.cpp\ggml\src\ggml-cpu\ops.cpp(3495,18): warning C4244: 'initializing': conversion from 'int64_t' to 'const int', possible loss of data [C:\Users\hjotha\worktrees\xllama-mtp-fast\uwp\ggml-uwp.vcxproj]
     1>C:\Users\hjotha\worktrees\xllama-mtp-fast\llama.cpp\ggml\src\ggml-cpu\ops.cpp(3496,30): warning C4244: 'initializing': conversion from 'int64_t' to 'int', possible loss of data [C:\Users\hjotha\worktrees\xllama-mtp-fast\uwp\ggml-uwp.vcxproj]
     1>C:\Users\hjotha\worktrees\xllama-mtp-fast\llama.cpp\ggml\src\ggml-cpu\ops.cpp(3496,18): warning C4244: 'initializing': conversion from 'int64_t' to 'const int', possible loss of data [C:\Users\hjotha\worktrees\xllama-mtp-fast\uwp\ggml-uwp.vcxproj]
     1>C:\Users\hjotha\worktrees\xllama-mtp-fast\llama.cpp\ggml\src\ggml-cpu\ops.cpp(3572,25): warning C4244: 'initializing': conversion from 'int64_t' to 'int', possible loss of data [C:\Users\hjotha\worktrees\xllama-mtp-fast\uwp\ggml-uwp.vcxproj]
     1>C:\Users\hjotha\worktrees\xllama-mtp-fast\llama.cpp\ggml\src\ggml-cpu\ops.cpp(3572,18): warning C4244: 'initializing': conversion from 'int64_t' to 'const int', possible loss of data [C:\Users\hjotha\worktrees\xllama-mtp-fast\uwp\ggml-uwp.vcxproj]
     1>C:\Users\hjotha\worktrees\xllama-mtp-fast\llama.cpp\ggml\src\ggml-cpu\ops.cpp(3573,30): warning C4244: 'initializing': conversion from 'int64_t' to 'int', possible loss of data [C:\Users\hjotha\worktrees\xllama-mtp-fast\uwp\ggml-uwp.vcxproj]
     1>C:\Users\hjotha\worktrees\xllama-mtp-fast\llama.cpp\ggml\src\ggml-cpu\ops.cpp(3573,18): warning C4244: 'initializing': conversion from 'int64_t' to 'const int', possible loss of data [C:\Users\hjotha\worktrees\xllama-mtp-fast\uwp\ggml-uwp.vcxproj]
     1>C:\Users\hjotha\worktrees\xllama-mtp-fast\llama.cpp\ggml\src\ggml-cpu\ops.cpp(3631,25): warning C4244: 'initializing': conversion from 'int64_t' to 'int', possible loss of data [C:\Users\hjotha\worktrees\xllama-mtp-fast\uwp\ggml-uwp.vcxproj]
     1>C:\Users\hjotha\worktrees\xllama-mtp-fast\llama.cpp\ggml\src\ggml-cpu\ops.cpp(3631,18): warning C4244: 'initializing': conversion from 'int64_t' to 'const int', possible loss of data [C:\Users\hjotha\worktrees\xllama-mtp-fast\uwp\ggml-uwp.vcxproj]
     1>C:\Users\hjotha\worktrees\xllama-mtp-fast\llama.cpp\ggml\src\ggml-cpu\ops.cpp(3632,30): warning C4244: 'initializing': conversion from 'int64_t' to 'int', possible loss of data [C:\Users\hjotha\worktrees\xllama-mtp-fast\uwp\ggml-uwp.vcxproj]
     1>C:\Users\hjotha\worktrees\xllama-mtp-fast\llama.cpp\ggml\src\ggml-cpu\ops.cpp(3632,18): warning C4244: 'initializing': conversion from 'int64_t' to 'const int', possible loss of data [C:\Users\hjotha\worktrees\xllama-mtp-fast\uwp\ggml-uwp.vcxproj]
     1>C:\Users\hjotha\worktrees\xllama-mtp-fast\llama.cpp\ggml\src\ggml-cpu\ops.cpp(3715,25): warning C4244: 'initializing': conversion from 'int64_t' to 'int', possible loss of data [C:\Users\hjotha\worktrees\xllama-mtp-fast\uwp\ggml-uwp.vcxproj]
     1>C:\Users\hjotha\worktrees\xllama-mtp-fast\llama.cpp\ggml\src\ggml-cpu\ops.cpp(3715,18): warning C4244: 'initializing': conversion from 'int64_t' to 'const int', possible loss of data [C:\Users\hjotha\worktrees\xllama-mtp-fast\uwp\ggml-uwp.vcxproj]
     1>C:\Users\hjotha\worktrees\xllama-mtp-fast\llama.cpp\ggml\src\ggml-cpu\ops.cpp(3716,30): warning C4244: 'initializing': conversion from 'int64_t' to 'int', possible loss of data [C:\Users\hjotha\worktrees\xllama-mtp-fast\uwp\ggml-uwp.vcxproj]
     1>C:\Users\hjotha\worktrees\xllama-mtp-fast\llama.cpp\ggml\src\ggml-cpu\ops.cpp(3716,18): warning C4244: 'initializing': conversion from 'int64_t' to 'const int', possible loss of data [C:\Users\hjotha\worktrees\xllama-mtp-fast\uwp\ggml-uwp.vcxproj]
     1>C:\Users\hjotha\worktrees\xllama-mtp-fast\llama.cpp\ggml\src\ggml-cpu\ops.cpp(3774,25): warning C4244: 'initializing': conversion from 'int64_t' to 'int', possible loss of data [C:\Users\hjotha\worktrees\xllama-mtp-fast\uwp\ggml-uwp.vcxproj]
     1>C:\Users\hjotha\worktrees\xllama-mtp-fast\llama.cpp\ggml\src\ggml-cpu\ops.cpp(3774,18): warning C4244: 'initializing': conversion from 'int64_t' to 'const int', possible loss of data [C:\Users\hjotha\worktrees\xllama-mtp-fast\uwp\ggml-uwp.vcxproj]
     1>C:\Users\hjotha\worktrees\xllama-mtp-fast\llama.cpp\ggml\src\ggml-cpu\ops.cpp(3775,30): warning C4244: 'initializing': conversion from 'int64_t' to 'int', possible loss of data [C:\Users\hjotha\worktrees\xllama-mtp-fast\uwp\ggml-uwp.vcxproj]
     1>C:\Users\hjotha\worktrees\xllama-mtp-fast\llama.cpp\ggml\src\ggml-cpu\ops.cpp(3775,18): warning C4244: 'initializing': conversion from 'int64_t' to 'const int', possible loss of data [C:\Users\hjotha\worktrees\xllama-mtp-fast\uwp\ggml-uwp.vcxproj]
     1>C:\Users\hjotha\worktrees\xllama-mtp-fast\llama.cpp\ggml\src\ggml-cpu\ops.cpp(3864,38): warning C4244: 'argument': conversion from 'const int64_t' to 'const int', possible loss of data [C:\Users\hjotha\worktrees\xllama-mtp-fast\uwp\ggml-uwp.vcxproj]
     1>C:\Users\hjotha\worktrees\xllama-mtp-fast\llama.cpp\ggml\src\ggml-cpu\ops.cpp(3875,50): warning C4244: 'argument': conversion from 'const int64_t' to 'const int', possible loss of data [C:\Users\hjotha\worktrees\xllama-mtp-fast\uwp\ggml-uwp.vcxproj]
     1>C:\Users\hjotha\worktrees\xllama-mtp-fast\llama.cpp\ggml\src\ggml-cpu\ops.cpp(3875,49): warning C4244: '=': conversion from 'ggml_float' to 'float', possible loss of data [C:\Users\hjotha\worktrees\xllama-mtp-fast\uwp\ggml-uwp.vcxproj]
     1>C:\Users\hjotha\worktrees\xllama-mtp-fast\llama.cpp\ggml\src\ggml-cpu\ops.cpp(3879,40): warning C4244: 'argument': conversion from 'const int64_t' to 'const int', possible loss of data [C:\Users\hjotha\worktrees\xllama-mtp-fast\uwp\ggml-uwp.vcxproj]
     1>C:\Users\hjotha\worktrees\xllama-mtp-fast\llama.cpp\ggml\src\ggml-cpu\ops.cpp(4237,20): warning C4244: 'initializing': conversion from 'const int64_t' to 'int', possible loss of data [C:\Users\hjotha\worktrees\xllama-mtp-fast\uwp\ggml-uwp.vcxproj]
     1>C:\Users\hjotha\worktrees\xllama-mtp-fast\llama.cpp\ggml\src\ggml-cpu\ops.cpp(4261,36): warning C4244: 'initializing': conversion from 'ggml_float' to 'float', possible loss of data [C:\Users\hjotha\worktrees\xllama-mtp-fast\uwp\ggml-uwp.vcxproj]
     1>C:\Users\hjotha\worktrees\xllama-mtp-fast\llama.cpp\ggml\src\ggml-cpu\ops.cpp(4261,30): warning C4244: 'initializing': conversion from 'ggml_float' to 'const float', possible loss of data [C:\Users\hjotha\worktrees\xllama-mtp-fast\uwp\ggml-uwp.vcxproj]
     1>C:\Users\hjotha\worktrees\xllama-mtp-fast\llama.cpp\ggml\src\ggml-cpu\ops.cpp(4279,41): warning C4244: 'initializing': conversion from 'ggml_float' to 'float', possible loss of data [C:\Users\hjotha\worktrees\xllama-mtp-fast\uwp\ggml-uwp.vcxproj]
     1>C:\Users\hjotha\worktrees\xllama-mtp-fast\llama.cpp\ggml\src\ggml-cpu\ops.cpp(4279,34): warning C4244: 'initializing': conversion from 'ggml_float' to 'const float', possible loss of data [C:\Users\hjotha\worktrees\xllama-mtp-fast\uwp\ggml-uwp.vcxproj]
     1>C:\Users\hjotha\worktrees\xllama-mtp-fast\llama.cpp\ggml\src\ggml-cpu\ops.cpp(4285,40): warning C4244: 'argument': conversion from 'const int64_t' to 'const int', possible loss of data [C:\Users\hjotha\worktrees\xllama-mtp-fast\uwp\ggml-uwp.vcxproj]
     1>C:\Users\hjotha\worktrees\xllama-mtp-fast\llama.cpp\ggml\src\ggml-cpu\ops.cpp(4342,54): warning C4244: 'argument': conversion from 'ggml_float' to 'float', possible loss of data [C:\Users\hjotha\worktrees\xllama-mtp-fast\uwp\ggml-uwp.vcxproj]
     1>C:\Users\hjotha\worktrees\xllama-mtp-fast\llama.cpp\ggml\src\ggml-cpu\ops.cpp(4348,40): warning C4244: 'argument': conversion from 'const int64_t' to 'const int', possible loss of data [C:\Users\hjotha\worktrees\xllama-mtp-fast\uwp\ggml-uwp.vcxproj]
     1>C:\Users\hjotha\worktrees\xllama-mtp-fast\llama.cpp\ggml\src\ggml-cpu\ops.cpp(4417,37): warning C4244: 'argument': conversion from 'int64_t' to 'const int', possible loss of data [C:\Users\hjotha\worktrees\xllama-mtp-fast\uwp\ggml-uwp.vcxproj]
     1>C:\Users\hjotha\worktrees\xllama-mtp-fast\llama.cpp\ggml\src\ggml-cpu\ops.cpp(4474,56): warning C4267: 'argument': conversion from 'size_t' to 'const int', possible loss of data [C:\Users\hjotha\worktrees\xllama-mtp-fast\uwp\ggml-uwp.vcxproj]
     1>C:\Users\hjotha\worktrees\xllama-mtp-fast\llama.cpp\ggml\src\ggml-cpu\ops.cpp(4474,50): warning C4267: 'argument': conversion from 'size_t' to 'const int', possible loss of data [C:\Users\hjotha\worktrees\xllama-mtp-fast\uwp\ggml-uwp.vcxproj]
     1>C:\Users\hjotha\worktrees\xllama-mtp-fast\llama.cpp\ggml\src\ggml-cpu\ops.cpp(4474,45): warning C4244: 'argument': conversion from 'const int64_t' to 'const int', possible loss of data [C:\Users\hjotha\worktrees\xllama-mtp-fast\uwp\ggml-uwp.vcxproj]
     1>C:\Users\hjotha\worktrees\xllama-mtp-fast\llama.cpp\ggml\src\ggml-cpu\ops.cpp(4483,38): warning C4244: 'argument': conversion from 'const int64_t' to 'const int', possible loss of data [C:\Users\hjotha\worktrees\xllama-mtp-fast\uwp\ggml-uwp.vcxproj]
     1>C:\Users\hjotha\worktrees\xllama-mtp-fast\llama.cpp\ggml\src\ggml-cpu\ops.cpp(4542,37): warning C4244: 'argument': conversion from 'int64_t' to 'const int', possible loss of data [C:\Users\hjotha\worktrees\xllama-mtp-fast\uwp\ggml-uwp.vcxproj]
     1>C:\Users\hjotha\worktrees\xllama-mtp-fast\llama.cpp\ggml\src\ggml-cpu\ops.cpp(4588,30): warning C4244: 'argument': conversion from 'const int64_t' to 'const int', possible loss of data [C:\Users\hjotha\worktrees\xllama-mtp-fast\uwp\ggml-uwp.vcxproj]
     1>C:\Users\hjotha\worktrees\xllama-mtp-fast\llama.cpp\ggml\src\ggml-cpu\ops.cpp(4621,37): warning C4244: 'argument': conversion from 'int64_t' to 'const int', possible loss of data [C:\Users\hjotha\worktrees\xllama-mtp-fast\uwp\ggml-uwp.vcxproj]
     1>C:\Users\hjotha\worktrees\xllama-mtp-fast\llama.cpp\ggml\src\ggml-cpu\ops.cpp(4658,30): warning C4244: 'argument': conversion from 'const int64_t' to 'const int', possible loss of data [C:\Users\hjotha\worktrees\xllama-mtp-fast\uwp\ggml-uwp.vcxproj]
     1>C:\Users\hjotha\worktrees\xllama-mtp-fast\llama.cpp\ggml\src\ggml-cpu\ops.cpp(4742,30): warning C4244: 'initializing': conversion from 'const int64_t' to 'int', possible loss of data [C:\Users\hjotha\worktrees\xllama-mtp-fast\uwp\ggml-uwp.vcxproj]
     1>C:\Users\hjotha\worktrees\xllama-mtp-fast\llama.cpp\ggml\src\ggml-cpu\ops.cpp(4742,18): warning C4244: 'initializing': conversion from 'const int64_t' to 'const int', possible loss of data [C:\Users\hjotha\worktrees\xllama-mtp-fast\uwp\ggml-uwp.vcxproj]
     1>C:\Users\hjotha\worktrees\xllama-mtp-fast\llama.cpp\ggml\src\ggml-cpu\ops.cpp(4743,30): warning C4244: 'initializing': conversion from 'int64_t' to 'int', possible loss of data [C:\Users\hjotha\worktrees\xllama-mtp-fast\uwp\ggml-uwp.vcxproj]
     1>C:\Users\hjotha\worktrees\xllama-mtp-fast\llama.cpp\ggml\src\ggml-cpu\ops.cpp(4743,18): warning C4244: 'initializing': conversion from 'int64_t' to 'const int', possible loss of data [C:\Users\hjotha\worktrees\xllama-mtp-fast\uwp\ggml-uwp.vcxproj]
     1>C:\Users\hjotha\worktrees\xllama-mtp-fast\llama.cpp\ggml\src\ggml-cpu\ops.cpp(4828,30): warning C4244: 'initializing': conversion from 'int64_t' to 'int', possible loss of data [C:\Users\hjotha\worktrees\xllama-mtp-fast\uwp\ggml-uwp.vcxproj]
     1>C:\Users\hjotha\worktrees\xllama-mtp-fast\llama.cpp\ggml\src\ggml-cpu\ops.cpp(4828,18): warning C4244: 'initializing': conversion from 'int64_t' to 'const int', possible loss of data [C:\Users\hjotha\worktrees\xllama-mtp-fast\uwp\ggml-uwp.vcxproj]
     1>C:\Users\hjotha\worktrees\xllama-mtp-fast\llama.cpp\ggml\src\ggml-cpu\ops.cpp(4829,30): warning C4244: 'initializing': conversion from 'const int64_t' to 'int', possible loss of data [C:\Users\hjotha\worktrees\xllama-mtp-fast\uwp\ggml-uwp.vcxproj]
     1>C:\Users\hjotha\worktrees\xllama-mtp-fast\llama.cpp\ggml\src\ggml-cpu\ops.cpp(4829,18): warning C4244: 'initializing': conversion from 'const int64_t' to 'const int', possible loss of data [C:\Users\hjotha\worktrees\xllama-mtp-fast\uwp\ggml-uwp.vcxproj]
     1>C:\Users\hjotha\worktrees\xllama-mtp-fast\llama.cpp\ggml\src\ggml-cpu\ops.cpp(4837,32): warning C4244: 'initializing': conversion from 'int64_t' to 'int', possible loss of data [C:\Users\hjotha\worktrees\xllama-mtp-fast\uwp\ggml-uwp.vcxproj]
     1>C:\Users\hjotha\worktrees\xllama-mtp-fast\llama.cpp\ggml\src\ggml-cpu\ops.cpp(4837,19): warning C4244: 'initializing': conversion from 'int64_t' to 'const int', possible loss of data [C:\Users\hjotha\worktrees\xllama-mtp-fast\uwp\ggml-uwp.vcxproj]
     1>C:\Users\hjotha\worktrees\xllama-mtp-fast\llama.cpp\ggml\src\ggml-cpu\ops.cpp(4838,32): warning C4244: 'initializing': conversion from 'int64_t' to 'int', possible loss of data [C:\Users\hjotha\worktrees\xllama-mtp-fast\uwp\ggml-uwp.vcxproj]
     1>C:\Users\hjotha\worktrees\xllama-mtp-fast\llama.cpp\ggml\src\ggml-cpu\ops.cpp(4838,19): warning C4244: 'initializing': conversion from 'int64_t' to 'const int', possible loss of data [C:\Users\hjotha\worktrees\xllama-mtp-fast\uwp\ggml-uwp.vcxproj]
     1>C:\Users\hjotha\worktrees\xllama-mtp-fast\llama.cpp\ggml\src\ggml-cpu\ops.cpp(4839,32): warning C4244: 'initializing': conversion from 'int64_t' to 'int', possible loss of data [C:\Users\hjotha\worktrees\xllama-mtp-fast\uwp\ggml-uwp.vcxproj]
     1>C:\Users\hjotha\worktrees\xllama-mtp-fast\llama.cpp\ggml\src\ggml-cpu\ops.cpp(4839,19): warning C4244: 'initializing': conversion from 'int64_t' to 'const int', possible loss of data [C:\Users\hjotha\worktrees\xllama-mtp-fast\uwp\ggml-uwp.vcxproj]
     1>C:\Users\hjotha\worktrees\xllama-mtp-fast\llama.cpp\ggml\src\ggml-cpu\ops.cpp(4840,32): warning C4244: 'initializing': conversion from 'int64_t' to 'int', possible loss of data [C:\Users\hjotha\worktrees\xllama-mtp-fast\uwp\ggml-uwp.vcxproj]
     1>C:\Users\hjotha\worktrees\xllama-mtp-fast\llama.cpp\ggml\src\ggml-cpu\ops.cpp(4840,19): warning C4244: 'initializing': conversion from 'int64_t' to 'const int', possible loss of data [C:\Users\hjotha\worktrees\xllama-mtp-fast\uwp\ggml-uwp.vcxproj]
     1>C:\Users\hjotha\worktrees\xllama-mtp-fast\llama.cpp\ggml\src\ggml-cpu\ops.cpp(4856,26): warning C4244: 'initializing': conversion from 'int64_t' to 'int', possible loss of data [C:\Users\hjotha\worktrees\xllama-mtp-fast\uwp\ggml-uwp.vcxproj]
     1>C:\Users\hjotha\worktrees\xllama-mtp-fast\llama.cpp\ggml\src\ggml-cpu\ops.cpp(4856,22): warning C4244: 'initializing': conversion from 'int64_t' to 'const int', possible loss of data [C:\Users\hjotha\worktrees\xllama-mtp-fast\uwp\ggml-uwp.vcxproj]
     1>C:\Users\hjotha\worktrees\xllama-mtp-fast\llama.cpp\ggml\src\ggml-cpu\ops.cpp(4857,43): warning C4244: 'initializing': conversion from 'int64_t' to 'int', possible loss of data [C:\Users\hjotha\worktrees\xllama-mtp-fast\uwp\ggml-uwp.vcxproj]
     1>C:\Users\hjotha\worktrees\xllama-mtp-fast\llama.cpp\ggml\src\ggml-cpu\ops.cpp(4857,22): warning C4244: 'initializing': conversion from 'int64_t' to 'const int', possible loss of data [C:\Users\hjotha\worktrees\xllama-mtp-fast\uwp\ggml-uwp.vcxproj]
     1>C:\Users\hjotha\worktrees\xllama-mtp-fast\llama.cpp\ggml\src\ggml-cpu\ops.cpp(4858,43): warning C4244: 'initializing': conversion from 'int64_t' to 'int', possible loss of data [C:\Users\hjotha\worktrees\xllama-mtp-fast\uwp\ggml-uwp.vcxproj]
     1>C:\Users\hjotha\worktrees\xllama-mtp-fast\llama.cpp\ggml\src\ggml-cpu\ops.cpp(4858,22): warning C4244: 'initializing': conversion from 'int64_t' to 'const int', possible loss of data [C:\Users\hjotha\worktrees\xllama-mtp-fast\uwp\ggml-uwp.vcxproj]
     1>C:\Users\hjotha\worktrees\xllama-mtp-fast\llama.cpp\ggml\src\ggml-cpu\ops.cpp(4899,30): warning C4244: 'initializing': conversion from 'int64_t' to 'int', possible loss of data [C:\Users\hjotha\worktrees\xllama-mtp-fast\uwp\ggml-uwp.vcxproj]
     1>C:\Users\hjotha\worktrees\xllama-mtp-fast\llama.cpp\ggml\src\ggml-cpu\ops.cpp(4899,18): warning C4244: 'initializing': conversion from 'int64_t' to 'const int', possible loss of data [C:\Users\hjotha\worktrees\xllama-mtp-fast\uwp\ggml-uwp.vcxproj]
     1>C:\Users\hjotha\worktrees\xllama-mtp-fast\llama.cpp\ggml\src\ggml-cpu\ops.cpp(4900,30): warning C4244: 'initializing': conversion from 'const int64_t' to 'int', possible loss of data [C:\Users\hjotha\worktrees\xllama-mtp-fast\uwp\ggml-uwp.vcxproj]
     1>C:\Users\hjotha\worktrees\xllama-mtp-fast\llama.cpp\ggml\src\ggml-cpu\ops.cpp(4900,18): warning C4244: 'initializing': conversion from 'const int64_t' to 'const int', possible loss of data [C:\Users\hjotha\worktrees\xllama-mtp-fast\uwp\ggml-uwp.vcxproj]
     1>C:\Users\hjotha\worktrees\xllama-mtp-fast\llama.cpp\ggml\src\ggml-cpu\ops.cpp(4908,32): warning C4244: 'initializing': conversion from 'int64_t' to 'int', possible loss of data [C:\Users\hjotha\worktrees\xllama-mtp-fast\uwp\ggml-uwp.vcxproj]
     1>C:\Users\hjotha\worktrees\xllama-mtp-fast\llama.cpp\ggml\src\ggml-cpu\ops.cpp(4908,19): warning C4244: 'initializing': conversion from 'int64_t' to 'const int', possible loss of data [C:\Users\hjotha\worktrees\xllama-mtp-fast\uwp\ggml-uwp.vcxproj]
     1>C:\Users\hjotha\worktrees\xllama-mtp-fast\llama.cpp\ggml\src\ggml-cpu\ops.cpp(4909,32): warning C4244: 'initializing': conversion from 'int64_t' to 'int', possible loss of data [C:\Users\hjotha\worktrees\xllama-mtp-fast\uwp\ggml-uwp.vcxproj]
     1>C:\Users\hjotha\worktrees\xllama-mtp-fast\llama.cpp\ggml\src\ggml-cpu\ops.cpp(4909,19): warning C4244: 'initializing': conversion from 'int64_t' to 'const int', possible loss of data [C:\Users\hjotha\worktrees\xllama-mtp-fast\uwp\ggml-uwp.vcxproj]
     1>C:\Users\hjotha\worktrees\xllama-mtp-fast\llama.cpp\ggml\src\ggml-cpu\ops.cpp(4910,32): warning C4244: 'initializing': conversion from 'int64_t' to 'int', possible loss of data [C:\Users\hjotha\worktrees\xllama-mtp-fast\uwp\ggml-uwp.vcxproj]
     1>C:\Users\hjotha\worktrees\xllama-mtp-fast\llama.cpp\ggml\src\ggml-cpu\ops.cpp(4910,19): warning C4244: 'initializing': conversion from 'int64_t' to 'const int', possible loss of data [C:\Users\hjotha\worktrees\xllama-mtp-fast\uwp\ggml-uwp.vcxproj]
     1>C:\Users\hjotha\worktrees\xllama-mtp-fast\llama.cpp\ggml\src\ggml-cpu\ops.cpp(4911,32): warning C4244: 'initializing': conversion from 'int64_t' to 'int', possible loss of data [C:\Users\hjotha\worktrees\xllama-mtp-fast\uwp\ggml-uwp.vcxproj]
     1>C:\Users\hjotha\worktrees\xllama-mtp-fast\llama.cpp\ggml\src\ggml-cpu\ops.cpp(4911,19): warning C4244: 'initializing': conversion from 'int64_t' to 'const int', possible loss of data [C:\Users\hjotha\worktrees\xllama-mtp-fast\uwp\ggml-uwp.vcxproj]
     1>C:\Users\hjotha\worktrees\xllama-mtp-fast\llama.cpp\ggml\src\ggml-cpu\ops.cpp(4927,26): warning C4244: 'initializing': conversion from 'int64_t' to 'int', possible loss of data [C:\Users\hjotha\worktrees\xllama-mtp-fast\uwp\ggml-uwp.vcxproj]
     1>C:\Users\hjotha\worktrees\xllama-mtp-fast\llama.cpp\ggml\src\ggml-cpu\ops.cpp(4927,22): warning C4244: 'initializing': conversion from 'int64_t' to 'const int', possible loss of data [C:\Users\hjotha\worktrees\xllama-mtp-fast\uwp\ggml-uwp.vcxproj]
     1>C:\Users\hjotha\worktrees\xllama-mtp-fast\llama.cpp\ggml\src\ggml-cpu\ops.cpp(4928,43): warning C4244: 'initializing': conversion from 'int64_t' to 'int', possible loss of data [C:\Users\hjotha\worktrees\xllama-mtp-fast\uwp\ggml-uwp.vcxproj]
     1>C:\Users\hjotha\worktrees\xllama-mtp-fast\llama.cpp\ggml\src\ggml-cpu\ops.cpp(4928,22): warning C4244: 'initializing': conversion from 'int64_t' to 'const int', possible loss of data [C:\Users\hjotha\worktrees\xllama-mtp-fast\uwp\ggml-uwp.vcxproj]
     1>C:\Users\hjotha\worktrees\xllama-mtp-fast\llama.cpp\ggml\src\ggml-cpu\ops.cpp(4929,43): warning C4244: 'initializing': conversion from 'int64_t' to 'int', possible loss of data [C:\Users\hjotha\worktrees\xllama-mtp-fast\uwp\ggml-uwp.vcxproj]
     1>C:\Users\hjotha\worktrees\xllama-mtp-fast\llama.cpp\ggml\src\ggml-cpu\ops.cpp(4929,22): warning C4244: 'initializing': conversion from 'int64_t' to 'const int', possible loss of data [C:\Users\hjotha\worktrees\xllama-mtp-fast\uwp\ggml-uwp.vcxproj]
     1>C:\Users\hjotha\worktrees\xllama-mtp-fast\llama.cpp\ggml\src\ggml-cpu\ops.cpp(5031,34): warning C4244: 'initializing': conversion from 'int64_t' to 'int', possible loss of data [C:\Users\hjotha\worktrees\xllama-mtp-fast\uwp\ggml-uwp.vcxproj]
     1>C:\Users\hjotha\worktrees\xllama-mtp-fast\llama.cpp\ggml\src\ggml-cpu\ops.cpp(5031,18): warning C4244: 'initializing': conversion from 'int64_t' to 'const int', possible loss of data [C:\Users\hjotha\worktrees\xllama-mtp-fast\uwp\ggml-uwp.vcxproj]
     1>C:\Users\hjotha\worktrees\xllama-mtp-fast\llama.cpp\ggml\src\ggml-cpu\ops.cpp(5035,21): warning C4244: 'initializing': conversion from 'int64_t' to 'int', possible loss of data [C:\Users\hjotha\worktrees\xllama-mtp-fast\uwp\ggml-uwp.vcxproj]
     1>C:\Users\hjotha\worktrees\xllama-mtp-fast\llama.cpp\ggml\src\ggml-cpu\ops.cpp(5035,19): warning C4244: 'initializing': conversion from 'int64_t' to 'const int', possible loss of data [C:\Users\hjotha\worktrees\xllama-mtp-fast\uwp\ggml-uwp.vcxproj]
     1>C:\Users\hjotha\worktrees\xllama-mtp-fast\llama.cpp\ggml\src\ggml-cpu\ops.cpp(5085,34): warning C4244: 'initializing': conversion from 'int64_t' to 'int', possible loss of data [C:\Users\hjotha\worktrees\xllama-mtp-fast\uwp\ggml-uwp.vcxproj]
     1>C:\Users\hjotha\worktrees\xllama-mtp-fast\llama.cpp\ggml\src\ggml-cpu\ops.cpp(5085,18): warning C4244: 'initializing': conversion from 'int64_t' to 'const int', possible loss of data [C:\Users\hjotha\worktrees\xllama-mtp-fast\uwp\ggml-uwp.vcxproj]
     1>C:\Users\hjotha\worktrees\xllama-mtp-fast\llama.cpp\ggml\src\ggml-cpu\ops.cpp(5089,21): warning C4244: 'initializing': conversion from 'int64_t' to 'int', possible loss of data [C:\Users\hjotha\worktrees\xllama-mtp-fast\uwp\ggml-uwp.vcxproj]
     1>C:\Users\hjotha\worktrees\xllama-mtp-fast\llama.cpp\ggml\src\ggml-cpu\ops.cpp(5089,19): warning C4244: 'initializing': conversion from 'int64_t' to 'const int', possible loss of data [C:\Users\hjotha\worktrees\xllama-mtp-fast\uwp\ggml-uwp.vcxproj]
     1>C:\Users\hjotha\worktrees\xllama-mtp-fast\llama.cpp\ggml\src\ggml-cpu\ops.cpp(5137,34): warning C4244: 'initializing': conversion from 'int64_t' to 'int', possible loss of data [C:\Users\hjotha\worktrees\xllama-mtp-fast\uwp\ggml-uwp.vcxproj]
     1>C:\Users\hjotha\worktrees\xllama-mtp-fast\llama.cpp\ggml\src\ggml-cpu\ops.cpp(5137,18): warning C4244: 'initializing': conversion from 'int64_t' to 'const int', possible loss of data [C:\Users\hjotha\worktrees\xllama-mtp-fast\uwp\ggml-uwp.vcxproj]
     1>C:\Users\hjotha\worktrees\xllama-mtp-fast\llama.cpp\ggml\src\ggml-cpu\ops.cpp(5141,21): warning C4244: 'initializing': conversion from 'int64_t' to 'int', possible loss of data [C:\Users\hjotha\worktrees\xllama-mtp-fast\uwp\ggml-uwp.vcxproj]
     1>C:\Users\hjotha\worktrees\xllama-mtp-fast\llama.cpp\ggml\src\ggml-cpu\ops.cpp(5141,19): warning C4244: 'initializing': conversion from 'int64_t' to 'const int', possible loss of data [C:\Users\hjotha\worktrees\xllama-mtp-fast\uwp\ggml-uwp.vcxproj]
     1>C:\Users\hjotha\worktrees\xllama-mtp-fast\llama.cpp\ggml\src\ggml-cpu\ops.cpp(5189,34): warning C4244: 'initializing': conversion from 'int64_t' to 'int', possible loss of data [C:\Users\hjotha\worktrees\xllama-mtp-fast\uwp\ggml-uwp.vcxproj]
     1>C:\Users\hjotha\worktrees\xllama-mtp-fast\llama.cpp\ggml\src\ggml-cpu\ops.cpp(5189,18): warning C4244: 'initializing': conversion from 'int64_t' to 'const int', possible loss of data [C:\Users\hjotha\worktrees\xllama-mtp-fast\uwp\ggml-uwp.vcxproj]
     1>C:\Users\hjotha\worktrees\xllama-mtp-fast\llama.cpp\ggml\src\ggml-cpu\ops.cpp(5193,21): warning C4244: 'initializing': conversion from 'int64_t' to 'int', possible loss of data [C:\Users\hjotha\worktrees\xllama-mtp-fast\uwp\ggml-uwp.vcxproj]
     1>C:\Users\hjotha\worktrees\xllama-mtp-fast\llama.cpp\ggml\src\ggml-cpu\ops.cpp(5193,19): warning C4244: 'initializing': conversion from 'int64_t' to 'const int', possible loss of data [C:\Users\hjotha\worktrees\xllama-mtp-fast\uwp\ggml-uwp.vcxproj]
     1>C:\Users\hjotha\worktrees\xllama-mtp-fast\llama.cpp\ggml\src\ggml-cpu\ops.cpp(5208,30): warning C4244: 'argument': conversion from 'const int64_t' to 'const int', possible loss of data [C:\Users\hjotha\worktrees\xllama-mtp-fast\uwp\ggml-uwp.vcxproj]
     1>C:\Users\hjotha\worktrees\xllama-mtp-fast\llama.cpp\ggml\src\ggml-cpu\ops.cpp(5488,30): warning C4244: 'initializing': conversion from 'const int64_t' to 'int', possible loss of data [C:\Users\hjotha\worktrees\xllama-mtp-fast\uwp\ggml-uwp.vcxproj]
     1>C:\Users\hjotha\worktrees\xllama-mtp-fast\llama.cpp\ggml\src\ggml-cpu\ops.cpp(5488,18): warning C4244: 'initializing': conversion from 'const int64_t' to 'const int', possible loss of data [C:\Users\hjotha\worktrees\xllama-mtp-fast\uwp\ggml-uwp.vcxproj]
     1>C:\Users\hjotha\worktrees\xllama-mtp-fast\llama.cpp\ggml\src\ggml-cpu\ops.cpp(5489,34): warning C4244: 'initializing': conversion from 'int64_t' to 'int', possible loss of data [C:\Users\hjotha\worktrees\xllama-mtp-fast\uwp\ggml-uwp.vcxproj]
     1>C:\Users\hjotha\worktrees\xllama-mtp-fast\llama.cpp\ggml\src\ggml-cpu\ops.cpp(5489,18): warning C4244: 'initializing': conversion from 'int64_t' to 'const int', possible loss of data [C:\Users\hjotha\worktrees\xllama-mtp-fast\uwp\ggml-uwp.vcxproj]
     1>C:\Users\hjotha\worktrees\xllama-mtp-fast\llama.cpp\ggml\src\ggml-cpu\ops.cpp(5521,30): warning C4244: 'initializing': conversion from 'const int64_t' to 'int', possible loss of data [C:\Users\hjotha\worktrees\xllama-mtp-fast\uwp\ggml-uwp.vcxproj]
     1>C:\Users\hjotha\worktrees\xllama-mtp-fast\llama.cpp\ggml\src\ggml-cpu\ops.cpp(5521,18): warning C4244: 'initializing': conversion from 'const int64_t' to 'const int', possible loss of data [C:\Users\hjotha\worktrees\xllama-mtp-fast\uwp\ggml-uwp.vcxproj]
     1>C:\Users\hjotha\worktrees\xllama-mtp-fast\llama.cpp\ggml\src\ggml-cpu\ops.cpp(5522,34): warning C4244: 'initializing': conversion from 'int64_t' to 'int', possible loss of data [C:\Users\hjotha\worktrees\xllama-mtp-fast\uwp\ggml-uwp.vcxproj]
     1>C:\Users\hjotha\worktrees\xllama-mtp-fast\llama.cpp\ggml\src\ggml-cpu\ops.cpp(5522,18): warning C4244: 'initializing': conversion from 'int64_t' to 'const int', possible loss of data [C:\Users\hjotha\worktrees\xllama-mtp-fast\uwp\ggml-uwp.vcxproj]
     1>C:\Users\hjotha\worktrees\xllama-mtp-fast\llama.cpp\ggml\src\ggml-cpu\ops.cpp(5670,30): warning C4244: 'initializing': conversion from 'int64_t' to 'int', possible loss of data [C:\Users\hjotha\worktrees\xllama-mtp-fast\uwp\ggml-uwp.vcxproj]
     1>C:\Users\hjotha\worktrees\xllama-mtp-fast\llama.cpp\ggml\src\ggml-cpu\ops.cpp(5670,18): warning C4244: 'initializing': conversion from 'int64_t' to 'const int', possible loss of data [C:\Users\hjotha\worktrees\xllama-mtp-fast\uwp\ggml-uwp.vcxproj]
     1>C:\Users\hjotha\worktrees\xllama-mtp-fast\llama.cpp\ggml\src\ggml-cpu\ops.cpp(5671,30): warning C4244: 'initializing': conversion from 'const int64_t' to 'int', possible loss of data [C:\Users\hjotha\worktrees\xllama-mtp-fast\uwp\ggml-uwp.vcxproj]
     1>C:\Users\hjotha\worktrees\xllama-mtp-fast\llama.cpp\ggml\src\ggml-cpu\ops.cpp(5671,18): warning C4244: 'initializing': conversion from 'const int64_t' to 'const int', possible loss of data [C:\Users\hjotha\worktrees\xllama-mtp-fast\uwp\ggml-uwp.vcxproj]
     1>C:\Users\hjotha\worktrees\xllama-mtp-fast\llama.cpp\ggml\src\ggml-cpu\ops.cpp(5672,30): warning C4244: 'initializing': conversion from 'const int64_t' to 'int', possible loss of data [C:\Users\hjotha\worktrees\xllama-mtp-fast\uwp\ggml-uwp.vcxproj]
     1>C:\Users\hjotha\worktrees\xllama-mtp-fast\llama.cpp\ggml\src\ggml-cpu\ops.cpp(5672,18): warning C4244: 'initializing': conversion from 'const int64_t' to 'const int', possible loss of data [C:\Users\hjotha\worktrees\xllama-mtp-fast\uwp\ggml-uwp.vcxproj]
     1>C:\Users\hjotha\worktrees\xllama-mtp-fast\llama.cpp\ggml\src\ggml-cpu\ops.cpp(5758,34): warning C4244: 'initializing': conversion from 'const int64_t' to 'uint32_t', possible loss of data [C:\Users\hjotha\worktrees\xllama-mtp-fast\uwp\ggml-uwp.vcxproj]
     1>C:\Users\hjotha\worktrees\xllama-mtp-fast\llama.cpp\ggml\src\ggml-cpu\ops.cpp(5758,32): warning C4244: 'initializing': conversion from 'const int64_t' to 'const uint32_t', possible loss of data [C:\Users\hjotha\worktrees\xllama-mtp-fast\uwp\ggml-uwp.vcxproj]
     1>C:\Users\hjotha\worktrees\xllama-mtp-fast\llama.cpp\ggml\src\ggml-cpu\ops.cpp(5779,36): warning C4244: 'initializing': conversion from 'int64_t' to 'uint32_t', possible loss of data [C:\Users\hjotha\worktrees\xllama-mtp-fast\uwp\ggml-uwp.vcxproj]
     1>C:\Users\hjotha\worktrees\xllama-mtp-fast\llama.cpp\ggml\src\ggml-cpu\ops.cpp(5779,34): warning C4244: 'initializing': conversion from 'int64_t' to 'const uint32_t', possible loss of data [C:\Users\hjotha\worktrees\xllama-mtp-fast\uwp\ggml-uwp.vcxproj]
     1>C:\Users\hjotha\worktrees\xllama-mtp-fast\llama.cpp\ggml\src\ggml-cpu\ops.cpp(5780,86): warning C4244: 'argument': conversion from 'uint32_t' to 'float', possible loss of data [C:\Users\hjotha\worktrees\xllama-mtp-fast\uwp\ggml-uwp.vcxproj]
     1>C:\Users\hjotha\worktrees\xllama-mtp-fast\llama.cpp\ggml\src\ggml-cpu\ops.cpp(5780,122): warning C4244: 'argument': conversion from 'uint32_t' to 'float', possible loss of data [C:\Users\hjotha\worktrees\xllama-mtp-fast\uwp\ggml-uwp.vcxproj]
     1>C:\Users\hjotha\worktrees\xllama-mtp-fast\llama.cpp\ggml\src\ggml-cpu\ops.cpp(5789,36): warning C4244: 'argument': conversion from 'const int64_t' to 'const int', possible loss of data [C:\Users\hjotha\worktrees\xllama-mtp-fast\uwp\ggml-uwp.vcxproj]
     1>C:\Users\hjotha\worktrees\xllama-mtp-fast\llama.cpp\ggml\src\ggml-cpu\ops.cpp(5790,36): warning C4244: 'argument': conversion from 'const int64_t' to 'const int', possible loss of data [C:\Users\hjotha\worktrees\xllama-mtp-fast\uwp\ggml-uwp.vcxproj]
     1>C:\Users\hjotha\worktrees\xllama-mtp-fast\llama.cpp\ggml\src\ggml-cpu\ops.cpp(5811,34): warning C4244: 'argument': conversion from 'const int64_t' to 'const int', possible loss of data [C:\Users\hjotha\worktrees\xllama-mtp-fast\uwp\ggml-uwp.vcxproj]
     1>C:\Users\hjotha\worktrees\xllama-mtp-fast\llama.cpp\ggml\src\ggml-cpu\ops.cpp(5818,56): warning C4244: 'argument': conversion from 'const int64_t' to 'const int', possible loss of data [C:\Users\hjotha\worktrees\xllama-mtp-fast\uwp\ggml-uwp.vcxproj]
     1>C:\Users\hjotha\worktrees\xllama-mtp-fast\llama.cpp\ggml\src\ggml-cpu\ops.cpp(5826,46): warning C4244: 'argument': conversion from 'ggml_float' to 'const float', possible loss of data [C:\Users\hjotha\worktrees\xllama-mtp-fast\uwp\ggml-uwp.vcxproj]
     1>C:\Users\hjotha\worktrees\xllama-mtp-fast\llama.cpp\ggml\src\ggml-cpu\ops.cpp(5826,36): warning C4244: 'argument': conversion from 'const int64_t' to 'const int', possible loss of data [C:\Users\hjotha\worktrees\xllama-mtp-fast\uwp\ggml-uwp.vcxproj]
     1>C:\Users\hjotha\worktrees\xllama-mtp-fast\llama.cpp\ggml\src\ggml-cpu\ops.cpp(5886,30): warning C4244: 'initializing': conversion from 'const int64_t' to 'int', possible loss of data [C:\Users\hjotha\worktrees\xllama-mtp-fast\uwp\ggml-uwp.vcxproj]
     1>C:\Users\hjotha\worktrees\xllama-mtp-fast\llama.cpp\ggml\src\ggml-cpu\ops.cpp(5886,18): warning C4244: 'initializing': conversion from 'const int64_t' to 'const int', possible loss of data [C:\Users\hjotha\worktrees\xllama-mtp-fast\uwp\ggml-uwp.vcxproj]
     1>C:\Users\hjotha\worktrees\xllama-mtp-fast\llama.cpp\ggml\src\ggml-cpu\ops.cpp(5887,30): warning C4244: 'initializing': conversion from 'int64_t' to 'int', possible loss of data [C:\Users\hjotha\worktrees\xllama-mtp-fast\uwp\ggml-uwp.vcxproj]
     1>C:\Users\hjotha\worktrees\xllama-mtp-fast\llama.cpp\ggml\src\ggml-cpu\ops.cpp(5887,18): warning C4244: 'initializing': conversion from 'int64_t' to 'const int', possible loss of data [C:\Users\hjotha\worktrees\xllama-mtp-fast\uwp\ggml-uwp.vcxproj]
     1>C:\Users\hjotha\worktrees\xllama-mtp-fast\llama.cpp\ggml\src\ggml-cpu\ops.cpp(5978,30): warning C4244: 'initializing': conversion from 'int64_t' to 'int', possible loss of data [C:\Users\hjotha\worktrees\xllama-mtp-fast\uwp\ggml-uwp.vcxproj]
     1>C:\Users\hjotha\worktrees\xllama-mtp-fast\llama.cpp\ggml\src\ggml-cpu\ops.cpp(5978,18): warning C4244: 'initializing': conversion from 'int64_t' to 'const int', possible loss of data [C:\Users\hjotha\worktrees\xllama-mtp-fast\uwp\ggml-uwp.vcxproj]
     1>C:\Users\hjotha\worktrees\xllama-mtp-fast\llama.cpp\ggml\src\ggml-cpu\ops.cpp(5979,30): warning C4244: 'initializing': conversion from 'const int64_t' to 'int', possible loss of data [C:\Users\hjotha\worktrees\xllama-mtp-fast\uwp\ggml-uwp.vcxproj]
     1>C:\Users\hjotha\worktrees\xllama-mtp-fast\llama.cpp\ggml\src\ggml-cpu\ops.cpp(5979,18): warning C4244: 'initializing': conversion from 'const int64_t' to 'const int', possible loss of data [C:\Users\hjotha\worktrees\xllama-mtp-fast\uwp\ggml-uwp.vcxproj]
     1>C:\Users\hjotha\worktrees\xllama-mtp-fast\llama.cpp\ggml\src\ggml-cpu\ops.cpp(6014,30): warning C4244: 'initializing': conversion from 'int64_t' to 'int', possible loss of data [C:\Users\hjotha\worktrees\xllama-mtp-fast\uwp\ggml-uwp.vcxproj]
     1>C:\Users\hjotha\worktrees\xllama-mtp-fast\llama.cpp\ggml\src\ggml-cpu\ops.cpp(6014,18): warning C4244: 'initializing': conversion from 'int64_t' to 'const int', possible loss of data [C:\Users\hjotha\worktrees\xllama-mtp-fast\uwp\ggml-uwp.vcxproj]
     1>C:\Users\hjotha\worktrees\xllama-mtp-fast\llama.cpp\ggml\src\ggml-cpu\ops.cpp(6015,30): warning C4244: 'initializing': conversion from 'const int64_t' to 'int', possible loss of data [C:\Users\hjotha\worktrees\xllama-mtp-fast\uwp\ggml-uwp.vcxproj]
     1>C:\Users\hjotha\worktrees\xllama-mtp-fast\llama.cpp\ggml\src\ggml-cpu\ops.cpp(6015,18): warning C4244: 'initializing': conversion from 'const int64_t' to 'const int', possible loss of data [C:\Users\hjotha\worktrees\xllama-mtp-fast\uwp\ggml-uwp.vcxproj]
     1>C:\Users\hjotha\worktrees\xllama-mtp-fast\llama.cpp\ggml\src\ggml-cpu\ops.cpp(6116,69): warning C4244: 'argument': conversion from 'int64_t' to 'const int', possible loss of data [C:\Users\hjotha\worktrees\xllama-mtp-fast\uwp\ggml-uwp.vcxproj]
     1>C:\Users\hjotha\worktrees\xllama-mtp-fast\llama.cpp\ggml\src\ggml-cpu\ops.cpp(6463,29): warning C4244: 'initializing': conversion from 'int64_t' to 'int', possible loss of data [C:\Users\hjotha\worktrees\xllama-mtp-fast\uwp\ggml-uwp.vcxproj]
     1>C:\Users\hjotha\worktrees\xllama-mtp-fast\llama.cpp\ggml\src\ggml-cpu\ops.cpp(6463,18): warning C4244: 'initializing': conversion from 'int64_t' to 'const int', possible loss of data [C:\Users\hjotha\worktrees\xllama-mtp-fast\uwp\ggml-uwp.vcxproj]
     1>C:\Users\hjotha\worktrees\xllama-mtp-fast\llama.cpp\ggml\src\ggml-cpu\ops.cpp(6507,20): warning C4244: 'initializing': conversion from 'const int64_t' to 'int', possible loss of data [C:\Users\hjotha\worktrees\xllama-mtp-fast\uwp\ggml-uwp.vcxproj]
     1>C:\Users\hjotha\worktrees\xllama-mtp-fast\llama.cpp\ggml\src\ggml-cpu\ops.cpp(6507,18): warning C4244: 'initializing': conversion from 'const int64_t' to 'const int', possible loss of data [C:\Users\hjotha\worktrees\xllama-mtp-fast\uwp\ggml-uwp.vcxproj]
     1>C:\Users\hjotha\worktrees\xllama-mtp-fast\llama.cpp\ggml\src\ggml-cpu\ops.cpp(6523,32): warning C4244: 'initializing': conversion from 'int64_t' to 'int', possible loss of data [C:\Users\hjotha\worktrees\xllama-mtp-fast\uwp\ggml-uwp.vcxproj]
     1>C:\Users\hjotha\worktrees\xllama-mtp-fast\llama.cpp\ggml\src\ggml-cpu\ops.cpp(6523,27): warning C4244: 'initializing': conversion from 'int64_t' to 'const int', possible loss of data [C:\Users\hjotha\worktrees\xllama-mtp-fast\uwp\ggml-uwp.vcxproj]
     1>C:\Users\hjotha\worktrees\xllama-mtp-fast\llama.cpp\ggml\src\ggml-cpu\ops.cpp(6526,34): warning C4244: 'argument': conversion from 'const int64_t' to 'int', possible loss of data [C:\Users\hjotha\worktrees\xllama-mtp-fast\uwp\ggml-uwp.vcxproj]
     1>C:\Users\hjotha\worktrees\xllama-mtp-fast\llama.cpp\ggml\src\ggml-cpu\ops.cpp(6551,29): warning C4244: 'initializing': conversion from 'int64_t' to 'int', possible loss of data [C:\Users\hjotha\worktrees\xllama-mtp-fast\uwp\ggml-uwp.vcxproj]
     1>C:\Users\hjotha\worktrees\xllama-mtp-fast\llama.cpp\ggml\src\ggml-cpu\ops.cpp(6551,18): warning C4244: 'initializing': conversion from 'int64_t' to 'const int', possible loss of data [C:\Users\hjotha\worktrees\xllama-mtp-fast\uwp\ggml-uwp.vcxproj]
     1>C:\Users\hjotha\worktrees\xllama-mtp-fast\llama.cpp\ggml\src\ggml-cpu\ops.cpp(6595,20): warning C4244: 'initializing': conversion from 'const int64_t' to 'int', possible loss of data [C:\Users\hjotha\worktrees\xllama-mtp-fast\uwp\ggml-uwp.vcxproj]
     1>C:\Users\hjotha\worktrees\xllama-mtp-fast\llama.cpp\ggml\src\ggml-cpu\ops.cpp(6595,18): warning C4244: 'initializing': conversion from 'const int64_t' to 'const int', possible loss of data [C:\Users\hjotha\worktrees\xllama-mtp-fast\uwp\ggml-uwp.vcxproj]
     1>C:\Users\hjotha\worktrees\xllama-mtp-fast\llama.cpp\ggml\src\ggml-cpu\ops.cpp(6611,32): warning C4244: 'initializing': conversion from 'int64_t' to 'int', possible loss of data [C:\Users\hjotha\worktrees\xllama-mtp-fast\uwp\ggml-uwp.vcxproj]
     1>C:\Users\hjotha\worktrees\xllama-mtp-fast\llama.cpp\ggml\src\ggml-cpu\ops.cpp(6611,27): warning C4244: 'initializing': conversion from 'int64_t' to 'const int', possible loss of data [C:\Users\hjotha\worktrees\xllama-mtp-fast\uwp\ggml-uwp.vcxproj]
     1>C:\Users\hjotha\worktrees\xllama-mtp-fast\llama.cpp\ggml\src\ggml-cpu\ops.cpp(6614,34): warning C4244: 'argument': conversion from 'const int64_t' to 'int', possible loss of data [C:\Users\hjotha\worktrees\xllama-mtp-fast\uwp\ggml-uwp.vcxproj]
     1>C:\Users\hjotha\worktrees\xllama-mtp-fast\llama.cpp\ggml\src\ggml-cpu\ops.cpp(6683,14): warning C4267: 'initializing': conversion from 'size_t' to 'int', possible loss of data [C:\Users\hjotha\worktrees\xllama-mtp-fast\uwp\ggml-uwp.vcxproj]
     1>C:\Users\hjotha\worktrees\xllama-mtp-fast\llama.cpp\ggml\src\ggml-cpu\ops.cpp(6684,14): warning C4267: 'initializing': conversion from 'size_t' to 'int', possible loss of data [C:\Users\hjotha\worktrees\xllama-mtp-fast\uwp\ggml-uwp.vcxproj]
     1>C:\Users\hjotha\worktrees\xllama-mtp-fast\llama.cpp\ggml\src\ggml-cpu\ops.cpp(6759,14): warning C4267: 'initializing': conversion from 'size_t' to 'int', possible loss of data [C:\Users\hjotha\worktrees\xllama-mtp-fast\uwp\ggml-uwp.vcxproj]
     1>C:\Users\hjotha\worktrees\xllama-mtp-fast\llama.cpp\ggml\src\ggml-cpu\ops.cpp(6760,14): warning C4267: 'initializing': conversion from 'size_t' to 'int', possible loss of data [C:\Users\hjotha\worktrees\xllama-mtp-fast\uwp\ggml-uwp.vcxproj]
     1>C:\Users\hjotha\worktrees\xllama-mtp-fast\llama.cpp\ggml\src\ggml-cpu\ops.cpp(6861,14): warning C4267: 'initializing': conversion from 'size_t' to 'int', possible loss of data [C:\Users\hjotha\worktrees\xllama-mtp-fast\uwp\ggml-uwp.vcxproj]
     1>C:\Users\hjotha\worktrees\xllama-mtp-fast\llama.cpp\ggml\src\ggml-cpu\ops.cpp(6862,14): warning C4267: 'initializing': conversion from 'size_t' to 'int', possible loss of data [C:\Users\hjotha\worktrees\xllama-mtp-fast\uwp\ggml-uwp.vcxproj]
     1>C:\Users\hjotha\worktrees\xllama-mtp-fast\llama.cpp\ggml\src\ggml-cpu\ops.cpp(8167,36): warning C4244: 'initializing': conversion from 'float' to 'int64_t', possible loss of data [C:\Users\hjotha\worktrees\xllama-mtp-fast\uwp\ggml-uwp.vcxproj]
     1>C:\Users\hjotha\worktrees\xllama-mtp-fast\llama.cpp\ggml\src\ggml-cpu\ops.cpp(8167,31): warning C4244: 'initializing': conversion from 'float' to 'const int64_t', possible loss of data [C:\Users\hjotha\worktrees\xllama-mtp-fast\uwp\ggml-uwp.vcxproj]
     1>C:\Users\hjotha\worktrees\xllama-mtp-fast\llama.cpp\ggml\src\ggml-cpu\ops.cpp(8169,40): warning C4244: 'initializing': conversion from 'float' to 'int64_t', possible loss of data [C:\Users\hjotha\worktrees\xllama-mtp-fast\uwp\ggml-uwp.vcxproj]
     1>C:\Users\hjotha\worktrees\xllama-mtp-fast\llama.cpp\ggml\src\ggml-cpu\ops.cpp(8169,35): warning C4244: 'initializing': conversion from 'float' to 'const int64_t', possible loss of data [C:\Users\hjotha\worktrees\xllama-mtp-fast\uwp\ggml-uwp.vcxproj]
     1>C:\Users\hjotha\worktrees\xllama-mtp-fast\llama.cpp\ggml\src\ggml-cpu\ops.cpp(8171,44): warning C4244: 'initializing': conversion from 'float' to 'int64_t', possible loss of data [C:\Users\hjotha\worktrees\xllama-mtp-fast\uwp\ggml-uwp.vcxproj]
     1>C:\Users\hjotha\worktrees\xllama-mtp-fast\llama.cpp\ggml\src\ggml-cpu\ops.cpp(8171,39): warning C4244: 'initializing': conversion from 'float' to 'const int64_t', possible loss of data [C:\Users\hjotha\worktrees\xllama-mtp-fast\uwp\ggml-uwp.vcxproj]
     1>C:\Users\hjotha\worktrees\xllama-mtp-fast\llama.cpp\ggml\src\ggml-cpu\ops.cpp(8173,48): warning C4244: 'initializing': conversion from 'float' to 'int64_t', possible loss of data [C:\Users\hjotha\worktrees\xllama-mtp-fast\uwp\ggml-uwp.vcxproj]
     1>C:\Users\hjotha\worktrees\xllama-mtp-fast\llama.cpp\ggml\src\ggml-cpu\ops.cpp(8173,43): warning C4244: 'initializing': conversion from 'float' to 'const int64_t', possible loss of data [C:\Users\hjotha\worktrees\xllama-mtp-fast\uwp\ggml-uwp.vcxproj]
     1>C:\Users\hjotha\worktrees\xllama-mtp-fast\llama.cpp\ggml\src\ggml-cpu\ops.cpp(8197,36): warning C4244: 'initializing': conversion from 'float' to 'int64_t', possible loss of data [C:\Users\hjotha\worktrees\xllama-mtp-fast\uwp\ggml-uwp.vcxproj]
     1>C:\Users\hjotha\worktrees\xllama-mtp-fast\llama.cpp\ggml\src\ggml-cpu\ops.cpp(8197,31): warning C4244: 'initializing': conversion from 'float' to 'const int64_t', possible loss of data [C:\Users\hjotha\worktrees\xllama-mtp-fast\uwp\ggml-uwp.vcxproj]
     1>C:\Users\hjotha\worktrees\xllama-mtp-fast\llama.cpp\ggml\src\ggml-cpu\ops.cpp(8199,40): warning C4244: 'initializing': conversion from 'float' to 'int64_t', possible loss of data [C:\Users\hjotha\worktrees\xllama-mtp-fast\uwp\ggml-uwp.vcxproj]
     1>C:\Users\hjotha\worktrees\xllama-mtp-fast\llama.cpp\ggml\src\ggml-cpu\ops.cpp(8199,35): warning C4244: 'initializing': conversion from 'float' to 'const int64_t', possible loss of data [C:\Users\hjotha\worktrees\xllama-mtp-fast\uwp\ggml-uwp.vcxproj]
     1>C:\Users\hjotha\worktrees\xllama-mtp-fast\llama.cpp\ggml\src\ggml-cpu\ops.cpp(8206,78): warning C4244: 'argument': conversion from 'float' to 'const _Ty', possible loss of data [C:\Users\hjotha\worktrees\xllama-mtp-fast\uwp\ggml-uwp.vcxproj]
C:\Users\hjotha\worktrees\xllama-mtp-fast\llama.cpp\ggml\src\ggml-cpu\ops.cpp(8206,78): warning C4244:         with [C:\Users\hjotha\worktrees\xllama-mtp-fast\uwp\ggml-uwp.vcxproj]
C:\Users\hjotha\worktrees\xllama-mtp-fast\llama.cpp\ggml\src\ggml-cpu\ops.cpp(8206,78): warning C4244:         [ [C:\Users\hjotha\worktrees\xllama-mtp-fast\uwp\ggml-uwp.vcxproj]
C:\Users\hjotha\worktrees\xllama-mtp-fast\llama.cpp\ggml\src\ggml-cpu\ops.cpp(8206,78): warning C4244:             _Ty=int64_t [C:\Users\hjotha\worktrees\xllama-mtp-fast\uwp\ggml-uwp.vcxproj]
C:\Users\hjotha\worktrees\xllama-mtp-fast\llama.cpp\ggml\src\ggml-cpu\ops.cpp(8206,78): warning C4244:         ] [C:\Users\hjotha\worktrees\xllama-mtp-fast\uwp\ggml-uwp.vcxproj]
     1>C:\Users\hjotha\worktrees\xllama-mtp-fast\llama.cpp\ggml\src\ggml-cpu\ops.cpp(8207,78): warning C4244: 'argument': conversion from 'float' to 'const _Ty', possible loss of data [C:\Users\hjotha\worktrees\xllama-mtp-fast\uwp\ggml-uwp.vcxproj]
C:\Users\hjotha\worktrees\xllama-mtp-fast\llama.cpp\ggml\src\ggml-cpu\ops.cpp(8207,78): warning C4244:         with [C:\Users\hjotha\worktrees\xllama-mtp-fast\uwp\ggml-uwp.vcxproj]
C:\Users\hjotha\worktrees\xllama-mtp-fast\llama.cpp\ggml\src\ggml-cpu\ops.cpp(8207,78): warning C4244:         [ [C:\Users\hjotha\worktrees\xllama-mtp-fast\uwp\ggml-uwp.vcxproj]
C:\Users\hjotha\worktrees\xllama-mtp-fast\llama.cpp\ggml\src\ggml-cpu\ops.cpp(8207,78): warning C4244:             _Ty=int64_t [C:\Users\hjotha\worktrees\xllama-mtp-fast\uwp\ggml-uwp.vcxproj]
C:\Users\hjotha\worktrees\xllama-mtp-fast\llama.cpp\ggml\src\ggml-cpu\ops.cpp(8207,78): warning C4244:         ] [C:\Users\hjotha\worktrees\xllama-mtp-fast\uwp\ggml-uwp.vcxproj]
     1>C:\Users\hjotha\worktrees\xllama-mtp-fast\llama.cpp\ggml\src\ggml-cpu\ops.cpp(8208,78): warning C4244: 'argument': conversion from 'float' to 'const _Ty', possible loss of data [C:\Users\hjotha\worktrees\xllama-mtp-fast\uwp\ggml-uwp.vcxproj]
C:\Users\hjotha\worktrees\xllama-mtp-fast\llama.cpp\ggml\src\ggml-cpu\ops.cpp(8208,78): warning C4244:         with [C:\Users\hjotha\worktrees\xllama-mtp-fast\uwp\ggml-uwp.vcxproj]
C:\Users\hjotha\worktrees\xllama-mtp-fast\llama.cpp\ggml\src\ggml-cpu\ops.cpp(8208,78): warning C4244:         [ [C:\Users\hjotha\worktrees\xllama-mtp-fast\uwp\ggml-uwp.vcxproj]
C:\Users\hjotha\worktrees\xllama-mtp-fast\llama.cpp\ggml\src\ggml-cpu\ops.cpp(8208,78): warning C4244:             _Ty=int64_t [C:\Users\hjotha\worktrees\xllama-mtp-fast\uwp\ggml-uwp.vcxproj]
C:\Users\hjotha\worktrees\xllama-mtp-fast\llama.cpp\ggml\src\ggml-cpu\ops.cpp(8208,78): warning C4244:         ] [C:\Users\hjotha\worktrees\xllama-mtp-fast\uwp\ggml-uwp.vcxproj]
     1>C:\Users\hjotha\worktrees\xllama-mtp-fast\llama.cpp\ggml\src\ggml-cpu\ops.cpp(8209,78): warning C4244: 'argument': conversion from 'float' to 'const _Ty', possible loss of data [C:\Users\hjotha\worktrees\xllama-mtp-fast\uwp\ggml-uwp.vcxproj]
C:\Users\hjotha\worktrees\xllama-mtp-fast\llama.cpp\ggml\src\ggml-cpu\ops.cpp(8209,78): warning C4244:         with [C:\Users\hjotha\worktrees\xllama-mtp-fast\uwp\ggml-uwp.vcxproj]
C:\Users\hjotha\worktrees\xllama-mtp-fast\llama.cpp\ggml\src\ggml-cpu\ops.cpp(8209,78): warning C4244:         [ [C:\Users\hjotha\worktrees\xllama-mtp-fast\uwp\ggml-uwp.vcxproj]
C:\Users\hjotha\worktrees\xllama-mtp-fast\llama.cpp\ggml\src\ggml-cpu\ops.cpp(8209,78): warning C4244:             _Ty=int64_t [C:\Users\hjotha\worktrees\xllama-mtp-fast\uwp\ggml-uwp.vcxproj]
C:\Users\hjotha\worktrees\xllama-mtp-fast\llama.cpp\ggml\src\ggml-cpu\ops.cpp(8209,78): warning C4244:         ] [C:\Users\hjotha\worktrees\xllama-mtp-fast\uwp\ggml-uwp.vcxproj]
     1>C:\Users\hjotha\worktrees\xllama-mtp-fast\llama.cpp\ggml\src\ggml-cpu\ops.cpp(8244,36): warning C4244: 'initializing': conversion from 'float' to 'int64_t', possible loss of data [C:\Users\hjotha\worktrees\xllama-mtp-fast\uwp\ggml-uwp.vcxproj]
     1>C:\Users\hjotha\worktrees\xllama-mtp-fast\llama.cpp\ggml\src\ggml-cpu\ops.cpp(8244,31): warning C4244: 'initializing': conversion from 'float' to 'const int64_t', possible loss of data [C:\Users\hjotha\worktrees\xllama-mtp-fast\uwp\ggml-uwp.vcxproj]
     1>C:\Users\hjotha\worktrees\xllama-mtp-fast\llama.cpp\ggml\src\ggml-cpu\ops.cpp(8246,40): warning C4244: 'initializing': conversion from 'float' to 'int64_t', possible loss of data [C:\Users\hjotha\worktrees\xllama-mtp-fast\uwp\ggml-uwp.vcxproj]
     1>C:\Users\hjotha\worktrees\xllama-mtp-fast\llama.cpp\ggml\src\ggml-cpu\ops.cpp(8246,35): warning C4244: 'initializing': conversion from 'float' to 'const int64_t', possible loss of data [C:\Users\hjotha\worktrees\xllama-mtp-fast\uwp\ggml-uwp.vcxproj]
     1>C:\Users\hjotha\worktrees\xllama-mtp-fast\llama.cpp\ggml\src\ggml-cpu\ops.cpp(8297,36): warning C4244: 'initializing': conversion from 'float' to 'int64_t', possible loss of data [C:\Users\hjotha\worktrees\xllama-mtp-fast\uwp\ggml-uwp.vcxproj]
     1>C:\Users\hjotha\worktrees\xllama-mtp-fast\llama.cpp\ggml\src\ggml-cpu\ops.cpp(8297,31): warning C4244: 'initializing': conversion from 'float' to 'const int64_t', possible loss of data [C:\Users\hjotha\worktrees\xllama-mtp-fast\uwp\ggml-uwp.vcxproj]
     1>C:\Users\hjotha\worktrees\xllama-mtp-fast\llama.cpp\ggml\src\ggml-cpu\ops.cpp(8299,40): warning C4244: 'initializing': conversion from 'float' to 'int64_t', possible loss of data [C:\Users\hjotha\worktrees\xllama-mtp-fast\uwp\ggml-uwp.vcxproj]
     1>C:\Users\hjotha\worktrees\xllama-mtp-fast\llama.cpp\ggml\src\ggml-cpu\ops.cpp(8299,35): warning C4244: 'initializing': conversion from 'float' to 'const int64_t', possible loss of data [C:\Users\hjotha\worktrees\xllama-mtp-fast\uwp\ggml-uwp.vcxproj]
     1>C:\Users\hjotha\worktrees\xllama-mtp-fast\llama.cpp\ggml\src\ggml-cpu\ops.cpp(8467,34): warning C4244: 'argument': conversion from 'const int64_t' to 'const int', possible loss of data [C:\Users\hjotha\worktrees\xllama-mtp-fast\uwp\ggml-uwp.vcxproj]
     1>C:\Users\hjotha\worktrees\xllama-mtp-fast\llama.cpp\ggml\src\ggml-cpu\ops.cpp(8520,26): warning C4244: 'argument': conversion from 'const int64_t' to 'const int', possible loss of data [C:\Users\hjotha\worktrees\xllama-mtp-fast\uwp\ggml-uwp.vcxproj]
     1>C:\Users\hjotha\worktrees\xllama-mtp-fast\llama.cpp\ggml\src\ggml-cpu\ops.cpp(8521,26): warning C4244: 'argument': conversion from 'const int64_t' to 'const int', possible loss of data [C:\Users\hjotha\worktrees\xllama-mtp-fast\uwp\ggml-uwp.vcxproj]
     1>C:\Users\hjotha\worktrees\xllama-mtp-fast\llama.cpp\ggml\src\ggml-cpu\ops.cpp(8605,44): warning C4244: 'argument': conversion from 'const int' to 'float', possible loss of data [C:\Users\hjotha\worktrees\xllama-mtp-fast\uwp\ggml-uwp.vcxproj]
     1>C:\Users\hjotha\worktrees\xllama-mtp-fast\llama.cpp\ggml\src\ggml-cpu\ops.cpp(8671,27): warning C4244: '=': conversion from 'int64_t' to 'int32_t', possible loss of data [C:\Users\hjotha\worktrees\xllama-mtp-fast\uwp\ggml-uwp.vcxproj]
     1>C:\Users\hjotha\worktrees\xllama-mtp-fast\llama.cpp\ggml\src\ggml-cpu\ops.cpp(8731,23): warning C4244: 'initializing': conversion from 'const int64_t' to 'int', possible loss of data [C:\Users\hjotha\worktrees\xllama-mtp-fast\uwp\ggml-uwp.vcxproj]
     1>C:\Users\hjotha\worktrees\xllama-mtp-fast\llama.cpp\ggml\src\ggml-cpu\ops.cpp(8731,21): warning C4244: 'initializing': conversion from 'const int64_t' to 'const int', possible loss of data [C:\Users\hjotha\worktrees\xllama-mtp-fast\uwp\ggml-uwp.vcxproj]
     1>C:\Users\hjotha\worktrees\xllama-mtp-fast\llama.cpp\ggml\src\ggml-cpu\ops.cpp(8739,22): warning C4244: '=': conversion from 'int64_t' to 'int32_t', possible loss of data [C:\Users\hjotha\worktrees\xllama-mtp-fast\uwp\ggml-uwp.vcxproj]
     1>C:\Users\hjotha\worktrees\xllama-mtp-fast\llama.cpp\ggml\src\ggml-cpu\ops.cpp(8845,34): warning C4244: 'initializing': conversion from 'const int64_t' to 'uint32_t', possible loss of data [C:\Users\hjotha\worktrees\xllama-mtp-fast\uwp\ggml-uwp.vcxproj]
     1>C:\Users\hjotha\worktrees\xllama-mtp-fast\llama.cpp\ggml\src\ggml-cpu\ops.cpp(8845,32): warning C4244: 'initializing': conversion from 'const int64_t' to 'const uint32_t', possible loss of data [C:\Users\hjotha\worktrees\xllama-mtp-fast\uwp\ggml-uwp.vcxproj]
     1>C:\Users\hjotha\worktrees\xllama-mtp-fast\llama.cpp\ggml\src\ggml-cpu\ops.cpp(8863,27): warning C4244: 'initializing': conversion from 'int64_t' to 'int', possible loss of data [C:\Users\hjotha\worktrees\xllama-mtp-fast\uwp\ggml-uwp.vcxproj]
     1>C:\Users\hjotha\worktrees\xllama-mtp-fast\llama.cpp\ggml\src\ggml-cpu\ops.cpp(8863,23): warning C4244: 'initializing': conversion from 'int64_t' to 'const int', possible loss of data [C:\Users\hjotha\worktrees\xllama-mtp-fast\uwp\ggml-uwp.vcxproj]
     1>C:\Users\hjotha\worktrees\xllama-mtp-fast\llama.cpp\ggml\src\ggml-cpu\ops.cpp(8864,45): warning C4244: 'initializing': conversion from 'int64_t' to 'int', possible loss of data [C:\Users\hjotha\worktrees\xllama-mtp-fast\uwp\ggml-uwp.vcxproj]
     1>C:\Users\hjotha\worktrees\xllama-mtp-fast\llama.cpp\ggml\src\ggml-cpu\ops.cpp(8864,23): warning C4244: 'initializing': conversion from 'int64_t' to 'const int', possible loss of data [C:\Users\hjotha\worktrees\xllama-mtp-fast\uwp\ggml-uwp.vcxproj]
     1>C:\Users\hjotha\worktrees\xllama-mtp-fast\llama.cpp\ggml\src\ggml-cpu\ops.cpp(8865,45): warning C4244: 'initializing': conversion from 'int64_t' to 'int', possible loss of data [C:\Users\hjotha\worktrees\xllama-mtp-fast\uwp\ggml-uwp.vcxproj]
     1>C:\Users\hjotha\worktrees\xllama-mtp-fast\llama.cpp\ggml\src\ggml-cpu\ops.cpp(8865,23): warning C4244: 'initializing': conversion from 'int64_t' to 'const int', possible loss of data [C:\Users\hjotha\worktrees\xllama-mtp-fast\uwp\ggml-uwp.vcxproj]
     1>C:\Users\hjotha\worktrees\xllama-mtp-fast\llama.cpp\ggml\src\ggml-cpu\ops.cpp(8868,78): warning C4244: 'argument': conversion from 'uint32_t' to 'float', possible loss of data [C:\Users\hjotha\worktrees\xllama-mtp-fast\uwp\ggml-uwp.vcxproj]
     1>C:\Users\hjotha\worktrees\xllama-mtp-fast\llama.cpp\ggml\src\ggml-cpu\ops.cpp(8868,114): warning C4244: 'argument': conversion from 'uint32_t' to 'float', possible loss of data [C:\Users\hjotha\worktrees\xllama-mtp-fast\uwp\ggml-uwp.vcxproj]
     1>C:\Users\hjotha\worktrees\xllama-mtp-fast\llama.cpp\ggml\src\ggml-cpu\ops.cpp(8887,29): warning C4244: 'initializing': conversion from 'int64_t' to 'int', possible loss of data [C:\Users\hjotha\worktrees\xllama-mtp-fast\uwp\ggml-uwp.vcxproj]
     1>C:\Users\hjotha\worktrees\xllama-mtp-fast\llama.cpp\ggml\src\ggml-cpu\ops.cpp(8887,23): warning C4244: 'initializing': conversion from 'int64_t' to 'const int', possible loss of data [C:\Users\hjotha\worktrees\xllama-mtp-fast\uwp\ggml-uwp.vcxproj]
     1>C:\Users\hjotha\worktrees\xllama-mtp-fast\llama.cpp\ggml\src\ggml-cpu\ops.cpp(8888,29): warning C4244: 'initializing': conversion from 'int64_t' to 'int', possible loss of data [C:\Users\hjotha\worktrees\xllama-mtp-fast\uwp\ggml-uwp.vcxproj]
     1>C:\Users\hjotha\worktrees\xllama-mtp-fast\llama.cpp\ggml\src\ggml-cpu\ops.cpp(8888,23): warning C4244: 'initializing': conversion from 'int64_t' to 'const int', possible loss of data [C:\Users\hjotha\worktrees\xllama-mtp-fast\uwp\ggml-uwp.vcxproj]
     1>C:\Users\hjotha\worktrees\xllama-mtp-fast\llama.cpp\ggml\src\ggml-cpu\ops.cpp(8891,29): warning C4244: 'initializing': conversion from 'int64_t' to 'int', possible loss of data [C:\Users\hjotha\worktrees\xllama-mtp-fast\uwp\ggml-uwp.vcxproj]
     1>C:\Users\hjotha\worktrees\xllama-mtp-fast\llama.cpp\ggml\src\ggml-cpu\ops.cpp(8891,23): warning C4244: 'initializing': conversion from 'int64_t' to 'const int', possible loss of data [C:\Users\hjotha\worktrees\xllama-mtp-fast\uwp\ggml-uwp.vcxproj]
     1>C:\Users\hjotha\worktrees\xllama-mtp-fast\llama.cpp\ggml\src\ggml-cpu\ops.cpp(8892,29): warning C4244: 'initializing': conversion from 'int64_t' to 'int', possible loss of data [C:\Users\hjotha\worktrees\xllama-mtp-fast\uwp\ggml-uwp.vcxproj]
     1>C:\Users\hjotha\worktrees\xllama-mtp-fast\llama.cpp\ggml\src\ggml-cpu\ops.cpp(8892,23): warning C4244: 'initializing': conversion from 'int64_t' to 'const int', possible loss of data [C:\Users\hjotha\worktrees\xllama-mtp-fast\uwp\ggml-uwp.vcxproj]
     1>C:\Users\hjotha\worktrees\xllama-mtp-fast\llama.cpp\ggml\src\ggml-cpu\ops.cpp(8910,24): warning C4244: 'argument': conversion from 'const int64_t' to 'int', possible loss of data [C:\Users\hjotha\worktrees\xllama-mtp-fast\uwp\ggml-uwp.vcxproj]
     1>C:\Users\hjotha\worktrees\xllama-mtp-fast\llama.cpp\ggml\src\ggml-cpu\ops.cpp(8934,40): warning C4244: 'argument': conversion from 'const int64_t' to 'const int', possible loss of data [C:\Users\hjotha\worktrees\xllama-mtp-fast\uwp\ggml-uwp.vcxproj]
     1>C:\Users\hjotha\worktrees\xllama-mtp-fast\llama.cpp\ggml\src\ggml-cpu\ops.cpp(8941,34): warning C4244: 'argument': conversion from 'const int64_t' to 'const int', possible loss of data [C:\Users\hjotha\worktrees\xllama-mtp-fast\uwp\ggml-uwp.vcxproj]
     1>C:\Users\hjotha\worktrees\xllama-mtp-fast\llama.cpp\ggml\src\ggml-cpu\ops.cpp(8949,40): warning C4244: 'argument': conversion from 'const int64_t' to 'const int', possible loss of data [C:\Users\hjotha\worktrees\xllama-mtp-fast\uwp\ggml-uwp.vcxproj]
     1>C:\Users\hjotha\worktrees\xllama-mtp-fast\llama.cpp\ggml\src\ggml-cpu\ops.cpp(8958,38): warning C4244: 'argument': conversion from 'const int64_t' to 'const int', possible loss of data [C:\Users\hjotha\worktrees\xllama-mtp-fast\uwp\ggml-uwp.vcxproj]
     1>C:\Users\hjotha\worktrees\xllama-mtp-fast\llama.cpp\ggml\src\ggml-cpu\ops.cpp(8961,38): warning C4244: 'argument': conversion from 'const int64_t' to 'const int', possible loss of data [C:\Users\hjotha\worktrees\xllama-mtp-fast\uwp\ggml-uwp.vcxproj]
     1>C:\Users\hjotha\worktrees\xllama-mtp-fast\llama.cpp\ggml\src\ggml-cpu\ops.cpp(8984,36): warning C4244: 'argument': conversion from 'const int64_t' to 'const int', possible loss of data [C:\Users\hjotha\worktrees\xllama-mtp-fast\uwp\ggml-uwp.vcxproj]
     1>C:\Users\hjotha\worktrees\xllama-mtp-fast\llama.cpp\ggml\src\ggml-cpu\ops.cpp(9002,32): warning C4244: 'argument': conversion from 'const int64_t' to 'const int', possible loss of data [C:\Users\hjotha\worktrees\xllama-mtp-fast\uwp\ggml-uwp.vcxproj]
     1>C:\Users\hjotha\worktrees\xllama-mtp-fast\llama.cpp\ggml\src\ggml-cpu\ops.cpp(9081,34): warning C4244: 'initializing': conversion from 'const int64_t' to 'uint32_t', possible loss of data [C:\Users\hjotha\worktrees\xllama-mtp-fast\uwp\ggml-uwp.vcxproj]
     1>C:\Users\hjotha\worktrees\xllama-mtp-fast\llama.cpp\ggml\src\ggml-cpu\ops.cpp(9081,32): warning C4244: 'initializing': conversion from 'const int64_t' to 'const uint32_t', possible loss of data [C:\Users\hjotha\worktrees\xllama-mtp-fast\uwp\ggml-uwp.vcxproj]
     1>C:\Users\hjotha\worktrees\xllama-mtp-fast\llama.cpp\ggml\src\ggml-cpu\ops.cpp(9095,27): warning C4244: 'initializing': conversion from 'int64_t' to 'int', possible loss of data [C:\Users\hjotha\worktrees\xllama-mtp-fast\uwp\ggml-uwp.vcxproj]
     1>C:\Users\hjotha\worktrees\xllama-mtp-fast\llama.cpp\ggml\src\ggml-cpu\ops.cpp(9095,23): warning C4244: 'initializing': conversion from 'int64_t' to 'const int', possible loss of data [C:\Users\hjotha\worktrees\xllama-mtp-fast\uwp\ggml-uwp.vcxproj]
     1>C:\Users\hjotha\worktrees\xllama-mtp-fast\llama.cpp\ggml\src\ggml-cpu\ops.cpp(9096,45): warning C4244: 'initializing': conversion from 'int64_t' to 'int', possible loss of data [C:\Users\hjotha\worktrees\xllama-mtp-fast\uwp\ggml-uwp.vcxproj]
     1>C:\Users\hjotha\worktrees\xllama-mtp-fast\llama.cpp\ggml\src\ggml-cpu\ops.cpp(9096,23): warning C4244: 'initializing': conversion from 'int64_t' to 'const int', possible loss of data [C:\Users\hjotha\worktrees\xllama-mtp-fast\uwp\ggml-uwp.vcxproj]
     1>C:\Users\hjotha\worktrees\xllama-mtp-fast\llama.cpp\ggml\src\ggml-cpu\ops.cpp(9097,45): warning C4244: 'initializing': conversion from 'int64_t' to 'int', possible loss of data [C:\Users\hjotha\worktrees\xllama-mtp-fast\uwp\ggml-uwp.vcxproj]
     1>C:\Users\hjotha\worktrees\xllama-mtp-fast\llama.cpp\ggml\src\ggml-cpu\ops.cpp(9097,23): warning C4244: 'initializing': conversion from 'int64_t' to 'const int', possible loss of data [C:\Users\hjotha\worktrees\xllama-mtp-fast\uwp\ggml-uwp.vcxproj]
     1>C:\Users\hjotha\worktrees\xllama-mtp-fast\llama.cpp\ggml\src\ggml-cpu\ops.cpp(9107,78): warning C4244: 'argument': conversion from 'uint32_t' to 'float', possible loss of data [C:\Users\hjotha\worktrees\xllama-mtp-fast\uwp\ggml-uwp.vcxproj]
     1>C:\Users\hjotha\worktrees\xllama-mtp-fast\llama.cpp\ggml\src\ggml-cpu\ops.cpp(9107,114): warning C4244: 'argument': conversion from 'uint32_t' to 'float', possible loss of data [C:\Users\hjotha\worktrees\xllama-mtp-fast\uwp\ggml-uwp.vcxproj]
     1>C:\Users\hjotha\worktrees\xllama-mtp-fast\llama.cpp\ggml\src\ggml-cpu\ops.cpp(9137,29): warning C4244: 'initializing': conversion from 'int64_t' to 'int', possible loss of data [C:\Users\hjotha\worktrees\xllama-mtp-fast\uwp\ggml-uwp.vcxproj]
     1>C:\Users\hjotha\worktrees\xllama-mtp-fast\llama.cpp\ggml\src\ggml-cpu\ops.cpp(9137,23): warning C4244: 'initializing': conversion from 'int64_t' to 'const int', possible loss of data [C:\Users\hjotha\worktrees\xllama-mtp-fast\uwp\ggml-uwp.vcxproj]
     1>C:\Users\hjotha\worktrees\xllama-mtp-fast\llama.cpp\ggml\src\ggml-cpu\ops.cpp(9138,29): warning C4244: 'initializing': conversion from 'int64_t' to 'int', possible loss of data [C:\Users\hjotha\worktrees\xllama-mtp-fast\uwp\ggml-uwp.vcxproj]
     1>C:\Users\hjotha\worktrees\xllama-mtp-fast\llama.cpp\ggml\src\ggml-cpu\ops.cpp(9138,23): warning C4244: 'initializing': conversion from 'int64_t' to 'const int', possible loss of data [C:\Users\hjotha\worktrees\xllama-mtp-fast\uwp\ggml-uwp.vcxproj]
     1>C:\Users\hjotha\worktrees\xllama-mtp-fast\llama.cpp\ggml\src\ggml-cpu\ops.cpp(9141,29): warning C4244: 'initializing': conversion from 'int64_t' to 'int', possible loss of data [C:\Users\hjotha\worktrees\xllama-mtp-fast\uwp\ggml-uwp.vcxproj]
     1>C:\Users\hjotha\worktrees\xllama-mtp-fast\llama.cpp\ggml\src\ggml-cpu\ops.cpp(9141,23): warning C4244: 'initializing': conversion from 'int64_t' to 'const int', possible loss of data [C:\Users\hjotha\worktrees\xllama-mtp-fast\uwp\ggml-uwp.vcxproj]
     1>C:\Users\hjotha\worktrees\xllama-mtp-fast\llama.cpp\ggml\src\ggml-cpu\ops.cpp(9142,29): warning C4244: 'initializing': conversion from 'int64_t' to 'int', possible loss of data [C:\Users\hjotha\worktrees\xllama-mtp-fast\uwp\ggml-uwp.vcxproj]
     1>C:\Users\hjotha\worktrees\xllama-mtp-fast\llama.cpp\ggml\src\ggml-cpu\ops.cpp(9142,23): warning C4244: 'initializing': conversion from 'int64_t' to 'const int', possible loss of data [C:\Users\hjotha\worktrees\xllama-mtp-fast\uwp\ggml-uwp.vcxproj]
     1>C:\Users\hjotha\worktrees\xllama-mtp-fast\llama.cpp\ggml\src\ggml-cpu\ops.cpp(9200,65): warning C4244: 'argument': conversion from 'const int64_t' to 'int', possible loss of data [C:\Users\hjotha\worktrees\xllama-mtp-fast\uwp\ggml-uwp.vcxproj]
     1>C:\Users\hjotha\worktrees\xllama-mtp-fast\llama.cpp\ggml\src\ggml-cpu\ops.cpp(9239,40): warning C4244: 'argument': conversion from 'const int64_t' to 'const int', possible loss of data [C:\Users\hjotha\worktrees\xllama-mtp-fast\uwp\ggml-uwp.vcxproj]
     1>C:\Users\hjotha\worktrees\xllama-mtp-fast\llama.cpp\ggml\src\ggml-cpu\ops.cpp(9245,47): warning C4244: '+=': conversion from 'ggml_float' to 'float', possible loss of data [C:\Users\hjotha\worktrees\xllama-mtp-fast\uwp\ggml-uwp.vcxproj]
     1>C:\Users\hjotha\worktrees\xllama-mtp-fast\llama.cpp\ggml\src\ggml-cpu\ops.cpp(9263,62): warning C4244: 'argument': conversion from 'const int64_t' to 'int', possible loss of data [C:\Users\hjotha\worktrees\xllama-mtp-fast\uwp\ggml-uwp.vcxproj]
     1>C:\Users\hjotha\worktrees\xllama-mtp-fast\llama.cpp\ggml\src\ggml-cpu\ops.cpp(9276,40): warning C4244: 'argument': conversion from 'const int64_t' to 'const int', possible loss of data [C:\Users\hjotha\worktrees\xllama-mtp-fast\uwp\ggml-uwp.vcxproj]
     1>C:\Users\hjotha\worktrees\xllama-mtp-fast\llama.cpp\ggml\src\ggml-cpu\ops.cpp(9288,32): warning C4244: 'argument': conversion from 'const int64_t' to 'const int', possible loss of data [C:\Users\hjotha\worktrees\xllama-mtp-fast\uwp\ggml-uwp.vcxproj]
     1>C:\Users\hjotha\worktrees\xllama-mtp-fast\llama.cpp\ggml\src\ggml-cpu\ops.cpp(9368,32): warning C4244: 'argument': conversion from 'const int64_t' to 'const int', possible loss of data [C:\Users\hjotha\worktrees\xllama-mtp-fast\uwp\ggml-uwp.vcxproj]
     1>C:\Users\hjotha\worktrees\xllama-mtp-fast\llama.cpp\ggml\src\ggml-cpu\ops.cpp(9445,49): warning C4244: 'argument': conversion from 'int64_t' to 'int', possible loss of data [C:\Users\hjotha\worktrees\xllama-mtp-fast\uwp\ggml-uwp.vcxproj]
     1>C:\Users\hjotha\worktrees\xllama-mtp-fast\llama.cpp\ggml\src\ggml-cpu\ops.cpp(9445,34): warning C4244: 'argument': conversion from 'int64_t' to 'int', possible loss of data [C:\Users\hjotha\worktrees\xllama-mtp-fast\uwp\ggml-uwp.vcxproj]
     1>C:\Users\hjotha\worktrees\xllama-mtp-fast\llama.cpp\ggml\src\ggml-cpu\ops.cpp(9504,77): warning C4244: 'argument': conversion from 'const int64_t' to 'int', possible loss of data [C:\Users\hjotha\worktrees\xllama-mtp-fast\uwp\ggml-uwp.vcxproj]
     1>C:\Users\hjotha\worktrees\xllama-mtp-fast\llama.cpp\ggml\src\ggml-cpu\ops.cpp(9504,72): warning C4244: 'argument': conversion from 'const int64_t' to 'int', possible loss of data [C:\Users\hjotha\worktrees\xllama-mtp-fast\uwp\ggml-uwp.vcxproj]
     1>C:\Users\hjotha\worktrees\xllama-mtp-fast\llama.cpp\ggml\src\ggml-cpu\ops.cpp(9506,85): warning C4244: 'argument': conversion from 'const int64_t' to 'int', possible loss of data [C:\Users\hjotha\worktrees\xllama-mtp-fast\uwp\ggml-uwp.vcxproj]
     1>C:\Users\hjotha\worktrees\xllama-mtp-fast\llama.cpp\ggml\src\ggml-cpu\ops.cpp(9506,80): warning C4244: 'argument': conversion from 'const int64_t' to 'int', possible loss of data [C:\Users\hjotha\worktrees\xllama-mtp-fast\uwp\ggml-uwp.vcxproj]
     1>C:\Users\hjotha\worktrees\xllama-mtp-fast\llama.cpp\ggml\src\ggml-cpu\ops.cpp(9597,41): warning C4244: 'argument': conversion from 'int64_t' to 'float', possible loss of data [C:\Users\hjotha\worktrees\xllama-mtp-fast\uwp\ggml-uwp.vcxproj]
     1>C:\Users\hjotha\worktrees\xllama-mtp-fast\llama.cpp\ggml\src\ggml-cpu\ops.cpp(9597,74): warning C4244: 'argument': conversion from 'int64_t' to 'float', possible loss of data [C:\Users\hjotha\worktrees\xllama-mtp-fast\uwp\ggml-uwp.vcxproj]
     1>C:\Users\hjotha\worktrees\xllama-mtp-fast\llama.cpp\ggml\src\ggml-cpu\ops.cpp(9747,30): warning C4244: 'argument': conversion from 'const int64_t' to 'int', possible loss of data [C:\Users\hjotha\worktrees\xllama-mtp-fast\uwp\ggml-uwp.vcxproj]
     1>C:\Users\hjotha\worktrees\xllama-mtp-fast\llama.cpp\ggml\src\ggml-cpu\ops.cpp(9748,22): warning C4244: 'initializing': conversion from 'int64_t' to 'int', possible loss of data [C:\Users\hjotha\worktrees\xllama-mtp-fast\uwp\ggml-uwp.vcxproj]
     1>C:\Users\hjotha\worktrees\xllama-mtp-fast\llama.cpp\ggml\src\ggml-cpu\ops.cpp(9748,20): warning C4244: 'initializing': conversion from 'int64_t' to 'const int', possible loss of data [C:\Users\hjotha\worktrees\xllama-mtp-fast\uwp\ggml-uwp.vcxproj]
     1>C:\Users\hjotha\worktrees\xllama-mtp-fast\llama.cpp\ggml\src\ggml-cpu\ops.cpp(9809,24): warning C4244: 'initializing': conversion from 'int64_t' to 'int', possible loss of data [C:\Users\hjotha\worktrees\xllama-mtp-fast\uwp\ggml-uwp.vcxproj]
     1>C:\Users\hjotha\worktrees\xllama-mtp-fast\llama.cpp\ggml\src\ggml-cpu\ops.cpp(9809,18): warning C4244: 'initializing': conversion from 'int64_t' to 'const int', possible loss of data [C:\Users\hjotha\worktrees\xllama-mtp-fast\uwp\ggml-uwp.vcxproj]
     1>C:\Users\hjotha\worktrees\xllama-mtp-fast\llama.cpp\ggml\src\ggml-cpu\ops.cpp(9818,36): warning C4244: 'argument': conversion from 'const int64_t' to 'float', possible loss of data [C:\Users\hjotha\worktrees\xllama-mtp-fast\uwp\ggml-uwp.vcxproj]
     1>C:\Users\hjotha\worktrees\xllama-mtp-fast\llama.cpp\ggml\src\ggml-cpu\ops.cpp(9823,14): warning C4244: 'initializing': conversion from 'int64_t' to 'int', possible loss of data [C:\Users\hjotha\worktrees\xllama-mtp-fast\uwp\ggml-uwp.vcxproj]
     1>C:\Users\hjotha\worktrees\xllama-mtp-fast\llama.cpp\ggml\src\ggml-cpu\ops.cpp(9827,27): warning C4244: 'initializing': conversion from 'int64_t' to 'int', possible loss of data [C:\Users\hjotha\worktrees\xllama-mtp-fast\uwp\ggml-uwp.vcxproj]
     1>C:\Users\hjotha\worktrees\xllama-mtp-fast\llama.cpp\ggml\src\ggml-cpu\ops.cpp(9827,23): warning C4244: 'initializing': conversion from 'int64_t' to 'const int', possible loss of data [C:\Users\hjotha\worktrees\xllama-mtp-fast\uwp\ggml-uwp.vcxproj]
     1>C:\Users\hjotha\worktrees\xllama-mtp-fast\llama.cpp\ggml\src\ggml-cpu\ops.cpp(9828,28): warning C4244: 'initializing': conversion from 'int64_t' to 'int', possible loss of data [C:\Users\hjotha\worktrees\xllama-mtp-fast\uwp\ggml-uwp.vcxproj]
     1>C:\Users\hjotha\worktrees\xllama-mtp-fast\llama.cpp\ggml\src\ggml-cpu\ops.cpp(9828,23): warning C4244: 'initializing': conversion from 'int64_t' to 'const int', possible loss of data [C:\Users\hjotha\worktrees\xllama-mtp-fast\uwp\ggml-uwp.vcxproj]
     1>C:\Users\hjotha\worktrees\xllama-mtp-fast\llama.cpp\ggml\src\ggml-cpu\ops.cpp(9836,33): warning C4244: 'initializing': conversion from 'int64_t' to 'int', possible loss of data [C:\Users\hjotha\worktrees\xllama-mtp-fast\uwp\ggml-uwp.vcxproj]
     1>C:\Users\hjotha\worktrees\xllama-mtp-fast\llama.cpp\ggml\src\ggml-cpu\ops.cpp(9836,27): warning C4244: 'initializing': conversion from 'int64_t' to 'const int', possible loss of data [C:\Users\hjotha\worktrees\xllama-mtp-fast\uwp\ggml-uwp.vcxproj]
     1>C:\Users\hjotha\worktrees\xllama-mtp-fast\llama.cpp\ggml\src\ggml-cpu\ops.cpp(9848,28): warning C4244: 'initializing': conversion from 'const int64_t' to 'int', possible loss of data [C:\Users\hjotha\worktrees\xllama-mtp-fast\uwp\ggml-uwp.vcxproj]
     1>C:\Users\hjotha\worktrees\xllama-mtp-fast\llama.cpp\ggml\src\ggml-cpu\ops.cpp(9855,37): warning C4244: 'initializing': conversion from 'int64_t' to 'int', possible loss of data [C:\Users\hjotha\worktrees\xllama-mtp-fast\uwp\ggml-uwp.vcxproj]
     1>C:\Users\hjotha\worktrees\xllama-mtp-fast\llama.cpp\ggml\src\ggml-cpu\ops.cpp(9855,35): warning C4244: 'initializing': conversion from 'int64_t' to 'const int', possible loss of data [C:\Users\hjotha\worktrees\xllama-mtp-fast\uwp\ggml-uwp.vcxproj]
     1>C:\Users\hjotha\worktrees\xllama-mtp-fast\llama.cpp\ggml\src\ggml-cpu\ops.cpp(9860,38): warning C4244: 'argument': conversion from 'const int64_t' to 'int', possible loss of data [C:\Users\hjotha\worktrees\xllama-mtp-fast\uwp\ggml-uwp.vcxproj]
     1>C:\Users\hjotha\worktrees\xllama-mtp-fast\llama.cpp\ggml\src\ggml-cpu\ops.cpp(9867,36): warning C4244: 'argument': conversion from 'const int64_t' to 'const int', possible loss of data [C:\Users\hjotha\worktrees\xllama-mtp-fast\uwp\ggml-uwp.vcxproj]
     1>C:\Users\hjotha\worktrees\xllama-mtp-fast\llama.cpp\ggml\src\ggml-cpu\ops.cpp(9878,38): warning C4244: 'argument': conversion from 'const int64_t' to 'const int', possible loss of data [C:\Users\hjotha\worktrees\xllama-mtp-fast\uwp\ggml-uwp.vcxproj]
     1>C:\Users\hjotha\worktrees\xllama-mtp-fast\llama.cpp\ggml\src\ggml-cpu\ops.cpp(9895,58): warning C4244: 'argument': conversion from 'ggml_float' to 'const float', possible loss of data [C:\Users\hjotha\worktrees\xllama-mtp-fast\uwp\ggml-uwp.vcxproj]
     1>C:\Users\hjotha\worktrees\xllama-mtp-fast\llama.cpp\ggml\src\ggml-cpu\ops.cpp(9895,40): warning C4244: 'argument': conversion from 'const int64_t' to 'const int', possible loss of data [C:\Users\hjotha\worktrees\xllama-mtp-fast\uwp\ggml-uwp.vcxproj]
     1>C:\Users\hjotha\worktrees\xllama-mtp-fast\llama.cpp\ggml\src\ggml-cpu\ops.cpp(9967,34): warning C4244: 'argument': conversion from 'const int64_t' to 'const int', possible loss of data [C:\Users\hjotha\worktrees\xllama-mtp-fast\uwp\ggml-uwp.vcxproj]
     1>C:\Users\hjotha\worktrees\xllama-mtp-fast\llama.cpp\ggml\src\ggml-cpu\ops.cpp(9969,38): warning C4244: 'argument': conversion from 'const int64_t' to 'const int', possible loss of data [C:\Users\hjotha\worktrees\xllama-mtp-fast\uwp\ggml-uwp.vcxproj]
     1>C:\Users\hjotha\worktrees\xllama-mtp-fast\llama.cpp\ggml\src\ggml-cpu\ops.cpp(9977,35): warning C4244: 'argument': conversion from 'const int64_t' to 'int', possible loss of data [C:\Users\hjotha\worktrees\xllama-mtp-fast\uwp\ggml-uwp.vcxproj]
     1>C:\Users\hjotha\worktrees\xllama-mtp-fast\llama.cpp\ggml\src\ggml-cpu\ops.cpp(9978,35): warning C4244: 'argument': conversion from 'const int64_t' to 'const int', possible loss of data [C:\Users\hjotha\worktrees\xllama-mtp-fast\uwp\ggml-uwp.vcxproj]
     1>C:\Users\hjotha\worktrees\xllama-mtp-fast\llama.cpp\ggml\src\ggml-cpu\ops.cpp(9979,35): warning C4244: 'argument': conversion from 'const int64_t' to 'const int', possible loss of data [C:\Users\hjotha\worktrees\xllama-mtp-fast\uwp\ggml-uwp.vcxproj]
     1>C:\Users\hjotha\worktrees\xllama-mtp-fast\llama.cpp\ggml\src\ggml-cpu\ops.cpp(9985,36): warning C4244: 'argument': conversion from 'const int64_t' to 'const int', possible loss of data [C:\Users\hjotha\worktrees\xllama-mtp-fast\uwp\ggml-uwp.vcxproj]
     1>C:\Users\hjotha\worktrees\xllama-mtp-fast\llama.cpp\ggml\src\ggml-cpu\ops.cpp(9999,38): warning C4244: 'argument': conversion from 'const int64_t' to 'const int', possible loss of data [C:\Users\hjotha\worktrees\xllama-mtp-fast\uwp\ggml-uwp.vcxproj]
     1>C:\Users\hjotha\worktrees\xllama-mtp-fast\llama.cpp\ggml\src\ggml-cpu\ops.cpp(10011,38): warning C4244: 'argument': conversion from 'const int64_t' to 'const int', possible loss of data [C:\Users\hjotha\worktrees\xllama-mtp-fast\uwp\ggml-uwp.vcxproj]
     1>C:\Users\hjotha\worktrees\xllama-mtp-fast\llama.cpp\ggml\src\ggml-cpu\ops.cpp(10023,38): warning C4244: 'argument': conversion from 'const int64_t' to 'const int', possible loss of data [C:\Users\hjotha\worktrees\xllama-mtp-fast\uwp\ggml-uwp.vcxproj]
     1>C:\Users\hjotha\worktrees\xllama-mtp-fast\llama.cpp\ggml\src\ggml-cpu\ops.cpp(10063,31): warning C4244: 'initializing': conversion from 'const int64_t' to 'int', possible loss of data [C:\Users\hjotha\worktrees\xllama-mtp-fast\uwp\ggml-uwp.vcxproj]
     1>C:\Users\hjotha\worktrees\xllama-mtp-fast\llama.cpp\ggml\src\ggml-cpu\ops.cpp(10063,19): warning C4244: 'initializing': conversion from 'const int64_t' to 'const int', possible loss of data [C:\Users\hjotha\worktrees\xllama-mtp-fast\uwp\ggml-uwp.vcxproj]
     1>C:\Users\hjotha\worktrees\xllama-mtp-fast\llama.cpp\ggml\src\ggml-cpu\ops.cpp(10064,31): warning C4244: 'initializing': conversion from 'const int64_t' to 'int', possible loss of data [C:\Users\hjotha\worktrees\xllama-mtp-fast\uwp\ggml-uwp.vcxproj]
     1>C:\Users\hjotha\worktrees\xllama-mtp-fast\llama.cpp\ggml\src\ggml-cpu\ops.cpp(10064,19): warning C4244: 'initializing': conversion from 'const int64_t' to 'const int', possible loss of data [C:\Users\hjotha\worktrees\xllama-mtp-fast\uwp\ggml-uwp.vcxproj]
     1>C:\Users\hjotha\worktrees\xllama-mtp-fast\llama.cpp\ggml\src\ggml-cpu\ops.cpp(10065,31): warning C4244: 'initializing': conversion from 'const int64_t' to 'int', possible loss of data [C:\Users\hjotha\worktrees\xllama-mtp-fast\uwp\ggml-uwp.vcxproj]
     1>C:\Users\hjotha\worktrees\xllama-mtp-fast\llama.cpp\ggml\src\ggml-cpu\ops.cpp(10065,19): warning C4244: 'initializing': conversion from 'const int64_t' to 'const int', possible loss of data [C:\Users\hjotha\worktrees\xllama-mtp-fast\uwp\ggml-uwp.vcxproj]
     1>C:\Users\hjotha\worktrees\xllama-mtp-fast\llama.cpp\ggml\src\ggml-cpu\ops.cpp(10066,31): warning C4244: 'initializing': conversion from 'int64_t' to 'int', possible loss of data [C:\Users\hjotha\worktrees\xllama-mtp-fast\uwp\ggml-uwp.vcxproj]
     1>C:\Users\hjotha\worktrees\xllama-mtp-fast\llama.cpp\ggml\src\ggml-cpu\ops.cpp(10066,19): warning C4244: 'initializing': conversion from 'int64_t' to 'const int', possible loss of data [C:\Users\hjotha\worktrees\xllama-mtp-fast\uwp\ggml-uwp.vcxproj]
     1>C:\Users\hjotha\worktrees\xllama-mtp-fast\llama.cpp\ggml\src\ggml-cpu\ops.cpp(10067,31): warning C4244: 'initializing': conversion from 'int64_t' to 'int', possible loss of data [C:\Users\hjotha\worktrees\xllama-mtp-fast\uwp\ggml-uwp.vcxproj]
     1>C:\Users\hjotha\worktrees\xllama-mtp-fast\llama.cpp\ggml\src\ggml-cpu\ops.cpp(10067,19): warning C4244: 'initializing': conversion from 'int64_t' to 'const int', possible loss of data [C:\Users\hjotha\worktrees\xllama-mtp-fast\uwp\ggml-uwp.vcxproj]
     1>C:\Users\hjotha\worktrees\xllama-mtp-fast\llama.cpp\ggml\src\ggml-cpu\ops.cpp(10162,34): warning C4244: 'initializing': conversion from 'int64_t' to 'int', possible loss of data [C:\Users\hjotha\worktrees\xllama-mtp-fast\uwp\ggml-uwp.vcxproj]
     1>C:\Users\hjotha\worktrees\xllama-mtp-fast\llama.cpp\ggml\src\ggml-cpu\ops.cpp(10162,18): warning C4244: 'initializing': conversion from 'int64_t' to 'const int', possible loss of data [C:\Users\hjotha\worktrees\xllama-mtp-fast\uwp\ggml-uwp.vcxproj]
     1>C:\Users\hjotha\worktrees\xllama-mtp-fast\llama.cpp\ggml\src\ggml-cpu\ops.cpp(10166,21): warning C4244: 'initializing': conversion from 'int64_t' to 'int', possible loss of data [C:\Users\hjotha\worktrees\xllama-mtp-fast\uwp\ggml-uwp.vcxproj]
     1>C:\Users\hjotha\worktrees\xllama-mtp-fast\llama.cpp\ggml\src\ggml-cpu\ops.cpp(10166,19): warning C4244: 'initializing': conversion from 'int64_t' to 'const int', possible loss of data [C:\Users\hjotha\worktrees\xllama-mtp-fast\uwp\ggml-uwp.vcxproj]
     1>C:\Users\hjotha\worktrees\xllama-mtp-fast\llama.cpp\ggml\src\ggml-cpu\ops.cpp(10190,37): warning C4244: 'initializing': conversion from 'int64_t' to 'int', possible loss of data [C:\Users\hjotha\worktrees\xllama-mtp-fast\uwp\ggml-uwp.vcxproj]
     1>C:\Users\hjotha\worktrees\xllama-mtp-fast\llama.cpp\ggml\src\ggml-cpu\ops.cpp(10190,33): warning C4244: 'initializing': conversion from 'int64_t' to 'const int', possible loss of data [C:\Users\hjotha\worktrees\xllama-mtp-fast\uwp\ggml-uwp.vcxproj]
     1>C:\Users\hjotha\worktrees\xllama-mtp-fast\llama.cpp\ggml\src\ggml-cpu\ops.cpp(10194,43): warning C4244: 'initializing': conversion from 'int64_t' to 'int', possible loss of data [C:\Users\hjotha\worktrees\xllama-mtp-fast\uwp\ggml-uwp.vcxproj]
     1>C:\Users\hjotha\worktrees\xllama-mtp-fast\llama.cpp\ggml\src\ggml-cpu\ops.cpp(10194,38): warning C4244: 'initializing': conversion from 'int64_t' to 'const int', possible loss of data [C:\Users\hjotha\worktrees\xllama-mtp-fast\uwp\ggml-uwp.vcxproj]
     1>C:\Users\hjotha\worktrees\xllama-mtp-fast\llama.cpp\ggml\src\ggml-cpu\ops.cpp(10261,25): warning C4244: '=': conversion from 'ggml_float' to 'float', possible loss of data [C:\Users\hjotha\worktrees\xllama-mtp-fast\uwp\ggml-uwp.vcxproj]
     1>C:\Users\hjotha\worktrees\xllama-mtp-fast\llama.cpp\ggml\src\ggml-cpu\ops.cpp(10268,46): warning C4244: 'initializing': conversion from 'int64_t' to 'int', possible loss of data [C:\Users\hjotha\worktrees\xllama-mtp-fast\uwp\ggml-uwp.vcxproj]
     1>C:\Users\hjotha\worktrees\xllama-mtp-fast\llama.cpp\ggml\src\ggml-cpu\ops.cpp(10268,41): warning C4244: 'initializing': conversion from 'int64_t' to 'const int', possible loss of data [C:\Users\hjotha\worktrees\xllama-mtp-fast\uwp\ggml-uwp.vcxproj]
     1>C:\Users\hjotha\worktrees\xllama-mtp-fast\llama.cpp\ggml\src\ggml-cpu\ops.cpp(10269,47): warning C4244: 'initializing': conversion from 'int64_t' to 'int', possible loss of data [C:\Users\hjotha\worktrees\xllama-mtp-fast\uwp\ggml-uwp.vcxproj]
     1>C:\Users\hjotha\worktrees\xllama-mtp-fast\llama.cpp\ggml\src\ggml-cpu\ops.cpp(10269,42): warning C4244: 'initializing': conversion from 'int64_t' to 'const int', possible loss of data [C:\Users\hjotha\worktrees\xllama-mtp-fast\uwp\ggml-uwp.vcxproj]
     1>C:\Users\hjotha\worktrees\xllama-mtp-fast\llama.cpp\ggml\src\ggml-cpu\ops.cpp(10286,37): warning C4244: 'initializing': conversion from 'int64_t' to 'int', possible loss of data [C:\Users\hjotha\worktrees\xllama-mtp-fast\uwp\ggml-uwp.vcxproj]
     1>C:\Users\hjotha\worktrees\xllama-mtp-fast\llama.cpp\ggml\src\ggml-cpu\ops.cpp(10286,33): warning C4244: 'initializing': conversion from 'int64_t' to 'const int', possible loss of data [C:\Users\hjotha\worktrees\xllama-mtp-fast\uwp\ggml-uwp.vcxproj]
     1>C:\Users\hjotha\worktrees\xllama-mtp-fast\llama.cpp\ggml\src\ggml-cpu\ops.cpp(10290,43): warning C4244: 'initializing': conversion from 'int64_t' to 'int', possible loss of data [C:\Users\hjotha\worktrees\xllama-mtp-fast\uwp\ggml-uwp.vcxproj]
     1>C:\Users\hjotha\worktrees\xllama-mtp-fast\llama.cpp\ggml\src\ggml-cpu\ops.cpp(10290,38): warning C4244: 'initializing': conversion from 'int64_t' to 'const int', possible loss of data [C:\Users\hjotha\worktrees\xllama-mtp-fast\uwp\ggml-uwp.vcxproj]
     1>C:\Users\hjotha\worktrees\xllama-mtp-fast\llama.cpp\ggml\src\ggml-cpu\ops.cpp(10321,46): warning C4244: 'initializing': conversion from 'int64_t' to 'int', possible loss of data [C:\Users\hjotha\worktrees\xllama-mtp-fast\uwp\ggml-uwp.vcxproj]
     1>C:\Users\hjotha\worktrees\xllama-mtp-fast\llama.cpp\ggml\src\ggml-cpu\ops.cpp(10321,41): warning C4244: 'initializing': conversion from 'int64_t' to 'const int', possible loss of data [C:\Users\hjotha\worktrees\xllama-mtp-fast\uwp\ggml-uwp.vcxproj]
     1>C:\Users\hjotha\worktrees\xllama-mtp-fast\llama.cpp\ggml\src\ggml-cpu\ops.cpp(10322,47): warning C4244: 'initializing': conversion from 'int64_t' to 'int', possible loss of data [C:\Users\hjotha\worktrees\xllama-mtp-fast\uwp\ggml-uwp.vcxproj]
     1>C:\Users\hjotha\worktrees\xllama-mtp-fast\llama.cpp\ggml\src\ggml-cpu\ops.cpp(10322,42): warning C4244: 'initializing': conversion from 'int64_t' to 'const int', possible loss of data [C:\Users\hjotha\worktrees\xllama-mtp-fast\uwp\ggml-uwp.vcxproj]
     1>C:\Users\hjotha\worktrees\xllama-mtp-fast\llama.cpp\ggml\src\ggml-cpu\ops.cpp(10443,31): warning C4244: 'initializing': conversion from 'int64_t' to 'int', possible loss of data [C:\Users\hjotha\worktrees\xllama-mtp-fast\uwp\ggml-uwp.vcxproj]
     1>C:\Users\hjotha\worktrees\xllama-mtp-fast\llama.cpp\ggml\src\ggml-cpu\ops.cpp(10443,19): warning C4244: 'initializing': conversion from 'int64_t' to 'const int', possible loss of data [C:\Users\hjotha\worktrees\xllama-mtp-fast\uwp\ggml-uwp.vcxproj]
     1>C:\Users\hjotha\worktrees\xllama-mtp-fast\llama.cpp\ggml\src\ggml-cpu\ops.cpp(10452,35): warning C4244: 'initializing': conversion from 'int64_t' to 'int', possible loss of data [C:\Users\hjotha\worktrees\xllama-mtp-fast\uwp\ggml-uwp.vcxproj]
     1>C:\Users\hjotha\worktrees\xllama-mtp-fast\llama.cpp\ggml\src\ggml-cpu\ops.cpp(10452,31): warning C4244: 'initializing': conversion from 'int64_t' to 'const int', possible loss of data [C:\Users\hjotha\worktrees\xllama-mtp-fast\uwp\ggml-uwp.vcxproj]
     1>C:\Users\hjotha\worktrees\xllama-mtp-fast\llama.cpp\ggml\src\ggml-cpu\ops.cpp(10453,35): warning C4244: 'initializing': conversion from 'int64_t' to 'int', possible loss of data [C:\Users\hjotha\worktrees\xllama-mtp-fast\uwp\ggml-uwp.vcxproj]
     1>C:\Users\hjotha\worktrees\xllama-mtp-fast\llama.cpp\ggml\src\ggml-cpu\ops.cpp(10453,31): warning C4244: 'initializing': conversion from 'int64_t' to 'const int', possible loss of data [C:\Users\hjotha\worktrees\xllama-mtp-fast\uwp\ggml-uwp.vcxproj]
     1>C:\Users\hjotha\worktrees\xllama-mtp-fast\llama.cpp\ggml\src\ggml-cpu\ops.cpp(10713,20): warning C4244: 'initializing': conversion from 'const int64_t' to 'int', possible loss of data [C:\Users\hjotha\worktrees\xllama-mtp-fast\uwp\ggml-uwp.vcxproj]
     1>C:\Users\hjotha\worktrees\xllama-mtp-fast\llama.cpp\ggml\src\ggml-cpu\ops.cpp(10713,18): warning C4244: 'initializing': conversion from 'const int64_t' to 'const int', possible loss of data [C:\Users\hjotha\worktrees\xllama-mtp-fast\uwp\ggml-uwp.vcxproj]
     1>C:\Users\hjotha\worktrees\xllama-mtp-fast\llama.cpp\ggml\src\ggml-cpu\ops.cpp(10779,46): warning C4244: 'initializing': conversion from 'int64_t' to 'int', possible loss of data [C:\Users\hjotha\worktrees\xllama-mtp-fast\uwp\ggml-uwp.vcxproj]
     1>C:\Users\hjotha\worktrees\xllama-mtp-fast\llama.cpp\ggml\src\ggml-cpu\ops.cpp(10779,23): warning C4244: 'initializing': conversion from 'int64_t' to 'const int', possible loss of data [C:\Users\hjotha\worktrees\xllama-mtp-fast\uwp\ggml-uwp.vcxproj]
     1>C:\Users\hjotha\worktrees\xllama-mtp-fast\llama.cpp\ggml\src\ggml-cpu\ops.cpp(10780,61): warning C4244: 'initializing': conversion from 'int64_t' to 'int', possible loss of data [C:\Users\hjotha\worktrees\xllama-mtp-fast\uwp\ggml-uwp.vcxproj]
     1>C:\Users\hjotha\worktrees\xllama-mtp-fast\llama.cpp\ggml\src\ggml-cpu\ops.cpp(10780,23): warning C4244: 'initializing': conversion from 'int64_t' to 'const int', possible loss of data [C:\Users\hjotha\worktrees\xllama-mtp-fast\uwp\ggml-uwp.vcxproj]
     1>C:\Users\hjotha\worktrees\xllama-mtp-fast\llama.cpp\ggml\src\ggml-cpu\ops.cpp(10992,46): warning C4244: 'initializing': conversion from 'int64_t' to 'int', possible loss of data [C:\Users\hjotha\worktrees\xllama-mtp-fast\uwp\ggml-uwp.vcxproj]
     1>C:\Users\hjotha\worktrees\xllama-mtp-fast\llama.cpp\ggml\src\ggml-cpu\ops.cpp(10992,23): warning C4244: 'initializing': conversion from 'int64_t' to 'const int', possible loss of data [C:\Users\hjotha\worktrees\xllama-mtp-fast\uwp\ggml-uwp.vcxproj]
     1>C:\Users\hjotha\worktrees\xllama-mtp-fast\llama.cpp\ggml\src\ggml-cpu\ops.cpp(10993,61): warning C4244: 'initializing': conversion from 'int64_t' to 'int', possible loss of data [C:\Users\hjotha\worktrees\xllama-mtp-fast\uwp\ggml-uwp.vcxproj]
     1>C:\Users\hjotha\worktrees\xllama-mtp-fast\llama.cpp\ggml\src\ggml-cpu\ops.cpp(10993,23): warning C4244: 'initializing': conversion from 'int64_t' to 'const int', possible loss of data [C:\Users\hjotha\worktrees\xllama-mtp-fast\uwp\ggml-uwp.vcxproj]
     1>C:\Users\hjotha\worktrees\xllama-mtp-fast\llama.cpp\ggml\src\ggml-cpu\ops.cpp(11380,38): warning C4244: 'argument': conversion from 'const int64_t' to 'const int', possible loss of data [C:\Users\hjotha\worktrees\xllama-mtp-fast\uwp\ggml-uwp.vcxproj]
     1>C:\Users\hjotha\worktrees\xllama-mtp-fast\llama.cpp\ggml\src\ggml-cpu\ops.cpp(11383,40): warning C4244: 'argument': conversion from 'int64_t' to 'const int', possible loss of data [C:\Users\hjotha\worktrees\xllama-mtp-fast\uwp\ggml-uwp.vcxproj]
     1>C:\Users\hjotha\worktrees\xllama-mtp-fast\llama.cpp\ggml\src\ggml-cpu\ops.cpp(11389,34): warning C4244: 'argument': conversion from 'const int64_t' to 'int', possible loss of data [C:\Users\hjotha\worktrees\xllama-mtp-fast\uwp\ggml-uwp.vcxproj]
     1>C:\Users\hjotha\worktrees\xllama-mtp-fast\llama.cpp\ggml\src\ggml-cpu\ops.cpp(11395,34): warning C4244: 'argument': conversion from 'const int64_t' to 'const int', possible loss of data [C:\Users\hjotha\worktrees\xllama-mtp-fast\uwp\ggml-uwp.vcxproj]
     1>C:\Users\hjotha\worktrees\xllama-mtp-fast\llama.cpp\ggml\src\ggml-cpu\ops.cpp(11401,34): warning C4244: 'argument': conversion from 'const int64_t' to 'int', possible loss of data [C:\Users\hjotha\worktrees\xllama-mtp-fast\uwp\ggml-uwp.vcxproj]
     1>C:\Users\hjotha\worktrees\xllama-mtp-fast\llama.cpp\ggml\src\ggml-cpu\ops.cpp(12707,43): warning C4244: 'argument': conversion from 'uint32_t' to 'float', possible loss of data [C:\Users\hjotha\worktrees\xllama-mtp-fast\uwp\ggml-uwp.vcxproj]
     1>C:\Users\hjotha\worktrees\xllama-mtp-fast\llama.cpp\ggml\src\ggml-cpu\ops.cpp(12708,45): warning C4244: 'argument': conversion from 'uint32_t' to 'float', possible loss of data [C:\Users\hjotha\worktrees\xllama-mtp-fast\uwp\ggml-uwp.vcxproj]
     1>C:\Users\hjotha\worktrees\xllama-mtp-fast\llama.cpp\ggml\src\ggml-cpu\ops.cpp(12866,46): warning C4244: 'initializing': conversion from 'int64_t' to 'int', possible loss of data [C:\Users\hjotha\worktrees\xllama-mtp-fast\uwp\ggml-uwp.vcxproj]
     1>C:\Users\hjotha\worktrees\xllama-mtp-fast\llama.cpp\ggml\src\ggml-cpu\ops.cpp(12866,23): warning C4244: 'initializing': conversion from 'int64_t' to 'const int', possible loss of data [C:\Users\hjotha\worktrees\xllama-mtp-fast\uwp\ggml-uwp.vcxproj]
     1>C:\Users\hjotha\worktrees\xllama-mtp-fast\llama.cpp\ggml\src\ggml-cpu\ops.cpp(12867,61): warning C4244: 'initializing': conversion from 'int64_t' to 'int', possible loss of data [C:\Users\hjotha\worktrees\xllama-mtp-fast\uwp\ggml-uwp.vcxproj]
     1>C:\Users\hjotha\worktrees\xllama-mtp-fast\llama.cpp\ggml\src\ggml-cpu\ops.cpp(12867,23): warning C4244: 'initializing': conversion from 'int64_t' to 'const int', possible loss of data [C:\Users\hjotha\worktrees\xllama-mtp-fast\uwp\ggml-uwp.vcxproj]
     1>C:\Users\hjotha\worktrees\xllama-mtp-fast\llama.cpp\ggml\src\ggml-cpu\ops.cpp(12955,29): warning C4244: '=': conversion from 'ggml_float' to 'float', possible loss of data [C:\Users\hjotha\worktrees\xllama-mtp-fast\uwp\ggml-uwp.vcxproj]
     1>C:\Users\hjotha\worktrees\xllama-mtp-fast\llama.cpp\ggml\src\ggml-cpu\ops.cpp(12983,25): warning C4244: '=': conversion from 'ggml_float' to 'float', possible loss of data [C:\Users\hjotha\worktrees\xllama-mtp-fast\uwp\ggml-uwp.vcxproj]
     1>C:\Users\hjotha\worktrees\xllama-mtp-fast\llama.cpp\ggml\src\ggml-cpu\ops.cpp(13173,26): warning C4244: 'argument': conversion from 'const int64_t' to 'const int', possible loss of data [C:\Users\hjotha\worktrees\xllama-mtp-fast\uwp\ggml-uwp.vcxproj]
     1>C:\Users\hjotha\worktrees\xllama-mtp-fast\llama.cpp\ggml\src\ggml-cpu\ops.cpp(13174,66): warning C4244: 'argument': conversion from 'const int64_t' to 'const int', possible loss of data [C:\Users\hjotha\worktrees\xllama-mtp-fast\uwp\ggml-uwp.vcxproj]
     1>C:\Users\hjotha\worktrees\xllama-mtp-fast\llama.cpp\ggml\src\ggml-cpu\ops.cpp(13177,39): warning C4244: 'argument': conversion from 'ggml_float' to 'const float', possible loss of data [C:\Users\hjotha\worktrees\xllama-mtp-fast\uwp\ggml-uwp.vcxproj]
     1>C:\Users\hjotha\worktrees\xllama-mtp-fast\llama.cpp\ggml\src\ggml-cpu\ops.cpp(13177,27): warning C4244: 'argument': conversion from 'const int64_t' to 'const int', possible loss of data [C:\Users\hjotha\worktrees\xllama-mtp-fast\uwp\ggml-uwp.vcxproj]
     1>C:\Users\hjotha\worktrees\xllama-mtp-fast\llama.cpp\ggml\src\ggml-cpu\ops.cpp(13178,26): warning C4244: 'argument': conversion from 'const int64_t' to 'const int', possible loss of data [C:\Users\hjotha\worktrees\xllama-mtp-fast\uwp\ggml-uwp.vcxproj]
     1>C:\Users\hjotha\worktrees\xllama-mtp-fast\llama.cpp\ggml\src\ggml-cpu\ops.cpp(13181,26): warning C4244: 'argument': conversion from 'const int64_t' to 'const int', possible loss of data [C:\Users\hjotha\worktrees\xllama-mtp-fast\uwp\ggml-uwp.vcxproj]
     1>C:\Users\hjotha\worktrees\xllama-mtp-fast\llama.cpp\ggml\src\ggml-cpu\ops.cpp(13266,26): warning C4244: 'argument': conversion from 'const int64_t' to 'const int', possible loss of data [C:\Users\hjotha\worktrees\xllama-mtp-fast\uwp\ggml-uwp.vcxproj]
     1>C:\Users\hjotha\worktrees\xllama-mtp-fast\llama.cpp\ggml\src\ggml-cpu\ops.cpp(13267,54): warning C4244: 'argument': conversion from 'const int64_t' to 'const int', possible loss of data [C:\Users\hjotha\worktrees\xllama-mtp-fast\uwp\ggml-uwp.vcxproj]
     1>C:\Users\hjotha\worktrees\xllama-mtp-fast\llama.cpp\ggml\src\ggml-cpu\ops.cpp(13269,40): warning C4244: 'argument': conversion from 'double' to 'const float', possible loss of data [C:\Users\hjotha\worktrees\xllama-mtp-fast\uwp\ggml-uwp.vcxproj]
     1>C:\Users\hjotha\worktrees\xllama-mtp-fast\llama.cpp\ggml\src\ggml-cpu\ops.cpp(13269,28): warning C4244: 'argument': conversion from 'const int64_t' to 'const int', possible loss of data [C:\Users\hjotha\worktrees\xllama-mtp-fast\uwp\ggml-uwp.vcxproj]
     1>C:\Users\hjotha\worktrees\xllama-mtp-fast\llama.cpp\ggml\src\ggml-cpu\ops.cpp(13272,26): warning C4244: 'argument': conversion from 'const int64_t' to 'const int', possible loss of data [C:\Users\hjotha\worktrees\xllama-mtp-fast\uwp\ggml-uwp.vcxproj]
     1>C:\Users\hjotha\worktrees\xllama-mtp-fast\llama.cpp\ggml\src\ggml-cpu\ops.cpp(13273,28): warning C4244: 'argument': conversion from 'const int64_t' to 'const int', possible loss of data [C:\Users\hjotha\worktrees\xllama-mtp-fast\uwp\ggml-uwp.vcxproj]
     1>C:\Users\hjotha\worktrees\xllama-mtp-fast\llama.cpp\ggml\src\ggml-cpu\ops.cpp(13320,31): warning C4244: 'initializing': conversion from 'int64_t' to 'int', possible loss of data [C:\Users\hjotha\worktrees\xllama-mtp-fast\uwp\ggml-uwp.vcxproj]
     1>C:\Users\hjotha\worktrees\xllama-mtp-fast\llama.cpp\ggml\src\ggml-cpu\ops.cpp(13320,19): warning C4244: 'initializing': conversion from 'int64_t' to 'const int', possible loss of data [C:\Users\hjotha\worktrees\xllama-mtp-fast\uwp\ggml-uwp.vcxproj]
     1>C:\Users\hjotha\worktrees\xllama-mtp-fast\llama.cpp\ggml\src\ggml-cpu\ops.cpp(13398,30): warning C4244: 'initializing': conversion from 'int64_t' to 'int', possible loss of data [C:\Users\hjotha\worktrees\xllama-mtp-fast\uwp\ggml-uwp.vcxproj]
     1>C:\Users\hjotha\worktrees\xllama-mtp-fast\llama.cpp\ggml\src\ggml-cpu\ops.cpp(13398,18): warning C4244: 'initializing': conversion from 'int64_t' to 'const int', possible loss of data [C:\Users\hjotha\worktrees\xllama-mtp-fast\uwp\ggml-uwp.vcxproj]
     1>C:\Users\hjotha\worktrees\xllama-mtp-fast\llama.cpp\ggml\src\ggml-cpu\ops.cpp(13586,34): warning C4244: 'initializing': conversion from 'const int64_t' to 'int', possible loss of data [C:\Users\hjotha\worktrees\xllama-mtp-fast\uwp\ggml-uwp.vcxproj]
     1>C:\Users\hjotha\worktrees\xllama-mtp-fast\llama.cpp\ggml\src\ggml-cpu\ops.cpp(13586,25): warning C4244: 'initializing': conversion from 'const int64_t' to 'const int', possible loss of data [C:\Users\hjotha\worktrees\xllama-mtp-fast\uwp\ggml-uwp.vcxproj]
     1>C:\Users\hjotha\worktrees\xllama-mtp-fast\llama.cpp\ggml\src\ggml-cpu\ops.cpp(13587,34): warning C4244: 'initializing': conversion from 'const int64_t' to 'int', possible loss of data [C:\Users\hjotha\worktrees\xllama-mtp-fast\uwp\ggml-uwp.vcxproj]
     1>C:\Users\hjotha\worktrees\xllama-mtp-fast\llama.cpp\ggml\src\ggml-cpu\ops.cpp(13587,25): warning C4244: 'initializing': conversion from 'const int64_t' to 'const int', possible loss of data [C:\Users\hjotha\worktrees\xllama-mtp-fast\uwp\ggml-uwp.vcxproj]
     1>C:\Users\hjotha\worktrees\xllama-mtp-fast\llama.cpp\ggml\src\ggml-cpu\ops.cpp(13588,34): warning C4244: 'initializing': conversion from 'const int64_t' to 'int', possible loss of data [C:\Users\hjotha\worktrees\xllama-mtp-fast\uwp\ggml-uwp.vcxproj]
     1>C:\Users\hjotha\worktrees\xllama-mtp-fast\llama.cpp\ggml\src\ggml-cpu\ops.cpp(13588,25): warning C4244: 'initializing': conversion from 'const int64_t' to 'const int', possible loss of data [C:\Users\hjotha\worktrees\xllama-mtp-fast\uwp\ggml-uwp.vcxproj]
     1>C:\Users\hjotha\worktrees\xllama-mtp-fast\llama.cpp\ggml\src\ggml-cpu\ops.cpp(13589,34): warning C4244: 'initializing': conversion from 'const int64_t' to 'int', possible loss of data [C:\Users\hjotha\worktrees\xllama-mtp-fast\uwp\ggml-uwp.vcxproj]
     1>C:\Users\hjotha\worktrees\xllama-mtp-fast\llama.cpp\ggml\src\ggml-cpu\ops.cpp(13589,25): warning C4244: 'initializing': conversion from 'const int64_t' to 'const int', possible loss of data [C:\Users\hjotha\worktrees\xllama-mtp-fast\uwp\ggml-uwp.vcxproj]
     1>C:\Users\hjotha\worktrees\xllama-mtp-fast\llama.cpp\ggml\src\ggml-cpu\ops.cpp(13590,34): warning C4244: 'initializing': conversion from 'const int64_t' to 'int', possible loss of data [C:\Users\hjotha\worktrees\xllama-mtp-fast\uwp\ggml-uwp.vcxproj]
     1>C:\Users\hjotha\worktrees\xllama-mtp-fast\llama.cpp\ggml\src\ggml-cpu\ops.cpp(13590,25): warning C4244: 'initializing': conversion from 'const int64_t' to 'const int', possible loss of data [C:\Users\hjotha\worktrees\xllama-mtp-fast\uwp\ggml-uwp.vcxproj]
     1>C:\Users\hjotha\worktrees\xllama-mtp-fast\llama.cpp\ggml\src\ggml-cpu\ops.cpp(13667,35): warning C4244: 'initializing': conversion from 'const int64_t' to 'int', possible loss of data [C:\Users\hjotha\worktrees\xllama-mtp-fast\uwp\ggml-uwp.vcxproj]
     1>C:\Users\hjotha\worktrees\xllama-mtp-fast\llama.cpp\ggml\src\ggml-cpu\ops.cpp(13667,26): warning C4244: 'initializing': conversion from 'const int64_t' to 'const int', possible loss of data [C:\Users\hjotha\worktrees\xllama-mtp-fast\uwp\ggml-uwp.vcxproj]
     1>C:\Users\hjotha\worktrees\xllama-mtp-fast\llama.cpp\ggml\src\ggml-cpu\ops.cpp(13668,35): warning C4244: 'initializing': conversion from 'const int64_t' to 'int', possible loss of data [C:\Users\hjotha\worktrees\xllama-mtp-fast\uwp\ggml-uwp.vcxproj]
     1>C:\Users\hjotha\worktrees\xllama-mtp-fast\llama.cpp\ggml\src\ggml-cpu\ops.cpp(13668,26): warning C4244: 'initializing': conversion from 'const int64_t' to 'const int', possible loss of data [C:\Users\hjotha\worktrees\xllama-mtp-fast\uwp\ggml-uwp.vcxproj]
     1>C:\Users\hjotha\worktrees\xllama-mtp-fast\llama.cpp\ggml\src\ggml-cpu\ops.cpp(13669,44): warning C4244: 'initializing': conversion from 'const int64_t' to 'int', possible loss of data [C:\Users\hjotha\worktrees\xllama-mtp-fast\uwp\ggml-uwp.vcxproj]
     1>C:\Users\hjotha\worktrees\xllama-mtp-fast\llama.cpp\ggml\src\ggml-cpu\ops.cpp(13669,26): warning C4244: 'initializing': conversion from 'const int64_t' to 'const int', possible loss of data [C:\Users\hjotha\worktrees\xllama-mtp-fast\uwp\ggml-uwp.vcxproj]
     1>C:\Users\hjotha\worktrees\xllama-mtp-fast\llama.cpp\ggml\src\ggml-cpu\ops.cpp(13670,39): warning C4244: 'initializing': conversion from 'const int64_t' to 'int', possible loss of data [C:\Users\hjotha\worktrees\xllama-mtp-fast\uwp\ggml-uwp.vcxproj]
     1>C:\Users\hjotha\worktrees\xllama-mtp-fast\llama.cpp\ggml\src\ggml-cpu\ops.cpp(13670,26): warning C4244: 'initializing': conversion from 'const int64_t' to 'const int', possible loss of data [C:\Users\hjotha\worktrees\xllama-mtp-fast\uwp\ggml-uwp.vcxproj]
     1>C:\Users\hjotha\worktrees\xllama-mtp-fast\llama.cpp\ggml\src\ggml-cpu\ops.cpp(65,20): warning C4244: 'initializing': conversion from 'const int64_t' to 'int', possible loss of data [C:\Users\hjotha\worktrees\xllama-mtp-fast\uwp\ggml-uwp.vcxproj]
             C:\Users\hjotha\worktrees\xllama-mtp-fast\llama.cpp\ggml\src\ggml-cpu\ops.cpp(65,20):
             the template instantiation context (the oldest one first) is
                 C:\Users\hjotha\worktrees\xllama-mtp-fast\llama.cpp\ggml\src\ggml-cpu\ops.cpp(543,55):
                 see reference to function template instantiation 'void ggml_compute_forward_dup_flt<ggml_fp16_t,ggml_fp16_t>(const ggml_compute_params *,ggml_tensor *)' being compiled
         
     1>C:\Users\hjotha\worktrees\xllama-mtp-fast\llama.cpp\ggml\src\ggml-cpu\ops.cpp(65,18): warning C4244: 'initializing': conversion from 'const int64_t' to 'const int', possible loss of data [C:\Users\hjotha\worktrees\xllama-mtp-fast\uwp\ggml-uwp.vcxproj]
     1>C:\Users\hjotha\worktrees\xllama-mtp-fast\llama.cpp\ggml\src\ggml-cpu\ops.cpp(288,20): warning C4244: 'initializing': conversion from 'const int64_t' to 'int', possible loss of data [C:\Users\hjotha\worktrees\xllama-mtp-fast\uwp\ggml-uwp.vcxproj]
             C:\Users\hjotha\worktrees\xllama-mtp-fast\llama.cpp\ggml\src\ggml-cpu\ops.cpp(288,20):
             the template instantiation context (the oldest one first) is
                 C:\Users\hjotha\worktrees\xllama-mtp-fast\llama.cpp\ggml\src\ggml-cpu\ops.cpp(546,22):
                 see reference to function template instantiation 'void ggml_compute_forward_dup_to_q<ggml_fp16_t>(const ggml_compute_params *,ggml_tensor *)' being compiled
         
     1>C:\Users\hjotha\worktrees\xllama-mtp-fast\llama.cpp\ggml\src\ggml-cpu\ops.cpp(288,18): warning C4244: 'initializing': conversion from 'const int64_t' to 'const int', possible loss of data [C:\Users\hjotha\worktrees\xllama-mtp-fast\uwp\ggml-uwp.vcxproj]
     1>C:\Users\hjotha\worktrees\xllama-mtp-fast\llama.cpp\ggml\src\ggml-cpu\ops.cpp(3972,40): warning C4244: 'initializing': conversion from 'ggml_float' to 'float', possible loss of data [C:\Users\hjotha\worktrees\xllama-mtp-fast\uwp\ggml-uwp.vcxproj]
             C:\Users\hjotha\worktrees\xllama-mtp-fast\llama.cpp\ggml\src\ggml-cpu\ops.cpp(3972,40):
             the template instantiation context (the oldest one first) is
                 C:\Users\hjotha\worktrees\xllama-mtp-fast\llama.cpp\ggml\src\ggml-cpu\ops.cpp(4007,17):
                 see reference to function template instantiation 'void ggml_compute_forward_rms_norm_f32<GGML_RMS_NORM_FUSE_OP_NONE>(const ggml_compute_params *,ggml_tensor *,ggml_tensor *)' being compiled
         
     1>C:\Users\hjotha\worktrees\xllama-mtp-fast\llama.cpp\ggml\src\ggml-cpu\ops.cpp(3972,35): warning C4244: 'initializing': conversion from 'ggml_float' to 'const float', possible loss of data [C:\Users\hjotha\worktrees\xllama-mtp-fast\uwp\ggml-uwp.vcxproj]
     1>C:\Users\hjotha\worktrees\xllama-mtp-fast\llama.cpp\ggml\src\ggml-cpu\ops.cpp(3991,40): warning C4244: 'argument': conversion from 'const int64_t' to 'const int', possible loss of data [C:\Users\hjotha\worktrees\xllama-mtp-fast\uwp\ggml-uwp.vcxproj]
     1>C:\Users\hjotha\worktrees\xllama-mtp-fast\llama.cpp\ggml\src\ggml-cpu\ops.cpp(6275,30): warning C4244: 'initializing': conversion from 'int64_t' to 'int', possible loss of data [C:\Users\hjotha\worktrees\xllama-mtp-fast\uwp\ggml-uwp.vcxproj]
             C:\Users\hjotha\worktrees\xllama-mtp-fast\llama.cpp\ggml\src\ggml-cpu\ops.cpp(6275,30):
             the template instantiation context (the oldest one first) is
                 C:\Users\hjotha\worktrees\xllama-mtp-fast\llama.cpp\ggml\src\ggml-cpu\ops.cpp(6400,17):
                 see reference to function template instantiation 'void ggml_compute_forward_rope_flt<ggml_fp16_t>(const ggml_compute_params *,ggml_tensor *,const bool)' being compiled
         
     1>C:\Users\hjotha\worktrees\xllama-mtp-fast\llama.cpp\ggml\src\ggml-cpu\ops.cpp(6275,18): warning C4244: 'initializing': conversion from 'int64_t' to 'const int', possible loss of data [C:\Users\hjotha\worktrees\xllama-mtp-fast\uwp\ggml-uwp.vcxproj]
     1>C:\Users\hjotha\worktrees\xllama-mtp-fast\llama.cpp\ggml\src\ggml-cpu\ops.cpp(6338,46): warning C4244: 'argument': conversion from 'const int64_t' to 'float', possible loss of data [C:\Users\hjotha\worktrees\xllama-mtp-fast\uwp\ggml-uwp.vcxproj]
     1>C:\Users\hjotha\worktrees\xllama-mtp-fast\llama.cpp\ggml\src\ggml-cpu\ops.cpp(6346,44): warning C4244: 'argument': conversion from 'const int64_t' to 'float', possible loss of data [C:\Users\hjotha\worktrees\xllama-mtp-fast\uwp\ggml-uwp.vcxproj]
     1>C:\Users\hjotha\worktrees\xllama-mtp-fast\llama.cpp\ggml\src\ggml-cpu\ops.cpp(6346,39): warning C4244: 'argument': conversion from 'const int64_t' to 'float', possible loss of data [C:\Users\hjotha\worktrees\xllama-mtp-fast\uwp\ggml-uwp.vcxproj]
     1>C:\Users\hjotha\worktrees\xllama-mtp-fast\llama.cpp\ggml\src\ggml-cpu\ops.cpp(6346,34): warning C4244: 'argument': conversion from 'const int64_t' to 'float', possible loss of data [C:\Users\hjotha\worktrees\xllama-mtp-fast\uwp\ggml-uwp.vcxproj]
     1>C:\Users\hjotha\worktrees\xllama-mtp-fast\llama.cpp\ggml\src\ggml-cpu\ops.cpp(6346,29): warning C4244: 'argument': conversion from 'const int64_t' to 'float', possible loss of data [C:\Users\hjotha\worktrees\xllama-mtp-fast\uwp\ggml-uwp.vcxproj]
     1>C:\Users\hjotha\worktrees\xllama-mtp-fast\llama.cpp\ggml\src\ggml-cpu\ops.cpp(7537,34): warning C4244: 'initializing': conversion from 'int64_t' to 'int', possible loss of data [C:\Users\hjotha\worktrees\xllama-mtp-fast\uwp\ggml-uwp.vcxproj]
             C:\Users\hjotha\worktrees\xllama-mtp-fast\llama.cpp\ggml\src\ggml-cpu\ops.cpp(7537,34):
             the template instantiation context (the oldest one first) is
                 C:\Users\hjotha\worktrees\xllama-mtp-fast\llama.cpp\ggml\src\ggml-cpu\ops.cpp(7640,17):
                 see reference to function template instantiation 'void ggml_compute_forward_conv_transpose_2d_impl<ggml_fp16_t>(const ggml_compute_params *,ggml_tensor *)' being compiled
         
     1>C:\Users\hjotha\worktrees\xllama-mtp-fast\llama.cpp\ggml\src\ggml-cpu\ops.cpp(7537,18): warning C4244: 'initializing': conversion from 'int64_t' to 'const int', possible loss of data [C:\Users\hjotha\worktrees\xllama-mtp-fast\uwp\ggml-uwp.vcxproj]
     1>C:\Users\hjotha\worktrees\xllama-mtp-fast\llama.cpp\ggml\src\ggml-cpu\ops.cpp(7590,20): warning C4244: 'initializing': conversion from 'const int64_t' to 'int', possible loss of data [C:\Users\hjotha\worktrees\xllama-mtp-fast\uwp\ggml-uwp.vcxproj]
     1>C:\Users\hjotha\worktrees\xllama-mtp-fast\llama.cpp\ggml\src\ggml-cpu\ops.cpp(7590,18): warning C4244: 'initializing': conversion from 'const int64_t' to 'const int', possible loss of data [C:\Users\hjotha\worktrees\xllama-mtp-fast\uwp\ggml-uwp.vcxproj]
     1>C:\Users\hjotha\worktrees\xllama-mtp-fast\llama.cpp\ggml\src\ggml-cpu\ops.cpp(7609,51): warning C4244: 'initializing': conversion from 'int64_t' to 'int', possible loss of data [C:\Users\hjotha\worktrees\xllama-mtp-fast\uwp\ggml-uwp.vcxproj]
     1>C:\Users\hjotha\worktrees\xllama-mtp-fast\llama.cpp\ggml\src\ggml-cpu\ops.cpp(7609,35): warning C4244: 'initializing': conversion from 'int64_t' to 'const int', possible loss of data [C:\Users\hjotha\worktrees\xllama-mtp-fast\uwp\ggml-uwp.vcxproj]
     1>C:\Users\hjotha\worktrees\xllama-mtp-fast\llama.cpp\ggml\src\ggml-cpu\ops.cpp(7614,50): warning C4244: 'argument': conversion from 'const int64_t' to 'int', possible loss of data [C:\Users\hjotha\worktrees\xllama-mtp-fast\uwp\ggml-uwp.vcxproj]
     1>C:\Users\hjotha\worktrees\xllama-mtp-fast\llama.cpp\ggml\src\ggml-cpu\ops.cpp(7618,50): warning C4244: 'argument': conversion from 'const int64_t' to 'int', possible loss of data [C:\Users\hjotha\worktrees\xllama-mtp-fast\uwp\ggml-uwp.vcxproj]
         All outputs are up-to-date.
         All outputs are up-to-date.
         All outputs are up-to-date.
         All outputs are up-to-date.
         All outputs are up-to-date.
         All outputs are up-to-date.
       Lib:
         C:\Program Files\Microsoft Visual Studio\2022\Community\VC\Tools\MSVC\14.44.35207\bin\HostX64\x64\Lib.exe /OUT:"C:\Users\hjotha\worktrees\xllama-mtp-fast\uwp\x64\Release\ggml-uwp\ggml-uwp.lib" /NOLOGO /LTCG "C:\Users\hjotha\worktrees\xllama-mtp-fast\uwp\ggml-uwp-final\x64\Release\..\llama.cpp\ggml\src\ggml.obj"
         "C:\Users\hjotha\worktrees\xllama-mtp-fast\uwp\ggml-uwp-final\x64\Release\..\llama.cpp\ggml\src\ggml-alloc.obj"
         "C:\Users\hjotha\worktrees\xllama-mtp-fast\uwp\ggml-uwp-final\x64\Release\..\llama.cpp\ggml\src\ggml-backend.obj"
         "C:\Users\hjotha\worktrees\xllama-mtp-fast\uwp\ggml-uwp-final\x64\Release\..\llama.cpp\ggml\src\ggml-backend-dl.obj"
         "C:\Users\hjotha\worktrees\xllama-mtp-fast\uwp\ggml-uwp-final\x64\Release\..\llama.cpp\ggml\src\ggml-backend-meta.obj"
         "C:\Users\hjotha\worktrees\xllama-mtp-fast\uwp\ggml-uwp-final\x64\Release\..\llama.cpp\ggml\src\ggml-backend-reg.obj"
         "C:\Users\hjotha\worktrees\xllama-mtp-fast\uwp\ggml-uwp-final\x64\Release\..\llama.cpp\ggml\src\ggml-opt.obj"
         "C:\Users\hjotha\worktrees\xllama-mtp-fast\uwp\ggml-uwp-final\x64\Release\..\llama.cpp\ggml\src\ggml-quants.obj"
         "C:\Users\hjotha\worktrees\xllama-mtp-fast\uwp\ggml-uwp-final\x64\Release\..\llama.cpp\ggml\src\ggml-threading.obj"
         "C:\Users\hjotha\worktrees\xllama-mtp-fast\uwp\ggml-uwp-final\x64\Release\..\llama.cpp\ggml\src\gguf.obj"
         "C:\Users\hjotha\worktrees\xllama-mtp-fast\uwp\ggml-uwp-final\x64\Release\..\llama.cpp\ggml\src\ggml-remote-attn\ggml-remote-attn.obj"
         "C:\Users\hjotha\worktrees\xllama-mtp-fast\uwp\ggml-uwp-final\x64\Release\..\llama.cpp\ggml\src\ggml-local-split\ggml-local-split.obj"
         "C:\Users\hjotha\worktrees\xllama-mtp-fast\uwp\ggml-uwp-final\x64\Release\..\llama.cpp\ggml\src\ggml-cpu\binary-ops.obj"
         "C:\Users\hjotha\worktrees\xllama-mtp-fast\uwp\ggml-uwp-final\x64\Release\..\llama.cpp\ggml\src\ggml-cpu\ggml-cpu.obj"
         "C:\Users\hjotha\worktrees\xllama-mtp-fast\uwp\ggml-uwp-final\x64\Release\..\llama.cpp\ggml\src\ggml-cpu\hbm.obj"
         "C:\Users\hjotha\worktrees\xllama-mtp-fast\uwp\ggml-uwp-final\x64\Release\..\llama.cpp\ggml\src\ggml-cpu\iqp.obj"
         "C:\Users\hjotha\worktrees\xllama-mtp-fast\uwp\ggml-uwp-final\x64\Release\..\llama.cpp\ggml\src\ggml-cpu\ops.obj"
         "C:\Users\hjotha\worktrees\xllama-mtp-fast\uwp\ggml-uwp-final\x64\Release\..\llama.cpp\ggml\src\ggml-cpu\quants.obj"
         "C:\Users\hjotha\worktrees\xllama-mtp-fast\uwp\ggml-uwp-final\x64\Release\..\llama.cpp\ggml\src\ggml-cpu\repack.obj"
         "C:\Users\hjotha\worktrees\xllama-mtp-fast\uwp\ggml-uwp-final\x64\Release\..\llama.cpp\ggml\src\ggml-cpu\traits.obj"
         "C:\Users\hjotha\worktrees\xllama-mtp-fast\uwp\ggml-uwp-final\x64\Release\..\llama.cpp\ggml\src\ggml-cpu\unary-ops.obj"
         "C:\Users\hjotha\worktrees\xllama-mtp-fast\uwp\ggml-uwp-final\x64\Release\..\llama.cpp\ggml\src\ggml-cpu\vec.obj"
         "C:\Users\hjotha\worktrees\xllama-mtp-fast\uwp\ggml-uwp-final\x64\Release\..\llama.cpp\ggml\src\ggml-cpu\arch\x86\cpu-feats.obj"
         "C:\Users\hjotha\worktrees\xllama-mtp-fast\uwp\ggml-uwp-final\x64\Release\..\llama.cpp\ggml\src\ggml-cpu\arch\x86\quants.obj"
         "C:\Users\hjotha\worktrees\xllama-mtp-fast\uwp\ggml-uwp-final\x64\Release\..\llama.cpp\ggml\src\ggml-cpu\arch\x86\repack.obj"
         "C:\Users\hjotha\worktrees\xllama-mtp-fast\uwp\ggml-uwp-final\x64\Release\..\llama.cpp\src\llama-adapter.obj"
         "C:\Users\hjotha\worktrees\xllama-mtp-fast\uwp\ggml-uwp-final\x64\Release\..\llama.cpp\src\llama-arch.obj"
         "C:\Users\hjotha\worktrees\xllama-mtp-fast\uwp\ggml-uwp-final\x64\Release\..\llama.cpp\src\llama-batch.obj"
         "C:\Users\hjotha\worktrees\xllama-mtp-fast\uwp\ggml-uwp-final\x64\Release\..\llama.cpp\src\llama-block-manager.obj"
         "C:\Users\hjotha\worktrees\xllama-mtp-fast\uwp\ggml-uwp-final\x64\Release\..\llama.cpp\src\llama-chat.obj"
         "C:\Users\hjotha\worktrees\xllama-mtp-fast\uwp\ggml-uwp-final\x64\Release\..\llama.cpp\src\llama-context.obj"
         "C:\Users\hjotha\worktrees\xllama-mtp-fast\uwp\ggml-uwp-final\x64\Release\..\llama.cpp\src\llama-cparams.obj"
         "C:\Users\hjotha\worktrees\xllama-mtp-fast\uwp\ggml-uwp-final\x64\Release\..\llama.cpp\src\llama-grammar.obj"
         "C:\Users\hjotha\worktrees\xllama-mtp-fast\uwp\ggml-uwp-final\x64\Release\..\llama.cpp\src\llama-graph.obj"
         "C:\Users\hjotha\worktrees\xllama-mtp-fast\uwp\ggml-uwp-final\x64\Release\..\llama.cpp\src\llama-hparams.obj"
         "C:\Users\hjotha\worktrees\xllama-mtp-fast\uwp\ggml-uwp-final\x64\Release\..\llama.cpp\src\llama-impl.obj"
         "C:\Users\hjotha\worktrees\xllama-mtp-fast\uwp\ggml-uwp-final\x64\Release\..\llama.cpp\src\llama-io.obj"
         "C:\Users\hjotha\worktrees\xllama-mtp-fast\uwp\ggml-uwp-final\x64\Release\..\llama.cpp\src\llama-kv-cache-dsa-iswa.obj"
         "C:\Users\hjotha\worktrees\xllama-mtp-fast\uwp\ggml-uwp-final\x64\Release\..\llama.cpp\src\llama-kv-cache-dsa.obj"
         "C:\Users\hjotha\worktrees\xllama-mtp-fast\uwp\ggml-uwp-final\x64\Release\..\llama.cpp\src\llama-kv-cache-dsv4.obj"
         "C:\Users\hjotha\worktrees\xllama-mtp-fast\uwp\ggml-uwp-final\x64\Release\..\llama.cpp\src\llama-kv-cache-iswa.obj"
         "C:\Users\hjotha\worktrees\xllama-mtp-fast\uwp\ggml-uwp-final\x64\Release\..\llama.cpp\src\llama-kv-cache-kvarn-handoff.obj"
         "C:\Users\hjotha\worktrees\xllama-mtp-fast\uwp\ggml-uwp-final\x64\Release\..\llama.cpp\src\llama-kv-cache-kvarn.obj"
         "C:\Users\hjotha\worktrees\xllama-mtp-fast\uwp\ggml-uwp-final\x64\Release\..\llama.cpp\src\llama-kv-cache-msa.obj"
         "C:\Users\hjotha\worktrees\xllama-mtp-fast\uwp\ggml-uwp-final\x64\Release\..\llama.cpp\src\llama-kv-cache-paged.obj"
         "C:\Users\hjotha\worktrees\xllama-mtp-fast\uwp\ggml-uwp-final\x64\Release\..\llama.cpp\src\llama-kv-cache-placement.obj"
         "C:\Users\hjotha\worktrees\xllama-mtp-fast\uwp\ggml-uwp-final\x64\Release\..\llama.cpp\src\llama-kv-cache-tail.obj"
         "C:\Users\hjotha\worktrees\xllama-mtp-fast\uwp\ggml-uwp-final\x64\Release\..\llama.cpp\src\llama-kv-cache.obj"
         "C:\Users\hjotha\worktrees\xllama-mtp-fast\uwp\ggml-uwp-final\x64\Release\..\llama.cpp\src\llama-kv-kvarn-materializer.obj"
         "C:\Users\hjotha\worktrees\xllama-mtp-fast\uwp\ggml-uwp-final\x64\Release\..\llama.cpp\src\llama-kv-mixed-handoff.obj"
         "C:\Users\hjotha\worktrees\xllama-mtp-fast\uwp\ggml-uwp-final\x64\Release\..\llama.cpp\src\llama-kv-mixed-io.obj"
         "C:\Users\hjotha\worktrees\xllama-mtp-fast\uwp\ggml-uwp-final\x64\Release\..\llama.cpp\src\llama-kv-mixed-mtp-budget.obj"
         "C:\Users\hjotha\worktrees\xllama-mtp-fast\uwp\ggml-uwp-final\x64\Release\..\llama.cpp\src\llama-kv-mixed-placement.obj"
         "C:\Users\hjotha\worktrees\xllama-mtp-fast\uwp\ggml-uwp-final\x64\Release\..\llama.cpp\src\llama-kv-mixed-state-stream.obj"
         "C:\Users\hjotha\worktrees\xllama-mtp-fast\uwp\ggml-uwp-final\x64\Release\..\llama.cpp\src\llama-kv-mixed-state.obj"
         "C:\Users\hjotha\worktrees\xllama-mtp-fast\uwp\ggml-uwp-final\x64\Release\..\llama.cpp\src\llama-kv-qx-convert.obj"
         "C:\Users\hjotha\worktrees\xllama-mtp-fast\uwp\ggml-uwp-final\x64\Release\..\llama.cpp\src\llama-kv-tail-request.obj"
         "C:\Users\hjotha\worktrees\xllama-mtp-fast\uwp\ggml-uwp-final\x64\Release\..\llama.cpp\src\llama-kvarn.obj"
         "C:\Users\hjotha\worktrees\xllama-mtp-fast\uwp\ggml-uwp-final\x64\Release\..\llama.cpp\src\llama-memory-hybrid-idx.obj"
         "C:\Users\hjotha\worktrees\xllama-mtp-fast\uwp\ggml-uwp-final\x64\Release\..\llama.cpp\src\llama-memory-hybrid-iswa.obj"
         "C:\Users\hjotha\worktrees\xllama-mtp-fast\uwp\ggml-uwp-final\x64\Release\..\llama.cpp\src\llama-memory-hybrid-paged.obj"
         "C:\Users\hjotha\worktrees\xllama-mtp-fast\uwp\ggml-uwp-final\x64\Release\..\llama.cpp\src\llama-memory-hybrid.obj"
         "C:\Users\hjotha\worktrees\xllama-mtp-fast\uwp\ggml-uwp-final\x64\Release\..\llama.cpp\src\llama-memory-recurrent.obj"
         "C:\Users\hjotha\worktrees\xllama-mtp-fast\uwp\ggml-uwp-final\x64\Release\..\llama.cpp\src\llama-memory.obj"
         "C:\Users\hjotha\worktrees\xllama-mtp-fast\uwp\ggml-uwp-final\x64\Release\..\llama.cpp\src\llama-mmap.obj"
         "C:\Users\hjotha\worktrees\xllama-mtp-fast\uwp\ggml-uwp-final\x64\Release\..\llama.cpp\src\llama-model-loader.obj"
         "C:\Users\hjotha\worktrees\xllama-mtp-fast\uwp\ggml-uwp-final\x64\Release\..\llama.cpp\src\llama-model-saver.obj"
         "C:\Users\hjotha\worktrees\xllama-mtp-fast\uwp\ggml-uwp-final\x64\Release\..\llama.cpp\src\llama-model.obj"
         "C:\Users\hjotha\worktrees\xllama-mtp-fast\uwp\ggml-uwp-final\x64\Release\..\llama.cpp\src\llama-paged-scheduler-impl.obj"
         "C:\Users\hjotha\worktrees\xllama-mtp-fast\uwp\ggml-uwp-final\x64\Release\..\llama.cpp\src\llama-paged-scheduler.obj"
         "C:\Users\hjotha\worktrees\xllama-mtp-fast\uwp\ggml-uwp-final\x64\Release\..\llama.cpp\src\llama-quant.obj"
         "C:\Users\hjotha\worktrees\xllama-mtp-fast\uwp\ggml-uwp-final\x64\Release\..\llama.cpp\src\llama-sampler.obj"
         "C:\Users\hjotha\worktrees\xllama-mtp-fast\uwp\ggml-uwp-final\x64\Release\..\llama.cpp\src\llama-state-q4.obj"
         "C:\Users\hjotha\worktrees\xllama-mtp-fast\uwp\ggml-uwp-final\x64\Release\..\llama.cpp\src\llama-vocab.obj"
         "C:\Users\hjotha\worktrees\xllama-mtp-fast\uwp\ggml-uwp-final\x64\Release\..\llama.cpp\src\llama.obj"
         "C:\Users\hjotha\worktrees\xllama-mtp-fast\uwp\ggml-uwp-final\x64\Release\..\llama.cpp\src\unicode-data.obj"
         "C:\Users\hjotha\worktrees\xllama-mtp-fast\uwp\ggml-uwp-final\x64\Release\..\llama.cpp\src\unicode.obj"
         "C:\Users\hjotha\worktrees\xllama-mtp-fast\uwp\ggml-uwp-final\x64\Release\..\llama.cpp\src\models\afmoe.obj"
         "C:\Users\hjotha\worktrees\xllama-mtp-fast\uwp\ggml-uwp-final\x64\Release\..\llama.cpp\src\models\apertus.obj"
         "C:\Users\hjotha\worktrees\xllama-mtp-fast\uwp\ggml-uwp-final\x64\Release\..\llama.cpp\src\models\arcee.obj"
         "C:\Users\hjotha\worktrees\xllama-mtp-fast\uwp\ggml-uwp-final\x64\Release\..\llama.cpp\src\models\arctic.obj"
         "C:\Users\hjotha\worktrees\xllama-mtp-fast\uwp\ggml-uwp-final\x64\Release\..\llama.cpp\src\models\arwkv7.obj"
         "C:\Users\hjotha\worktrees\xllama-mtp-fast\uwp\ggml-uwp-final\x64\Release\..\llama.cpp\src\models\baichuan.obj"
         "C:\Users\hjotha\worktrees\xllama-mtp-fast\uwp\ggml-uwp-final\x64\Release\..\llama.cpp\src\models\bailingmoe.obj"
         "C:\Users\hjotha\worktrees\xllama-mtp-fast\uwp\ggml-uwp-final\x64\Release\..\llama.cpp\src\models\bailingmoe2.obj"
         "C:\Users\hjotha\worktrees\xllama-mtp-fast\uwp\ggml-uwp-final\x64\Release\..\llama.cpp\src\models\bailingmoe3.obj"
         "C:\Users\hjotha\worktrees\xllama-mtp-fast\uwp\ggml-uwp-final\x64\Release\..\llama.cpp\src\models\bert.obj"
         "C:\Users\hjotha\worktrees\xllama-mtp-fast\uwp\ggml-uwp-final\x64\Release\..\llama.cpp\src\models\bitnet.obj"
         "C:\Users\hjotha\worktrees\xllama-mtp-fast\uwp\ggml-uwp-final\x64\Release\..\llama.cpp\src\models\bloom.obj"
         "C:\Users\hjotha\worktrees\xllama-mtp-fast\uwp\ggml-uwp-final\x64\Release\..\llama.cpp\src\models\chameleon.obj"
         "C:\Users\hjotha\worktrees\xllama-mtp-fast\uwp\ggml-uwp-final\x64\Release\..\llama.cpp\src\models\chatglm.obj"
         "C:\Users\hjotha\worktrees\xllama-mtp-fast\uwp\ggml-uwp-final\x64\Release\..\llama.cpp\src\models\clip.obj"
         "C:\Users\hjotha\worktrees\xllama-mtp-fast\uwp\ggml-uwp-final\x64\Release\..\llama.cpp\src\models\codeshell.obj"
         "C:\Users\hjotha\worktrees\xllama-mtp-fast\uwp\ggml-uwp-final\x64\Release\..\llama.cpp\src\models\cogvlm.obj"
         "C:\Users\hjotha\worktrees\xllama-mtp-fast\uwp\ggml-uwp-final\x64\Release\..\llama.cpp\src\models\cohere2.obj"
         "C:\Users\hjotha\worktrees\xllama-mtp-fast\uwp\ggml-uwp-final\x64\Release\..\llama.cpp\src\models\cohere2moe.obj"
         "C:\Users\hjotha\worktrees\xllama-mtp-fast\uwp\ggml-uwp-final\x64\Release\..\llama.cpp\src\models\command-r.obj"
         "C:\Users\hjotha\worktrees\xllama-mtp-fast\uwp\ggml-uwp-final\x64\Release\..\llama.cpp\src\models\dbrx.obj"
         "C:\Users\hjotha\worktrees\xllama-mtp-fast\uwp\ggml-uwp-final\x64\Release\..\llama.cpp\src\models\deci.obj"
         "C:\Users\hjotha\worktrees\xllama-mtp-fast\uwp\ggml-uwp-final\x64\Release\..\llama.cpp\src\models\deepseek.obj"
         "C:\Users\hjotha\worktrees\xllama-mtp-fast\uwp\ggml-uwp-final\x64\Release\..\llama.cpp\src\models\deepseek2.obj"
         "C:\Users\hjotha\worktrees\xllama-mtp-fast\uwp\ggml-uwp-final\x64\Release\..\llama.cpp\src\models\deepseek2ocr.obj"
         "C:\Users\hjotha\worktrees\xllama-mtp-fast\uwp\ggml-uwp-final\x64\Release\..\llama.cpp\src\models\deepseek32.obj"
         "C:\Users\hjotha\worktrees\xllama-mtp-fast\uwp\ggml-uwp-final\x64\Release\..\llama.cpp\src\models\deepseek4.obj"
         "C:\Users\hjotha\worktrees\xllama-mtp-fast\uwp\ggml-uwp-final\x64\Release\..\llama.cpp\src\models\delta-net-base.obj"
         "C:\Users\hjotha\worktrees\xllama-mtp-fast\uwp\ggml-uwp-final\x64\Release\..\llama.cpp\src\models\dflash.obj"
         "C:\Users\hjotha\worktrees\xllama-mtp-fast\uwp\ggml-uwp-final\x64\Release\..\llama.cpp\src\models\dots1.obj"
         "C:\Users\hjotha\worktrees\xllama-mtp-fast\uwp\ggml-uwp-final\x64\Release\..\llama.cpp\src\models\dots3note.obj"
         "C:\Users\hjotha\worktrees\xllama-mtp-fast\uwp\ggml-uwp-final\x64\Release\..\llama.cpp\src\models\dream.obj"
         "C:\Users\hjotha\worktrees\xllama-mtp-fast\uwp\ggml-uwp-final\x64\Release\..\llama.cpp\src\models\dspark.obj"
         "C:\Users\hjotha\worktrees\xllama-mtp-fast\uwp\ggml-uwp-final\x64\Release\..\llama.cpp\src\models\eagle3.obj"
         "C:\Users\hjotha\worktrees\xllama-mtp-fast\uwp\ggml-uwp-final\x64\Release\..\llama.cpp\src\models\ernie4-5-moe.obj"
         "C:\Users\hjotha\worktrees\xllama-mtp-fast\uwp\ggml-uwp-final\x64\Release\..\llama.cpp\src\models\ernie4-5.obj"
         "C:\Users\hjotha\worktrees\xllama-mtp-fast\uwp\ggml-uwp-final\x64\Release\..\llama.cpp\src\models\eurobert.obj"
         "C:\Users\hjotha\worktrees\xllama-mtp-fast\uwp\ggml-uwp-final\x64\Release\..\llama.cpp\src\models\exaone-moe.obj"
         "C:\Users\hjotha\worktrees\xllama-mtp-fast\uwp\ggml-uwp-final\x64\Release\..\llama.cpp\src\models\exaone.obj"
         "C:\Users\hjotha\worktrees\xllama-mtp-fast\uwp\ggml-uwp-final\x64\Release\..\llama.cpp\src\models\exaone4.obj"
         "C:\Users\hjotha\worktrees\xllama-mtp-fast\uwp\ggml-uwp-final\x64\Release\..\llama.cpp\src\models\falcon-h1.obj"
         "C:\Users\hjotha\worktrees\xllama-mtp-fast\uwp\ggml-uwp-final\x64\Release\..\llama.cpp\src\models\falcon.obj"
         "C:\Users\hjotha\worktrees\xllama-mtp-fast\uwp\ggml-uwp-final\x64\Release\..\llama.cpp\src\models\gemma-embedding.obj"
         "C:\Users\hjotha\worktrees\xllama-mtp-fast\uwp\ggml-uwp-final\x64\Release\..\llama.cpp\src\models\gemma.obj"
         "C:\Users\hjotha\worktrees\xllama-mtp-fast\uwp\ggml-uwp-final\x64\Release\..\llama.cpp\src\models\gemma2.obj"
         "C:\Users\hjotha\worktrees\xllama-mtp-fast\uwp\ggml-uwp-final\x64\Release\..\llama.cpp\src\models\gemma3.obj"
         "C:\Users\hjotha\worktrees\xllama-mtp-fast\uwp\ggml-uwp-final\x64\Release\..\llama.cpp\src\models\gemma3n.obj"
         "C:\Users\hjotha\worktrees\xllama-mtp-fast\uwp\ggml-uwp-final\x64\Release\..\llama.cpp\src\models\gemma4-assistant.obj"
         "C:\Users\hjotha\worktrees\xllama-mtp-fast\uwp\ggml-uwp-final\x64\Release\..\llama.cpp\src\models\gemma4.obj"
         "C:\Users\hjotha\worktrees\xllama-mtp-fast\uwp\ggml-uwp-final\x64\Release\..\llama.cpp\src\models\glm-dsa.obj"
         "C:\Users\hjotha\worktrees\xllama-mtp-fast\uwp\ggml-uwp-final\x64\Release\..\llama.cpp\src\models\glm4-moe.obj"
         "C:\Users\hjotha\worktrees\xllama-mtp-fast\uwp\ggml-uwp-final\x64\Release\..\llama.cpp\src\models\glm4.obj"
         "C:\Users\hjotha\worktrees\xllama-mtp-fast\uwp\ggml-uwp-final\x64\Release\..\llama.cpp\src\models\gpt2.obj"
         "C:\Users\hjotha\worktrees\xllama-mtp-fast\uwp\ggml-uwp-final\x64\Release\..\llama.cpp\src\models\gptneox.obj"
         "C:\Users\hjotha\worktrees\xllama-mtp-fast\uwp\ggml-uwp-final\x64\Release\..\llama.cpp\src\models\granite-hybrid.obj"
         "C:\Users\hjotha\worktrees\xllama-mtp-fast\uwp\ggml-uwp-final\x64\Release\..\llama.cpp\src\models\granite-moe.obj"
         "C:\Users\hjotha\worktrees\xllama-mtp-fast\uwp\ggml-uwp-final\x64\Release\..\llama.cpp\src\models\granite-swa.obj"
         "C:\Users\hjotha\worktrees\xllama-mtp-fast\uwp\ggml-uwp-final\x64\Release\..\llama.cpp\src\models\granite-switch.obj"
         "C:\Users\hjotha\worktrees\xllama-mtp-fast\uwp\ggml-uwp-final\x64\Release\..\llama.cpp\src\models\granite.obj"
         "C:\Users\hjotha\worktrees\xllama-mtp-fast\uwp\ggml-uwp-final\x64\Release\..\llama.cpp\src\models\grok.obj"
         "C:\Users\hjotha\worktrees\xllama-mtp-fast\uwp\ggml-uwp-final\x64\Release\..\llama.cpp\src\models\grovemoe.obj"
         "C:\Users\hjotha\worktrees\xllama-mtp-fast\uwp\ggml-uwp-final\x64\Release\..\llama.cpp\src\models\hunyuan-dense.obj"
         "C:\Users\hjotha\worktrees\xllama-mtp-fast\uwp\ggml-uwp-final\x64\Release\..\llama.cpp\src\models\hunyuan-moe.obj"
         "C:\Users\hjotha\worktrees\xllama-mtp-fast\uwp\ggml-uwp-final\x64\Release\..\llama.cpp\src\models\hunyuan-vl.obj"
         "C:\Users\hjotha\worktrees\xllama-mtp-fast\uwp\ggml-uwp-final\x64\Release\..\llama.cpp\src\models\hy-v3.obj"
         "C:\Users\hjotha\worktrees\xllama-mtp-fast\uwp\ggml-uwp-final\x64\Release\..\llama.cpp\src\models\hy-v4.obj"
         "C:\Users\hjotha\worktrees\xllama-mtp-fast\uwp\ggml-uwp-final\x64\Release\..\llama.cpp\src\models\internlm2.obj"
         "C:\Users\hjotha\worktrees\xllama-mtp-fast\uwp\ggml-uwp-final\x64\Release\..\llama.cpp\src\models\jais.obj"
         "C:\Users\hjotha\worktrees\xllama-mtp-fast\uwp\ggml-uwp-final\x64\Release\..\llama.cpp\src\models\jais2.obj"
         "C:\Users\hjotha\worktrees\xllama-mtp-fast\uwp\ggml-uwp-final\x64\Release\..\llama.cpp\src\models\jamba.obj"
         "C:\Users\hjotha\worktrees\xllama-mtp-fast\uwp\ggml-uwp-final\x64\Release\..\llama.cpp\src\models\jina-bert-v2.obj"
         "C:\Users\hjotha\worktrees\xllama-mtp-fast\uwp\ggml-uwp-final\x64\Release\..\llama.cpp\src\models\jina-bert-v3.obj"
         "C:\Users\hjotha\worktrees\xllama-mtp-fast\uwp\ggml-uwp-final\x64\Release\..\llama.cpp\src\models\kimi-k3.obj"
         "C:\Users\hjotha\worktrees\xllama-mtp-fast\uwp\ggml-uwp-final\x64\Release\..\llama.cpp\src\models\kimi-linear.obj"
         "C:\Users\hjotha\worktrees\xllama-mtp-fast\uwp\ggml-uwp-final\x64\Release\..\llama.cpp\src\models\laguna.obj"
         "C:\Users\hjotha\worktrees\xllama-mtp-fast\uwp\ggml-uwp-final\x64\Release\..\llama.cpp\src\models\lfm2.obj"
         "C:\Users\hjotha\worktrees\xllama-mtp-fast\uwp\ggml-uwp-final\x64\Release\..\llama.cpp\src\models\lfm2moe.obj"
         "C:\Users\hjotha\worktrees\xllama-mtp-fast\uwp\ggml-uwp-final\x64\Release\..\llama.cpp\src\models\llada-moe.obj"
         "C:\Users\hjotha\worktrees\xllama-mtp-fast\uwp\ggml-uwp-final\x64\Release\..\llama.cpp\src\models\llada.obj"
         "C:\Users\hjotha\worktrees\xllama-mtp-fast\uwp\ggml-uwp-final\x64\Release\..\llama.cpp\src\models\llama-embed.obj"
         "C:\Users\hjotha\worktrees\xllama-mtp-fast\uwp\ggml-uwp-final\x64\Release\..\llama.cpp\src\models\llama.obj"
         "C:\Users\hjotha\worktrees\xllama-mtp-fast\uwp\ggml-uwp-final\x64\Release\..\llama.cpp\src\models\llama4.obj"
         "C:\Users\hjotha\worktrees\xllama-mtp-fast\uwp\ggml-uwp-final\x64\Release\..\llama.cpp\src\models\maincoder.obj"
         "C:\Users\hjotha\worktrees\xllama-mtp-fast\uwp\ggml-uwp-final\x64\Release\..\llama.cpp\src\models\mamba-base.obj"
         "C:\Users\hjotha\worktrees\xllama-mtp-fast\uwp\ggml-uwp-final\x64\Release\..\llama.cpp\src\models\mamba.obj"
         "C:\Users\hjotha\worktrees\xllama-mtp-fast\uwp\ggml-uwp-final\x64\Release\..\llama.cpp\src\models\mamba2.obj"
         "C:\Users\hjotha\worktrees\xllama-mtp-fast\uwp\ggml-uwp-final\x64\Release\..\llama.cpp\src\models\mellum.obj"
         "C:\Users\hjotha\worktrees\xllama-mtp-fast\uwp\ggml-uwp-final\x64\Release\..\llama.cpp\src\models\mimo2.obj"
         "C:\Users\hjotha\worktrees\xllama-mtp-fast\uwp\ggml-uwp-final\x64\Release\..\llama.cpp\src\models\minicpm.obj"
         "C:\Users\hjotha\worktrees\xllama-mtp-fast\uwp\ggml-uwp-final\x64\Release\..\llama.cpp\src\models\minicpm3.obj"
         "C:\Users\hjotha\worktrees\xllama-mtp-fast\uwp\ggml-uwp-final\x64\Release\..\llama.cpp\src\models\minimax-01.obj"
         "C:\Users\hjotha\worktrees\xllama-mtp-fast\uwp\ggml-uwp-final\x64\Release\..\llama.cpp\src\models\minimax-m2.obj"
         "C:\Users\hjotha\worktrees\xllama-mtp-fast\uwp\ggml-uwp-final\x64\Release\..\llama.cpp\src\models\minimax-m3.obj"
         "C:\Users\hjotha\worktrees\xllama-mtp-fast\uwp\ggml-uwp-final\x64\Release\..\llama.cpp\src\models\mistral3.obj"
         "C:\Users\hjotha\worktrees\xllama-mtp-fast\uwp\ggml-uwp-final\x64\Release\..\llama.cpp\src\models\mistral4.obj"
         "C:\Users\hjotha\worktrees\xllama-mtp-fast\uwp\ggml-uwp-final\x64\Release\..\llama.cpp\src\models\modern-bert.obj"
         "C:\Users\hjotha\worktrees\xllama-mtp-fast\uwp\ggml-uwp-final\x64\Release\..\llama.cpp\src\models\mpt.obj"
         "C:\Users\hjotha\worktrees\xllama-mtp-fast\uwp\ggml-uwp-final\x64\Release\..\llama.cpp\src\models\muse-glimmer.obj"
         "C:\Users\hjotha\worktrees\xllama-mtp-fast\uwp\ggml-uwp-final\x64\Release\..\llama.cpp\src\models\nanbeige.obj"
         "C:\Users\hjotha\worktrees\xllama-mtp-fast\uwp\ggml-uwp-final\x64\Release\..\llama.cpp\src\models\nemotron-h-moe.obj"
         "C:\Users\hjotha\worktrees\xllama-mtp-fast\uwp\ggml-uwp-final\x64\Release\..\llama.cpp\src\models\nemotron-h.obj"
         "C:\Users\hjotha\worktrees\xllama-mtp-fast\uwp\ggml-uwp-final\x64\Release\..\llama.cpp\src\models\nemotron.obj"
         "C:\Users\hjotha\worktrees\xllama-mtp-fast\uwp\ggml-uwp-final\x64\Release\..\llama.cpp\src\models\neo-bert.obj"
         "C:\Users\hjotha\worktrees\xllama-mtp-fast\uwp\ggml-uwp-final\x64\Release\..\llama.cpp\src\models\nomic-bert-moe.obj"
         "C:\Users\hjotha\worktrees\xllama-mtp-fast\uwp\ggml-uwp-final\x64\Release\..\llama.cpp\src\models\nomic-bert.obj"
         "C:\Users\hjotha\worktrees\xllama-mtp-fast\uwp\ggml-uwp-final\x64\Release\..\llama.cpp\src\models\olmo.obj"
         "C:\Users\hjotha\worktrees\xllama-mtp-fast\uwp\ggml-uwp-final\x64\Release\..\llama.cpp\src\models\olmo2.obj"
         "C:\Users\hjotha\worktrees\xllama-mtp-fast\uwp\ggml-uwp-final\x64\Release\..\llama.cpp\src\models\olmoe.obj"
         "C:\Users\hjotha\worktrees\xllama-mtp-fast\uwp\ggml-uwp-final\x64\Release\..\llama.cpp\src\models\openai-moe.obj"
         "C:\Users\hjotha\worktrees\xllama-mtp-fast\uwp\ggml-uwp-final\x64\Release\..\llama.cpp\src\models\openelm.obj"
         "C:\Users\hjotha\worktrees\xllama-mtp-fast\uwp\ggml-uwp-final\x64\Release\..\llama.cpp\src\models\orion.obj"
         "C:\Users\hjotha\worktrees\xllama-mtp-fast\uwp\ggml-uwp-final\x64\Release\..\llama.cpp\src\models\paddleocr.obj"
         "C:\Users\hjotha\worktrees\xllama-mtp-fast\uwp\ggml-uwp-final\x64\Release\..\llama.cpp\src\models\pangu-embed.obj"
         "C:\Users\hjotha\worktrees\xllama-mtp-fast\uwp\ggml-uwp-final\x64\Release\..\llama.cpp\src\models\phi2.obj"
         "C:\Users\hjotha\worktrees\xllama-mtp-fast\uwp\ggml-uwp-final\x64\Release\..\llama.cpp\src\models\phi3.obj"
         "C:\Users\hjotha\worktrees\xllama-mtp-fast\uwp\ggml-uwp-final\x64\Release\..\llama.cpp\src\models\phimoe.obj"
         "C:\Users\hjotha\worktrees\xllama-mtp-fast\uwp\ggml-uwp-final\x64\Release\..\llama.cpp\src\models\plamo.obj"
         "C:\Users\hjotha\worktrees\xllama-mtp-fast\uwp\ggml-uwp-final\x64\Release\..\llama.cpp\src\models\plamo2.obj"
         "C:\Users\hjotha\worktrees\xllama-mtp-fast\uwp\ggml-uwp-final\x64\Release\..\llama.cpp\src\models\plamo3.obj"
         "C:\Users\hjotha\worktrees\xllama-mtp-fast\uwp\ggml-uwp-final\x64\Release\..\llama.cpp\src\models\plm.obj"
         "C:\Users\hjotha\worktrees\xllama-mtp-fast\uwp\ggml-uwp-final\x64\Release\..\llama.cpp\src\models\pockettts.obj"
         "C:\Users\hjotha\worktrees\xllama-mtp-fast\uwp\ggml-uwp-final\x64\Release\..\llama.cpp\src\models\qwen.obj"
         "C:\Users\hjotha\worktrees\xllama-mtp-fast\uwp\ggml-uwp-final\x64\Release\..\llama.cpp\src\models\qwen2.obj"
         "C:\Users\hjotha\worktrees\xllama-mtp-fast\uwp\ggml-uwp-final\x64\Release\..\llama.cpp\src\models\qwen2moe.obj"
         "C:\Users\hjotha\worktrees\xllama-mtp-fast\uwp\ggml-uwp-final\x64\Release\..\llama.cpp\src\models\qwen2vl.obj"
         "C:\Users\hjotha\worktrees\xllama-mtp-fast\uwp\ggml-uwp-final\x64\Release\..\llama.cpp\src\models\qwen3.obj"
         "C:\Users\hjotha\worktrees\xllama-mtp-fast\uwp\ggml-uwp-final\x64\Release\..\llama.cpp\src\models\qwen35.obj"
         "C:\Users\hjotha\worktrees\xllama-mtp-fast\uwp\ggml-uwp-final\x64\Release\..\llama.cpp\src\models\qwen35moe.obj"
         "C:\Users\hjotha\worktrees\xllama-mtp-fast\uwp\ggml-uwp-final\x64\Release\..\llama.cpp\src\models\qwen3moe.obj"
         "C:\Users\hjotha\worktrees\xllama-mtp-fast\uwp\ggml-uwp-final\x64\Release\..\llama.cpp\src\models\qwen3next.obj"
         "C:\Users\hjotha\worktrees\xllama-mtp-fast\uwp\ggml-uwp-final\x64\Release\..\llama.cpp\src\models\qwen3tts.obj"
         "C:\Users\hjotha\worktrees\xllama-mtp-fast\uwp\ggml-uwp-final\x64\Release\..\llama.cpp\src\models\qwen3vl.obj"
         "C:\Users\hjotha\worktrees\xllama-mtp-fast\uwp\ggml-uwp-final\x64\Release\..\llama.cpp\src\models\qwen3vlmoe.obj"
         "C:\Users\hjotha\worktrees\xllama-mtp-fast\uwp\ggml-uwp-final\x64\Release\..\llama.cpp\src\models\qwen4exp.obj"
         "C:\Users\hjotha\worktrees\xllama-mtp-fast\uwp\ggml-uwp-final\x64\Release\..\llama.cpp\src\models\refact.obj"
         "C:\Users\hjotha\worktrees\xllama-mtp-fast\uwp\ggml-uwp-final\x64\Release\..\llama.cpp\src\models\rnd1.obj"
         "C:\Users\hjotha\worktrees\xllama-mtp-fast\uwp\ggml-uwp-final\x64\Release\..\llama.cpp\src\models\rwkv6-base.obj"
         "C:\Users\hjotha\worktrees\xllama-mtp-fast\uwp\ggml-uwp-final\x64\Release\..\llama.cpp\src\models\rwkv6.obj"
         "C:\Users\hjotha\worktrees\xllama-mtp-fast\uwp\ggml-uwp-final\x64\Release\..\llama.cpp\src\models\rwkv6qwen2.obj"
         "C:\Users\hjotha\worktrees\xllama-mtp-fast\uwp\ggml-uwp-final\x64\Release\..\llama.cpp\src\models\rwkv7-base.obj"
         "C:\Users\hjotha\worktrees\xllama-mtp-fast\uwp\ggml-uwp-final\x64\Release\..\llama.cpp\src\models\rwkv7.obj"
         "C:\Users\hjotha\worktrees\xllama-mtp-fast\uwp\ggml-uwp-final\x64\Release\..\llama.cpp\src\models\seed-oss.obj"
         "C:\Users\hjotha\worktrees\xllama-mtp-fast\uwp\ggml-uwp-final\x64\Release\..\llama.cpp\src\models\smallthinker.obj"
         "C:\Users\hjotha\worktrees\xllama-mtp-fast\uwp\ggml-uwp-final\x64\Release\..\llama.cpp\src\models\smollm3.obj"
         "C:\Users\hjotha\worktrees\xllama-mtp-fast\uwp\ggml-uwp-final\x64\Release\..\llama.cpp\src\models\spark2-5.obj"
         "C:\Users\hjotha\worktrees\xllama-mtp-fast\uwp\ggml-uwp-final\x64\Release\..\llama.cpp\src\models\stablelm.obj"
         "C:\Users\hjotha\worktrees\xllama-mtp-fast\uwp\ggml-uwp-final\x64\Release\..\llama.cpp\src\models\starcoder.obj"
         "C:\Users\hjotha\worktrees\xllama-mtp-fast\uwp\ggml-uwp-final\x64\Release\..\llama.cpp\src\models\starcoder2.obj"
         "C:\Users\hjotha\worktrees\xllama-mtp-fast\uwp\ggml-uwp-final\x64\Release\..\llama.cpp\src\models\step35.obj"
         "C:\Users\hjotha\worktrees\xllama-mtp-fast\uwp\ggml-uwp-final\x64\Release\..\llama.cpp\src\models\t5.obj"
         "C:\Users\hjotha\worktrees\xllama-mtp-fast\uwp\ggml-uwp-final\x64\Release\..\llama.cpp\src\models\t5encoder.obj"
         "C:\Users\hjotha\worktrees\xllama-mtp-fast\uwp\ggml-uwp-final\x64\Release\..\llama.cpp\src\models\talkie.obj"
         "C:\Users\hjotha\worktrees\xllama-mtp-fast\uwp\ggml-uwp-final\x64\Release\..\llama.cpp\src\models\wavtokenizer-dec.obj"
         "C:\Users\hjotha\worktrees\xllama-mtp-fast\uwp\ggml-uwp-final\x64\Release\..\llama.cpp\src\models\xverse.obj"
         "C:\Users\hjotha\worktrees\xllama-mtp-fast\uwp\ggml-uwp-final\x64\Release\..\llama.cpp\ggml\src\ggml_cxx.obj"
         "C:\Users\hjotha\worktrees\xllama-mtp-fast\uwp\ggml-uwp-final\x64\Release\..\llama.cpp\ggml\src\ggml-cpu\ggml-cpu_cxx.obj"
         ggml-uwp.vcxproj -> C:\Users\hjotha\worktrees\xllama-mtp-fast\uwp\x64\Release\ggml-uwp\ggml-uwp.lib
       ComputeProcessXamlFiles:
         (Out) ProcessedXamlFiles == 
       CustomOutputGroupForPackaging:
         (Out) Project='ggml-uwp' ProcessedXamlFiles == 
         (Out) XamlPackagingRootFolder == Generated Files\
         (Out) ProcessedXamlFilesFullPath == 
         (Out) Project='ggml-uwp' CustomOutputGroupForPackagingOutput == 
       _GenerateProjectPriFileCore:
       Skipping target "_GenerateProjectPriFileCore" because all output files are up-to-date with respect to the input files.
       FinalizeBuildStatus:
         Deleting file "C:\Users\hjotha\worktrees\xllama-mtp-fast\uwp\ggml-uwp-final\x64\Release\ggml-uwp.tlog\unsuccessfulbuild".
         Touching "C:\Users\hjotha\worktrees\xllama-mtp-fast\uwp\ggml-uwp-final\x64\Release\ggml-uwp.tlog\ggml-uwp.lastbuildstate".
     1>Done Building Project "C:\Users\hjotha\worktrees\xllama-mtp-fast\uwp\ggml-uwp.vcxproj" (Build target(s)).

Build succeeded.

       "C:\Users\hjotha\worktrees\xllama-mtp-fast\uwp\ggml-uwp.vcxproj" (Build target) (1) ->
       (ClCompile target) -> 
         C:\Users\hjotha\worktrees\xllama-mtp-fast\llama.cpp\ggml\src\ggml-impl.h(775,108): warning C4267: 'argument': conversion from 'size_t' to 'int', possible loss of data [C:\Users\hjotha\worktrees\xllama-mtp-fast\uwp\ggml-uwp.vcxproj]
         C:\Users\hjotha\worktrees\xllama-mtp-fast\llama.cpp\ggml\src\ggml-impl.h(775,62): warning C4267: 'argument': conversion from 'size_t' to 'int', possible loss of data [C:\Users\hjotha\worktrees\xllama-mtp-fast\uwp\ggml-uwp.vcxproj]
         C:\Users\hjotha\worktrees\xllama-mtp-fast\llama.cpp\ggml\src\ggml-cpu\common.h(35,12): warning C4244: 'return': conversion from 'int32_t' to 'float', possible loss of data [C:\Users\hjotha\worktrees\xllama-mtp-fast\uwp\ggml-uwp.vcxproj]
         C:\Users\hjotha\worktrees\xllama-mtp-fast\llama.cpp\ggml\src\ggml-cpu\common.h(39,12): warning C4244: 'return': conversion from 'float' to 'int32_t', possible loss of data [C:\Users\hjotha\worktrees\xllama-mtp-fast\uwp\ggml-uwp.vcxproj]
         C:\Users\hjotha\worktrees\xllama-mtp-fast\llama.cpp\ggml\src\ggml-cpu\ops.cpp(36,40): warning C4244: 'initializing': conversion from 'int64_t' to 'int', possible loss of data [C:\Users\hjotha\worktrees\xllama-mtp-fast\uwp\ggml-uwp.vcxproj]
         C:\Users\hjotha\worktrees\xllama-mtp-fast\llama.cpp\ggml\src\ggml-cpu\ops.cpp(36,18): warning C4244: 'initializing': conversion from 'int64_t' to 'const int', possible loss of data [C:\Users\hjotha\worktrees\xllama-mtp-fast\uwp\ggml-uwp.vcxproj]
         C:\Users\hjotha\worktrees\xllama-mtp-fast\llama.cpp\ggml\src\ggml-cpu\ops.cpp(350,20): warning C4244: 'initializing': conversion from 'const int64_t' to 'int', possible loss of data [C:\Users\hjotha\worktrees\xllama-mtp-fast\uwp\ggml-uwp.vcxproj]
         C:\Users\hjotha\worktrees\xllama-mtp-fast\llama.cpp\ggml\src\ggml-cpu\ops.cpp(350,18): warning C4244: 'initializing': conversion from 'const int64_t' to 'const int', possible loss of data [C:\Users\hjotha\worktrees\xllama-mtp-fast\uwp\ggml-uwp.vcxproj]
         C:\Users\hjotha\worktrees\xllama-mtp-fast\llama.cpp\ggml\src\ggml-cpu\ops.cpp(501,34): warning C4244: 'initializing': conversion from 'int64_t' to 'int', possible loss of data [C:\Users\hjotha\worktrees\xllama-mtp-fast\uwp\ggml-uwp.vcxproj]
         C:\Users\hjotha\worktrees\xllama-mtp-fast\llama.cpp\ggml\src\ggml-cpu\ops.cpp(501,18): warning C4244: 'initializing': conversion from 'int64_t' to 'const int', possible loss of data [C:\Users\hjotha\worktrees\xllama-mtp-fast\uwp\ggml-uwp.vcxproj]
         C:\Users\hjotha\worktrees\xllama-mtp-fast\llama.cpp\ggml\src\ggml-cpu\ops.cpp(505,21): warning C4244: 'initializing': conversion from 'int64_t' to 'int', possible loss of data [C:\Users\hjotha\worktrees\xllama-mtp-fast\uwp\ggml-uwp.vcxproj]
         C:\Users\hjotha\worktrees\xllama-mtp-fast\llama.cpp\ggml\src\ggml-cpu\ops.cpp(505,19): warning C4244: 'initializing': conversion from 'int64_t' to 'const int', possible loss of data [C:\Users\hjotha\worktrees\xllama-mtp-fast\uwp\ggml-uwp.vcxproj]
         C:\Users\hjotha\worktrees\xllama-mtp-fast\llama.cpp\ggml\src\ggml-cpu\ops.cpp(509,20): warning C4267: 'initializing': conversion from 'size_t' to 'uint32_t', possible loss of data [C:\Users\hjotha\worktrees\xllama-mtp-fast\uwp\ggml-uwp.vcxproj]
         C:\Users\hjotha\worktrees\xllama-mtp-fast\llama.cpp\ggml\src\ggml-cpu\ops.cpp(590,31): warning C4244: 'initializing': conversion from 'int64_t' to 'int', possible loss of data [C:\Users\hjotha\worktrees\xllama-mtp-fast\uwp\ggml-uwp.vcxproj]
         C:\Users\hjotha\worktrees\xllama-mtp-fast\llama.cpp\ggml\src\ggml-cpu\ops.cpp(590,19): warning C4244: 'initializing': conversion from 'int64_t' to 'const int', possible loss of data [C:\Users\hjotha\worktrees\xllama-mtp-fast\uwp\ggml-uwp.vcxproj]
         C:\Users\hjotha\worktrees\xllama-mtp-fast\llama.cpp\ggml\src\ggml-cpu\ops.cpp(625,27): warning C4244: 'initializing': conversion from 'int64_t' to 'int', possible loss of data [C:\Users\hjotha\worktrees\xllama-mtp-fast\uwp\ggml-uwp.vcxproj]
         C:\Users\hjotha\worktrees\xllama-mtp-fast\llama.cpp\ggml\src\ggml-cpu\ops.cpp(625,23): warning C4244: 'initializing': conversion from 'int64_t' to 'const int', possible loss of data [C:\Users\hjotha\worktrees\xllama-mtp-fast\uwp\ggml-uwp.vcxproj]
         C:\Users\hjotha\worktrees\xllama-mtp-fast\llama.cpp\ggml\src\ggml-cpu\ops.cpp(626,45): warning C4244: 'initializing': conversion from 'int64_t' to 'int', possible loss of data [C:\Users\hjotha\worktrees\xllama-mtp-fast\uwp\ggml-uwp.vcxproj]
         C:\Users\hjotha\worktrees\xllama-mtp-fast\llama.cpp\ggml\src\ggml-cpu\ops.cpp(626,23): warning C4244: 'initializing': conversion from 'int64_t' to 'const int', possible loss of data [C:\Users\hjotha\worktrees\xllama-mtp-fast\uwp\ggml-uwp.vcxproj]
         C:\Users\hjotha\worktrees\xllama-mtp-fast\llama.cpp\ggml\src\ggml-cpu\ops.cpp(627,45): warning C4244: 'initializing': conversion from 'int64_t' to 'int', possible loss of data [C:\Users\hjotha\worktrees\xllama-mtp-fast\uwp\ggml-uwp.vcxproj]
         C:\Users\hjotha\worktrees\xllama-mtp-fast\llama.cpp\ggml\src\ggml-cpu\ops.cpp(627,23): warning C4244: 'initializing': conversion from 'int64_t' to 'const int', possible loss of data [C:\Users\hjotha\worktrees\xllama-mtp-fast\uwp\ggml-uwp.vcxproj]
         C:\Users\hjotha\worktrees\xllama-mtp-fast\llama.cpp\ggml\src\ggml-cpu\ops.cpp(647,26): warning C4244: 'argument': conversion from 'const int64_t' to 'const int', possible loss of data [C:\Users\hjotha\worktrees\xllama-mtp-fast\uwp\ggml-uwp.vcxproj]
         C:\Users\hjotha\worktrees\xllama-mtp-fast\llama.cpp\ggml\src\ggml-cpu\ops.cpp(728,31): warning C4244: 'initializing': conversion from 'int64_t' to 'int', possible loss of data [C:\Users\hjotha\worktrees\xllama-mtp-fast\uwp\ggml-uwp.vcxproj]
         C:\Users\hjotha\worktrees\xllama-mtp-fast\llama.cpp\ggml\src\ggml-cpu\ops.cpp(728,19): warning C4244: 'initializing': conversion from 'int64_t' to 'const int', possible loss of data [C:\Users\hjotha\worktrees\xllama-mtp-fast\uwp\ggml-uwp.vcxproj]
         C:\Users\hjotha\worktrees\xllama-mtp-fast\llama.cpp\ggml\src\ggml-cpu\ops.cpp(744,26): warning C4244: 'initializing': conversion from 'int64_t' to 'int', possible loss of data [C:\Users\hjotha\worktrees\xllama-mtp-fast\uwp\ggml-uwp.vcxproj]
         C:\Users\hjotha\worktrees\xllama-mtp-fast\llama.cpp\ggml\src\ggml-cpu\ops.cpp(744,22): warning C4244: 'initializing': conversion from 'int64_t' to 'const int', possible loss of data [C:\Users\hjotha\worktrees\xllama-mtp-fast\uwp\ggml-uwp.vcxproj]
         C:\Users\hjotha\worktrees\xllama-mtp-fast\llama.cpp\ggml\src\ggml-cpu\ops.cpp(745,41): warning C4244: 'initializing': conversion from 'int64_t' to 'int', possible loss of data [C:\Users\hjotha\worktrees\xllama-mtp-fast\uwp\ggml-uwp.vcxproj]
         C:\Users\hjotha\worktrees\xllama-mtp-fast\llama.cpp\ggml\src\ggml-cpu\ops.cpp(745,22): warning C4244: 'initializing': conversion from 'int64_t' to 'const int', possible loss of data [C:\Users\hjotha\worktrees\xllama-mtp-fast\uwp\ggml-uwp.vcxproj]
         C:\Users\hjotha\worktrees\xllama-mtp-fast\llama.cpp\ggml\src\ggml-cpu\ops.cpp(746,41): warning C4244: 'initializing': conversion from 'int64_t' to 'int', possible loss of data [C:\Users\hjotha\worktrees\xllama-mtp-fast\uwp\ggml-uwp.vcxproj]
         C:\Users\hjotha\worktrees\xllama-mtp-fast\llama.cpp\ggml\src\ggml-cpu\ops.cpp(746,22): warning C4244: 'initializing': conversion from 'int64_t' to 'const int', possible loss of data [C:\Users\hjotha\worktrees\xllama-mtp-fast\uwp\ggml-uwp.vcxproj]
         C:\Users\hjotha\worktrees\xllama-mtp-fast\llama.cpp\ggml\src\ggml-cpu\ops.cpp(753,26): warning C4244: 'argument': conversion from 'const int64_t' to 'const int', possible loss of data [C:\Users\hjotha\worktrees\xllama-mtp-fast\uwp\ggml-uwp.vcxproj]
         C:\Users\hjotha\worktrees\xllama-mtp-fast\llama.cpp\ggml\src\ggml-cpu\ops.cpp(793,31): warning C4244: 'initializing': conversion from 'int64_t' to 'int', possible loss of data [C:\Users\hjotha\worktrees\xllama-mtp-fast\uwp\ggml-uwp.vcxproj]
         C:\Users\hjotha\worktrees\xllama-mtp-fast\llama.cpp\ggml\src\ggml-cpu\ops.cpp(793,19): warning C4244: 'initializing': conversion from 'int64_t' to 'const int', possible loss of data [C:\Users\hjotha\worktrees\xllama-mtp-fast\uwp\ggml-uwp.vcxproj]
         C:\Users\hjotha\worktrees\xllama-mtp-fast\llama.cpp\ggml\src\ggml-cpu\ops.cpp(809,26): warning C4244: 'initializing': conversion from 'int64_t' to 'int', possible loss of data [C:\Users\hjotha\worktrees\xllama-mtp-fast\uwp\ggml-uwp.vcxproj]
         C:\Users\hjotha\worktrees\xllama-mtp-fast\llama.cpp\ggml\src\ggml-cpu\ops.cpp(809,22): warning C4244: 'initializing': conversion from 'int64_t' to 'const int', possible loss of data [C:\Users\hjotha\worktrees\xllama-mtp-fast\uwp\ggml-uwp.vcxproj]
         C:\Users\hjotha\worktrees\xllama-mtp-fast\llama.cpp\ggml\src\ggml-cpu\ops.cpp(810,41): warning C4244: 'initializing': conversion from 'int64_t' to 'int', possible loss of data [C:\Users\hjotha\worktrees\xllama-mtp-fast\uwp\ggml-uwp.vcxproj]
         C:\Users\hjotha\worktrees\xllama-mtp-fast\llama.cpp\ggml\src\ggml-cpu\ops.cpp(810,22): warning C4244: 'initializing': conversion from 'int64_t' to 'const int', possible loss of data [C:\Users\hjotha\worktrees\xllama-mtp-fast\uwp\ggml-uwp.vcxproj]
         C:\Users\hjotha\worktrees\xllama-mtp-fast\llama.cpp\ggml\src\ggml-cpu\ops.cpp(811,41): warning C4244: 'initializing': conversion from 'int64_t' to 'int', possible loss of data [C:\Users\hjotha\worktrees\xllama-mtp-fast\uwp\ggml-uwp.vcxproj]
         C:\Users\hjotha\worktrees\xllama-mtp-fast\llama.cpp\ggml\src\ggml-cpu\ops.cpp(811,22): warning C4244: 'initializing': conversion from 'int64_t' to 'const int', possible loss of data [C:\Users\hjotha\worktrees\xllama-mtp-fast\uwp\ggml-uwp.vcxproj]
         C:\Users\hjotha\worktrees\xllama-mtp-fast\llama.cpp\ggml\src\ggml-cpu\ops.cpp(822,27): warning C4244: 'argument': conversion from 'const int64_t' to 'const int', possible loss of data [C:\Users\hjotha\worktrees\xllama-mtp-fast\uwp\ggml-uwp.vcxproj]
         C:\Users\hjotha\worktrees\xllama-mtp-fast\llama.cpp\ggml\src\ggml-cpu\ops.cpp(846,31): warning C4244: 'initializing': conversion from 'int64_t' to 'int', possible loss of data [C:\Users\hjotha\worktrees\xllama-mtp-fast\uwp\ggml-uwp.vcxproj]
         C:\Users\hjotha\worktrees\xllama-mtp-fast\llama.cpp\ggml\src\ggml-cpu\ops.cpp(846,19): warning C4244: 'initializing': conversion from 'int64_t' to 'const int', possible loss of data [C:\Users\hjotha\worktrees\xllama-mtp-fast\uwp\ggml-uwp.vcxproj]
         C:\Users\hjotha\worktrees\xllama-mtp-fast\llama.cpp\ggml\src\ggml-cpu\ops.cpp(866,26): warning C4244: 'initializing': conversion from 'int64_t' to 'int', possible loss of data [C:\Users\hjotha\worktrees\xllama-mtp-fast\uwp\ggml-uwp.vcxproj]
         C:\Users\hjotha\worktrees\xllama-mtp-fast\llama.cpp\ggml\src\ggml-cpu\ops.cpp(866,22): warning C4244: 'initializing': conversion from 'int64_t' to 'const int', possible loss of data [C:\Users\hjotha\worktrees\xllama-mtp-fast\uwp\ggml-uwp.vcxproj]
         C:\Users\hjotha\worktrees\xllama-mtp-fast\llama.cpp\ggml\src\ggml-cpu\ops.cpp(867,41): warning C4244: 'initializing': conversion from 'int64_t' to 'int', possible loss of data [C:\Users\hjotha\worktrees\xllama-mtp-fast\uwp\ggml-uwp.vcxproj]
         C:\Users\hjotha\worktrees\xllama-mtp-fast\llama.cpp\ggml\src\ggml-cpu\ops.cpp(867,22): warning C4244: 'initializing': conversion from 'int64_t' to 'const int', possible loss of data [C:\Users\hjotha\worktrees\xllama-mtp-fast\uwp\ggml-uwp.vcxproj]
         C:\Users\hjotha\worktrees\xllama-mtp-fast\llama.cpp\ggml\src\ggml-cpu\ops.cpp(868,41): warning C4244: 'initializing': conversion from 'int64_t' to 'int', possible loss of data [C:\Users\hjotha\worktrees\xllama-mtp-fast\uwp\ggml-uwp.vcxproj]
         C:\Users\hjotha\worktrees\xllama-mtp-fast\llama.cpp\ggml\src\ggml-cpu\ops.cpp(868,22): warning C4244: 'initializing': conversion from 'int64_t' to 'const int', possible loss of data [C:\Users\hjotha\worktrees\xllama-mtp-fast\uwp\ggml-uwp.vcxproj]
         C:\Users\hjotha\worktrees\xllama-mtp-fast\llama.cpp\ggml\src\ggml-cpu\ops.cpp(894,31): warning C4244: 'initializing': conversion from 'int64_t' to 'int', possible loss of data [C:\Users\hjotha\worktrees\xllama-mtp-fast\uwp\ggml-uwp.vcxproj]
         C:\Users\hjotha\worktrees\xllama-mtp-fast\llama.cpp\ggml\src\ggml-cpu\ops.cpp(894,19): warning C4244: 'initializing': conversion from 'int64_t' to 'const int', possible loss of data [C:\Users\hjotha\worktrees\xllama-mtp-fast\uwp\ggml-uwp.vcxproj]
         C:\Users\hjotha\worktrees\xllama-mtp-fast\llama.cpp\ggml\src\ggml-cpu\ops.cpp(914,26): warning C4244: 'initializing': conversion from 'int64_t' to 'int', possible loss of data [C:\Users\hjotha\worktrees\xllama-mtp-fast\uwp\ggml-uwp.vcxproj]
         C:\Users\hjotha\worktrees\xllama-mtp-fast\llama.cpp\ggml\src\ggml-cpu\ops.cpp(914,22): warning C4244: 'initializing': conversion from 'int64_t' to 'const int', possible loss of data [C:\Users\hjotha\worktrees\xllama-mtp-fast\uwp\ggml-uwp.vcxproj]
         C:\Users\hjotha\worktrees\xllama-mtp-fast\llama.cpp\ggml\src\ggml-cpu\ops.cpp(915,41): warning C4244: 'initializing': conversion from 'int64_t' to 'int', possible loss of data [C:\Users\hjotha\worktrees\xllama-mtp-fast\uwp\ggml-uwp.vcxproj]
         C:\Users\hjotha\worktrees\xllama-mtp-fast\llama.cpp\ggml\src\ggml-cpu\ops.cpp(915,22): warning C4244: 'initializing': conversion from 'int64_t' to 'const int', possible loss of data [C:\Users\hjotha\worktrees\xllama-mtp-fast\uwp\ggml-uwp.vcxproj]
         C:\Users\hjotha\worktrees\xllama-mtp-fast\llama.cpp\ggml\src\ggml-cpu\ops.cpp(916,41): warning C4244: 'initializing': conversion from 'int64_t' to 'int', possible loss of data [C:\Users\hjotha\worktrees\xllama-mtp-fast\uwp\ggml-uwp.vcxproj]
         C:\Users\hjotha\worktrees\xllama-mtp-fast\llama.cpp\ggml\src\ggml-cpu\ops.cpp(916,22): warning C4244: 'initializing': conversion from 'int64_t' to 'const int', possible loss of data [C:\Users\hjotha\worktrees\xllama-mtp-fast\uwp\ggml-uwp.vcxproj]
         C:\Users\hjotha\worktrees\xllama-mtp-fast\llama.cpp\ggml\src\ggml-cpu\ops.cpp(942,31): warning C4244: 'initializing': conversion from 'int64_t' to 'int', possible loss of data [C:\Users\hjotha\worktrees\xllama-mtp-fast\uwp\ggml-uwp.vcxproj]
         C:\Users\hjotha\worktrees\xllama-mtp-fast\llama.cpp\ggml\src\ggml-cpu\ops.cpp(942,19): warning C4244: 'initializing': conversion from 'int64_t' to 'const int', possible loss of data [C:\Users\hjotha\worktrees\xllama-mtp-fast\uwp\ggml-uwp.vcxproj]
         C:\Users\hjotha\worktrees\xllama-mtp-fast\llama.cpp\ggml\src\ggml-cpu\ops.cpp(973,26): warning C4244: 'initializing': conversion from 'int64_t' to 'int', possible loss of data [C:\Users\hjotha\worktrees\xllama-mtp-fast\uwp\ggml-uwp.vcxproj]
         C:\Users\hjotha\worktrees\xllama-mtp-fast\llama.cpp\ggml\src\ggml-cpu\ops.cpp(973,22): warning C4244: 'initializing': conversion from 'int64_t' to 'const int', possible loss of data [C:\Users\hjotha\worktrees\xllama-mtp-fast\uwp\ggml-uwp.vcxproj]
         C:\Users\hjotha\worktrees\xllama-mtp-fast\llama.cpp\ggml\src\ggml-cpu\ops.cpp(974,41): warning C4244: 'initializing': conversion from 'int64_t' to 'int', possible loss of data [C:\Users\hjotha\worktrees\xllama-mtp-fast\uwp\ggml-uwp.vcxproj]
         C:\Users\hjotha\worktrees\xllama-mtp-fast\llama.cpp\ggml\src\ggml-cpu\ops.cpp(974,22): warning C4244: 'initializing': conversion from 'int64_t' to 'const int', possible loss of data [C:\Users\hjotha\worktrees\xllama-mtp-fast\uwp\ggml-uwp.vcxproj]
         C:\Users\hjotha\worktrees\xllama-mtp-fast\llama.cpp\ggml\src\ggml-cpu\ops.cpp(975,41): warning C4244: 'initializing': conversion from 'int64_t' to 'int', possible loss of data [C:\Users\hjotha\worktrees\xllama-mtp-fast\uwp\ggml-uwp.vcxproj]
         C:\Users\hjotha\worktrees\xllama-mtp-fast\llama.cpp\ggml\src\ggml-cpu\ops.cpp(975,22): warning C4244: 'initializing': conversion from 'int64_t' to 'const int', possible loss of data [C:\Users\hjotha\worktrees\xllama-mtp-fast\uwp\ggml-uwp.vcxproj]
         C:\Users\hjotha\worktrees\xllama-mtp-fast\llama.cpp\ggml\src\ggml-cpu\ops.cpp(985,27): warning C4244: 'argument': conversion from 'const int64_t' to 'const int', possible loss of data [C:\Users\hjotha\worktrees\xllama-mtp-fast\uwp\ggml-uwp.vcxproj]
         C:\Users\hjotha\worktrees\xllama-mtp-fast\llama.cpp\ggml\src\ggml-cpu\ops.cpp(1007,31): warning C4244: 'initializing': conversion from 'int64_t' to 'int', possible loss of data [C:\Users\hjotha\worktrees\xllama-mtp-fast\uwp\ggml-uwp.vcxproj]
         C:\Users\hjotha\worktrees\xllama-mtp-fast\llama.cpp\ggml\src\ggml-cpu\ops.cpp(1007,19): warning C4244: 'initializing': conversion from 'int64_t' to 'const int', possible loss of data [C:\Users\hjotha\worktrees\xllama-mtp-fast\uwp\ggml-uwp.vcxproj]
         C:\Users\hjotha\worktrees\xllama-mtp-fast\llama.cpp\ggml\src\ggml-cpu\ops.cpp(1027,26): warning C4244: 'initializing': conversion from 'int64_t' to 'int', possible loss of data [C:\Users\hjotha\worktrees\xllama-mtp-fast\uwp\ggml-uwp.vcxproj]
         C:\Users\hjotha\worktrees\xllama-mtp-fast\llama.cpp\ggml\src\ggml-cpu\ops.cpp(1027,22): warning C4244: 'initializing': conversion from 'int64_t' to 'const int', possible loss of data [C:\Users\hjotha\worktrees\xllama-mtp-fast\uwp\ggml-uwp.vcxproj]
         C:\Users\hjotha\worktrees\xllama-mtp-fast\llama.cpp\ggml\src\ggml-cpu\ops.cpp(1028,41): warning C4244: 'initializing': conversion from 'int64_t' to 'int', possible loss of data [C:\Users\hjotha\worktrees\xllama-mtp-fast\uwp\ggml-uwp.vcxproj]
         C:\Users\hjotha\worktrees\xllama-mtp-fast\llama.cpp\ggml\src\ggml-cpu\ops.cpp(1028,22): warning C4244: 'initializing': conversion from 'int64_t' to 'const int', possible loss of data [C:\Users\hjotha\worktrees\xllama-mtp-fast\uwp\ggml-uwp.vcxproj]
         C:\Users\hjotha\worktrees\xllama-mtp-fast\llama.cpp\ggml\src\ggml-cpu\ops.cpp(1029,41): warning C4244: 'initializing': conversion from 'int64_t' to 'int', possible loss of data [C:\Users\hjotha\worktrees\xllama-mtp-fast\uwp\ggml-uwp.vcxproj]
         C:\Users\hjotha\worktrees\xllama-mtp-fast\llama.cpp\ggml\src\ggml-cpu\ops.cpp(1029,22): warning C4244: 'initializing': conversion from 'int64_t' to 'const int', possible loss of data [C:\Users\hjotha\worktrees\xllama-mtp-fast\uwp\ggml-uwp.vcxproj]
         C:\Users\hjotha\worktrees\xllama-mtp-fast\llama.cpp\ggml\src\ggml-cpu\ops.cpp(1055,31): warning C4244: 'initializing': conversion from 'int64_t' to 'int', possible loss of data [C:\Users\hjotha\worktrees\xllama-mtp-fast\uwp\ggml-uwp.vcxproj]
         C:\Users\hjotha\worktrees\xllama-mtp-fast\llama.cpp\ggml\src\ggml-cpu\ops.cpp(1055,19): warning C4244: 'initializing': conversion from 'int64_t' to 'const int', possible loss of data [C:\Users\hjotha\worktrees\xllama-mtp-fast\uwp\ggml-uwp.vcxproj]
         C:\Users\hjotha\worktrees\xllama-mtp-fast\llama.cpp\ggml\src\ggml-cpu\ops.cpp(1075,26): warning C4244: 'initializing': conversion from 'int64_t' to 'int', possible loss of data [C:\Users\hjotha\worktrees\xllama-mtp-fast\uwp\ggml-uwp.vcxproj]
         C:\Users\hjotha\worktrees\xllama-mtp-fast\llama.cpp\ggml\src\ggml-cpu\ops.cpp(1075,22): warning C4244: 'initializing': conversion from 'int64_t' to 'const int', possible loss of data [C:\Users\hjotha\worktrees\xllama-mtp-fast\uwp\ggml-uwp.vcxproj]
         C:\Users\hjotha\worktrees\xllama-mtp-fast\llama.cpp\ggml\src\ggml-cpu\ops.cpp(1076,41): warning C4244: 'initializing': conversion from 'int64_t' to 'int', possible loss of data [C:\Users\hjotha\worktrees\xllama-mtp-fast\uwp\ggml-uwp.vcxproj]
         C:\Users\hjotha\worktrees\xllama-mtp-fast\llama.cpp\ggml\src\ggml-cpu\ops.cpp(1076,22): warning C4244: 'initializing': conversion from 'int64_t' to 'const int', possible loss of data [C:\Users\hjotha\worktrees\xllama-mtp-fast\uwp\ggml-uwp.vcxproj]
         C:\Users\hjotha\worktrees\xllama-mtp-fast\llama.cpp\ggml\src\ggml-cpu\ops.cpp(1077,41): warning C4244: 'initializing': conversion from 'int64_t' to 'int', possible loss of data [C:\Users\hjotha\worktrees\xllama-mtp-fast\uwp\ggml-uwp.vcxproj]
         C:\Users\hjotha\worktrees\xllama-mtp-fast\llama.cpp\ggml\src\ggml-cpu\ops.cpp(1077,22): warning C4244: 'initializing': conversion from 'int64_t' to 'const int', possible loss of data [C:\Users\hjotha\worktrees\xllama-mtp-fast\uwp\ggml-uwp.vcxproj]
         C:\Users\hjotha\worktrees\xllama-mtp-fast\llama.cpp\ggml\src\ggml-cpu\ops.cpp(1196,30): warning C4244: 'initializing': conversion from 'int64_t' to 'int', possible loss of data [C:\Users\hjotha\worktrees\xllama-mtp-fast\uwp\ggml-uwp.vcxproj]
         C:\Users\hjotha\worktrees\xllama-mtp-fast\llama.cpp\ggml\src\ggml-cpu\ops.cpp(1196,18): warning C4244: 'initializing': conversion from 'int64_t' to 'const int', possible loss of data [C:\Users\hjotha\worktrees\xllama-mtp-fast\uwp\ggml-uwp.vcxproj]
         C:\Users\hjotha\worktrees\xllama-mtp-fast\llama.cpp\ggml\src\ggml-cpu\ops.cpp(1197,30): warning C4244: 'initializing': conversion from 'const int64_t' to 'int', possible loss of data [C:\Users\hjotha\worktrees\xllama-mtp-fast\uwp\ggml-uwp.vcxproj]
         C:\Users\hjotha\worktrees\xllama-mtp-fast\llama.cpp\ggml\src\ggml-cpu\ops.cpp(1197,18): warning C4244: 'initializing': conversion from 'const int64_t' to 'const int', possible loss of data [C:\Users\hjotha\worktrees\xllama-mtp-fast\uwp\ggml-uwp.vcxproj]
         C:\Users\hjotha\worktrees\xllama-mtp-fast\llama.cpp\ggml\src\ggml-cpu\ops.cpp(1225,26): warning C4244: 'initializing': conversion from 'int64_t' to 'int', possible loss of data [C:\Users\hjotha\worktrees\xllama-mtp-fast\uwp\ggml-uwp.vcxproj]
         C:\Users\hjotha\worktrees\xllama-mtp-fast\llama.cpp\ggml\src\ggml-cpu\ops.cpp(1225,22): warning C4244: 'initializing': conversion from 'int64_t' to 'const int', possible loss of data [C:\Users\hjotha\worktrees\xllama-mtp-fast\uwp\ggml-uwp.vcxproj]
         C:\Users\hjotha\worktrees\xllama-mtp-fast\llama.cpp\ggml\src\ggml-cpu\ops.cpp(1226,43): warning C4244: 'initializing': conversion from 'int64_t' to 'int', possible loss of data [C:\Users\hjotha\worktrees\xllama-mtp-fast\uwp\ggml-uwp.vcxproj]
         C:\Users\hjotha\worktrees\xllama-mtp-fast\llama.cpp\ggml\src\ggml-cpu\ops.cpp(1226,22): warning C4244: 'initializing': conversion from 'int64_t' to 'const int', possible loss of data [C:\Users\hjotha\worktrees\xllama-mtp-fast\uwp\ggml-uwp.vcxproj]
         C:\Users\hjotha\worktrees\xllama-mtp-fast\llama.cpp\ggml\src\ggml-cpu\ops.cpp(1227,43): warning C4244: 'initializing': conversion from 'int64_t' to 'int', possible loss of data [C:\Users\hjotha\worktrees\xllama-mtp-fast\uwp\ggml-uwp.vcxproj]
         C:\Users\hjotha\worktrees\xllama-mtp-fast\llama.cpp\ggml\src\ggml-cpu\ops.cpp(1227,22): warning C4244: 'initializing': conversion from 'int64_t' to 'const int', possible loss of data [C:\Users\hjotha\worktrees\xllama-mtp-fast\uwp\ggml-uwp.vcxproj]
         C:\Users\hjotha\worktrees\xllama-mtp-fast\llama.cpp\ggml\src\ggml-cpu\ops.cpp(1315,38): warning C4244: 'argument': conversion from 'const int64_t' to 'const int', possible loss of data [C:\Users\hjotha\worktrees\xllama-mtp-fast\uwp\ggml-uwp.vcxproj]
         C:\Users\hjotha\worktrees\xllama-mtp-fast\llama.cpp\ggml\src\ggml-cpu\ops.cpp(1322,32): warning C4244: '=': conversion from 'ggml_float' to 'float', possible loss of data [C:\Users\hjotha\worktrees\xllama-mtp-fast\uwp\ggml-uwp.vcxproj]
         C:\Users\hjotha\worktrees\xllama-mtp-fast\llama.cpp\ggml\src\ggml-cpu\ops.cpp(1348,38): warning C4244: 'argument': conversion from 'const int64_t' to 'const int', possible loss of data [C:\Users\hjotha\worktrees\xllama-mtp-fast\uwp\ggml-uwp.vcxproj]
         C:\Users\hjotha\worktrees\xllama-mtp-fast\llama.cpp\ggml\src\ggml-cpu\ops.cpp(1381,39): warning C4244: 'argument': conversion from 'const int64_t' to 'const int', possible loss of data [C:\Users\hjotha\worktrees\xllama-mtp-fast\uwp\ggml-uwp.vcxproj]
         C:\Users\hjotha\worktrees\xllama-mtp-fast\llama.cpp\ggml\src\ggml-cpu\ops.cpp(1445,29): warning C4244: 'argument': conversion from 'const int64_t' to 'const int', possible loss of data [C:\Users\hjotha\worktrees\xllama-mtp-fast\uwp\ggml-uwp.vcxproj]
         C:\Users\hjotha\worktrees\xllama-mtp-fast\llama.cpp\ggml\src\ggml-cpu\ops.cpp(1495,34): warning C4244: 'argument': conversion from 'const int64_t' to 'const int', possible loss of data [C:\Users\hjotha\worktrees\xllama-mtp-fast\uwp\ggml-uwp.vcxproj]
         C:\Users\hjotha\worktrees\xllama-mtp-fast\llama.cpp\ggml\src\ggml-cpu\ops.cpp(1549,34): warning C4244: 'argument': conversion from 'const int64_t' to 'const int', possible loss of data [C:\Users\hjotha\worktrees\xllama-mtp-fast\uwp\ggml-uwp.vcxproj]
         C:\Users\hjotha\worktrees\xllama-mtp-fast\llama.cpp\ggml\src\ggml-cpu\ops.cpp(1602,29): warning C4244: 'argument': conversion from 'const int64_t' to 'const int', possible loss of data [C:\Users\hjotha\worktrees\xllama-mtp-fast\uwp\ggml-uwp.vcxproj]
         C:\Users\hjotha\worktrees\xllama-mtp-fast\llama.cpp\ggml\src\ggml-cpu\ops.cpp(1739,50): warning C4244: 'argument': conversion from 'const int64_t' to 'const int', possible loss of data [C:\Users\hjotha\worktrees\xllama-mtp-fast\uwp\ggml-uwp.vcxproj]
         C:\Users\hjotha\worktrees\xllama-mtp-fast\llama.cpp\ggml\src\ggml-cpu\ops.cpp(1856,37): warning C4244: 'argument': conversion from 'int64_t' to 'const int', possible loss of data [C:\Users\hjotha\worktrees\xllama-mtp-fast\uwp\ggml-uwp.vcxproj]
         C:\Users\hjotha\worktrees\xllama-mtp-fast\llama.cpp\ggml\src\ggml-cpu\ops.cpp(1861,38): warning C4244: 'argument': conversion from 'const int64_t' to 'const int', possible loss of data [C:\Users\hjotha\worktrees\xllama-mtp-fast\uwp\ggml-uwp.vcxproj]
         C:\Users\hjotha\worktrees\xllama-mtp-fast\llama.cpp\ggml\src\ggml-cpu\ops.cpp(1877,50): warning C4244: 'argument': conversion from 'const int64_t' to 'const int', possible loss of data [C:\Users\hjotha\worktrees\xllama-mtp-fast\uwp\ggml-uwp.vcxproj]
         C:\Users\hjotha\worktrees\xllama-mtp-fast\llama.cpp\ggml\src\ggml-cpu\ops.cpp(2137,30): warning C4244: 'initializing': conversion from 'const int64_t' to 'int', possible loss of data [C:\Users\hjotha\worktrees\xllama-mtp-fast\uwp\ggml-uwp.vcxproj]
         C:\Users\hjotha\worktrees\xllama-mtp-fast\llama.cpp\ggml\src\ggml-cpu\ops.cpp(2137,18): warning C4244: 'initializing': conversion from 'const int64_t' to 'const int', possible loss of data [C:\Users\hjotha\worktrees\xllama-mtp-fast\uwp\ggml-uwp.vcxproj]
         C:\Users\hjotha\worktrees\xllama-mtp-fast\llama.cpp\ggml\src\ggml-cpu\ops.cpp(2138,30): warning C4244: 'initializing': conversion from 'int64_t' to 'int', possible loss of data [C:\Users\hjotha\worktrees\xllama-mtp-fast\uwp\ggml-uwp.vcxproj]
         C:\Users\hjotha\worktrees\xllama-mtp-fast\llama.cpp\ggml\src\ggml-cpu\ops.cpp(2138,18): warning C4244: 'initializing': conversion from 'int64_t' to 'const int', possible loss of data [C:\Users\hjotha\worktrees\xllama-mtp-fast\uwp\ggml-uwp.vcxproj]
         C:\Users\hjotha\worktrees\xllama-mtp-fast\llama.cpp\ggml\src\ggml-cpu\ops.cpp(2148,26): warning C4244: 'initializing': conversion from 'int64_t' to 'int', possible loss of data [C:\Users\hjotha\worktrees\xllama-mtp-fast\uwp\ggml-uwp.vcxproj]
         C:\Users\hjotha\worktrees\xllama-mtp-fast\llama.cpp\ggml\src\ggml-cpu\ops.cpp(2148,22): warning C4244: 'initializing': conversion from 'int64_t' to 'const int', possible loss of data [C:\Users\hjotha\worktrees\xllama-mtp-fast\uwp\ggml-uwp.vcxproj]
         C:\Users\hjotha\worktrees\xllama-mtp-fast\llama.cpp\ggml\src\ggml-cpu\ops.cpp(2149,43): warning C4244: 'initializing': conversion from 'int64_t' to 'int', possible loss of data [C:\Users\hjotha\worktrees\xllama-mtp-fast\uwp\ggml-uwp.vcxproj]
         C:\Users\hjotha\worktrees\xllama-mtp-fast\llama.cpp\ggml\src\ggml-cpu\ops.cpp(2149,22): warning C4244: 'initializing': conversion from 'int64_t' to 'const int', possible loss of data [C:\Users\hjotha\worktrees\xllama-mtp-fast\uwp\ggml-uwp.vcxproj]
         C:\Users\hjotha\worktrees\xllama-mtp-fast\llama.cpp\ggml\src\ggml-cpu\ops.cpp(2150,43): warning C4244: 'initializing': conversion from 'int64_t' to 'int', possible loss of data [C:\Users\hjotha\worktrees\xllama-mtp-fast\uwp\ggml-uwp.vcxproj]
         C:\Users\hjotha\worktrees\xllama-mtp-fast\llama.cpp\ggml\src\ggml-cpu\ops.cpp(2150,22): warning C4244: 'initializing': conversion from 'int64_t' to 'const int', possible loss of data [C:\Users\hjotha\worktrees\xllama-mtp-fast\uwp\ggml-uwp.vcxproj]
         C:\Users\hjotha\worktrees\xllama-mtp-fast\llama.cpp\ggml\src\ggml-cpu\ops.cpp(2184,30): warning C4244: 'initializing': conversion from 'const int64_t' to 'int', possible loss of data [C:\Users\hjotha\worktrees\xllama-mtp-fast\uwp\ggml-uwp.vcxproj]
         C:\Users\hjotha\worktrees\xllama-mtp-fast\llama.cpp\ggml\src\ggml-cpu\ops.cpp(2184,18): warning C4244: 'initializing': conversion from 'const int64_t' to 'const int', possible loss of data [C:\Users\hjotha\worktrees\xllama-mtp-fast\uwp\ggml-uwp.vcxproj]
         C:\Users\hjotha\worktrees\xllama-mtp-fast\llama.cpp\ggml\src\ggml-cpu\ops.cpp(2185,30): warning C4244: 'initializing': conversion from 'int64_t' to 'int', possible loss of data [C:\Users\hjotha\worktrees\xllama-mtp-fast\uwp\ggml-uwp.vcxproj]
         C:\Users\hjotha\worktrees\xllama-mtp-fast\llama.cpp\ggml\src\ggml-cpu\ops.cpp(2185,18): warning C4244: 'initializing': conversion from 'int64_t' to 'const int', possible loss of data [C:\Users\hjotha\worktrees\xllama-mtp-fast\uwp\ggml-uwp.vcxproj]
         C:\Users\hjotha\worktrees\xllama-mtp-fast\llama.cpp\ggml\src\ggml-cpu\ops.cpp(2195,26): warning C4244: 'initializing': conversion from 'int64_t' to 'int', possible loss of data [C:\Users\hjotha\worktrees\xllama-mtp-fast\uwp\ggml-uwp.vcxproj]
         C:\Users\hjotha\worktrees\xllama-mtp-fast\llama.cpp\ggml\src\ggml-cpu\ops.cpp(2195,22): warning C4244: 'initializing': conversion from 'int64_t' to 'const int', possible loss of data [C:\Users\hjotha\worktrees\xllama-mtp-fast\uwp\ggml-uwp.vcxproj]
         C:\Users\hjotha\worktrees\xllama-mtp-fast\llama.cpp\ggml\src\ggml-cpu\ops.cpp(2196,43): warning C4244: 'initializing': conversion from 'int64_t' to 'int', possible loss of data [C:\Users\hjotha\worktrees\xllama-mtp-fast\uwp\ggml-uwp.vcxproj]
         C:\Users\hjotha\worktrees\xllama-mtp-fast\llama.cpp\ggml\src\ggml-cpu\ops.cpp(2196,22): warning C4244: 'initializing': conversion from 'int64_t' to 'const int', possible loss of data [C:\Users\hjotha\worktrees\xllama-mtp-fast\uwp\ggml-uwp.vcxproj]
         C:\Users\hjotha\worktrees\xllama-mtp-fast\llama.cpp\ggml\src\ggml-cpu\ops.cpp(2197,43): warning C4244: 'initializing': conversion from 'int64_t' to 'int', possible loss of data [C:\Users\hjotha\worktrees\xllama-mtp-fast\uwp\ggml-uwp.vcxproj]
         C:\Users\hjotha\worktrees\xllama-mtp-fast\llama.cpp\ggml\src\ggml-cpu\ops.cpp(2197,22): warning C4244: 'initializing': conversion from 'int64_t' to 'const int', possible loss of data [C:\Users\hjotha\worktrees\xllama-mtp-fast\uwp\ggml-uwp.vcxproj]
         C:\Users\hjotha\worktrees\xllama-mtp-fast\llama.cpp\ggml\src\ggml-cpu\ops.cpp(2254,26): warning C4244: 'argument': conversion from 'const int64_t' to 'const int', possible loss of data [C:\Users\hjotha\worktrees\xllama-mtp-fast\uwp\ggml-uwp.vcxproj]
         C:\Users\hjotha\worktrees\xllama-mtp-fast\llama.cpp\ggml\src\ggml-cpu\ops.cpp(2273,26): warning C4244: 'argument': conversion from 'const int64_t' to 'const int', possible loss of data [C:\Users\hjotha\worktrees\xllama-mtp-fast\uwp\ggml-uwp.vcxproj]
         C:\Users\hjotha\worktrees\xllama-mtp-fast\llama.cpp\ggml\src\ggml-cpu\ops.cpp(2328,38): warning C4244: 'argument': conversion from 'const int64_t' to 'int', possible loss of data [C:\Users\hjotha\worktrees\xllama-mtp-fast\uwp\ggml-uwp.vcxproj]
         C:\Users\hjotha\worktrees\xllama-mtp-fast\llama.cpp\ggml\src\ggml-cpu\ops.cpp(2367,30): warning C4244: 'initializing': conversion from 'const int64_t' to 'int', possible loss of data [C:\Users\hjotha\worktrees\xllama-mtp-fast\uwp\ggml-uwp.vcxproj]
         C:\Users\hjotha\worktrees\xllama-mtp-fast\llama.cpp\ggml\src\ggml-cpu\ops.cpp(2367,18): warning C4244: 'initializing': conversion from 'const int64_t' to 'const int', possible loss of data [C:\Users\hjotha\worktrees\xllama-mtp-fast\uwp\ggml-uwp.vcxproj]
         C:\Users\hjotha\worktrees\xllama-mtp-fast\llama.cpp\ggml\src\ggml-cpu\ops.cpp(2368,30): warning C4244: 'initializing': conversion from 'int64_t' to 'int', possible loss of data [C:\Users\hjotha\worktrees\xllama-mtp-fast\uwp\ggml-uwp.vcxproj]
         C:\Users\hjotha\worktrees\xllama-mtp-fast\llama.cpp\ggml\src\ggml-cpu\ops.cpp(2368,18): warning C4244: 'initializing': conversion from 'int64_t' to 'const int', possible loss of data [C:\Users\hjotha\worktrees\xllama-mtp-fast\uwp\ggml-uwp.vcxproj]
         C:\Users\hjotha\worktrees\xllama-mtp-fast\llama.cpp\ggml\src\ggml-cpu\ops.cpp(2378,26): warning C4244: 'initializing': conversion from 'int64_t' to 'int', possible loss of data [C:\Users\hjotha\worktrees\xllama-mtp-fast\uwp\ggml-uwp.vcxproj]
         C:\Users\hjotha\worktrees\xllama-mtp-fast\llama.cpp\ggml\src\ggml-cpu\ops.cpp(2378,22): warning C4244: 'initializing': conversion from 'int64_t' to 'const int', possible loss of data [C:\Users\hjotha\worktrees\xllama-mtp-fast\uwp\ggml-uwp.vcxproj]
         C:\Users\hjotha\worktrees\xllama-mtp-fast\llama.cpp\ggml\src\ggml-cpu\ops.cpp(2379,43): warning C4244: 'initializing': conversion from 'int64_t' to 'int', possible loss of data [C:\Users\hjotha\worktrees\xllama-mtp-fast\uwp\ggml-uwp.vcxproj]
         C:\Users\hjotha\worktrees\xllama-mtp-fast\llama.cpp\ggml\src\ggml-cpu\ops.cpp(2379,22): warning C4244: 'initializing': conversion from 'int64_t' to 'const int', possible loss of data [C:\Users\hjotha\worktrees\xllama-mtp-fast\uwp\ggml-uwp.vcxproj]
         C:\Users\hjotha\worktrees\xllama-mtp-fast\llama.cpp\ggml\src\ggml-cpu\ops.cpp(2380,43): warning C4244: 'initializing': conversion from 'int64_t' to 'int', possible loss of data [C:\Users\hjotha\worktrees\xllama-mtp-fast\uwp\ggml-uwp.vcxproj]
         C:\Users\hjotha\worktrees\xllama-mtp-fast\llama.cpp\ggml\src\ggml-cpu\ops.cpp(2380,22): warning C4244: 'initializing': conversion from 'int64_t' to 'const int', possible loss of data [C:\Users\hjotha\worktrees\xllama-mtp-fast\uwp\ggml-uwp.vcxproj]
         C:\Users\hjotha\worktrees\xllama-mtp-fast\llama.cpp\ggml\src\ggml-cpu\ops.cpp(2414,30): warning C4244: 'initializing': conversion from 'const int64_t' to 'int', possible loss of data [C:\Users\hjotha\worktrees\xllama-mtp-fast\uwp\ggml-uwp.vcxproj]
         C:\Users\hjotha\worktrees\xllama-mtp-fast\llama.cpp\ggml\src\ggml-cpu\ops.cpp(2414,18): warning C4244: 'initializing': conversion from 'const int64_t' to 'const int', possible loss of data [C:\Users\hjotha\worktrees\xllama-mtp-fast\uwp\ggml-uwp.vcxproj]
         C:\Users\hjotha\worktrees\xllama-mtp-fast\llama.cpp\ggml\src\ggml-cpu\ops.cpp(2415,30): warning C4244: 'initializing': conversion from 'int64_t' to 'int', possible loss of data [C:\Users\hjotha\worktrees\xllama-mtp-fast\uwp\ggml-uwp.vcxproj]
         C:\Users\hjotha\worktrees\xllama-mtp-fast\llama.cpp\ggml\src\ggml-cpu\ops.cpp(2415,18): warning C4244: 'initializing': conversion from 'int64_t' to 'const int', possible loss of data [C:\Users\hjotha\worktrees\xllama-mtp-fast\uwp\ggml-uwp.vcxproj]
         C:\Users\hjotha\worktrees\xllama-mtp-fast\llama.cpp\ggml\src\ggml-cpu\ops.cpp(2425,26): warning C4244: 'initializing': conversion from 'int64_t' to 'int', possible loss of data [C:\Users\hjotha\worktrees\xllama-mtp-fast\uwp\ggml-uwp.vcxproj]
         C:\Users\hjotha\worktrees\xllama-mtp-fast\llama.cpp\ggml\src\ggml-cpu\ops.cpp(2425,22): warning C4244: 'initializing': conversion from 'int64_t' to 'const int', possible loss of data [C:\Users\hjotha\worktrees\xllama-mtp-fast\uwp\ggml-uwp.vcxproj]
         C:\Users\hjotha\worktrees\xllama-mtp-fast\llama.cpp\ggml\src\ggml-cpu\ops.cpp(2426,43): warning C4244: 'initializing': conversion from 'int64_t' to 'int', possible loss of data [C:\Users\hjotha\worktrees\xllama-mtp-fast\uwp\ggml-uwp.vcxproj]
         C:\Users\hjotha\worktrees\xllama-mtp-fast\llama.cpp\ggml\src\ggml-cpu\ops.cpp(2426,22): warning C4244: 'initializing': conversion from 'int64_t' to 'const int', possible loss of data [C:\Users\hjotha\worktrees\xllama-mtp-fast\uwp\ggml-uwp.vcxproj]
         C:\Users\hjotha\worktrees\xllama-mtp-fast\llama.cpp\ggml\src\ggml-cpu\ops.cpp(2427,43): warning C4244: 'initializing': conversion from 'int64_t' to 'int', possible loss of data [C:\Users\hjotha\worktrees\xllama-mtp-fast\uwp\ggml-uwp.vcxproj]
         C:\Users\hjotha\worktrees\xllama-mtp-fast\llama.cpp\ggml\src\ggml-cpu\ops.cpp(2427,22): warning C4244: 'initializing': conversion from 'int64_t' to 'const int', possible loss of data [C:\Users\hjotha\worktrees\xllama-mtp-fast\uwp\ggml-uwp.vcxproj]
         C:\Users\hjotha\worktrees\xllama-mtp-fast\llama.cpp\ggml\src\ggml-cpu\ops.cpp(2486,30): warning C4244: 'initializing': conversion from 'const int64_t' to 'int', possible loss of data [C:\Users\hjotha\worktrees\xllama-mtp-fast\uwp\ggml-uwp.vcxproj]
         C:\Users\hjotha\worktrees\xllama-mtp-fast\llama.cpp\ggml\src\ggml-cpu\ops.cpp(2486,18): warning C4244: 'initializing': conversion from 'const int64_t' to 'const int', possible loss of data [C:\Users\hjotha\worktrees\xllama-mtp-fast\uwp\ggml-uwp.vcxproj]
         C:\Users\hjotha\worktrees\xllama-mtp-fast\llama.cpp\ggml\src\ggml-cpu\ops.cpp(2487,30): warning C4244: 'initializing': conversion from 'int64_t' to 'int', possible loss of data [C:\Users\hjotha\worktrees\xllama-mtp-fast\uwp\ggml-uwp.vcxproj]
         C:\Users\hjotha\worktrees\xllama-mtp-fast\llama.cpp\ggml\src\ggml-cpu\ops.cpp(2487,18): warning C4244: 'initializing': conversion from 'int64_t' to 'const int', possible loss of data [C:\Users\hjotha\worktrees\xllama-mtp-fast\uwp\ggml-uwp.vcxproj]
         C:\Users\hjotha\worktrees\xllama-mtp-fast\llama.cpp\ggml\src\ggml-cpu\ops.cpp(2497,26): warning C4244: 'initializing': conversion from 'int64_t' to 'int', possible loss of data [C:\Users\hjotha\worktrees\xllama-mtp-fast\uwp\ggml-uwp.vcxproj]
         C:\Users\hjotha\worktrees\xllama-mtp-fast\llama.cpp\ggml\src\ggml-cpu\ops.cpp(2497,22): warning C4244: 'initializing': conversion from 'int64_t' to 'const int', possible loss of data [C:\Users\hjotha\worktrees\xllama-mtp-fast\uwp\ggml-uwp.vcxproj]
         C:\Users\hjotha\worktrees\xllama-mtp-fast\llama.cpp\ggml\src\ggml-cpu\ops.cpp(2498,43): warning C4244: 'initializing': conversion from 'int64_t' to 'int', possible loss of data [C:\Users\hjotha\worktrees\xllama-mtp-fast\uwp\ggml-uwp.vcxproj]
         C:\Users\hjotha\worktrees\xllama-mtp-fast\llama.cpp\ggml\src\ggml-cpu\ops.cpp(2498,22): warning C4244: 'initializing': conversion from 'int64_t' to 'const int', possible loss of data [C:\Users\hjotha\worktrees\xllama-mtp-fast\uwp\ggml-uwp.vcxproj]
         C:\Users\hjotha\worktrees\xllama-mtp-fast\llama.cpp\ggml\src\ggml-cpu\ops.cpp(2499,43): warning C4244: 'initializing': conversion from 'int64_t' to 'int', possible loss of data [C:\Users\hjotha\worktrees\xllama-mtp-fast\uwp\ggml-uwp.vcxproj]
         C:\Users\hjotha\worktrees\xllama-mtp-fast\llama.cpp\ggml\src\ggml-cpu\ops.cpp(2499,22): warning C4244: 'initializing': conversion from 'int64_t' to 'const int', possible loss of data [C:\Users\hjotha\worktrees\xllama-mtp-fast\uwp\ggml-uwp.vcxproj]
         C:\Users\hjotha\worktrees\xllama-mtp-fast\llama.cpp\ggml\src\ggml-cpu\ops.cpp(2533,30): warning C4244: 'initializing': conversion from 'const int64_t' to 'int', possible loss of data [C:\Users\hjotha\worktrees\xllama-mtp-fast\uwp\ggml-uwp.vcxproj]
         C:\Users\hjotha\worktrees\xllama-mtp-fast\llama.cpp\ggml\src\ggml-cpu\ops.cpp(2533,18): warning C4244: 'initializing': conversion from 'const int64_t' to 'const int', possible loss of data [C:\Users\hjotha\worktrees\xllama-mtp-fast\uwp\ggml-uwp.vcxproj]
         C:\Users\hjotha\worktrees\xllama-mtp-fast\llama.cpp\ggml\src\ggml-cpu\ops.cpp(2534,30): warning C4244: 'initializing': conversion from 'int64_t' to 'int', possible loss of data [C:\Users\hjotha\worktrees\xllama-mtp-fast\uwp\ggml-uwp.vcxproj]
         C:\Users\hjotha\worktrees\xllama-mtp-fast\llama.cpp\ggml\src\ggml-cpu\ops.cpp(2534,18): warning C4244: 'initializing': conversion from 'int64_t' to 'const int', possible loss of data [C:\Users\hjotha\worktrees\xllama-mtp-fast\uwp\ggml-uwp.vcxproj]
         C:\Users\hjotha\worktrees\xllama-mtp-fast\llama.cpp\ggml\src\ggml-cpu\ops.cpp(2544,26): warning C4244: 'initializing': conversion from 'int64_t' to 'int', possible loss of data [C:\Users\hjotha\worktrees\xllama-mtp-fast\uwp\ggml-uwp.vcxproj]
         C:\Users\hjotha\worktrees\xllama-mtp-fast\llama.cpp\ggml\src\ggml-cpu\ops.cpp(2544,22): warning C4244: 'initializing': conversion from 'int64_t' to 'const int', possible loss of data [C:\Users\hjotha\worktrees\xllama-mtp-fast\uwp\ggml-uwp.vcxproj]
         C:\Users\hjotha\worktrees\xllama-mtp-fast\llama.cpp\ggml\src\ggml-cpu\ops.cpp(2545,43): warning C4244: 'initializing': conversion from 'int64_t' to 'int', possible loss of data [C:\Users\hjotha\worktrees\xllama-mtp-fast\uwp\ggml-uwp.vcxproj]
         C:\Users\hjotha\worktrees\xllama-mtp-fast\llama.cpp\ggml\src\ggml-cpu\ops.cpp(2545,22): warning C4244: 'initializing': conversion from 'int64_t' to 'const int', possible loss of data [C:\Users\hjotha\worktrees\xllama-mtp-fast\uwp\ggml-uwp.vcxproj]
         C:\Users\hjotha\worktrees\xllama-mtp-fast\llama.cpp\ggml\src\ggml-cpu\ops.cpp(2546,43): warning C4244: 'initializing': conversion from 'int64_t' to 'int', possible loss of data [C:\Users\hjotha\worktrees\xllama-mtp-fast\uwp\ggml-uwp.vcxproj]
         C:\Users\hjotha\worktrees\xllama-mtp-fast\llama.cpp\ggml\src\ggml-cpu\ops.cpp(2546,22): warning C4244: 'initializing': conversion from 'int64_t' to 'const int', possible loss of data [C:\Users\hjotha\worktrees\xllama-mtp-fast\uwp\ggml-uwp.vcxproj]
         C:\Users\hjotha\worktrees\xllama-mtp-fast\llama.cpp\ggml\src\ggml-cpu\ops.cpp(2605,30): warning C4244: 'initializing': conversion from 'const int64_t' to 'int', possible loss of data [C:\Users\hjotha\worktrees\xllama-mtp-fast\uwp\ggml-uwp.vcxproj]
         C:\Users\hjotha\worktrees\xllama-mtp-fast\llama.cpp\ggml\src\ggml-cpu\ops.cpp(2605,18): warning C4244: 'initializing': conversion from 'const int64_t' to 'const int', possible loss of data [C:\Users\hjotha\worktrees\xllama-mtp-fast\uwp\ggml-uwp.vcxproj]
         C:\Users\hjotha\worktrees\xllama-mtp-fast\llama.cpp\ggml\src\ggml-cpu\ops.cpp(2606,30): warning C4244: 'initializing': conversion from 'int64_t' to 'int', possible loss of data [C:\Users\hjotha\worktrees\xllama-mtp-fast\uwp\ggml-uwp.vcxproj]
         C:\Users\hjotha\worktrees\xllama-mtp-fast\llama.cpp\ggml\src\ggml-cpu\ops.cpp(2606,18): warning C4244: 'initializing': conversion from 'int64_t' to 'const int', possible loss of data [C:\Users\hjotha\worktrees\xllama-mtp-fast\uwp\ggml-uwp.vcxproj]
         C:\Users\hjotha\worktrees\xllama-mtp-fast\llama.cpp\ggml\src\ggml-cpu\ops.cpp(2616,26): warning C4244: 'initializing': conversion from 'int64_t' to 'int', possible loss of data [C:\Users\hjotha\worktrees\xllama-mtp-fast\uwp\ggml-uwp.vcxproj]
         C:\Users\hjotha\worktrees\xllama-mtp-fast\llama.cpp\ggml\src\ggml-cpu\ops.cpp(2616,22): warning C4244: 'initializing': conversion from 'int64_t' to 'const int', possible loss of data [C:\Users\hjotha\worktrees\xllama-mtp-fast\uwp\ggml-uwp.vcxproj]
         C:\Users\hjotha\worktrees\xllama-mtp-fast\llama.cpp\ggml\src\ggml-cpu\ops.cpp(2617,43): warning C4244: 'initializing': conversion from 'int64_t' to 'int', possible loss of data [C:\Users\hjotha\worktrees\xllama-mtp-fast\uwp\ggml-uwp.vcxproj]
         C:\Users\hjotha\worktrees\xllama-mtp-fast\llama.cpp\ggml\src\ggml-cpu\ops.cpp(2617,22): warning C4244: 'initializing': conversion from 'int64_t' to 'const int', possible loss of data [C:\Users\hjotha\worktrees\xllama-mtp-fast\uwp\ggml-uwp.vcxproj]
         C:\Users\hjotha\worktrees\xllama-mtp-fast\llama.cpp\ggml\src\ggml-cpu\ops.cpp(2618,43): warning C4244: 'initializing': conversion from 'int64_t' to 'int', possible loss of data [C:\Users\hjotha\worktrees\xllama-mtp-fast\uwp\ggml-uwp.vcxproj]
         C:\Users\hjotha\worktrees\xllama-mtp-fast\llama.cpp\ggml\src\ggml-cpu\ops.cpp(2618,22): warning C4244: 'initializing': conversion from 'int64_t' to 'const int', possible loss of data [C:\Users\hjotha\worktrees\xllama-mtp-fast\uwp\ggml-uwp.vcxproj]
         C:\Users\hjotha\worktrees\xllama-mtp-fast\llama.cpp\ggml\src\ggml-cpu\ops.cpp(2652,30): warning C4244: 'initializing': conversion from 'const int64_t' to 'int', possible loss of data [C:\Users\hjotha\worktrees\xllama-mtp-fast\uwp\ggml-uwp.vcxproj]
         C:\Users\hjotha\worktrees\xllama-mtp-fast\llama.cpp\ggml\src\ggml-cpu\ops.cpp(2652,18): warning C4244: 'initializing': conversion from 'const int64_t' to 'const int', possible loss of data [C:\Users\hjotha\worktrees\xllama-mtp-fast\uwp\ggml-uwp.vcxproj]
         C:\Users\hjotha\worktrees\xllama-mtp-fast\llama.cpp\ggml\src\ggml-cpu\ops.cpp(2653,30): warning C4244: 'initializing': conversion from 'int64_t' to 'int', possible loss of data [C:\Users\hjotha\worktrees\xllama-mtp-fast\uwp\ggml-uwp.vcxproj]
         C:\Users\hjotha\worktrees\xllama-mtp-fast\llama.cpp\ggml\src\ggml-cpu\ops.cpp(2653,18): warning C4244: 'initializing': conversion from 'int64_t' to 'const int', possible loss of data [C:\Users\hjotha\worktrees\xllama-mtp-fast\uwp\ggml-uwp.vcxproj]
         C:\Users\hjotha\worktrees\xllama-mtp-fast\llama.cpp\ggml\src\ggml-cpu\ops.cpp(2663,26): warning C4244: 'initializing': conversion from 'int64_t' to 'int', possible loss of data [C:\Users\hjotha\worktrees\xllama-mtp-fast\uwp\ggml-uwp.vcxproj]
         C:\Users\hjotha\worktrees\xllama-mtp-fast\llama.cpp\ggml\src\ggml-cpu\ops.cpp(2663,22): warning C4244: 'initializing': conversion from 'int64_t' to 'const int', possible loss of data [C:\Users\hjotha\worktrees\xllama-mtp-fast\uwp\ggml-uwp.vcxproj]
         C:\Users\hjotha\worktrees\xllama-mtp-fast\llama.cpp\ggml\src\ggml-cpu\ops.cpp(2664,43): warning C4244: 'initializing': conversion from 'int64_t' to 'int', possible loss of data [C:\Users\hjotha\worktrees\xllama-mtp-fast\uwp\ggml-uwp.vcxproj]
         C:\Users\hjotha\worktrees\xllama-mtp-fast\llama.cpp\ggml\src\ggml-cpu\ops.cpp(2664,22): warning C4244: 'initializing': conversion from 'int64_t' to 'const int', possible loss of data [C:\Users\hjotha\worktrees\xllama-mtp-fast\uwp\ggml-uwp.vcxproj]
         C:\Users\hjotha\worktrees\xllama-mtp-fast\llama.cpp\ggml\src\ggml-cpu\ops.cpp(2665,43): warning C4244: 'initializing': conversion from 'int64_t' to 'int', possible loss of data [C:\Users\hjotha\worktrees\xllama-mtp-fast\uwp\ggml-uwp.vcxproj]
         C:\Users\hjotha\worktrees\xllama-mtp-fast\llama.cpp\ggml\src\ggml-cpu\ops.cpp(2665,22): warning C4244: 'initializing': conversion from 'int64_t' to 'const int', possible loss of data [C:\Users\hjotha\worktrees\xllama-mtp-fast\uwp\ggml-uwp.vcxproj]
         C:\Users\hjotha\worktrees\xllama-mtp-fast\llama.cpp\ggml\src\ggml-cpu\ops.cpp(2720,30): warning C4244: 'initializing': conversion from 'int64_t' to 'int', possible loss of data [C:\Users\hjotha\worktrees\xllama-mtp-fast\uwp\ggml-uwp.vcxproj]
         C:\Users\hjotha\worktrees\xllama-mtp-fast\llama.cpp\ggml\src\ggml-cpu\ops.cpp(2720,18): warning C4244: 'initializing': conversion from 'int64_t' to 'const int', possible loss of data [C:\Users\hjotha\worktrees\xllama-mtp-fast\uwp\ggml-uwp.vcxproj]
         C:\Users\hjotha\worktrees\xllama-mtp-fast\llama.cpp\ggml\src\ggml-cpu\ops.cpp(2721,30): warning C4244: 'initializing': conversion from 'const int64_t' to 'int', possible loss of data [C:\Users\hjotha\worktrees\xllama-mtp-fast\uwp\ggml-uwp.vcxproj]
         C:\Users\hjotha\worktrees\xllama-mtp-fast\llama.cpp\ggml\src\ggml-cpu\ops.cpp(2721,18): warning C4244: 'initializing': conversion from 'const int64_t' to 'const int', possible loss of data [C:\Users\hjotha\worktrees\xllama-mtp-fast\uwp\ggml-uwp.vcxproj]
         C:\Users\hjotha\worktrees\xllama-mtp-fast\llama.cpp\ggml\src\ggml-cpu\ops.cpp(2750,30): warning C4244: 'initializing': conversion from 'int64_t' to 'int', possible loss of data [C:\Users\hjotha\worktrees\xllama-mtp-fast\uwp\ggml-uwp.vcxproj]
         C:\Users\hjotha\worktrees\xllama-mtp-fast\llama.cpp\ggml\src\ggml-cpu\ops.cpp(2750,18): warning C4244: 'initializing': conversion from 'int64_t' to 'const int', possible loss of data [C:\Users\hjotha\worktrees\xllama-mtp-fast\uwp\ggml-uwp.vcxproj]
         C:\Users\hjotha\worktrees\xllama-mtp-fast\llama.cpp\ggml\src\ggml-cpu\ops.cpp(2751,30): warning C4244: 'initializing': conversion from 'const int64_t' to 'int', possible loss of data [C:\Users\hjotha\worktrees\xllama-mtp-fast\uwp\ggml-uwp.vcxproj]
         C:\Users\hjotha\worktrees\xllama-mtp-fast\llama.cpp\ggml\src\ggml-cpu\ops.cpp(2751,18): warning C4244: 'initializing': conversion from 'const int64_t' to 'const int', possible loss of data [C:\Users\hjotha\worktrees\xllama-mtp-fast\uwp\ggml-uwp.vcxproj]
         C:\Users\hjotha\worktrees\xllama-mtp-fast\llama.cpp\ggml\src\ggml-cpu\ops.cpp(2806,30): warning C4244: 'initializing': conversion from 'const int64_t' to 'int', possible loss of data [C:\Users\hjotha\worktrees\xllama-mtp-fast\uwp\ggml-uwp.vcxproj]
         C:\Users\hjotha\worktrees\xllama-mtp-fast\llama.cpp\ggml\src\ggml-cpu\ops.cpp(2806,18): warning C4244: 'initializing': conversion from 'const int64_t' to 'const int', possible loss of data [C:\Users\hjotha\worktrees\xllama-mtp-fast\uwp\ggml-uwp.vcxproj]
         C:\Users\hjotha\worktrees\xllama-mtp-fast\llama.cpp\ggml\src\ggml-cpu\ops.cpp(2807,30): warning C4244: 'initializing': conversion from 'int64_t' to 'int', possible loss of data [C:\Users\hjotha\worktrees\xllama-mtp-fast\uwp\ggml-uwp.vcxproj]
         C:\Users\hjotha\worktrees\xllama-mtp-fast\llama.cpp\ggml\src\ggml-cpu\ops.cpp(2807,18): warning C4244: 'initializing': conversion from 'int64_t' to 'const int', possible loss of data [C:\Users\hjotha\worktrees\xllama-mtp-fast\uwp\ggml-uwp.vcxproj]
         C:\Users\hjotha\worktrees\xllama-mtp-fast\llama.cpp\ggml\src\ggml-cpu\ops.cpp(2849,30): warning C4244: 'initializing': conversion from 'const int64_t' to 'int', possible loss of data [C:\Users\hjotha\worktrees\xllama-mtp-fast\uwp\ggml-uwp.vcxproj]
         C:\Users\hjotha\worktrees\xllama-mtp-fast\llama.cpp\ggml\src\ggml-cpu\ops.cpp(2849,18): warning C4244: 'initializing': conversion from 'const int64_t' to 'const int', possible loss of data [C:\Users\hjotha\worktrees\xllama-mtp-fast\uwp\ggml-uwp.vcxproj]
         C:\Users\hjotha\worktrees\xllama-mtp-fast\llama.cpp\ggml\src\ggml-cpu\ops.cpp(2850,30): warning C4244: 'initializing': conversion from 'int64_t' to 'int', possible loss of data [C:\Users\hjotha\worktrees\xllama-mtp-fast\uwp\ggml-uwp.vcxproj]
         C:\Users\hjotha\worktrees\xllama-mtp-fast\llama.cpp\ggml\src\ggml-cpu\ops.cpp(2850,18): warning C4244: 'initializing': conversion from 'int64_t' to 'const int', possible loss of data [C:\Users\hjotha\worktrees\xllama-mtp-fast\uwp\ggml-uwp.vcxproj]
         C:\Users\hjotha\worktrees\xllama-mtp-fast\llama.cpp\ggml\src\ggml-cpu\ops.cpp(2868,29): warning C4244: 'argument': conversion from 'const float' to 'ggml_fp16_t', possible loss of data [C:\Users\hjotha\worktrees\xllama-mtp-fast\uwp\ggml-uwp.vcxproj]
         C:\Users\hjotha\worktrees\xllama-mtp-fast\llama.cpp\ggml\src\ggml-cpu\ops.cpp(2923,25): warning C4244: 'initializing': conversion from 'int64_t' to 'int', possible loss of data [C:\Users\hjotha\worktrees\xllama-mtp-fast\uwp\ggml-uwp.vcxproj]
         C:\Users\hjotha\worktrees\xllama-mtp-fast\llama.cpp\ggml\src\ggml-cpu\ops.cpp(2923,18): warning C4244: 'initializing': conversion from 'int64_t' to 'const int', possible loss of data [C:\Users\hjotha\worktrees\xllama-mtp-fast\uwp\ggml-uwp.vcxproj]
         C:\Users\hjotha\worktrees\xllama-mtp-fast\llama.cpp\ggml\src\ggml-cpu\ops.cpp(2924,30): warning C4244: 'initializing': conversion from 'int64_t' to 'int', possible loss of data [C:\Users\hjotha\worktrees\xllama-mtp-fast\uwp\ggml-uwp.vcxproj]
         C:\Users\hjotha\worktrees\xllama-mtp-fast\llama.cpp\ggml\src\ggml-cpu\ops.cpp(2924,18): warning C4244: 'initializing': conversion from 'int64_t' to 'const int', possible loss of data [C:\Users\hjotha\worktrees\xllama-mtp-fast\uwp\ggml-uwp.vcxproj]
         C:\Users\hjotha\worktrees\xllama-mtp-fast\llama.cpp\ggml\src\ggml-cpu\ops.cpp(2982,25): warning C4244: 'initializing': conversion from 'int64_t' to 'int', possible loss of data [C:\Users\hjotha\worktrees\xllama-mtp-fast\uwp\ggml-uwp.vcxproj]
         C:\Users\hjotha\worktrees\xllama-mtp-fast\llama.cpp\ggml\src\ggml-cpu\ops.cpp(2982,18): warning C4244: 'initializing': conversion from 'int64_t' to 'const int', possible loss of data [C:\Users\hjotha\worktrees\xllama-mtp-fast\uwp\ggml-uwp.vcxproj]
         C:\Users\hjotha\worktrees\xllama-mtp-fast\llama.cpp\ggml\src\ggml-cpu\ops.cpp(2983,30): warning C4244: 'initializing': conversion from 'int64_t' to 'int', possible loss of data [C:\Users\hjotha\worktrees\xllama-mtp-fast\uwp\ggml-uwp.vcxproj]
         C:\Users\hjotha\worktrees\xllama-mtp-fast\llama.cpp\ggml\src\ggml-cpu\ops.cpp(2983,18): warning C4244: 'initializing': conversion from 'int64_t' to 'const int', possible loss of data [C:\Users\hjotha\worktrees\xllama-mtp-fast\uwp\ggml-uwp.vcxproj]
         C:\Users\hjotha\worktrees\xllama-mtp-fast\llama.cpp\ggml\src\ggml-cpu\ops.cpp(3066,25): warning C4244: 'initializing': conversion from 'int64_t' to 'int', possible loss of data [C:\Users\hjotha\worktrees\xllama-mtp-fast\uwp\ggml-uwp.vcxproj]
         C:\Users\hjotha\worktrees\xllama-mtp-fast\llama.cpp\ggml\src\ggml-cpu\ops.cpp(3066,18): warning C4244: 'initializing': conversion from 'int64_t' to 'const int', possible loss of data [C:\Users\hjotha\worktrees\xllama-mtp-fast\uwp\ggml-uwp.vcxproj]
         C:\Users\hjotha\worktrees\xllama-mtp-fast\llama.cpp\ggml\src\ggml-cpu\ops.cpp(3067,30): warning C4244: 'initializing': conversion from 'int64_t' to 'int', possible loss of data [C:\Users\hjotha\worktrees\xllama-mtp-fast\uwp\ggml-uwp.vcxproj]
         C:\Users\hjotha\worktrees\xllama-mtp-fast\llama.cpp\ggml\src\ggml-cpu\ops.cpp(3067,18): warning C4244: 'initializing': conversion from 'int64_t' to 'const int', possible loss of data [C:\Users\hjotha\worktrees\xllama-mtp-fast\uwp\ggml-uwp.vcxproj]
         C:\Users\hjotha\worktrees\xllama-mtp-fast\llama.cpp\ggml\src\ggml-cpu\ops.cpp(3125,25): warning C4244: 'initializing': conversion from 'int64_t' to 'int', possible loss of data [C:\Users\hjotha\worktrees\xllama-mtp-fast\uwp\ggml-uwp.vcxproj]
         C:\Users\hjotha\worktrees\xllama-mtp-fast\llama.cpp\ggml\src\ggml-cpu\ops.cpp(3125,18): warning C4244: 'initializing': conversion from 'int64_t' to 'const int', possible loss of data [C:\Users\hjotha\worktrees\xllama-mtp-fast\uwp\ggml-uwp.vcxproj]
         C:\Users\hjotha\worktrees\xllama-mtp-fast\llama.cpp\ggml\src\ggml-cpu\ops.cpp(3126,30): warning C4244: 'initializing': conversion from 'int64_t' to 'int', possible loss of data [C:\Users\hjotha\worktrees\xllama-mtp-fast\uwp\ggml-uwp.vcxproj]
         C:\Users\hjotha\worktrees\xllama-mtp-fast\llama.cpp\ggml\src\ggml-cpu\ops.cpp(3126,18): warning C4244: 'initializing': conversion from 'int64_t' to 'const int', possible loss of data [C:\Users\hjotha\worktrees\xllama-mtp-fast\uwp\ggml-uwp.vcxproj]
         C:\Users\hjotha\worktrees\xllama-mtp-fast\llama.cpp\ggml\src\ggml-cpu\ops.cpp(3209,25): warning C4244: 'initializing': conversion from 'int64_t' to 'int', possible loss of data [C:\Users\hjotha\worktrees\xllama-mtp-fast\uwp\ggml-uwp.vcxproj]
         C:\Users\hjotha\worktrees\xllama-mtp-fast\llama.cpp\ggml\src\ggml-cpu\ops.cpp(3209,18): warning C4244: 'initializing': conversion from 'int64_t' to 'const int', possible loss of data [C:\Users\hjotha\worktrees\xllama-mtp-fast\uwp\ggml-uwp.vcxproj]
         C:\Users\hjotha\worktrees\xllama-mtp-fast\llama.cpp\ggml\src\ggml-cpu\ops.cpp(3210,30): warning C4244: 'initializing': conversion from 'int64_t' to 'int', possible loss of data [C:\Users\hjotha\worktrees\xllama-mtp-fast\uwp\ggml-uwp.vcxproj]
         C:\Users\hjotha\worktrees\xllama-mtp-fast\llama.cpp\ggml\src\ggml-cpu\ops.cpp(3210,18): warning C4244: 'initializing': conversion from 'int64_t' to 'const int', possible loss of data [C:\Users\hjotha\worktrees\xllama-mtp-fast\uwp\ggml-uwp.vcxproj]
         C:\Users\hjotha\worktrees\xllama-mtp-fast\llama.cpp\ggml\src\ggml-cpu\ops.cpp(3268,25): warning C4244: 'initializing': conversion from 'int64_t' to 'int', possible loss of data [C:\Users\hjotha\worktrees\xllama-mtp-fast\uwp\ggml-uwp.vcxproj]
         C:\Users\hjotha\worktrees\xllama-mtp-fast\llama.cpp\ggml\src\ggml-cpu\ops.cpp(3268,18): warning C4244: 'initializing': conversion from 'int64_t' to 'const int', possible loss of data [C:\Users\hjotha\worktrees\xllama-mtp-fast\uwp\ggml-uwp.vcxproj]
         C:\Users\hjotha\worktrees\xllama-mtp-fast\llama.cpp\ggml\src\ggml-cpu\ops.cpp(3269,30): warning C4244: 'initializing': conversion from 'int64_t' to 'int', possible loss of data [C:\Users\hjotha\worktrees\xllama-mtp-fast\uwp\ggml-uwp.vcxproj]
         C:\Users\hjotha\worktrees\xllama-mtp-fast\llama.cpp\ggml\src\ggml-cpu\ops.cpp(3269,18): warning C4244: 'initializing': conversion from 'int64_t' to 'const int', possible loss of data [C:\Users\hjotha\worktrees\xllama-mtp-fast\uwp\ggml-uwp.vcxproj]
         C:\Users\hjotha\worktrees\xllama-mtp-fast\llama.cpp\ggml\src\ggml-cpu\ops.cpp(3352,25): warning C4244: 'initializing': conversion from 'int64_t' to 'int', possible loss of data [C:\Users\hjotha\worktrees\xllama-mtp-fast\uwp\ggml-uwp.vcxproj]
         C:\Users\hjotha\worktrees\xllama-mtp-fast\llama.cpp\ggml\src\ggml-cpu\ops.cpp(3352,18): warning C4244: 'initializing': conversion from 'int64_t' to 'const int', possible loss of data [C:\Users\hjotha\worktrees\xllama-mtp-fast\uwp\ggml-uwp.vcxproj]
         C:\Users\hjotha\worktrees\xllama-mtp-fast\llama.cpp\ggml\src\ggml-cpu\ops.cpp(3353,30): warning C4244: 'initializing': conversion from 'int64_t' to 'int', possible loss of data [C:\Users\hjotha\worktrees\xllama-mtp-fast\uwp\ggml-uwp.vcxproj]
         C:\Users\hjotha\worktrees\xllama-mtp-fast\llama.cpp\ggml\src\ggml-cpu\ops.cpp(3353,18): warning C4244: 'initializing': conversion from 'int64_t' to 'const int', possible loss of data [C:\Users\hjotha\worktrees\xllama-mtp-fast\uwp\ggml-uwp.vcxproj]
         C:\Users\hjotha\worktrees\xllama-mtp-fast\llama.cpp\ggml\src\ggml-cpu\ops.cpp(3436,25): warning C4244: 'initializing': conversion from 'int64_t' to 'int', possible loss of data [C:\Users\hjotha\worktrees\xllama-mtp-fast\uwp\ggml-uwp.vcxproj]
         C:\Users\hjotha\worktrees\xllama-mtp-fast\llama.cpp\ggml\src\ggml-cpu\ops.cpp(3436,18): warning C4244: 'initializing': conversion from 'int64_t' to 'const int', possible loss of data [C:\Users\hjotha\worktrees\xllama-mtp-fast\uwp\ggml-uwp.vcxproj]
         C:\Users\hjotha\worktrees\xllama-mtp-fast\llama.cpp\ggml\src\ggml-cpu\ops.cpp(3437,30): warning C4244: 'initializing': conversion from 'int64_t' to 'int', possible loss of data [C:\Users\hjotha\worktrees\xllama-mtp-fast\uwp\ggml-uwp.vcxproj]
         C:\Users\hjotha\worktrees\xllama-mtp-fast\llama.cpp\ggml\src\ggml-cpu\ops.cpp(3437,18): warning C4244: 'initializing': conversion from 'int64_t' to 'const int', possible loss of data [C:\Users\hjotha\worktrees\xllama-mtp-fast\uwp\ggml-uwp.vcxproj]
         C:\Users\hjotha\worktrees\xllama-mtp-fast\llama.cpp\ggml\src\ggml-cpu\ops.cpp(3495,25): warning C4244: 'initializing': conversion from 'int64_t' to 'int', possible loss of data [C:\Users\hjotha\worktrees\xllama-mtp-fast\uwp\ggml-uwp.vcxproj]
         C:\Users\hjotha\worktrees\xllama-mtp-fast\llama.cpp\ggml\src\ggml-cpu\ops.cpp(3495,18): warning C4244: 'initializing': conversion from 'int64_t' to 'const int', possible loss of data [C:\Users\hjotha\worktrees\xllama-mtp-fast\uwp\ggml-uwp.vcxproj]
         C:\Users\hjotha\worktrees\xllama-mtp-fast\llama.cpp\ggml\src\ggml-cpu\ops.cpp(3496,30): warning C4244: 'initializing': conversion from 'int64_t' to 'int', possible loss of data [C:\Users\hjotha\worktrees\xllama-mtp-fast\uwp\ggml-uwp.vcxproj]
         C:\Users\hjotha\worktrees\xllama-mtp-fast\llama.cpp\ggml\src\ggml-cpu\ops.cpp(3496,18): warning C4244: 'initializing': conversion from 'int64_t' to 'const int', possible loss of data [C:\Users\hjotha\worktrees\xllama-mtp-fast\uwp\ggml-uwp.vcxproj]
         C:\Users\hjotha\worktrees\xllama-mtp-fast\llama.cpp\ggml\src\ggml-cpu\ops.cpp(3572,25): warning C4244: 'initializing': conversion from 'int64_t' to 'int', possible loss of data [C:\Users\hjotha\worktrees\xllama-mtp-fast\uwp\ggml-uwp.vcxproj]
         C:\Users\hjotha\worktrees\xllama-mtp-fast\llama.cpp\ggml\src\ggml-cpu\ops.cpp(3572,18): warning C4244: 'initializing': conversion from 'int64_t' to 'const int', possible loss of data [C:\Users\hjotha\worktrees\xllama-mtp-fast\uwp\ggml-uwp.vcxproj]
         C:\Users\hjotha\worktrees\xllama-mtp-fast\llama.cpp\ggml\src\ggml-cpu\ops.cpp(3573,30): warning C4244: 'initializing': conversion from 'int64_t' to 'int', possible loss of data [C:\Users\hjotha\worktrees\xllama-mtp-fast\uwp\ggml-uwp.vcxproj]
         C:\Users\hjotha\worktrees\xllama-mtp-fast\llama.cpp\ggml\src\ggml-cpu\ops.cpp(3573,18): warning C4244: 'initializing': conversion from 'int64_t' to 'const int', possible loss of data [C:\Users\hjotha\worktrees\xllama-mtp-fast\uwp\ggml-uwp.vcxproj]
         C:\Users\hjotha\worktrees\xllama-mtp-fast\llama.cpp\ggml\src\ggml-cpu\ops.cpp(3631,25): warning C4244: 'initializing': conversion from 'int64_t' to 'int', possible loss of data [C:\Users\hjotha\worktrees\xllama-mtp-fast\uwp\ggml-uwp.vcxproj]
         C:\Users\hjotha\worktrees\xllama-mtp-fast\llama.cpp\ggml\src\ggml-cpu\ops.cpp(3631,18): warning C4244: 'initializing': conversion from 'int64_t' to 'const int', possible loss of data [C:\Users\hjotha\worktrees\xllama-mtp-fast\uwp\ggml-uwp.vcxproj]
         C:\Users\hjotha\worktrees\xllama-mtp-fast\llama.cpp\ggml\src\ggml-cpu\ops.cpp(3632,30): warning C4244: 'initializing': conversion from 'int64_t' to 'int', possible loss of data [C:\Users\hjotha\worktrees\xllama-mtp-fast\uwp\ggml-uwp.vcxproj]
         C:\Users\hjotha\worktrees\xllama-mtp-fast\llama.cpp\ggml\src\ggml-cpu\ops.cpp(3632,18): warning C4244: 'initializing': conversion from 'int64_t' to 'const int', possible loss of data [C:\Users\hjotha\worktrees\xllama-mtp-fast\uwp\ggml-uwp.vcxproj]
         C:\Users\hjotha\worktrees\xllama-mtp-fast\llama.cpp\ggml\src\ggml-cpu\ops.cpp(3715,25): warning C4244: 'initializing': conversion from 'int64_t' to 'int', possible loss of data [C:\Users\hjotha\worktrees\xllama-mtp-fast\uwp\ggml-uwp.vcxproj]
         C:\Users\hjotha\worktrees\xllama-mtp-fast\llama.cpp\ggml\src\ggml-cpu\ops.cpp(3715,18): warning C4244: 'initializing': conversion from 'int64_t' to 'const int', possible loss of data [C:\Users\hjotha\worktrees\xllama-mtp-fast\uwp\ggml-uwp.vcxproj]
         C:\Users\hjotha\worktrees\xllama-mtp-fast\llama.cpp\ggml\src\ggml-cpu\ops.cpp(3716,30): warning C4244: 'initializing': conversion from 'int64_t' to 'int', possible loss of data [C:\Users\hjotha\worktrees\xllama-mtp-fast\uwp\ggml-uwp.vcxproj]
         C:\Users\hjotha\worktrees\xllama-mtp-fast\llama.cpp\ggml\src\ggml-cpu\ops.cpp(3716,18): warning C4244: 'initializing': conversion from 'int64_t' to 'const int', possible loss of data [C:\Users\hjotha\worktrees\xllama-mtp-fast\uwp\ggml-uwp.vcxproj]
         C:\Users\hjotha\worktrees\xllama-mtp-fast\llama.cpp\ggml\src\ggml-cpu\ops.cpp(3774,25): warning C4244: 'initializing': conversion from 'int64_t' to 'int', possible loss of data [C:\Users\hjotha\worktrees\xllama-mtp-fast\uwp\ggml-uwp.vcxproj]
         C:\Users\hjotha\worktrees\xllama-mtp-fast\llama.cpp\ggml\src\ggml-cpu\ops.cpp(3774,18): warning C4244: 'initializing': conversion from 'int64_t' to 'const int', possible loss of data [C:\Users\hjotha\worktrees\xllama-mtp-fast\uwp\ggml-uwp.vcxproj]
         C:\Users\hjotha\worktrees\xllama-mtp-fast\llama.cpp\ggml\src\ggml-cpu\ops.cpp(3775,30): warning C4244: 'initializing': conversion from 'int64_t' to 'int', possible loss of data [C:\Users\hjotha\worktrees\xllama-mtp-fast\uwp\ggml-uwp.vcxproj]
         C:\Users\hjotha\worktrees\xllama-mtp-fast\llama.cpp\ggml\src\ggml-cpu\ops.cpp(3775,18): warning C4244: 'initializing': conversion from 'int64_t' to 'const int', possible loss of data [C:\Users\hjotha\worktrees\xllama-mtp-fast\uwp\ggml-uwp.vcxproj]
         C:\Users\hjotha\worktrees\xllama-mtp-fast\llama.cpp\ggml\src\ggml-cpu\ops.cpp(3864,38): warning C4244: 'argument': conversion from 'const int64_t' to 'const int', possible loss of data [C:\Users\hjotha\worktrees\xllama-mtp-fast\uwp\ggml-uwp.vcxproj]
         C:\Users\hjotha\worktrees\xllama-mtp-fast\llama.cpp\ggml\src\ggml-cpu\ops.cpp(3875,50): warning C4244: 'argument': conversion from 'const int64_t' to 'const int', possible loss of data [C:\Users\hjotha\worktrees\xllama-mtp-fast\uwp\ggml-uwp.vcxproj]
         C:\Users\hjotha\worktrees\xllama-mtp-fast\llama.cpp\ggml\src\ggml-cpu\ops.cpp(3875,49): warning C4244: '=': conversion from 'ggml_float' to 'float', possible loss of data [C:\Users\hjotha\worktrees\xllama-mtp-fast\uwp\ggml-uwp.vcxproj]
         C:\Users\hjotha\worktrees\xllama-mtp-fast\llama.cpp\ggml\src\ggml-cpu\ops.cpp(3879,40): warning C4244: 'argument': conversion from 'const int64_t' to 'const int', possible loss of data [C:\Users\hjotha\worktrees\xllama-mtp-fast\uwp\ggml-uwp.vcxproj]
         C:\Users\hjotha\worktrees\xllama-mtp-fast\llama.cpp\ggml\src\ggml-cpu\ops.cpp(4237,20): warning C4244: 'initializing': conversion from 'const int64_t' to 'int', possible loss of data [C:\Users\hjotha\worktrees\xllama-mtp-fast\uwp\ggml-uwp.vcxproj]
         C:\Users\hjotha\worktrees\xllama-mtp-fast\llama.cpp\ggml\src\ggml-cpu\ops.cpp(4261,36): warning C4244: 'initializing': conversion from 'ggml_float' to 'float', possible loss of data [C:\Users\hjotha\worktrees\xllama-mtp-fast\uwp\ggml-uwp.vcxproj]
         C:\Users\hjotha\worktrees\xllama-mtp-fast\llama.cpp\ggml\src\ggml-cpu\ops.cpp(4261,30): warning C4244: 'initializing': conversion from 'ggml_float' to 'const float', possible loss of data [C:\Users\hjotha\worktrees\xllama-mtp-fast\uwp\ggml-uwp.vcxproj]
         C:\Users\hjotha\worktrees\xllama-mtp-fast\llama.cpp\ggml\src\ggml-cpu\ops.cpp(4279,41): warning C4244: 'initializing': conversion from 'ggml_float' to 'float', possible loss of data [C:\Users\hjotha\worktrees\xllama-mtp-fast\uwp\ggml-uwp.vcxproj]
         C:\Users\hjotha\worktrees\xllama-mtp-fast\llama.cpp\ggml\src\ggml-cpu\ops.cpp(4279,34): warning C4244: 'initializing': conversion from 'ggml_float' to 'const float', possible loss of data [C:\Users\hjotha\worktrees\xllama-mtp-fast\uwp\ggml-uwp.vcxproj]
         C:\Users\hjotha\worktrees\xllama-mtp-fast\llama.cpp\ggml\src\ggml-cpu\ops.cpp(4285,40): warning C4244: 'argument': conversion from 'const int64_t' to 'const int', possible loss of data [C:\Users\hjotha\worktrees\xllama-mtp-fast\uwp\ggml-uwp.vcxproj]
         C:\Users\hjotha\worktrees\xllama-mtp-fast\llama.cpp\ggml\src\ggml-cpu\ops.cpp(4342,54): warning C4244: 'argument': conversion from 'ggml_float' to 'float', possible loss of data [C:\Users\hjotha\worktrees\xllama-mtp-fast\uwp\ggml-uwp.vcxproj]
         C:\Users\hjotha\worktrees\xllama-mtp-fast\llama.cpp\ggml\src\ggml-cpu\ops.cpp(4348,40): warning C4244: 'argument': conversion from 'const int64_t' to 'const int', possible loss of data [C:\Users\hjotha\worktrees\xllama-mtp-fast\uwp\ggml-uwp.vcxproj]
         C:\Users\hjotha\worktrees\xllama-mtp-fast\llama.cpp\ggml\src\ggml-cpu\ops.cpp(4417,37): warning C4244: 'argument': conversion from 'int64_t' to 'const int', possible loss of data [C:\Users\hjotha\worktrees\xllama-mtp-fast\uwp\ggml-uwp.vcxproj]
         C:\Users\hjotha\worktrees\xllama-mtp-fast\llama.cpp\ggml\src\ggml-cpu\ops.cpp(4474,56): warning C4267: 'argument': conversion from 'size_t' to 'const int', possible loss of data [C:\Users\hjotha\worktrees\xllama-mtp-fast\uwp\ggml-uwp.vcxproj]
         C:\Users\hjotha\worktrees\xllama-mtp-fast\llama.cpp\ggml\src\ggml-cpu\ops.cpp(4474,50): warning C4267: 'argument': conversion from 'size_t' to 'const int', possible loss of data [C:\Users\hjotha\worktrees\xllama-mtp-fast\uwp\ggml-uwp.vcxproj]
         C:\Users\hjotha\worktrees\xllama-mtp-fast\llama.cpp\ggml\src\ggml-cpu\ops.cpp(4474,45): warning C4244: 'argument': conversion from 'const int64_t' to 'const int', possible loss of data [C:\Users\hjotha\worktrees\xllama-mtp-fast\uwp\ggml-uwp.vcxproj]
         C:\Users\hjotha\worktrees\xllama-mtp-fast\llama.cpp\ggml\src\ggml-cpu\ops.cpp(4483,38): warning C4244: 'argument': conversion from 'const int64_t' to 'const int', possible loss of data [C:\Users\hjotha\worktrees\xllama-mtp-fast\uwp\ggml-uwp.vcxproj]
         C:\Users\hjotha\worktrees\xllama-mtp-fast\llama.cpp\ggml\src\ggml-cpu\ops.cpp(4542,37): warning C4244: 'argument': conversion from 'int64_t' to 'const int', possible loss of data [C:\Users\hjotha\worktrees\xllama-mtp-fast\uwp\ggml-uwp.vcxproj]
         C:\Users\hjotha\worktrees\xllama-mtp-fast\llama.cpp\ggml\src\ggml-cpu\ops.cpp(4588,30): warning C4244: 'argument': conversion from 'const int64_t' to 'const int', possible loss of data [C:\Users\hjotha\worktrees\xllama-mtp-fast\uwp\ggml-uwp.vcxproj]
         C:\Users\hjotha\worktrees\xllama-mtp-fast\llama.cpp\ggml\src\ggml-cpu\ops.cpp(4621,37): warning C4244: 'argument': conversion from 'int64_t' to 'const int', possible loss of data [C:\Users\hjotha\worktrees\xllama-mtp-fast\uwp\ggml-uwp.vcxproj]
         C:\Users\hjotha\worktrees\xllama-mtp-fast\llama.cpp\ggml\src\ggml-cpu\ops.cpp(4658,30): warning C4244: 'argument': conversion from 'const int64_t' to 'const int', possible loss of data [C:\Users\hjotha\worktrees\xllama-mtp-fast\uwp\ggml-uwp.vcxproj]
         C:\Users\hjotha\worktrees\xllama-mtp-fast\llama.cpp\ggml\src\ggml-cpu\ops.cpp(4742,30): warning C4244: 'initializing': conversion from 'const int64_t' to 'int', possible loss of data [C:\Users\hjotha\worktrees\xllama-mtp-fast\uwp\ggml-uwp.vcxproj]
         C:\Users\hjotha\worktrees\xllama-mtp-fast\llama.cpp\ggml\src\ggml-cpu\ops.cpp(4742,18): warning C4244: 'initializing': conversion from 'const int64_t' to 'const int', possible loss of data [C:\Users\hjotha\worktrees\xllama-mtp-fast\uwp\ggml-uwp.vcxproj]
         C:\Users\hjotha\worktrees\xllama-mtp-fast\llama.cpp\ggml\src\ggml-cpu\ops.cpp(4743,30): warning C4244: 'initializing': conversion from 'int64_t' to 'int', possible loss of data [C:\Users\hjotha\worktrees\xllama-mtp-fast\uwp\ggml-uwp.vcxproj]
         C:\Users\hjotha\worktrees\xllama-mtp-fast\llama.cpp\ggml\src\ggml-cpu\ops.cpp(4743,18): warning C4244: 'initializing': conversion from 'int64_t' to 'const int', possible loss of data [C:\Users\hjotha\worktrees\xllama-mtp-fast\uwp\ggml-uwp.vcxproj]
         C:\Users\hjotha\worktrees\xllama-mtp-fast\llama.cpp\ggml\src\ggml-cpu\ops.cpp(4828,30): warning C4244: 'initializing': conversion from 'int64_t' to 'int', possible loss of data [C:\Users\hjotha\worktrees\xllama-mtp-fast\uwp\ggml-uwp.vcxproj]
         C:\Users\hjotha\worktrees\xllama-mtp-fast\llama.cpp\ggml\src\ggml-cpu\ops.cpp(4828,18): warning C4244: 'initializing': conversion from 'int64_t' to 'const int', possible loss of data [C:\Users\hjotha\worktrees\xllama-mtp-fast\uwp\ggml-uwp.vcxproj]
         C:\Users\hjotha\worktrees\xllama-mtp-fast\llama.cpp\ggml\src\ggml-cpu\ops.cpp(4829,30): warning C4244: 'initializing': conversion from 'const int64_t' to 'int', possible loss of data [C:\Users\hjotha\worktrees\xllama-mtp-fast\uwp\ggml-uwp.vcxproj]
         C:\Users\hjotha\worktrees\xllama-mtp-fast\llama.cpp\ggml\src\ggml-cpu\ops.cpp(4829,18): warning C4244: 'initializing': conversion from 'const int64_t' to 'const int', possible loss of data [C:\Users\hjotha\worktrees\xllama-mtp-fast\uwp\ggml-uwp.vcxproj]
         C:\Users\hjotha\worktrees\xllama-mtp-fast\llama.cpp\ggml\src\ggml-cpu\ops.cpp(4837,32): warning C4244: 'initializing': conversion from 'int64_t' to 'int', possible loss of data [C:\Users\hjotha\worktrees\xllama-mtp-fast\uwp\ggml-uwp.vcxproj]
         C:\Users\hjotha\worktrees\xllama-mtp-fast\llama.cpp\ggml\src\ggml-cpu\ops.cpp(4837,19): warning C4244: 'initializing': conversion from 'int64_t' to 'const int', possible loss of data [C:\Users\hjotha\worktrees\xllama-mtp-fast\uwp\ggml-uwp.vcxproj]
         C:\Users\hjotha\worktrees\xllama-mtp-fast\llama.cpp\ggml\src\ggml-cpu\ops.cpp(4838,32): warning C4244: 'initializing': conversion from 'int64_t' to 'int', possible loss of data [C:\Users\hjotha\worktrees\xllama-mtp-fast\uwp\ggml-uwp.vcxproj]
         C:\Users\hjotha\worktrees\xllama-mtp-fast\llama.cpp\ggml\src\ggml-cpu\ops.cpp(4838,19): warning C4244: 'initializing': conversion from 'int64_t' to 'const int', possible loss of data [C:\Users\hjotha\worktrees\xllama-mtp-fast\uwp\ggml-uwp.vcxproj]
         C:\Users\hjotha\worktrees\xllama-mtp-fast\llama.cpp\ggml\src\ggml-cpu\ops.cpp(4839,32): warning C4244: 'initializing': conversion from 'int64_t' to 'int', possible loss of data [C:\Users\hjotha\worktrees\xllama-mtp-fast\uwp\ggml-uwp.vcxproj]
         C:\Users\hjotha\worktrees\xllama-mtp-fast\llama.cpp\ggml\src\ggml-cpu\ops.cpp(4839,19): warning C4244: 'initializing': conversion from 'int64_t' to 'const int', possible loss of data [C:\Users\hjotha\worktrees\xllama-mtp-fast\uwp\ggml-uwp.vcxproj]
         C:\Users\hjotha\worktrees\xllama-mtp-fast\llama.cpp\ggml\src\ggml-cpu\ops.cpp(4840,32): warning C4244: 'initializing': conversion from 'int64_t' to 'int', possible loss of data [C:\Users\hjotha\worktrees\xllama-mtp-fast\uwp\ggml-uwp.vcxproj]
         C:\Users\hjotha\worktrees\xllama-mtp-fast\llama.cpp\ggml\src\ggml-cpu\ops.cpp(4840,19): warning C4244: 'initializing': conversion from 'int64_t' to 'const int', possible loss of data [C:\Users\hjotha\worktrees\xllama-mtp-fast\uwp\ggml-uwp.vcxproj]
         C:\Users\hjotha\worktrees\xllama-mtp-fast\llama.cpp\ggml\src\ggml-cpu\ops.cpp(4856,26): warning C4244: 'initializing': conversion from 'int64_t' to 'int', possible loss of data [C:\Users\hjotha\worktrees\xllama-mtp-fast\uwp\ggml-uwp.vcxproj]
         C:\Users\hjotha\worktrees\xllama-mtp-fast\llama.cpp\ggml\src\ggml-cpu\ops.cpp(4856,22): warning C4244: 'initializing': conversion from 'int64_t' to 'const int', possible loss of data [C:\Users\hjotha\worktrees\xllama-mtp-fast\uwp\ggml-uwp.vcxproj]
         C:\Users\hjotha\worktrees\xllama-mtp-fast\llama.cpp\ggml\src\ggml-cpu\ops.cpp(4857,43): warning C4244: 'initializing': conversion from 'int64_t' to 'int', possible loss of data [C:\Users\hjotha\worktrees\xllama-mtp-fast\uwp\ggml-uwp.vcxproj]
         C:\Users\hjotha\worktrees\xllama-mtp-fast\llama.cpp\ggml\src\ggml-cpu\ops.cpp(4857,22): warning C4244: 'initializing': conversion from 'int64_t' to 'const int', possible loss of data [C:\Users\hjotha\worktrees\xllama-mtp-fast\uwp\ggml-uwp.vcxproj]
         C:\Users\hjotha\worktrees\xllama-mtp-fast\llama.cpp\ggml\src\ggml-cpu\ops.cpp(4858,43): warning C4244: 'initializing': conversion from 'int64_t' to 'int', possible loss of data [C:\Users\hjotha\worktrees\xllama-mtp-fast\uwp\ggml-uwp.vcxproj]
         C:\Users\hjotha\worktrees\xllama-mtp-fast\llama.cpp\ggml\src\ggml-cpu\ops.cpp(4858,22): warning C4244: 'initializing': conversion from 'int64_t' to 'const int', possible loss of data [C:\Users\hjotha\worktrees\xllama-mtp-fast\uwp\ggml-uwp.vcxproj]
         C:\Users\hjotha\worktrees\xllama-mtp-fast\llama.cpp\ggml\src\ggml-cpu\ops.cpp(4899,30): warning C4244: 'initializing': conversion from 'int64_t' to 'int', possible loss of data [C:\Users\hjotha\worktrees\xllama-mtp-fast\uwp\ggml-uwp.vcxproj]
         C:\Users\hjotha\worktrees\xllama-mtp-fast\llama.cpp\ggml\src\ggml-cpu\ops.cpp(4899,18): warning C4244: 'initializing': conversion from 'int64_t' to 'const int', possible loss of data [C:\Users\hjotha\worktrees\xllama-mtp-fast\uwp\ggml-uwp.vcxproj]
         C:\Users\hjotha\worktrees\xllama-mtp-fast\llama.cpp\ggml\src\ggml-cpu\ops.cpp(4900,30): warning C4244: 'initializing': conversion from 'const int64_t' to 'int', possible loss of data [C:\Users\hjotha\worktrees\xllama-mtp-fast\uwp\ggml-uwp.vcxproj]
         C:\Users\hjotha\worktrees\xllama-mtp-fast\llama.cpp\ggml\src\ggml-cpu\ops.cpp(4900,18): warning C4244: 'initializing': conversion from 'const int64_t' to 'const int', possible loss of data [C:\Users\hjotha\worktrees\xllama-mtp-fast\uwp\ggml-uwp.vcxproj]
         C:\Users\hjotha\worktrees\xllama-mtp-fast\llama.cpp\ggml\src\ggml-cpu\ops.cpp(4908,32): warning C4244: 'initializing': conversion from 'int64_t' to 'int', possible loss of data [C:\Users\hjotha\worktrees\xllama-mtp-fast\uwp\ggml-uwp.vcxproj]
         C:\Users\hjotha\worktrees\xllama-mtp-fast\llama.cpp\ggml\src\ggml-cpu\ops.cpp(4908,19): warning C4244: 'initializing': conversion from 'int64_t' to 'const int', possible loss of data [C:\Users\hjotha\worktrees\xllama-mtp-fast\uwp\ggml-uwp.vcxproj]
         C:\Users\hjotha\worktrees\xllama-mtp-fast\llama.cpp\ggml\src\ggml-cpu\ops.cpp(4909,32): warning C4244: 'initializing': conversion from 'int64_t' to 'int', possible loss of data [C:\Users\hjotha\worktrees\xllama-mtp-fast\uwp\ggml-uwp.vcxproj]
         C:\Users\hjotha\worktrees\xllama-mtp-fast\llama.cpp\ggml\src\ggml-cpu\ops.cpp(4909,19): warning C4244: 'initializing': conversion from 'int64_t' to 'const int', possible loss of data [C:\Users\hjotha\worktrees\xllama-mtp-fast\uwp\ggml-uwp.vcxproj]
         C:\Users\hjotha\worktrees\xllama-mtp-fast\llama.cpp\ggml\src\ggml-cpu\ops.cpp(4910,32): warning C4244: 'initializing': conversion from 'int64_t' to 'int', possible loss of data [C:\Users\hjotha\worktrees\xllama-mtp-fast\uwp\ggml-uwp.vcxproj]
         C:\Users\hjotha\worktrees\xllama-mtp-fast\llama.cpp\ggml\src\ggml-cpu\ops.cpp(4910,19): warning C4244: 'initializing': conversion from 'int64_t' to 'const int', possible loss of data [C:\Users\hjotha\worktrees\xllama-mtp-fast\uwp\ggml-uwp.vcxproj]
         C:\Users\hjotha\worktrees\xllama-mtp-fast\llama.cpp\ggml\src\ggml-cpu\ops.cpp(4911,32): warning C4244: 'initializing': conversion from 'int64_t' to 'int', possible loss of data [C:\Users\hjotha\worktrees\xllama-mtp-fast\uwp\ggml-uwp.vcxproj]
         C:\Users\hjotha\worktrees\xllama-mtp-fast\llama.cpp\ggml\src\ggml-cpu\ops.cpp(4911,19): warning C4244: 'initializing': conversion from 'int64_t' to 'const int', possible loss of data [C:\Users\hjotha\worktrees\xllama-mtp-fast\uwp\ggml-uwp.vcxproj]
         C:\Users\hjotha\worktrees\xllama-mtp-fast\llama.cpp\ggml\src\ggml-cpu\ops.cpp(4927,26): warning C4244: 'initializing': conversion from 'int64_t' to 'int', possible loss of data [C:\Users\hjotha\worktrees\xllama-mtp-fast\uwp\ggml-uwp.vcxproj]
         C:\Users\hjotha\worktrees\xllama-mtp-fast\llama.cpp\ggml\src\ggml-cpu\ops.cpp(4927,22): warning C4244: 'initializing': conversion from 'int64_t' to 'const int', possible loss of data [C:\Users\hjotha\worktrees\xllama-mtp-fast\uwp\ggml-uwp.vcxproj]
         C:\Users\hjotha\worktrees\xllama-mtp-fast\llama.cpp\ggml\src\ggml-cpu\ops.cpp(4928,43): warning C4244: 'initializing': conversion from 'int64_t' to 'int', possible loss of data [C:\Users\hjotha\worktrees\xllama-mtp-fast\uwp\ggml-uwp.vcxproj]
         C:\Users\hjotha\worktrees\xllama-mtp-fast\llama.cpp\ggml\src\ggml-cpu\ops.cpp(4928,22): warning C4244: 'initializing': conversion from 'int64_t' to 'const int', possible loss of data [C:\Users\hjotha\worktrees\xllama-mtp-fast\uwp\ggml-uwp.vcxproj]
         C:\Users\hjotha\worktrees\xllama-mtp-fast\llama.cpp\ggml\src\ggml-cpu\ops.cpp(4929,43): warning C4244: 'initializing': conversion from 'int64_t' to 'int', possible loss of data [C:\Users\hjotha\worktrees\xllama-mtp-fast\uwp\ggml-uwp.vcxproj]
         C:\Users\hjotha\worktrees\xllama-mtp-fast\llama.cpp\ggml\src\ggml-cpu\ops.cpp(4929,22): warning C4244: 'initializing': conversion from 'int64_t' to 'const int', possible loss of data [C:\Users\hjotha\worktrees\xllama-mtp-fast\uwp\ggml-uwp.vcxproj]
         C:\Users\hjotha\worktrees\xllama-mtp-fast\llama.cpp\ggml\src\ggml-cpu\ops.cpp(5031,34): warning C4244: 'initializing': conversion from 'int64_t' to 'int', possible loss of data [C:\Users\hjotha\worktrees\xllama-mtp-fast\uwp\ggml-uwp.vcxproj]
         C:\Users\hjotha\worktrees\xllama-mtp-fast\llama.cpp\ggml\src\ggml-cpu\ops.cpp(5031,18): warning C4244: 'initializing': conversion from 'int64_t' to 'const int', possible loss of data [C:\Users\hjotha\worktrees\xllama-mtp-fast\uwp\ggml-uwp.vcxproj]
         C:\Users\hjotha\worktrees\xllama-mtp-fast\llama.cpp\ggml\src\ggml-cpu\ops.cpp(5035,21): warning C4244: 'initializing': conversion from 'int64_t' to 'int', possible loss of data [C:\Users\hjotha\worktrees\xllama-mtp-fast\uwp\ggml-uwp.vcxproj]
         C:\Users\hjotha\worktrees\xllama-mtp-fast\llama.cpp\ggml\src\ggml-cpu\ops.cpp(5035,19): warning C4244: 'initializing': conversion from 'int64_t' to 'const int', possible loss of data [C:\Users\hjotha\worktrees\xllama-mtp-fast\uwp\ggml-uwp.vcxproj]
         C:\Users\hjotha\worktrees\xllama-mtp-fast\llama.cpp\ggml\src\ggml-cpu\ops.cpp(5085,34): warning C4244: 'initializing': conversion from 'int64_t' to 'int', possible loss of data [C:\Users\hjotha\worktrees\xllama-mtp-fast\uwp\ggml-uwp.vcxproj]
         C:\Users\hjotha\worktrees\xllama-mtp-fast\llama.cpp\ggml\src\ggml-cpu\ops.cpp(5085,18): warning C4244: 'initializing': conversion from 'int64_t' to 'const int', possible loss of data [C:\Users\hjotha\worktrees\xllama-mtp-fast\uwp\ggml-uwp.vcxproj]
         C:\Users\hjotha\worktrees\xllama-mtp-fast\llama.cpp\ggml\src\ggml-cpu\ops.cpp(5089,21): warning C4244: 'initializing': conversion from 'int64_t' to 'int', possible loss of data [C:\Users\hjotha\worktrees\xllama-mtp-fast\uwp\ggml-uwp.vcxproj]
         C:\Users\hjotha\worktrees\xllama-mtp-fast\llama.cpp\ggml\src\ggml-cpu\ops.cpp(5089,19): warning C4244: 'initializing': conversion from 'int64_t' to 'const int', possible loss of data [C:\Users\hjotha\worktrees\xllama-mtp-fast\uwp\ggml-uwp.vcxproj]
         C:\Users\hjotha\worktrees\xllama-mtp-fast\llama.cpp\ggml\src\ggml-cpu\ops.cpp(5137,34): warning C4244: 'initializing': conversion from 'int64_t' to 'int', possible loss of data [C:\Users\hjotha\worktrees\xllama-mtp-fast\uwp\ggml-uwp.vcxproj]
         C:\Users\hjotha\worktrees\xllama-mtp-fast\llama.cpp\ggml\src\ggml-cpu\ops.cpp(5137,18): warning C4244: 'initializing': conversion from 'int64_t' to 'const int', possible loss of data [C:\Users\hjotha\worktrees\xllama-mtp-fast\uwp\ggml-uwp.vcxproj]
         C:\Users\hjotha\worktrees\xllama-mtp-fast\llama.cpp\ggml\src\ggml-cpu\ops.cpp(5141,21): warning C4244: 'initializing': conversion from 'int64_t' to 'int', possible loss of data [C:\Users\hjotha\worktrees\xllama-mtp-fast\uwp\ggml-uwp.vcxproj]
         C:\Users\hjotha\worktrees\xllama-mtp-fast\llama.cpp\ggml\src\ggml-cpu\ops.cpp(5141,19): warning C4244: 'initializing': conversion from 'int64_t' to 'const int', possible loss of data [C:\Users\hjotha\worktrees\xllama-mtp-fast\uwp\ggml-uwp.vcxproj]
         C:\Users\hjotha\worktrees\xllama-mtp-fast\llama.cpp\ggml\src\ggml-cpu\ops.cpp(5189,34): warning C4244: 'initializing': conversion from 'int64_t' to 'int', possible loss of data [C:\Users\hjotha\worktrees\xllama-mtp-fast\uwp\ggml-uwp.vcxproj]
         C:\Users\hjotha\worktrees\xllama-mtp-fast\llama.cpp\ggml\src\ggml-cpu\ops.cpp(5189,18): warning C4244: 'initializing': conversion from 'int64_t' to 'const int', possible loss of data [C:\Users\hjotha\worktrees\xllama-mtp-fast\uwp\ggml-uwp.vcxproj]
         C:\Users\hjotha\worktrees\xllama-mtp-fast\llama.cpp\ggml\src\ggml-cpu\ops.cpp(5193,21): warning C4244: 'initializing': conversion from 'int64_t' to 'int', possible loss of data [C:\Users\hjotha\worktrees\xllama-mtp-fast\uwp\ggml-uwp.vcxproj]
         C:\Users\hjotha\worktrees\xllama-mtp-fast\llama.cpp\ggml\src\ggml-cpu\ops.cpp(5193,19): warning C4244: 'initializing': conversion from 'int64_t' to 'const int', possible loss of data [C:\Users\hjotha\worktrees\xllama-mtp-fast\uwp\ggml-uwp.vcxproj]
         C:\Users\hjotha\worktrees\xllama-mtp-fast\llama.cpp\ggml\src\ggml-cpu\ops.cpp(5208,30): warning C4244: 'argument': conversion from 'const int64_t' to 'const int', possible loss of data [C:\Users\hjotha\worktrees\xllama-mtp-fast\uwp\ggml-uwp.vcxproj]
         C:\Users\hjotha\worktrees\xllama-mtp-fast\llama.cpp\ggml\src\ggml-cpu\ops.cpp(5488,30): warning C4244: 'initializing': conversion from 'const int64_t' to 'int', possible loss of data [C:\Users\hjotha\worktrees\xllama-mtp-fast\uwp\ggml-uwp.vcxproj]
         C:\Users\hjotha\worktrees\xllama-mtp-fast\llama.cpp\ggml\src\ggml-cpu\ops.cpp(5488,18): warning C4244: 'initializing': conversion from 'const int64_t' to 'const int', possible loss of data [C:\Users\hjotha\worktrees\xllama-mtp-fast\uwp\ggml-uwp.vcxproj]
         C:\Users\hjotha\worktrees\xllama-mtp-fast\llama.cpp\ggml\src\ggml-cpu\ops.cpp(5489,34): warning C4244: 'initializing': conversion from 'int64_t' to 'int', possible loss of data [C:\Users\hjotha\worktrees\xllama-mtp-fast\uwp\ggml-uwp.vcxproj]
         C:\Users\hjotha\worktrees\xllama-mtp-fast\llama.cpp\ggml\src\ggml-cpu\ops.cpp(5489,18): warning C4244: 'initializing': conversion from 'int64_t' to 'const int', possible loss of data [C:\Users\hjotha\worktrees\xllama-mtp-fast\uwp\ggml-uwp.vcxproj]
         C:\Users\hjotha\worktrees\xllama-mtp-fast\llama.cpp\ggml\src\ggml-cpu\ops.cpp(5521,30): warning C4244: 'initializing': conversion from 'const int64_t' to 'int', possible loss of data [C:\Users\hjotha\worktrees\xllama-mtp-fast\uwp\ggml-uwp.vcxproj]
         C:\Users\hjotha\worktrees\xllama-mtp-fast\llama.cpp\ggml\src\ggml-cpu\ops.cpp(5521,18): warning C4244: 'initializing': conversion from 'const int64_t' to 'const int', possible loss of data [C:\Users\hjotha\worktrees\xllama-mtp-fast\uwp\ggml-uwp.vcxproj]
         C:\Users\hjotha\worktrees\xllama-mtp-fast\llama.cpp\ggml\src\ggml-cpu\ops.cpp(5522,34): warning C4244: 'initializing': conversion from 'int64_t' to 'int', possible loss of data [C:\Users\hjotha\worktrees\xllama-mtp-fast\uwp\ggml-uwp.vcxproj]
         C:\Users\hjotha\worktrees\xllama-mtp-fast\llama.cpp\ggml\src\ggml-cpu\ops.cpp(5522,18): warning C4244: 'initializing': conversion from 'int64_t' to 'const int', possible loss of data [C:\Users\hjotha\worktrees\xllama-mtp-fast\uwp\ggml-uwp.vcxproj]
         C:\Users\hjotha\worktrees\xllama-mtp-fast\llama.cpp\ggml\src\ggml-cpu\ops.cpp(5670,30): warning C4244: 'initializing': conversion from 'int64_t' to 'int', possible loss of data [C:\Users\hjotha\worktrees\xllama-mtp-fast\uwp\ggml-uwp.vcxproj]
         C:\Users\hjotha\worktrees\xllama-mtp-fast\llama.cpp\ggml\src\ggml-cpu\ops.cpp(5670,18): warning C4244: 'initializing': conversion from 'int64_t' to 'const int', possible loss of data [C:\Users\hjotha\worktrees\xllama-mtp-fast\uwp\ggml-uwp.vcxproj]
         C:\Users\hjotha\worktrees\xllama-mtp-fast\llama.cpp\ggml\src\ggml-cpu\ops.cpp(5671,30): warning C4244: 'initializing': conversion from 'const int64_t' to 'int', possible loss of data [C:\Users\hjotha\worktrees\xllama-mtp-fast\uwp\ggml-uwp.vcxproj]
         C:\Users\hjotha\worktrees\xllama-mtp-fast\llama.cpp\ggml\src\ggml-cpu\ops.cpp(5671,18): warning C4244: 'initializing': conversion from 'const int64_t' to 'const int', possible loss of data [C:\Users\hjotha\worktrees\xllama-mtp-fast\uwp\ggml-uwp.vcxproj]
         C:\Users\hjotha\worktrees\xllama-mtp-fast\llama.cpp\ggml\src\ggml-cpu\ops.cpp(5672,30): warning C4244: 'initializing': conversion from 'const int64_t' to 'int', possible loss of data [C:\Users\hjotha\worktrees\xllama-mtp-fast\uwp\ggml-uwp.vcxproj]
         C:\Users\hjotha\worktrees\xllama-mtp-fast\llama.cpp\ggml\src\ggml-cpu\ops.cpp(5672,18): warning C4244: 'initializing': conversion from 'const int64_t' to 'const int', possible loss of data [C:\Users\hjotha\worktrees\xllama-mtp-fast\uwp\ggml-uwp.vcxproj]
         C:\Users\hjotha\worktrees\xllama-mtp-fast\llama.cpp\ggml\src\ggml-cpu\ops.cpp(5758,34): warning C4244: 'initializing': conversion from 'const int64_t' to 'uint32_t', possible loss of data [C:\Users\hjotha\worktrees\xllama-mtp-fast\uwp\ggml-uwp.vcxproj]
         C:\Users\hjotha\worktrees\xllama-mtp-fast\llama.cpp\ggml\src\ggml-cpu\ops.cpp(5758,32): warning C4244: 'initializing': conversion from 'const int64_t' to 'const uint32_t', possible loss of data [C:\Users\hjotha\worktrees\xllama-mtp-fast\uwp\ggml-uwp.vcxproj]
         C:\Users\hjotha\worktrees\xllama-mtp-fast\llama.cpp\ggml\src\ggml-cpu\ops.cpp(5779,36): warning C4244: 'initializing': conversion from 'int64_t' to 'uint32_t', possible loss of data [C:\Users\hjotha\worktrees\xllama-mtp-fast\uwp\ggml-uwp.vcxproj]
         C:\Users\hjotha\worktrees\xllama-mtp-fast\llama.cpp\ggml\src\ggml-cpu\ops.cpp(5779,34): warning C4244: 'initializing': conversion from 'int64_t' to 'const uint32_t', possible loss of data [C:\Users\hjotha\worktrees\xllama-mtp-fast\uwp\ggml-uwp.vcxproj]
         C:\Users\hjotha\worktrees\xllama-mtp-fast\llama.cpp\ggml\src\ggml-cpu\ops.cpp(5780,86): warning C4244: 'argument': conversion from 'uint32_t' to 'float', possible loss of data [C:\Users\hjotha\worktrees\xllama-mtp-fast\uwp\ggml-uwp.vcxproj]
         C:\Users\hjotha\worktrees\xllama-mtp-fast\llama.cpp\ggml\src\ggml-cpu\ops.cpp(5780,122): warning C4244: 'argument': conversion from 'uint32_t' to 'float', possible loss of data [C:\Users\hjotha\worktrees\xllama-mtp-fast\uwp\ggml-uwp.vcxproj]
         C:\Users\hjotha\worktrees\xllama-mtp-fast\llama.cpp\ggml\src\ggml-cpu\ops.cpp(5789,36): warning C4244: 'argument': conversion from 'const int64_t' to 'const int', possible loss of data [C:\Users\hjotha\worktrees\xllama-mtp-fast\uwp\ggml-uwp.vcxproj]
         C:\Users\hjotha\worktrees\xllama-mtp-fast\llama.cpp\ggml\src\ggml-cpu\ops.cpp(5790,36): warning C4244: 'argument': conversion from 'const int64_t' to 'const int', possible loss of data [C:\Users\hjotha\worktrees\xllama-mtp-fast\uwp\ggml-uwp.vcxproj]
         C:\Users\hjotha\worktrees\xllama-mtp-fast\llama.cpp\ggml\src\ggml-cpu\ops.cpp(5811,34): warning C4244: 'argument': conversion from 'const int64_t' to 'const int', possible loss of data [C:\Users\hjotha\worktrees\xllama-mtp-fast\uwp\ggml-uwp.vcxproj]
         C:\Users\hjotha\worktrees\xllama-mtp-fast\llama.cpp\ggml\src\ggml-cpu\ops.cpp(5818,56): warning C4244: 'argument': conversion from 'const int64_t' to 'const int', possible loss of data [C:\Users\hjotha\worktrees\xllama-mtp-fast\uwp\ggml-uwp.vcxproj]
         C:\Users\hjotha\worktrees\xllama-mtp-fast\llama.cpp\ggml\src\ggml-cpu\ops.cpp(5826,46): warning C4244: 'argument': conversion from 'ggml_float' to 'const float', possible loss of data [C:\Users\hjotha\worktrees\xllama-mtp-fast\uwp\ggml-uwp.vcxproj]
         C:\Users\hjotha\worktrees\xllama-mtp-fast\llama.cpp\ggml\src\ggml-cpu\ops.cpp(5826,36): warning C4244: 'argument': conversion from 'const int64_t' to 'const int', possible loss of data [C:\Users\hjotha\worktrees\xllama-mtp-fast\uwp\ggml-uwp.vcxproj]
         C:\Users\hjotha\worktrees\xllama-mtp-fast\llama.cpp\ggml\src\ggml-cpu\ops.cpp(5886,30): warning C4244: 'initializing': conversion from 'const int64_t' to 'int', possible loss of data [C:\Users\hjotha\worktrees\xllama-mtp-fast\uwp\ggml-uwp.vcxproj]
         C:\Users\hjotha\worktrees\xllama-mtp-fast\llama.cpp\ggml\src\ggml-cpu\ops.cpp(5886,18): warning C4244: 'initializing': conversion from 'const int64_t' to 'const int', possible loss of data [C:\Users\hjotha\worktrees\xllama-mtp-fast\uwp\ggml-uwp.vcxproj]
         C:\Users\hjotha\worktrees\xllama-mtp-fast\llama.cpp\ggml\src\ggml-cpu\ops.cpp(5887,30): warning C4244: 'initializing': conversion from 'int64_t' to 'int', possible loss of data [C:\Users\hjotha\worktrees\xllama-mtp-fast\uwp\ggml-uwp.vcxproj]
         C:\Users\hjotha\worktrees\xllama-mtp-fast\llama.cpp\ggml\src\ggml-cpu\ops.cpp(5887,18): warning C4244: 'initializing': conversion from 'int64_t' to 'const int', possible loss of data [C:\Users\hjotha\worktrees\xllama-mtp-fast\uwp\ggml-uwp.vcxproj]
         C:\Users\hjotha\worktrees\xllama-mtp-fast\llama.cpp\ggml\src\ggml-cpu\ops.cpp(5978,30): warning C4244: 'initializing': conversion from 'int64_t' to 'int', possible loss of data [C:\Users\hjotha\worktrees\xllama-mtp-fast\uwp\ggml-uwp.vcxproj]
         C:\Users\hjotha\worktrees\xllama-mtp-fast\llama.cpp\ggml\src\ggml-cpu\ops.cpp(5978,18): warning C4244: 'initializing': conversion from 'int64_t' to 'const int', possible loss of data [C:\Users\hjotha\worktrees\xllama-mtp-fast\uwp\ggml-uwp.vcxproj]
         C:\Users\hjotha\worktrees\xllama-mtp-fast\llama.cpp\ggml\src\ggml-cpu\ops.cpp(5979,30): warning C4244: 'initializing': conversion from 'const int64_t' to 'int', possible loss of data [C:\Users\hjotha\worktrees\xllama-mtp-fast\uwp\ggml-uwp.vcxproj]
         C:\Users\hjotha\worktrees\xllama-mtp-fast\llama.cpp\ggml\src\ggml-cpu\ops.cpp(5979,18): warning C4244: 'initializing': conversion from 'const int64_t' to 'const int', possible loss of data [C:\Users\hjotha\worktrees\xllama-mtp-fast\uwp\ggml-uwp.vcxproj]
         C:\Users\hjotha\worktrees\xllama-mtp-fast\llama.cpp\ggml\src\ggml-cpu\ops.cpp(6014,30): warning C4244: 'initializing': conversion from 'int64_t' to 'int', possible loss of data [C:\Users\hjotha\worktrees\xllama-mtp-fast\uwp\ggml-uwp.vcxproj]
         C:\Users\hjotha\worktrees\xllama-mtp-fast\llama.cpp\ggml\src\ggml-cpu\ops.cpp(6014,18): warning C4244: 'initializing': conversion from 'int64_t' to 'const int', possible loss of data [C:\Users\hjotha\worktrees\xllama-mtp-fast\uwp\ggml-uwp.vcxproj]
         C:\Users\hjotha\worktrees\xllama-mtp-fast\llama.cpp\ggml\src\ggml-cpu\ops.cpp(6015,30): warning C4244: 'initializing': conversion from 'const int64_t' to 'int', possible loss of data [C:\Users\hjotha\worktrees\xllama-mtp-fast\uwp\ggml-uwp.vcxproj]
         C:\Users\hjotha\worktrees\xllama-mtp-fast\llama.cpp\ggml\src\ggml-cpu\ops.cpp(6015,18): warning C4244: 'initializing': conversion from 'const int64_t' to 'const int', possible loss of data [C:\Users\hjotha\worktrees\xllama-mtp-fast\uwp\ggml-uwp.vcxproj]
         C:\Users\hjotha\worktrees\xllama-mtp-fast\llama.cpp\ggml\src\ggml-cpu\ops.cpp(6116,69): warning C4244: 'argument': conversion from 'int64_t' to 'const int', possible loss of data [C:\Users\hjotha\worktrees\xllama-mtp-fast\uwp\ggml-uwp.vcxproj]
         C:\Users\hjotha\worktrees\xllama-mtp-fast\llama.cpp\ggml\src\ggml-cpu\ops.cpp(6463,29): warning C4244: 'initializing': conversion from 'int64_t' to 'int', possible loss of data [C:\Users\hjotha\worktrees\xllama-mtp-fast\uwp\ggml-uwp.vcxproj]
         C:\Users\hjotha\worktrees\xllama-mtp-fast\llama.cpp\ggml\src\ggml-cpu\ops.cpp(6463,18): warning C4244: 'initializing': conversion from 'int64_t' to 'const int', possible loss of data [C:\Users\hjotha\worktrees\xllama-mtp-fast\uwp\ggml-uwp.vcxproj]
         C:\Users\hjotha\worktrees\xllama-mtp-fast\llama.cpp\ggml\src\ggml-cpu\ops.cpp(6507,20): warning C4244: 'initializing': conversion from 'const int64_t' to 'int', possible loss of data [C:\Users\hjotha\worktrees\xllama-mtp-fast\uwp\ggml-uwp.vcxproj]
         C:\Users\hjotha\worktrees\xllama-mtp-fast\llama.cpp\ggml\src\ggml-cpu\ops.cpp(6507,18): warning C4244: 'initializing': conversion from 'const int64_t' to 'const int', possible loss of data [C:\Users\hjotha\worktrees\xllama-mtp-fast\uwp\ggml-uwp.vcxproj]
         C:\Users\hjotha\worktrees\xllama-mtp-fast\llama.cpp\ggml\src\ggml-cpu\ops.cpp(6523,32): warning C4244: 'initializing': conversion from 'int64_t' to 'int', possible loss of data [C:\Users\hjotha\worktrees\xllama-mtp-fast\uwp\ggml-uwp.vcxproj]
         C:\Users\hjotha\worktrees\xllama-mtp-fast\llama.cpp\ggml\src\ggml-cpu\ops.cpp(6523,27): warning C4244: 'initializing': conversion from 'int64_t' to 'const int', possible loss of data [C:\Users\hjotha\worktrees\xllama-mtp-fast\uwp\ggml-uwp.vcxproj]
         C:\Users\hjotha\worktrees\xllama-mtp-fast\llama.cpp\ggml\src\ggml-cpu\ops.cpp(6526,34): warning C4244: 'argument': conversion from 'const int64_t' to 'int', possible loss of data [C:\Users\hjotha\worktrees\xllama-mtp-fast\uwp\ggml-uwp.vcxproj]
         C:\Users\hjotha\worktrees\xllama-mtp-fast\llama.cpp\ggml\src\ggml-cpu\ops.cpp(6551,29): warning C4244: 'initializing': conversion from 'int64_t' to 'int', possible loss of data [C:\Users\hjotha\worktrees\xllama-mtp-fast\uwp\ggml-uwp.vcxproj]
         C:\Users\hjotha\worktrees\xllama-mtp-fast\llama.cpp\ggml\src\ggml-cpu\ops.cpp(6551,18): warning C4244: 'initializing': conversion from 'int64_t' to 'const int', possible loss of data [C:\Users\hjotha\worktrees\xllama-mtp-fast\uwp\ggml-uwp.vcxproj]
         C:\Users\hjotha\worktrees\xllama-mtp-fast\llama.cpp\ggml\src\ggml-cpu\ops.cpp(6595,20): warning C4244: 'initializing': conversion from 'const int64_t' to 'int', possible loss of data [C:\Users\hjotha\worktrees\xllama-mtp-fast\uwp\ggml-uwp.vcxproj]
         C:\Users\hjotha\worktrees\xllama-mtp-fast\llama.cpp\ggml\src\ggml-cpu\ops.cpp(6595,18): warning C4244: 'initializing': conversion from 'const int64_t' to 'const int', possible loss of data [C:\Users\hjotha\worktrees\xllama-mtp-fast\uwp\ggml-uwp.vcxproj]
         C:\Users\hjotha\worktrees\xllama-mtp-fast\llama.cpp\ggml\src\ggml-cpu\ops.cpp(6611,32): warning C4244: 'initializing': conversion from 'int64_t' to 'int', possible loss of data [C:\Users\hjotha\worktrees\xllama-mtp-fast\uwp\ggml-uwp.vcxproj]
         C:\Users\hjotha\worktrees\xllama-mtp-fast\llama.cpp\ggml\src\ggml-cpu\ops.cpp(6611,27): warning C4244: 'initializing': conversion from 'int64_t' to 'const int', possible loss of data [C:\Users\hjotha\worktrees\xllama-mtp-fast\uwp\ggml-uwp.vcxproj]
         C:\Users\hjotha\worktrees\xllama-mtp-fast\llama.cpp\ggml\src\ggml-cpu\ops.cpp(6614,34): warning C4244: 'argument': conversion from 'const int64_t' to 'int', possible loss of data [C:\Users\hjotha\worktrees\xllama-mtp-fast\uwp\ggml-uwp.vcxproj]
         C:\Users\hjotha\worktrees\xllama-mtp-fast\llama.cpp\ggml\src\ggml-cpu\ops.cpp(6683,14): warning C4267: 'initializing': conversion from 'size_t' to 'int', possible loss of data [C:\Users\hjotha\worktrees\xllama-mtp-fast\uwp\ggml-uwp.vcxproj]
         C:\Users\hjotha\worktrees\xllama-mtp-fast\llama.cpp\ggml\src\ggml-cpu\ops.cpp(6684,14): warning C4267: 'initializing': conversion from 'size_t' to 'int', possible loss of data [C:\Users\hjotha\worktrees\xllama-mtp-fast\uwp\ggml-uwp.vcxproj]
         C:\Users\hjotha\worktrees\xllama-mtp-fast\llama.cpp\ggml\src\ggml-cpu\ops.cpp(6759,14): warning C4267: 'initializing': conversion from 'size_t' to 'int', possible loss of data [C:\Users\hjotha\worktrees\xllama-mtp-fast\uwp\ggml-uwp.vcxproj]
         C:\Users\hjotha\worktrees\xllama-mtp-fast\llama.cpp\ggml\src\ggml-cpu\ops.cpp(6760,14): warning C4267: 'initializing': conversion from 'size_t' to 'int', possible loss of data [C:\Users\hjotha\worktrees\xllama-mtp-fast\uwp\ggml-uwp.vcxproj]
         C:\Users\hjotha\worktrees\xllama-mtp-fast\llama.cpp\ggml\src\ggml-cpu\ops.cpp(6861,14): warning C4267: 'initializing': conversion from 'size_t' to 'int', possible loss of data [C:\Users\hjotha\worktrees\xllama-mtp-fast\uwp\ggml-uwp.vcxproj]
         C:\Users\hjotha\worktrees\xllama-mtp-fast\llama.cpp\ggml\src\ggml-cpu\ops.cpp(6862,14): warning C4267: 'initializing': conversion from 'size_t' to 'int', possible loss of data [C:\Users\hjotha\worktrees\xllama-mtp-fast\uwp\ggml-uwp.vcxproj]
         C:\Users\hjotha\worktrees\xllama-mtp-fast\llama.cpp\ggml\src\ggml-cpu\ops.cpp(8167,36): warning C4244: 'initializing': conversion from 'float' to 'int64_t', possible loss of data [C:\Users\hjotha\worktrees\xllama-mtp-fast\uwp\ggml-uwp.vcxproj]
         C:\Users\hjotha\worktrees\xllama-mtp-fast\llama.cpp\ggml\src\ggml-cpu\ops.cpp(8167,31): warning C4244: 'initializing': conversion from 'float' to 'const int64_t', possible loss of data [C:\Users\hjotha\worktrees\xllama-mtp-fast\uwp\ggml-uwp.vcxproj]
         C:\Users\hjotha\worktrees\xllama-mtp-fast\llama.cpp\ggml\src\ggml-cpu\ops.cpp(8169,40): warning C4244: 'initializing': conversion from 'float' to 'int64_t', possible loss of data [C:\Users\hjotha\worktrees\xllama-mtp-fast\uwp\ggml-uwp.vcxproj]
         C:\Users\hjotha\worktrees\xllama-mtp-fast\llama.cpp\ggml\src\ggml-cpu\ops.cpp(8169,35): warning C4244: 'initializing': conversion from 'float' to 'const int64_t', possible loss of data [C:\Users\hjotha\worktrees\xllama-mtp-fast\uwp\ggml-uwp.vcxproj]
         C:\Users\hjotha\worktrees\xllama-mtp-fast\llama.cpp\ggml\src\ggml-cpu\ops.cpp(8171,44): warning C4244: 'initializing': conversion from 'float' to 'int64_t', possible loss of data [C:\Users\hjotha\worktrees\xllama-mtp-fast\uwp\ggml-uwp.vcxproj]
         C:\Users\hjotha\worktrees\xllama-mtp-fast\llama.cpp\ggml\src\ggml-cpu\ops.cpp(8171,39): warning C4244: 'initializing': conversion from 'float' to 'const int64_t', possible loss of data [C:\Users\hjotha\worktrees\xllama-mtp-fast\uwp\ggml-uwp.vcxproj]
         C:\Users\hjotha\worktrees\xllama-mtp-fast\llama.cpp\ggml\src\ggml-cpu\ops.cpp(8173,48): warning C4244: 'initializing': conversion from 'float' to 'int64_t', possible loss of data [C:\Users\hjotha\worktrees\xllama-mtp-fast\uwp\ggml-uwp.vcxproj]
         C:\Users\hjotha\worktrees\xllama-mtp-fast\llama.cpp\ggml\src\ggml-cpu\ops.cpp(8173,43): warning C4244: 'initializing': conversion from 'float' to 'const int64_t', possible loss of data [C:\Users\hjotha\worktrees\xllama-mtp-fast\uwp\ggml-uwp.vcxproj]
         C:\Users\hjotha\worktrees\xllama-mtp-fast\llama.cpp\ggml\src\ggml-cpu\ops.cpp(8197,36): warning C4244: 'initializing': conversion from 'float' to 'int64_t', possible loss of data [C:\Users\hjotha\worktrees\xllama-mtp-fast\uwp\ggml-uwp.vcxproj]
         C:\Users\hjotha\worktrees\xllama-mtp-fast\llama.cpp\ggml\src\ggml-cpu\ops.cpp(8197,31): warning C4244: 'initializing': conversion from 'float' to 'const int64_t', possible loss of data [C:\Users\hjotha\worktrees\xllama-mtp-fast\uwp\ggml-uwp.vcxproj]
         C:\Users\hjotha\worktrees\xllama-mtp-fast\llama.cpp\ggml\src\ggml-cpu\ops.cpp(8199,40): warning C4244: 'initializing': conversion from 'float' to 'int64_t', possible loss of data [C:\Users\hjotha\worktrees\xllama-mtp-fast\uwp\ggml-uwp.vcxproj]
         C:\Users\hjotha\worktrees\xllama-mtp-fast\llama.cpp\ggml\src\ggml-cpu\ops.cpp(8199,35): warning C4244: 'initializing': conversion from 'float' to 'const int64_t', possible loss of data [C:\Users\hjotha\worktrees\xllama-mtp-fast\uwp\ggml-uwp.vcxproj]
         C:\Users\hjotha\worktrees\xllama-mtp-fast\llama.cpp\ggml\src\ggml-cpu\ops.cpp(8206,78): warning C4244: 'argument': conversion from 'float' to 'const _Ty', possible loss of data [C:\Users\hjotha\worktrees\xllama-mtp-fast\uwp\ggml-uwp.vcxproj]
       C:\Users\hjotha\worktrees\xllama-mtp-fast\llama.cpp\ggml\src\ggml-cpu\ops.cpp(8206,78): warning C4244:         with [C:\Users\hjotha\worktrees\xllama-mtp-fast\uwp\ggml-uwp.vcxproj]
       C:\Users\hjotha\worktrees\xllama-mtp-fast\llama.cpp\ggml\src\ggml-cpu\ops.cpp(8206,78): warning C4244:         [ [C:\Users\hjotha\worktrees\xllama-mtp-fast\uwp\ggml-uwp.vcxproj]
       C:\Users\hjotha\worktrees\xllama-mtp-fast\llama.cpp\ggml\src\ggml-cpu\ops.cpp(8206,78): warning C4244:             _Ty=int64_t [C:\Users\hjotha\worktrees\xllama-mtp-fast\uwp\ggml-uwp.vcxproj]
       C:\Users\hjotha\worktrees\xllama-mtp-fast\llama.cpp\ggml\src\ggml-cpu\ops.cpp(8206,78): warning C4244:         ] [C:\Users\hjotha\worktrees\xllama-mtp-fast\uwp\ggml-uwp.vcxproj]
         C:\Users\hjotha\worktrees\xllama-mtp-fast\llama.cpp\ggml\src\ggml-cpu\ops.cpp(8207,78): warning C4244: 'argument': conversion from 'float' to 'const _Ty', possible loss of data [C:\Users\hjotha\worktrees\xllama-mtp-fast\uwp\ggml-uwp.vcxproj]
       C:\Users\hjotha\worktrees\xllama-mtp-fast\llama.cpp\ggml\src\ggml-cpu\ops.cpp(8207,78): warning C4244:         with [C:\Users\hjotha\worktrees\xllama-mtp-fast\uwp\ggml-uwp.vcxproj]
       C:\Users\hjotha\worktrees\xllama-mtp-fast\llama.cpp\ggml\src\ggml-cpu\ops.cpp(8207,78): warning C4244:         [ [C:\Users\hjotha\worktrees\xllama-mtp-fast\uwp\ggml-uwp.vcxproj]
       C:\Users\hjotha\worktrees\xllama-mtp-fast\llama.cpp\ggml\src\ggml-cpu\ops.cpp(8207,78): warning C4244:             _Ty=int64_t [C:\Users\hjotha\worktrees\xllama-mtp-fast\uwp\ggml-uwp.vcxproj]
       C:\Users\hjotha\worktrees\xllama-mtp-fast\llama.cpp\ggml\src\ggml-cpu\ops.cpp(8207,78): warning C4244:         ] [C:\Users\hjotha\worktrees\xllama-mtp-fast\uwp\ggml-uwp.vcxproj]
         C:\Users\hjotha\worktrees\xllama-mtp-fast\llama.cpp\ggml\src\ggml-cpu\ops.cpp(8208,78): warning C4244: 'argument': conversion from 'float' to 'const _Ty', possible loss of data [C:\Users\hjotha\worktrees\xllama-mtp-fast\uwp\ggml-uwp.vcxproj]
       C:\Users\hjotha\worktrees\xllama-mtp-fast\llama.cpp\ggml\src\ggml-cpu\ops.cpp(8208,78): warning C4244:         with [C:\Users\hjotha\worktrees\xllama-mtp-fast\uwp\ggml-uwp.vcxproj]
       C:\Users\hjotha\worktrees\xllama-mtp-fast\llama.cpp\ggml\src\ggml-cpu\ops.cpp(8208,78): warning C4244:         [ [C:\Users\hjotha\worktrees\xllama-mtp-fast\uwp\ggml-uwp.vcxproj]
       C:\Users\hjotha\worktrees\xllama-mtp-fast\llama.cpp\ggml\src\ggml-cpu\ops.cpp(8208,78): warning C4244:             _Ty=int64_t [C:\Users\hjotha\worktrees\xllama-mtp-fast\uwp\ggml-uwp.vcxproj]
       C:\Users\hjotha\worktrees\xllama-mtp-fast\llama.cpp\ggml\src\ggml-cpu\ops.cpp(8208,78): warning C4244:         ] [C:\Users\hjotha\worktrees\xllama-mtp-fast\uwp\ggml-uwp.vcxproj]
         C:\Users\hjotha\worktrees\xllama-mtp-fast\llama.cpp\ggml\src\ggml-cpu\ops.cpp(8209,78): warning C4244: 'argument': conversion from 'float' to 'const _Ty', possible loss of data [C:\Users\hjotha\worktrees\xllama-mtp-fast\uwp\ggml-uwp.vcxproj]
       C:\Users\hjotha\worktrees\xllama-mtp-fast\llama.cpp\ggml\src\ggml-cpu\ops.cpp(8209,78): warning C4244:         with [C:\Users\hjotha\worktrees\xllama-mtp-fast\uwp\ggml-uwp.vcxproj]
       C:\Users\hjotha\worktrees\xllama-mtp-fast\llama.cpp\ggml\src\ggml-cpu\ops.cpp(8209,78): warning C4244:         [ [C:\Users\hjotha\worktrees\xllama-mtp-fast\uwp\ggml-uwp.vcxproj]
       C:\Users\hjotha\worktrees\xllama-mtp-fast\llama.cpp\ggml\src\ggml-cpu\ops.cpp(8209,78): warning C4244:             _Ty=int64_t [C:\Users\hjotha\worktrees\xllama-mtp-fast\uwp\ggml-uwp.vcxproj]
       C:\Users\hjotha\worktrees\xllama-mtp-fast\llama.cpp\ggml\src\ggml-cpu\ops.cpp(8209,78): warning C4244:         ] [C:\Users\hjotha\worktrees\xllama-mtp-fast\uwp\ggml-uwp.vcxproj]
         C:\Users\hjotha\worktrees\xllama-mtp-fast\llama.cpp\ggml\src\ggml-cpu\ops.cpp(8244,36): warning C4244: 'initializing': conversion from 'float' to 'int64_t', possible loss of data [C:\Users\hjotha\worktrees\xllama-mtp-fast\uwp\ggml-uwp.vcxproj]
         C:\Users\hjotha\worktrees\xllama-mtp-fast\llama.cpp\ggml\src\ggml-cpu\ops.cpp(8244,31): warning C4244: 'initializing': conversion from 'float' to 'const int64_t', possible loss of data [C:\Users\hjotha\worktrees\xllama-mtp-fast\uwp\ggml-uwp.vcxproj]
         C:\Users\hjotha\worktrees\xllama-mtp-fast\llama.cpp\ggml\src\ggml-cpu\ops.cpp(8246,40): warning C4244: 'initializing': conversion from 'float' to 'int64_t', possible loss of data [C:\Users\hjotha\worktrees\xllama-mtp-fast\uwp\ggml-uwp.vcxproj]
         C:\Users\hjotha\worktrees\xllama-mtp-fast\llama.cpp\ggml\src\ggml-cpu\ops.cpp(8246,35): warning C4244: 'initializing': conversion from 'float' to 'const int64_t', possible loss of data [C:\Users\hjotha\worktrees\xllama-mtp-fast\uwp\ggml-uwp.vcxproj]
         C:\Users\hjotha\worktrees\xllama-mtp-fast\llama.cpp\ggml\src\ggml-cpu\ops.cpp(8297,36): warning C4244: 'initializing': conversion from 'float' to 'int64_t', possible loss of data [C:\Users\hjotha\worktrees\xllama-mtp-fast\uwp\ggml-uwp.vcxproj]
         C:\Users\hjotha\worktrees\xllama-mtp-fast\llama.cpp\ggml\src\ggml-cpu\ops.cpp(8297,31): warning C4244: 'initializing': conversion from 'float' to 'const int64_t', possible loss of data [C:\Users\hjotha\worktrees\xllama-mtp-fast\uwp\ggml-uwp.vcxproj]
         C:\Users\hjotha\worktrees\xllama-mtp-fast\llama.cpp\ggml\src\ggml-cpu\ops.cpp(8299,40): warning C4244: 'initializing': conversion from 'float' to 'int64_t', possible loss of data [C:\Users\hjotha\worktrees\xllama-mtp-fast\uwp\ggml-uwp.vcxproj]
         C:\Users\hjotha\worktrees\xllama-mtp-fast\llama.cpp\ggml\src\ggml-cpu\ops.cpp(8299,35): warning C4244: 'initializing': conversion from 'float' to 'const int64_t', possible loss of data [C:\Users\hjotha\worktrees\xllama-mtp-fast\uwp\ggml-uwp.vcxproj]
         C:\Users\hjotha\worktrees\xllama-mtp-fast\llama.cpp\ggml\src\ggml-cpu\ops.cpp(8467,34): warning C4244: 'argument': conversion from 'const int64_t' to 'const int', possible loss of data [C:\Users\hjotha\worktrees\xllama-mtp-fast\uwp\ggml-uwp.vcxproj]
         C:\Users\hjotha\worktrees\xllama-mtp-fast\llama.cpp\ggml\src\ggml-cpu\ops.cpp(8520,26): warning C4244: 'argument': conversion from 'const int64_t' to 'const int', possible loss of data [C:\Users\hjotha\worktrees\xllama-mtp-fast\uwp\ggml-uwp.vcxproj]
         C:\Users\hjotha\worktrees\xllama-mtp-fast\llama.cpp\ggml\src\ggml-cpu\ops.cpp(8521,26): warning C4244: 'argument': conversion from 'const int64_t' to 'const int', possible loss of data [C:\Users\hjotha\worktrees\xllama-mtp-fast\uwp\ggml-uwp.vcxproj]
         C:\Users\hjotha\worktrees\xllama-mtp-fast\llama.cpp\ggml\src\ggml-cpu\ops.cpp(8605,44): warning C4244: 'argument': conversion from 'const int' to 'float', possible loss of data [C:\Users\hjotha\worktrees\xllama-mtp-fast\uwp\ggml-uwp.vcxproj]
         C:\Users\hjotha\worktrees\xllama-mtp-fast\llama.cpp\ggml\src\ggml-cpu\ops.cpp(8671,27): warning C4244: '=': conversion from 'int64_t' to 'int32_t', possible loss of data [C:\Users\hjotha\worktrees\xllama-mtp-fast\uwp\ggml-uwp.vcxproj]
         C:\Users\hjotha\worktrees\xllama-mtp-fast\llama.cpp\ggml\src\ggml-cpu\ops.cpp(8731,23): warning C4244: 'initializing': conversion from 'const int64_t' to 'int', possible loss of data [C:\Users\hjotha\worktrees\xllama-mtp-fast\uwp\ggml-uwp.vcxproj]
         C:\Users\hjotha\worktrees\xllama-mtp-fast\llama.cpp\ggml\src\ggml-cpu\ops.cpp(8731,21): warning C4244: 'initializing': conversion from 'const int64_t' to 'const int', possible loss of data [C:\Users\hjotha\worktrees\xllama-mtp-fast\uwp\ggml-uwp.vcxproj]
         C:\Users\hjotha\worktrees\xllama-mtp-fast\llama.cpp\ggml\src\ggml-cpu\ops.cpp(8739,22): warning C4244: '=': conversion from 'int64_t' to 'int32_t', possible loss of data [C:\Users\hjotha\worktrees\xllama-mtp-fast\uwp\ggml-uwp.vcxproj]
         C:\Users\hjotha\worktrees\xllama-mtp-fast\llama.cpp\ggml\src\ggml-cpu\ops.cpp(8845,34): warning C4244: 'initializing': conversion from 'const int64_t' to 'uint32_t', possible loss of data [C:\Users\hjotha\worktrees\xllama-mtp-fast\uwp\ggml-uwp.vcxproj]
         C:\Users\hjotha\worktrees\xllama-mtp-fast\llama.cpp\ggml\src\ggml-cpu\ops.cpp(8845,32): warning C4244: 'initializing': conversion from 'const int64_t' to 'const uint32_t', possible loss of data [C:\Users\hjotha\worktrees\xllama-mtp-fast\uwp\ggml-uwp.vcxproj]
         C:\Users\hjotha\worktrees\xllama-mtp-fast\llama.cpp\ggml\src\ggml-cpu\ops.cpp(8863,27): warning C4244: 'initializing': conversion from 'int64_t' to 'int', possible loss of data [C:\Users\hjotha\worktrees\xllama-mtp-fast\uwp\ggml-uwp.vcxproj]
         C:\Users\hjotha\worktrees\xllama-mtp-fast\llama.cpp\ggml\src\ggml-cpu\ops.cpp(8863,23): warning C4244: 'initializing': conversion from 'int64_t' to 'const int', possible loss of data [C:\Users\hjotha\worktrees\xllama-mtp-fast\uwp\ggml-uwp.vcxproj]
         C:\Users\hjotha\worktrees\xllama-mtp-fast\llama.cpp\ggml\src\ggml-cpu\ops.cpp(8864,45): warning C4244: 'initializing': conversion from 'int64_t' to 'int', possible loss of data [C:\Users\hjotha\worktrees\xllama-mtp-fast\uwp\ggml-uwp.vcxproj]
         C:\Users\hjotha\worktrees\xllama-mtp-fast\llama.cpp\ggml\src\ggml-cpu\ops.cpp(8864,23): warning C4244: 'initializing': conversion from 'int64_t' to 'const int', possible loss of data [C:\Users\hjotha\worktrees\xllama-mtp-fast\uwp\ggml-uwp.vcxproj]
         C:\Users\hjotha\worktrees\xllama-mtp-fast\llama.cpp\ggml\src\ggml-cpu\ops.cpp(8865,45): warning C4244: 'initializing': conversion from 'int64_t' to 'int', possible loss of data [C:\Users\hjotha\worktrees\xllama-mtp-fast\uwp\ggml-uwp.vcxproj]
         C:\Users\hjotha\worktrees\xllama-mtp-fast\llama.cpp\ggml\src\ggml-cpu\ops.cpp(8865,23): warning C4244: 'initializing': conversion from 'int64_t' to 'const int', possible loss of data [C:\Users\hjotha\worktrees\xllama-mtp-fast\uwp\ggml-uwp.vcxproj]
         C:\Users\hjotha\worktrees\xllama-mtp-fast\llama.cpp\ggml\src\ggml-cpu\ops.cpp(8868,78): warning C4244: 'argument': conversion from 'uint32_t' to 'float', possible loss of data [C:\Users\hjotha\worktrees\xllama-mtp-fast\uwp\ggml-uwp.vcxproj]
         C:\Users\hjotha\worktrees\xllama-mtp-fast\llama.cpp\ggml\src\ggml-cpu\ops.cpp(8868,114): warning C4244: 'argument': conversion from 'uint32_t' to 'float', possible loss of data [C:\Users\hjotha\worktrees\xllama-mtp-fast\uwp\ggml-uwp.vcxproj]
         C:\Users\hjotha\worktrees\xllama-mtp-fast\llama.cpp\ggml\src\ggml-cpu\ops.cpp(8887,29): warning C4244: 'initializing': conversion from 'int64_t' to 'int', possible loss of data [C:\Users\hjotha\worktrees\xllama-mtp-fast\uwp\ggml-uwp.vcxproj]
         C:\Users\hjotha\worktrees\xllama-mtp-fast\llama.cpp\ggml\src\ggml-cpu\ops.cpp(8887,23): warning C4244: 'initializing': conversion from 'int64_t' to 'const int', possible loss of data [C:\Users\hjotha\worktrees\xllama-mtp-fast\uwp\ggml-uwp.vcxproj]
         C:\Users\hjotha\worktrees\xllama-mtp-fast\llama.cpp\ggml\src\ggml-cpu\ops.cpp(8888,29): warning C4244: 'initializing': conversion from 'int64_t' to 'int', possible loss of data [C:\Users\hjotha\worktrees\xllama-mtp-fast\uwp\ggml-uwp.vcxproj]
         C:\Users\hjotha\worktrees\xllama-mtp-fast\llama.cpp\ggml\src\ggml-cpu\ops.cpp(8888,23): warning C4244: 'initializing': conversion from 'int64_t' to 'const int', possible loss of data [C:\Users\hjotha\worktrees\xllama-mtp-fast\uwp\ggml-uwp.vcxproj]
         C:\Users\hjotha\worktrees\xllama-mtp-fast\llama.cpp\ggml\src\ggml-cpu\ops.cpp(8891,29): warning C4244: 'initializing': conversion from 'int64_t' to 'int', possible loss of data [C:\Users\hjotha\worktrees\xllama-mtp-fast\uwp\ggml-uwp.vcxproj]
         C:\Users\hjotha\worktrees\xllama-mtp-fast\llama.cpp\ggml\src\ggml-cpu\ops.cpp(8891,23): warning C4244: 'initializing': conversion from 'int64_t' to 'const int', possible loss of data [C:\Users\hjotha\worktrees\xllama-mtp-fast\uwp\ggml-uwp.vcxproj]
         C:\Users\hjotha\worktrees\xllama-mtp-fast\llama.cpp\ggml\src\ggml-cpu\ops.cpp(8892,29): warning C4244: 'initializing': conversion from 'int64_t' to 'int', possible loss of data [C:\Users\hjotha\worktrees\xllama-mtp-fast\uwp\ggml-uwp.vcxproj]
         C:\Users\hjotha\worktrees\xllama-mtp-fast\llama.cpp\ggml\src\ggml-cpu\ops.cpp(8892,23): warning C4244: 'initializing': conversion from 'int64_t' to 'const int', possible loss of data [C:\Users\hjotha\worktrees\xllama-mtp-fast\uwp\ggml-uwp.vcxproj]
         C:\Users\hjotha\worktrees\xllama-mtp-fast\llama.cpp\ggml\src\ggml-cpu\ops.cpp(8910,24): warning C4244: 'argument': conversion from 'const int64_t' to 'int', possible loss of data [C:\Users\hjotha\worktrees\xllama-mtp-fast\uwp\ggml-uwp.vcxproj]
         C:\Users\hjotha\worktrees\xllama-mtp-fast\llama.cpp\ggml\src\ggml-cpu\ops.cpp(8934,40): warning C4244: 'argument': conversion from 'const int64_t' to 'const int', possible loss of data [C:\Users\hjotha\worktrees\xllama-mtp-fast\uwp\ggml-uwp.vcxproj]
         C:\Users\hjotha\worktrees\xllama-mtp-fast\llama.cpp\ggml\src\ggml-cpu\ops.cpp(8941,34): warning C4244: 'argument': conversion from 'const int64_t' to 'const int', possible loss of data [C:\Users\hjotha\worktrees\xllama-mtp-fast\uwp\ggml-uwp.vcxproj]
         C:\Users\hjotha\worktrees\xllama-mtp-fast\llama.cpp\ggml\src\ggml-cpu\ops.cpp(8949,40): warning C4244: 'argument': conversion from 'const int64_t' to 'const int', possible loss of data [C:\Users\hjotha\worktrees\xllama-mtp-fast\uwp\ggml-uwp.vcxproj]
         C:\Users\hjotha\worktrees\xllama-mtp-fast\llama.cpp\ggml\src\ggml-cpu\ops.cpp(8958,38): warning C4244: 'argument': conversion from 'const int64_t' to 'const int', possible loss of data [C:\Users\hjotha\worktrees\xllama-mtp-fast\uwp\ggml-uwp.vcxproj]
         C:\Users\hjotha\worktrees\xllama-mtp-fast\llama.cpp\ggml\src\ggml-cpu\ops.cpp(8961,38): warning C4244: 'argument': conversion from 'const int64_t' to 'const int', possible loss of data [C:\Users\hjotha\worktrees\xllama-mtp-fast\uwp\ggml-uwp.vcxproj]
         C:\Users\hjotha\worktrees\xllama-mtp-fast\llama.cpp\ggml\src\ggml-cpu\ops.cpp(8984,36): warning C4244: 'argument': conversion from 'const int64_t' to 'const int', possible loss of data [C:\Users\hjotha\worktrees\xllama-mtp-fast\uwp\ggml-uwp.vcxproj]
         C:\Users\hjotha\worktrees\xllama-mtp-fast\llama.cpp\ggml\src\ggml-cpu\ops.cpp(9002,32): warning C4244: 'argument': conversion from 'const int64_t' to 'const int', possible loss of data [C:\Users\hjotha\worktrees\xllama-mtp-fast\uwp\ggml-uwp.vcxproj]
         C:\Users\hjotha\worktrees\xllama-mtp-fast\llama.cpp\ggml\src\ggml-cpu\ops.cpp(9081,34): warning C4244: 'initializing': conversion from 'const int64_t' to 'uint32_t', possible loss of data [C:\Users\hjotha\worktrees\xllama-mtp-fast\uwp\ggml-uwp.vcxproj]
         C:\Users\hjotha\worktrees\xllama-mtp-fast\llama.cpp\ggml\src\ggml-cpu\ops.cpp(9081,32): warning C4244: 'initializing': conversion from 'const int64_t' to 'const uint32_t', possible loss of data [C:\Users\hjotha\worktrees\xllama-mtp-fast\uwp\ggml-uwp.vcxproj]
         C:\Users\hjotha\worktrees\xllama-mtp-fast\llama.cpp\ggml\src\ggml-cpu\ops.cpp(9095,27): warning C4244: 'initializing': conversion from 'int64_t' to 'int', possible loss of data [C:\Users\hjotha\worktrees\xllama-mtp-fast\uwp\ggml-uwp.vcxproj]
         C:\Users\hjotha\worktrees\xllama-mtp-fast\llama.cpp\ggml\src\ggml-cpu\ops.cpp(9095,23): warning C4244: 'initializing': conversion from 'int64_t' to 'const int', possible loss of data [C:\Users\hjotha\worktrees\xllama-mtp-fast\uwp\ggml-uwp.vcxproj]
         C:\Users\hjotha\worktrees\xllama-mtp-fast\llama.cpp\ggml\src\ggml-cpu\ops.cpp(9096,45): warning C4244: 'initializing': conversion from 'int64_t' to 'int', possible loss of data [C:\Users\hjotha\worktrees\xllama-mtp-fast\uwp\ggml-uwp.vcxproj]
         C:\Users\hjotha\worktrees\xllama-mtp-fast\llama.cpp\ggml\src\ggml-cpu\ops.cpp(9096,23): warning C4244: 'initializing': conversion from 'int64_t' to 'const int', possible loss of data [C:\Users\hjotha\worktrees\xllama-mtp-fast\uwp\ggml-uwp.vcxproj]
         C:\Users\hjotha\worktrees\xllama-mtp-fast\llama.cpp\ggml\src\ggml-cpu\ops.cpp(9097,45): warning C4244: 'initializing': conversion from 'int64_t' to 'int', possible loss of data [C:\Users\hjotha\worktrees\xllama-mtp-fast\uwp\ggml-uwp.vcxproj]
         C:\Users\hjotha\worktrees\xllama-mtp-fast\llama.cpp\ggml\src\ggml-cpu\ops.cpp(9097,23): warning C4244: 'initializing': conversion from 'int64_t' to 'const int', possible loss of data [C:\Users\hjotha\worktrees\xllama-mtp-fast\uwp\ggml-uwp.vcxproj]
         C:\Users\hjotha\worktrees\xllama-mtp-fast\llama.cpp\ggml\src\ggml-cpu\ops.cpp(9107,78): warning C4244: 'argument': conversion from 'uint32_t' to 'float', possible loss of data [C:\Users\hjotha\worktrees\xllama-mtp-fast\uwp\ggml-uwp.vcxproj]
         C:\Users\hjotha\worktrees\xllama-mtp-fast\llama.cpp\ggml\src\ggml-cpu\ops.cpp(9107,114): warning C4244: 'argument': conversion from 'uint32_t' to 'float', possible loss of data [C:\Users\hjotha\worktrees\xllama-mtp-fast\uwp\ggml-uwp.vcxproj]
         C:\Users\hjotha\worktrees\xllama-mtp-fast\llama.cpp\ggml\src\ggml-cpu\ops.cpp(9137,29): warning C4244: 'initializing': conversion from 'int64_t' to 'int', possible loss of data [C:\Users\hjotha\worktrees\xllama-mtp-fast\uwp\ggml-uwp.vcxproj]
         C:\Users\hjotha\worktrees\xllama-mtp-fast\llama.cpp\ggml\src\ggml-cpu\ops.cpp(9137,23): warning C4244: 'initializing': conversion from 'int64_t' to 'const int', possible loss of data [C:\Users\hjotha\worktrees\xllama-mtp-fast\uwp\ggml-uwp.vcxproj]
         C:\Users\hjotha\worktrees\xllama-mtp-fast\llama.cpp\ggml\src\ggml-cpu\ops.cpp(9138,29): warning C4244: 'initializing': conversion from 'int64_t' to 'int', possible loss of data [C:\Users\hjotha\worktrees\xllama-mtp-fast\uwp\ggml-uwp.vcxproj]
         C:\Users\hjotha\worktrees\xllama-mtp-fast\llama.cpp\ggml\src\ggml-cpu\ops.cpp(9138,23): warning C4244: 'initializing': conversion from 'int64_t' to 'const int', possible loss of data [C:\Users\hjotha\worktrees\xllama-mtp-fast\uwp\ggml-uwp.vcxproj]
         C:\Users\hjotha\worktrees\xllama-mtp-fast\llama.cpp\ggml\src\ggml-cpu\ops.cpp(9141,29): warning C4244: 'initializing': conversion from 'int64_t' to 'int', possible loss of data [C:\Users\hjotha\worktrees\xllama-mtp-fast\uwp\ggml-uwp.vcxproj]
         C:\Users\hjotha\worktrees\xllama-mtp-fast\llama.cpp\ggml\src\ggml-cpu\ops.cpp(9141,23): warning C4244: 'initializing': conversion from 'int64_t' to 'const int', possible loss of data [C:\Users\hjotha\worktrees\xllama-mtp-fast\uwp\ggml-uwp.vcxproj]
         C:\Users\hjotha\worktrees\xllama-mtp-fast\llama.cpp\ggml\src\ggml-cpu\ops.cpp(9142,29): warning C4244: 'initializing': conversion from 'int64_t' to 'int', possible loss of data [C:\Users\hjotha\worktrees\xllama-mtp-fast\uwp\ggml-uwp.vcxproj]
         C:\Users\hjotha\worktrees\xllama-mtp-fast\llama.cpp\ggml\src\ggml-cpu\ops.cpp(9142,23): warning C4244: 'initializing': conversion from 'int64_t' to 'const int', possible loss of data [C:\Users\hjotha\worktrees\xllama-mtp-fast\uwp\ggml-uwp.vcxproj]
         C:\Users\hjotha\worktrees\xllama-mtp-fast\llama.cpp\ggml\src\ggml-cpu\ops.cpp(9200,65): warning C4244: 'argument': conversion from 'const int64_t' to 'int', possible loss of data [C:\Users\hjotha\worktrees\xllama-mtp-fast\uwp\ggml-uwp.vcxproj]
         C:\Users\hjotha\worktrees\xllama-mtp-fast\llama.cpp\ggml\src\ggml-cpu\ops.cpp(9239,40): warning C4244: 'argument': conversion from 'const int64_t' to 'const int', possible loss of data [C:\Users\hjotha\worktrees\xllama-mtp-fast\uwp\ggml-uwp.vcxproj]
         C:\Users\hjotha\worktrees\xllama-mtp-fast\llama.cpp\ggml\src\ggml-cpu\ops.cpp(9245,47): warning C4244: '+=': conversion from 'ggml_float' to 'float', possible loss of data [C:\Users\hjotha\worktrees\xllama-mtp-fast\uwp\ggml-uwp.vcxproj]
         C:\Users\hjotha\worktrees\xllama-mtp-fast\llama.cpp\ggml\src\ggml-cpu\ops.cpp(9263,62): warning C4244: 'argument': conversion from 'const int64_t' to 'int', possible loss of data [C:\Users\hjotha\worktrees\xllama-mtp-fast\uwp\ggml-uwp.vcxproj]
         C:\Users\hjotha\worktrees\xllama-mtp-fast\llama.cpp\ggml\src\ggml-cpu\ops.cpp(9276,40): warning C4244: 'argument': conversion from 'const int64_t' to 'const int', possible loss of data [C:\Users\hjotha\worktrees\xllama-mtp-fast\uwp\ggml-uwp.vcxproj]
         C:\Users\hjotha\worktrees\xllama-mtp-fast\llama.cpp\ggml\src\ggml-cpu\ops.cpp(9288,32): warning C4244: 'argument': conversion from 'const int64_t' to 'const int', possible loss of data [C:\Users\hjotha\worktrees\xllama-mtp-fast\uwp\ggml-uwp.vcxproj]
         C:\Users\hjotha\worktrees\xllama-mtp-fast\llama.cpp\ggml\src\ggml-cpu\ops.cpp(9368,32): warning C4244: 'argument': conversion from 'const int64_t' to 'const int', possible loss of data [C:\Users\hjotha\worktrees\xllama-mtp-fast\uwp\ggml-uwp.vcxproj]
         C:\Users\hjotha\worktrees\xllama-mtp-fast\llama.cpp\ggml\src\ggml-cpu\ops.cpp(9445,49): warning C4244: 'argument': conversion from 'int64_t' to 'int', possible loss of data [C:\Users\hjotha\worktrees\xllama-mtp-fast\uwp\ggml-uwp.vcxproj]
         C:\Users\hjotha\worktrees\xllama-mtp-fast\llama.cpp\ggml\src\ggml-cpu\ops.cpp(9445,34): warning C4244: 'argument': conversion from 'int64_t' to 'int', possible loss of data [C:\Users\hjotha\worktrees\xllama-mtp-fast\uwp\ggml-uwp.vcxproj]
         C:\Users\hjotha\worktrees\xllama-mtp-fast\llama.cpp\ggml\src\ggml-cpu\ops.cpp(9504,77): warning C4244: 'argument': conversion from 'const int64_t' to 'int', possible loss of data [C:\Users\hjotha\worktrees\xllama-mtp-fast\uwp\ggml-uwp.vcxproj]
         C:\Users\hjotha\worktrees\xllama-mtp-fast\llama.cpp\ggml\src\ggml-cpu\ops.cpp(9504,72): warning C4244: 'argument': conversion from 'const int64_t' to 'int', possible loss of data [C:\Users\hjotha\worktrees\xllama-mtp-fast\uwp\ggml-uwp.vcxproj]
         C:\Users\hjotha\worktrees\xllama-mtp-fast\llama.cpp\ggml\src\ggml-cpu\ops.cpp(9506,85): warning C4244: 'argument': conversion from 'const int64_t' to 'int', possible loss of data [C:\Users\hjotha\worktrees\xllama-mtp-fast\uwp\ggml-uwp.vcxproj]
         C:\Users\hjotha\worktrees\xllama-mtp-fast\llama.cpp\ggml\src\ggml-cpu\ops.cpp(9506,80): warning C4244: 'argument': conversion from 'const int64_t' to 'int', possible loss of data [C:\Users\hjotha\worktrees\xllama-mtp-fast\uwp\ggml-uwp.vcxproj]
         C:\Users\hjotha\worktrees\xllama-mtp-fast\llama.cpp\ggml\src\ggml-cpu\ops.cpp(9597,41): warning C4244: 'argument': conversion from 'int64_t' to 'float', possible loss of data [C:\Users\hjotha\worktrees\xllama-mtp-fast\uwp\ggml-uwp.vcxproj]
         C:\Users\hjotha\worktrees\xllama-mtp-fast\llama.cpp\ggml\src\ggml-cpu\ops.cpp(9597,74): warning C4244: 'argument': conversion from 'int64_t' to 'float', possible loss of data [C:\Users\hjotha\worktrees\xllama-mtp-fast\uwp\ggml-uwp.vcxproj]
         C:\Users\hjotha\worktrees\xllama-mtp-fast\llama.cpp\ggml\src\ggml-cpu\ops.cpp(9747,30): warning C4244: 'argument': conversion from 'const int64_t' to 'int', possible loss of data [C:\Users\hjotha\worktrees\xllama-mtp-fast\uwp\ggml-uwp.vcxproj]
         C:\Users\hjotha\worktrees\xllama-mtp-fast\llama.cpp\ggml\src\ggml-cpu\ops.cpp(9748,22): warning C4244: 'initializing': conversion from 'int64_t' to 'int', possible loss of data [C:\Users\hjotha\worktrees\xllama-mtp-fast\uwp\ggml-uwp.vcxproj]
         C:\Users\hjotha\worktrees\xllama-mtp-fast\llama.cpp\ggml\src\ggml-cpu\ops.cpp(9748,20): warning C4244: 'initializing': conversion from 'int64_t' to 'const int', possible loss of data [C:\Users\hjotha\worktrees\xllama-mtp-fast\uwp\ggml-uwp.vcxproj]
         C:\Users\hjotha\worktrees\xllama-mtp-fast\llama.cpp\ggml\src\ggml-cpu\ops.cpp(9809,24): warning C4244: 'initializing': conversion from 'int64_t' to 'int', possible loss of data [C:\Users\hjotha\worktrees\xllama-mtp-fast\uwp\ggml-uwp.vcxproj]
         C:\Users\hjotha\worktrees\xllama-mtp-fast\llama.cpp\ggml\src\ggml-cpu\ops.cpp(9809,18): warning C4244: 'initializing': conversion from 'int64_t' to 'const int', possible loss of data [C:\Users\hjotha\worktrees\xllama-mtp-fast\uwp\ggml-uwp.vcxproj]
         C:\Users\hjotha\worktrees\xllama-mtp-fast\llama.cpp\ggml\src\ggml-cpu\ops.cpp(9818,36): warning C4244: 'argument': conversion from 'const int64_t' to 'float', possible loss of data [C:\Users\hjotha\worktrees\xllama-mtp-fast\uwp\ggml-uwp.vcxproj]
         C:\Users\hjotha\worktrees\xllama-mtp-fast\llama.cpp\ggml\src\ggml-cpu\ops.cpp(9823,14): warning C4244: 'initializing': conversion from 'int64_t' to 'int', possible loss of data [C:\Users\hjotha\worktrees\xllama-mtp-fast\uwp\ggml-uwp.vcxproj]
         C:\Users\hjotha\worktrees\xllama-mtp-fast\llama.cpp\ggml\src\ggml-cpu\ops.cpp(9827,27): warning C4244: 'initializing': conversion from 'int64_t' to 'int', possible loss of data [C:\Users\hjotha\worktrees\xllama-mtp-fast\uwp\ggml-uwp.vcxproj]
         C:\Users\hjotha\worktrees\xllama-mtp-fast\llama.cpp\ggml\src\ggml-cpu\ops.cpp(9827,23): warning C4244: 'initializing': conversion from 'int64_t' to 'const int', possible loss of data [C:\Users\hjotha\worktrees\xllama-mtp-fast\uwp\ggml-uwp.vcxproj]
         C:\Users\hjotha\worktrees\xllama-mtp-fast\llama.cpp\ggml\src\ggml-cpu\ops.cpp(9828,28): warning C4244: 'initializing': conversion from 'int64_t' to 'int', possible loss of data [C:\Users\hjotha\worktrees\xllama-mtp-fast\uwp\ggml-uwp.vcxproj]
         C:\Users\hjotha\worktrees\xllama-mtp-fast\llama.cpp\ggml\src\ggml-cpu\ops.cpp(9828,23): warning C4244: 'initializing': conversion from 'int64_t' to 'const int', possible loss of data [C:\Users\hjotha\worktrees\xllama-mtp-fast\uwp\ggml-uwp.vcxproj]
         C:\Users\hjotha\worktrees\xllama-mtp-fast\llama.cpp\ggml\src\ggml-cpu\ops.cpp(9836,33): warning C4244: 'initializing': conversion from 'int64_t' to 'int', possible loss of data [C:\Users\hjotha\worktrees\xllama-mtp-fast\uwp\ggml-uwp.vcxproj]
         C:\Users\hjotha\worktrees\xllama-mtp-fast\llama.cpp\ggml\src\ggml-cpu\ops.cpp(9836,27): warning C4244: 'initializing': conversion from 'int64_t' to 'const int', possible loss of data [C:\Users\hjotha\worktrees\xllama-mtp-fast\uwp\ggml-uwp.vcxproj]
         C:\Users\hjotha\worktrees\xllama-mtp-fast\llama.cpp\ggml\src\ggml-cpu\ops.cpp(9848,28): warning C4244: 'initializing': conversion from 'const int64_t' to 'int', possible loss of data [C:\Users\hjotha\worktrees\xllama-mtp-fast\uwp\ggml-uwp.vcxproj]
         C:\Users\hjotha\worktrees\xllama-mtp-fast\llama.cpp\ggml\src\ggml-cpu\ops.cpp(9855,37): warning C4244: 'initializing': conversion from 'int64_t' to 'int', possible loss of data [C:\Users\hjotha\worktrees\xllama-mtp-fast\uwp\ggml-uwp.vcxproj]
         C:\Users\hjotha\worktrees\xllama-mtp-fast\llama.cpp\ggml\src\ggml-cpu\ops.cpp(9855,35): warning C4244: 'initializing': conversion from 'int64_t' to 'const int', possible loss of data [C:\Users\hjotha\worktrees\xllama-mtp-fast\uwp\ggml-uwp.vcxproj]
         C:\Users\hjotha\worktrees\xllama-mtp-fast\llama.cpp\ggml\src\ggml-cpu\ops.cpp(9860,38): warning C4244: 'argument': conversion from 'const int64_t' to 'int', possible loss of data [C:\Users\hjotha\worktrees\xllama-mtp-fast\uwp\ggml-uwp.vcxproj]
         C:\Users\hjotha\worktrees\xllama-mtp-fast\llama.cpp\ggml\src\ggml-cpu\ops.cpp(9867,36): warning C4244: 'argument': conversion from 'const int64_t' to 'const int', possible loss of data [C:\Users\hjotha\worktrees\xllama-mtp-fast\uwp\ggml-uwp.vcxproj]
         C:\Users\hjotha\worktrees\xllama-mtp-fast\llama.cpp\ggml\src\ggml-cpu\ops.cpp(9878,38): warning C4244: 'argument': conversion from 'const int64_t' to 'const int', possible loss of data [C:\Users\hjotha\worktrees\xllama-mtp-fast\uwp\ggml-uwp.vcxproj]
         C:\Users\hjotha\worktrees\xllama-mtp-fast\llama.cpp\ggml\src\ggml-cpu\ops.cpp(9895,58): warning C4244: 'argument': conversion from 'ggml_float' to 'const float', possible loss of data [C:\Users\hjotha\worktrees\xllama-mtp-fast\uwp\ggml-uwp.vcxproj]
         C:\Users\hjotha\worktrees\xllama-mtp-fast\llama.cpp\ggml\src\ggml-cpu\ops.cpp(9895,40): warning C4244: 'argument': conversion from 'const int64_t' to 'const int', possible loss of data [C:\Users\hjotha\worktrees\xllama-mtp-fast\uwp\ggml-uwp.vcxproj]
         C:\Users\hjotha\worktrees\xllama-mtp-fast\llama.cpp\ggml\src\ggml-cpu\ops.cpp(9967,34): warning C4244: 'argument': conversion from 'const int64_t' to 'const int', possible loss of data [C:\Users\hjotha\worktrees\xllama-mtp-fast\uwp\ggml-uwp.vcxproj]
         C:\Users\hjotha\worktrees\xllama-mtp-fast\llama.cpp\ggml\src\ggml-cpu\ops.cpp(9969,38): warning C4244: 'argument': conversion from 'const int64_t' to 'const int', possible loss of data [C:\Users\hjotha\worktrees\xllama-mtp-fast\uwp\ggml-uwp.vcxproj]
         C:\Users\hjotha\worktrees\xllama-mtp-fast\llama.cpp\ggml\src\ggml-cpu\ops.cpp(9977,35): warning C4244: 'argument': conversion from 'const int64_t' to 'int', possible loss of data [C:\Users\hjotha\worktrees\xllama-mtp-fast\uwp\ggml-uwp.vcxproj]
         C:\Users\hjotha\worktrees\xllama-mtp-fast\llama.cpp\ggml\src\ggml-cpu\ops.cpp(9978,35): warning C4244: 'argument': conversion from 'const int64_t' to 'const int', possible loss of data [C:\Users\hjotha\worktrees\xllama-mtp-fast\uwp\ggml-uwp.vcxproj]
         C:\Users\hjotha\worktrees\xllama-mtp-fast\llama.cpp\ggml\src\ggml-cpu\ops.cpp(9979,35): warning C4244: 'argument': conversion from 'const int64_t' to 'const int', possible loss of data [C:\Users\hjotha\worktrees\xllama-mtp-fast\uwp\ggml-uwp.vcxproj]
         C:\Users\hjotha\worktrees\xllama-mtp-fast\llama.cpp\ggml\src\ggml-cpu\ops.cpp(9985,36): warning C4244: 'argument': conversion from 'const int64_t' to 'const int', possible loss of data [C:\Users\hjotha\worktrees\xllama-mtp-fast\uwp\ggml-uwp.vcxproj]
         C:\Users\hjotha\worktrees\xllama-mtp-fast\llama.cpp\ggml\src\ggml-cpu\ops.cpp(9999,38): warning C4244: 'argument': conversion from 'const int64_t' to 'const int', possible loss of data [C:\Users\hjotha\worktrees\xllama-mtp-fast\uwp\ggml-uwp.vcxproj]
         C:\Users\hjotha\worktrees\xllama-mtp-fast\llama.cpp\ggml\src\ggml-cpu\ops.cpp(10011,38): warning C4244: 'argument': conversion from 'const int64_t' to 'const int', possible loss of data [C:\Users\hjotha\worktrees\xllama-mtp-fast\uwp\ggml-uwp.vcxproj]
         C:\Users\hjotha\worktrees\xllama-mtp-fast\llama.cpp\ggml\src\ggml-cpu\ops.cpp(10023,38): warning C4244: 'argument': conversion from 'const int64_t' to 'const int', possible loss of data [C:\Users\hjotha\worktrees\xllama-mtp-fast\uwp\ggml-uwp.vcxproj]
         C:\Users\hjotha\worktrees\xllama-mtp-fast\llama.cpp\ggml\src\ggml-cpu\ops.cpp(10063,31): warning C4244: 'initializing': conversion from 'const int64_t' to 'int', possible loss of data [C:\Users\hjotha\worktrees\xllama-mtp-fast\uwp\ggml-uwp.vcxproj]
         C:\Users\hjotha\worktrees\xllama-mtp-fast\llama.cpp\ggml\src\ggml-cpu\ops.cpp(10063,19): warning C4244: 'initializing': conversion from 'const int64_t' to 'const int', possible loss of data [C:\Users\hjotha\worktrees\xllama-mtp-fast\uwp\ggml-uwp.vcxproj]
         C:\Users\hjotha\worktrees\xllama-mtp-fast\llama.cpp\ggml\src\ggml-cpu\ops.cpp(10064,31): warning C4244: 'initializing': conversion from 'const int64_t' to 'int', possible loss of data [C:\Users\hjotha\worktrees\xllama-mtp-fast\uwp\ggml-uwp.vcxproj]
         C:\Users\hjotha\worktrees\xllama-mtp-fast\llama.cpp\ggml\src\ggml-cpu\ops.cpp(10064,19): warning C4244: 'initializing': conversion from 'const int64_t' to 'const int', possible loss of data [C:\Users\hjotha\worktrees\xllama-mtp-fast\uwp\ggml-uwp.vcxproj]
         C:\Users\hjotha\worktrees\xllama-mtp-fast\llama.cpp\ggml\src\ggml-cpu\ops.cpp(10065,31): warning C4244: 'initializing': conversion from 'const int64_t' to 'int', possible loss of data [C:\Users\hjotha\worktrees\xllama-mtp-fast\uwp\ggml-uwp.vcxproj]
         C:\Users\hjotha\worktrees\xllama-mtp-fast\llama.cpp\ggml\src\ggml-cpu\ops.cpp(10065,19): warning C4244: 'initializing': conversion from 'const int64_t' to 'const int', possible loss of data [C:\Users\hjotha\worktrees\xllama-mtp-fast\uwp\ggml-uwp.vcxproj]
         C:\Users\hjotha\worktrees\xllama-mtp-fast\llama.cpp\ggml\src\ggml-cpu\ops.cpp(10066,31): warning C4244: 'initializing': conversion from 'int64_t' to 'int', possible loss of data [C:\Users\hjotha\worktrees\xllama-mtp-fast\uwp\ggml-uwp.vcxproj]
         C:\Users\hjotha\worktrees\xllama-mtp-fast\llama.cpp\ggml\src\ggml-cpu\ops.cpp(10066,19): warning C4244: 'initializing': conversion from 'int64_t' to 'const int', possible loss of data [C:\Users\hjotha\worktrees\xllama-mtp-fast\uwp\ggml-uwp.vcxproj]
         C:\Users\hjotha\worktrees\xllama-mtp-fast\llama.cpp\ggml\src\ggml-cpu\ops.cpp(10067,31): warning C4244: 'initializing': conversion from 'int64_t' to 'int', possible loss of data [C:\Users\hjotha\worktrees\xllama-mtp-fast\uwp\ggml-uwp.vcxproj]
         C:\Users\hjotha\worktrees\xllama-mtp-fast\llama.cpp\ggml\src\ggml-cpu\ops.cpp(10067,19): warning C4244: 'initializing': conversion from 'int64_t' to 'const int', possible loss of data [C:\Users\hjotha\worktrees\xllama-mtp-fast\uwp\ggml-uwp.vcxproj]
         C:\Users\hjotha\worktrees\xllama-mtp-fast\llama.cpp\ggml\src\ggml-cpu\ops.cpp(10162,34): warning C4244: 'initializing': conversion from 'int64_t' to 'int', possible loss of data [C:\Users\hjotha\worktrees\xllama-mtp-fast\uwp\ggml-uwp.vcxproj]
         C:\Users\hjotha\worktrees\xllama-mtp-fast\llama.cpp\ggml\src\ggml-cpu\ops.cpp(10162,18): warning C4244: 'initializing': conversion from 'int64_t' to 'const int', possible loss of data [C:\Users\hjotha\worktrees\xllama-mtp-fast\uwp\ggml-uwp.vcxproj]
         C:\Users\hjotha\worktrees\xllama-mtp-fast\llama.cpp\ggml\src\ggml-cpu\ops.cpp(10166,21): warning C4244: 'initializing': conversion from 'int64_t' to 'int', possible loss of data [C:\Users\hjotha\worktrees\xllama-mtp-fast\uwp\ggml-uwp.vcxproj]
         C:\Users\hjotha\worktrees\xllama-mtp-fast\llama.cpp\ggml\src\ggml-cpu\ops.cpp(10166,19): warning C4244: 'initializing': conversion from 'int64_t' to 'const int', possible loss of data [C:\Users\hjotha\worktrees\xllama-mtp-fast\uwp\ggml-uwp.vcxproj]
         C:\Users\hjotha\worktrees\xllama-mtp-fast\llama.cpp\ggml\src\ggml-cpu\ops.cpp(10190,37): warning C4244: 'initializing': conversion from 'int64_t' to 'int', possible loss of data [C:\Users\hjotha\worktrees\xllama-mtp-fast\uwp\ggml-uwp.vcxproj]
         C:\Users\hjotha\worktrees\xllama-mtp-fast\llama.cpp\ggml\src\ggml-cpu\ops.cpp(10190,33): warning C4244: 'initializing': conversion from 'int64_t' to 'const int', possible loss of data [C:\Users\hjotha\worktrees\xllama-mtp-fast\uwp\ggml-uwp.vcxproj]
         C:\Users\hjotha\worktrees\xllama-mtp-fast\llama.cpp\ggml\src\ggml-cpu\ops.cpp(10194,43): warning C4244: 'initializing': conversion from 'int64_t' to 'int', possible loss of data [C:\Users\hjotha\worktrees\xllama-mtp-fast\uwp\ggml-uwp.vcxproj]
         C:\Users\hjotha\worktrees\xllama-mtp-fast\llama.cpp\ggml\src\ggml-cpu\ops.cpp(10194,38): warning C4244: 'initializing': conversion from 'int64_t' to 'const int', possible loss of data [C:\Users\hjotha\worktrees\xllama-mtp-fast\uwp\ggml-uwp.vcxproj]
         C:\Users\hjotha\worktrees\xllama-mtp-fast\llama.cpp\ggml\src\ggml-cpu\ops.cpp(10261,25): warning C4244: '=': conversion from 'ggml_float' to 'float', possible loss of data [C:\Users\hjotha\worktrees\xllama-mtp-fast\uwp\ggml-uwp.vcxproj]
         C:\Users\hjotha\worktrees\xllama-mtp-fast\llama.cpp\ggml\src\ggml-cpu\ops.cpp(10268,46): warning C4244: 'initializing': conversion from 'int64_t' to 'int', possible loss of data [C:\Users\hjotha\worktrees\xllama-mtp-fast\uwp\ggml-uwp.vcxproj]
         C:\Users\hjotha\worktrees\xllama-mtp-fast\llama.cpp\ggml\src\ggml-cpu\ops.cpp(10268,41): warning C4244: 'initializing': conversion from 'int64_t' to 'const int', possible loss of data [C:\Users\hjotha\worktrees\xllama-mtp-fast\uwp\ggml-uwp.vcxproj]
         C:\Users\hjotha\worktrees\xllama-mtp-fast\llama.cpp\ggml\src\ggml-cpu\ops.cpp(10269,47): warning C4244: 'initializing': conversion from 'int64_t' to 'int', possible loss of data [C:\Users\hjotha\worktrees\xllama-mtp-fast\uwp\ggml-uwp.vcxproj]
         C:\Users\hjotha\worktrees\xllama-mtp-fast\llama.cpp\ggml\src\ggml-cpu\ops.cpp(10269,42): warning C4244: 'initializing': conversion from 'int64_t' to 'const int', possible loss of data [C:\Users\hjotha\worktrees\xllama-mtp-fast\uwp\ggml-uwp.vcxproj]
         C:\Users\hjotha\worktrees\xllama-mtp-fast\llama.cpp\ggml\src\ggml-cpu\ops.cpp(10286,37): warning C4244: 'initializing': conversion from 'int64_t' to 'int', possible loss of data [C:\Users\hjotha\worktrees\xllama-mtp-fast\uwp\ggml-uwp.vcxproj]
         C:\Users\hjotha\worktrees\xllama-mtp-fast\llama.cpp\ggml\src\ggml-cpu\ops.cpp(10286,33): warning C4244: 'initializing': conversion from 'int64_t' to 'const int', possible loss of data [C:\Users\hjotha\worktrees\xllama-mtp-fast\uwp\ggml-uwp.vcxproj]
         C:\Users\hjotha\worktrees\xllama-mtp-fast\llama.cpp\ggml\src\ggml-cpu\ops.cpp(10290,43): warning C4244: 'initializing': conversion from 'int64_t' to 'int', possible loss of data [C:\Users\hjotha\worktrees\xllama-mtp-fast\uwp\ggml-uwp.vcxproj]
         C:\Users\hjotha\worktrees\xllama-mtp-fast\llama.cpp\ggml\src\ggml-cpu\ops.cpp(10290,38): warning C4244: 'initializing': conversion from 'int64_t' to 'const int', possible loss of data [C:\Users\hjotha\worktrees\xllama-mtp-fast\uwp\ggml-uwp.vcxproj]
         C:\Users\hjotha\worktrees\xllama-mtp-fast\llama.cpp\ggml\src\ggml-cpu\ops.cpp(10321,46): warning C4244: 'initializing': conversion from 'int64_t' to 'int', possible loss of data [C:\Users\hjotha\worktrees\xllama-mtp-fast\uwp\ggml-uwp.vcxproj]
         C:\Users\hjotha\worktrees\xllama-mtp-fast\llama.cpp\ggml\src\ggml-cpu\ops.cpp(10321,41): warning C4244: 'initializing': conversion from 'int64_t' to 'const int', possible loss of data [C:\Users\hjotha\worktrees\xllama-mtp-fast\uwp\ggml-uwp.vcxproj]
         C:\Users\hjotha\worktrees\xllama-mtp-fast\llama.cpp\ggml\src\ggml-cpu\ops.cpp(10322,47): warning C4244: 'initializing': conversion from 'int64_t' to 'int', possible loss of data [C:\Users\hjotha\worktrees\xllama-mtp-fast\uwp\ggml-uwp.vcxproj]
         C:\Users\hjotha\worktrees\xllama-mtp-fast\llama.cpp\ggml\src\ggml-cpu\ops.cpp(10322,42): warning C4244: 'initializing': conversion from 'int64_t' to 'const int', possible loss of data [C:\Users\hjotha\worktrees\xllama-mtp-fast\uwp\ggml-uwp.vcxproj]
         C:\Users\hjotha\worktrees\xllama-mtp-fast\llama.cpp\ggml\src\ggml-cpu\ops.cpp(10443,31): warning C4244: 'initializing': conversion from 'int64_t' to 'int', possible loss of data [C:\Users\hjotha\worktrees\xllama-mtp-fast\uwp\ggml-uwp.vcxproj]
         C:\Users\hjotha\worktrees\xllama-mtp-fast\llama.cpp\ggml\src\ggml-cpu\ops.cpp(10443,19): warning C4244: 'initializing': conversion from 'int64_t' to 'const int', possible loss of data [C:\Users\hjotha\worktrees\xllama-mtp-fast\uwp\ggml-uwp.vcxproj]
         C:\Users\hjotha\worktrees\xllama-mtp-fast\llama.cpp\ggml\src\ggml-cpu\ops.cpp(10452,35): warning C4244: 'initializing': conversion from 'int64_t' to 'int', possible loss of data [C:\Users\hjotha\worktrees\xllama-mtp-fast\uwp\ggml-uwp.vcxproj]
         C:\Users\hjotha\worktrees\xllama-mtp-fast\llama.cpp\ggml\src\ggml-cpu\ops.cpp(10452,31): warning C4244: 'initializing': conversion from 'int64_t' to 'const int', possible loss of data [C:\Users\hjotha\worktrees\xllama-mtp-fast\uwp\ggml-uwp.vcxproj]
         C:\Users\hjotha\worktrees\xllama-mtp-fast\llama.cpp\ggml\src\ggml-cpu\ops.cpp(10453,35): warning C4244: 'initializing': conversion from 'int64_t' to 'int', possible loss of data [C:\Users\hjotha\worktrees\xllama-mtp-fast\uwp\ggml-uwp.vcxproj]
         C:\Users\hjotha\worktrees\xllama-mtp-fast\llama.cpp\ggml\src\ggml-cpu\ops.cpp(10453,31): warning C4244: 'initializing': conversion from 'int64_t' to 'const int', possible loss of data [C:\Users\hjotha\worktrees\xllama-mtp-fast\uwp\ggml-uwp.vcxproj]
         C:\Users\hjotha\worktrees\xllama-mtp-fast\llama.cpp\ggml\src\ggml-cpu\ops.cpp(10713,20): warning C4244: 'initializing': conversion from 'const int64_t' to 'int', possible loss of data [C:\Users\hjotha\worktrees\xllama-mtp-fast\uwp\ggml-uwp.vcxproj]
         C:\Users\hjotha\worktrees\xllama-mtp-fast\llama.cpp\ggml\src\ggml-cpu\ops.cpp(10713,18): warning C4244: 'initializing': conversion from 'const int64_t' to 'const int', possible loss of data [C:\Users\hjotha\worktrees\xllama-mtp-fast\uwp\ggml-uwp.vcxproj]
         C:\Users\hjotha\worktrees\xllama-mtp-fast\llama.cpp\ggml\src\ggml-cpu\ops.cpp(10779,46): warning C4244: 'initializing': conversion from 'int64_t' to 'int', possible loss of data [C:\Users\hjotha\worktrees\xllama-mtp-fast\uwp\ggml-uwp.vcxproj]
         C:\Users\hjotha\worktrees\xllama-mtp-fast\llama.cpp\ggml\src\ggml-cpu\ops.cpp(10779,23): warning C4244: 'initializing': conversion from 'int64_t' to 'const int', possible loss of data [C:\Users\hjotha\worktrees\xllama-mtp-fast\uwp\ggml-uwp.vcxproj]
         C:\Users\hjotha\worktrees\xllama-mtp-fast\llama.cpp\ggml\src\ggml-cpu\ops.cpp(10780,61): warning C4244: 'initializing': conversion from 'int64_t' to 'int', possible loss of data [C:\Users\hjotha\worktrees\xllama-mtp-fast\uwp\ggml-uwp.vcxproj]
         C:\Users\hjotha\worktrees\xllama-mtp-fast\llama.cpp\ggml\src\ggml-cpu\ops.cpp(10780,23): warning C4244: 'initializing': conversion from 'int64_t' to 'const int', possible loss of data [C:\Users\hjotha\worktrees\xllama-mtp-fast\uwp\ggml-uwp.vcxproj]
         C:\Users\hjotha\worktrees\xllama-mtp-fast\llama.cpp\ggml\src\ggml-cpu\ops.cpp(10992,46): warning C4244: 'initializing': conversion from 'int64_t' to 'int', possible loss of data [C:\Users\hjotha\worktrees\xllama-mtp-fast\uwp\ggml-uwp.vcxproj]
         C:\Users\hjotha\worktrees\xllama-mtp-fast\llama.cpp\ggml\src\ggml-cpu\ops.cpp(10992,23): warning C4244: 'initializing': conversion from 'int64_t' to 'const int', possible loss of data [C:\Users\hjotha\worktrees\xllama-mtp-fast\uwp\ggml-uwp.vcxproj]
         C:\Users\hjotha\worktrees\xllama-mtp-fast\llama.cpp\ggml\src\ggml-cpu\ops.cpp(10993,61): warning C4244: 'initializing': conversion from 'int64_t' to 'int', possible loss of data [C:\Users\hjotha\worktrees\xllama-mtp-fast\uwp\ggml-uwp.vcxproj]
         C:\Users\hjotha\worktrees\xllama-mtp-fast\llama.cpp\ggml\src\ggml-cpu\ops.cpp(10993,23): warning C4244: 'initializing': conversion from 'int64_t' to 'const int', possible loss of data [C:\Users\hjotha\worktrees\xllama-mtp-fast\uwp\ggml-uwp.vcxproj]
         C:\Users\hjotha\worktrees\xllama-mtp-fast\llama.cpp\ggml\src\ggml-cpu\ops.cpp(11380,38): warning C4244: 'argument': conversion from 'const int64_t' to 'const int', possible loss of data [C:\Users\hjotha\worktrees\xllama-mtp-fast\uwp\ggml-uwp.vcxproj]
         C:\Users\hjotha\worktrees\xllama-mtp-fast\llama.cpp\ggml\src\ggml-cpu\ops.cpp(11383,40): warning C4244: 'argument': conversion from 'int64_t' to 'const int', possible loss of data [C:\Users\hjotha\worktrees\xllama-mtp-fast\uwp\ggml-uwp.vcxproj]
         C:\Users\hjotha\worktrees\xllama-mtp-fast\llama.cpp\ggml\src\ggml-cpu\ops.cpp(11389,34): warning C4244: 'argument': conversion from 'const int64_t' to 'int', possible loss of data [C:\Users\hjotha\worktrees\xllama-mtp-fast\uwp\ggml-uwp.vcxproj]
         C:\Users\hjotha\worktrees\xllama-mtp-fast\llama.cpp\ggml\src\ggml-cpu\ops.cpp(11395,34): warning C4244: 'argument': conversion from 'const int64_t' to 'const int', possible loss of data [C:\Users\hjotha\worktrees\xllama-mtp-fast\uwp\ggml-uwp.vcxproj]
         C:\Users\hjotha\worktrees\xllama-mtp-fast\llama.cpp\ggml\src\ggml-cpu\ops.cpp(11401,34): warning C4244: 'argument': conversion from 'const int64_t' to 'int', possible loss of data [C:\Users\hjotha\worktrees\xllama-mtp-fast\uwp\ggml-uwp.vcxproj]
         C:\Users\hjotha\worktrees\xllama-mtp-fast\llama.cpp\ggml\src\ggml-cpu\ops.cpp(12707,43): warning C4244: 'argument': conversion from 'uint32_t' to 'float', possible loss of data [C:\Users\hjotha\worktrees\xllama-mtp-fast\uwp\ggml-uwp.vcxproj]
         C:\Users\hjotha\worktrees\xllama-mtp-fast\llama.cpp\ggml\src\ggml-cpu\ops.cpp(12708,45): warning C4244: 'argument': conversion from 'uint32_t' to 'float', possible loss of data [C:\Users\hjotha\worktrees\xllama-mtp-fast\uwp\ggml-uwp.vcxproj]
         C:\Users\hjotha\worktrees\xllama-mtp-fast\llama.cpp\ggml\src\ggml-cpu\ops.cpp(12866,46): warning C4244: 'initializing': conversion from 'int64_t' to 'int', possible loss of data [C:\Users\hjotha\worktrees\xllama-mtp-fast\uwp\ggml-uwp.vcxproj]
         C:\Users\hjotha\worktrees\xllama-mtp-fast\llama.cpp\ggml\src\ggml-cpu\ops.cpp(12866,23): warning C4244: 'initializing': conversion from 'int64_t' to 'const int', possible loss of data [C:\Users\hjotha\worktrees\xllama-mtp-fast\uwp\ggml-uwp.vcxproj]
         C:\Users\hjotha\worktrees\xllama-mtp-fast\llama.cpp\ggml\src\ggml-cpu\ops.cpp(12867,61): warning C4244: 'initializing': conversion from 'int64_t' to 'int', possible loss of data [C:\Users\hjotha\worktrees\xllama-mtp-fast\uwp\ggml-uwp.vcxproj]
         C:\Users\hjotha\worktrees\xllama-mtp-fast\llama.cpp\ggml\src\ggml-cpu\ops.cpp(12867,23): warning C4244: 'initializing': conversion from 'int64_t' to 'const int', possible loss of data [C:\Users\hjotha\worktrees\xllama-mtp-fast\uwp\ggml-uwp.vcxproj]
         C:\Users\hjotha\worktrees\xllama-mtp-fast\llama.cpp\ggml\src\ggml-cpu\ops.cpp(12955,29): warning C4244: '=': conversion from 'ggml_float' to 'float', possible loss of data [C:\Users\hjotha\worktrees\xllama-mtp-fast\uwp\ggml-uwp.vcxproj]
         C:\Users\hjotha\worktrees\xllama-mtp-fast\llama.cpp\ggml\src\ggml-cpu\ops.cpp(12983,25): warning C4244: '=': conversion from 'ggml_float' to 'float', possible loss of data [C:\Users\hjotha\worktrees\xllama-mtp-fast\uwp\ggml-uwp.vcxproj]
         C:\Users\hjotha\worktrees\xllama-mtp-fast\llama.cpp\ggml\src\ggml-cpu\ops.cpp(13173,26): warning C4244: 'argument': conversion from 'const int64_t' to 'const int', possible loss of data [C:\Users\hjotha\worktrees\xllama-mtp-fast\uwp\ggml-uwp.vcxproj]
         C:\Users\hjotha\worktrees\xllama-mtp-fast\llama.cpp\ggml\src\ggml-cpu\ops.cpp(13174,66): warning C4244: 'argument': conversion from 'const int64_t' to 'const int', possible loss of data [C:\Users\hjotha\worktrees\xllama-mtp-fast\uwp\ggml-uwp.vcxproj]
         C:\Users\hjotha\worktrees\xllama-mtp-fast\llama.cpp\ggml\src\ggml-cpu\ops.cpp(13177,39): warning C4244: 'argument': conversion from 'ggml_float' to 'const float', possible loss of data [C:\Users\hjotha\worktrees\xllama-mtp-fast\uwp\ggml-uwp.vcxproj]
         C:\Users\hjotha\worktrees\xllama-mtp-fast\llama.cpp\ggml\src\ggml-cpu\ops.cpp(13177,27): warning C4244: 'argument': conversion from 'const int64_t' to 'const int', possible loss of data [C:\Users\hjotha\worktrees\xllama-mtp-fast\uwp\ggml-uwp.vcxproj]
         C:\Users\hjotha\worktrees\xllama-mtp-fast\llama.cpp\ggml\src\ggml-cpu\ops.cpp(13178,26): warning C4244: 'argument': conversion from 'const int64_t' to 'const int', possible loss of data [C:\Users\hjotha\worktrees\xllama-mtp-fast\uwp\ggml-uwp.vcxproj]
         C:\Users\hjotha\worktrees\xllama-mtp-fast\llama.cpp\ggml\src\ggml-cpu\ops.cpp(13181,26): warning C4244: 'argument': conversion from 'const int64_t' to 'const int', possible loss of data [C:\Users\hjotha\worktrees\xllama-mtp-fast\uwp\ggml-uwp.vcxproj]
         C:\Users\hjotha\worktrees\xllama-mtp-fast\llama.cpp\ggml\src\ggml-cpu\ops.cpp(13266,26): warning C4244: 'argument': conversion from 'const int64_t' to 'const int', possible loss of data [C:\Users\hjotha\worktrees\xllama-mtp-fast\uwp\ggml-uwp.vcxproj]
         C:\Users\hjotha\worktrees\xllama-mtp-fast\llama.cpp\ggml\src\ggml-cpu\ops.cpp(13267,54): warning C4244: 'argument': conversion from 'const int64_t' to 'const int', possible loss of data [C:\Users\hjotha\worktrees\xllama-mtp-fast\uwp\ggml-uwp.vcxproj]
         C:\Users\hjotha\worktrees\xllama-mtp-fast\llama.cpp\ggml\src\ggml-cpu\ops.cpp(13269,40): warning C4244: 'argument': conversion from 'double' to 'const float', possible loss of data [C:\Users\hjotha\worktrees\xllama-mtp-fast\uwp\ggml-uwp.vcxproj]
         C:\Users\hjotha\worktrees\xllama-mtp-fast\llama.cpp\ggml\src\ggml-cpu\ops.cpp(13269,28): warning C4244: 'argument': conversion from 'const int64_t' to 'const int', possible loss of data [C:\Users\hjotha\worktrees\xllama-mtp-fast\uwp\ggml-uwp.vcxproj]
         C:\Users\hjotha\worktrees\xllama-mtp-fast\llama.cpp\ggml\src\ggml-cpu\ops.cpp(13272,26): warning C4244: 'argument': conversion from 'const int64_t' to 'const int', possible loss of data [C:\Users\hjotha\worktrees\xllama-mtp-fast\uwp\ggml-uwp.vcxproj]
         C:\Users\hjotha\worktrees\xllama-mtp-fast\llama.cpp\ggml\src\ggml-cpu\ops.cpp(13273,28): warning C4244: 'argument': conversion from 'const int64_t' to 'const int', possible loss of data [C:\Users\hjotha\worktrees\xllama-mtp-fast\uwp\ggml-uwp.vcxproj]
         C:\Users\hjotha\worktrees\xllama-mtp-fast\llama.cpp\ggml\src\ggml-cpu\ops.cpp(13320,31): warning C4244: 'initializing': conversion from 'int64_t' to 'int', possible loss of data [C:\Users\hjotha\worktrees\xllama-mtp-fast\uwp\ggml-uwp.vcxproj]
         C:\Users\hjotha\worktrees\xllama-mtp-fast\llama.cpp\ggml\src\ggml-cpu\ops.cpp(13320,19): warning C4244: 'initializing': conversion from 'int64_t' to 'const int', possible loss of data [C:\Users\hjotha\worktrees\xllama-mtp-fast\uwp\ggml-uwp.vcxproj]
         C:\Users\hjotha\worktrees\xllama-mtp-fast\llama.cpp\ggml\src\ggml-cpu\ops.cpp(13398,30): warning C4244: 'initializing': conversion from 'int64_t' to 'int', possible loss of data [C:\Users\hjotha\worktrees\xllama-mtp-fast\uwp\ggml-uwp.vcxproj]
         C:\Users\hjotha\worktrees\xllama-mtp-fast\llama.cpp\ggml\src\ggml-cpu\ops.cpp(13398,18): warning C4244: 'initializing': conversion from 'int64_t' to 'const int', possible loss of data [C:\Users\hjotha\worktrees\xllama-mtp-fast\uwp\ggml-uwp.vcxproj]
         C:\Users\hjotha\worktrees\xllama-mtp-fast\llama.cpp\ggml\src\ggml-cpu\ops.cpp(13586,34): warning C4244: 'initializing': conversion from 'const int64_t' to 'int', possible loss of data [C:\Users\hjotha\worktrees\xllama-mtp-fast\uwp\ggml-uwp.vcxproj]
         C:\Users\hjotha\worktrees\xllama-mtp-fast\llama.cpp\ggml\src\ggml-cpu\ops.cpp(13586,25): warning C4244: 'initializing': conversion from 'const int64_t' to 'const int', possible loss of data [C:\Users\hjotha\worktrees\xllama-mtp-fast\uwp\ggml-uwp.vcxproj]
         C:\Users\hjotha\worktrees\xllama-mtp-fast\llama.cpp\ggml\src\ggml-cpu\ops.cpp(13587,34): warning C4244: 'initializing': conversion from 'const int64_t' to 'int', possible loss of data [C:\Users\hjotha\worktrees\xllama-mtp-fast\uwp\ggml-uwp.vcxproj]
         C:\Users\hjotha\worktrees\xllama-mtp-fast\llama.cpp\ggml\src\ggml-cpu\ops.cpp(13587,25): warning C4244: 'initializing': conversion from 'const int64_t' to 'const int', possible loss of data [C:\Users\hjotha\worktrees\xllama-mtp-fast\uwp\ggml-uwp.vcxproj]
         C:\Users\hjotha\worktrees\xllama-mtp-fast\llama.cpp\ggml\src\ggml-cpu\ops.cpp(13588,34): warning C4244: 'initializing': conversion from 'const int64_t' to 'int', possible loss of data [C:\Users\hjotha\worktrees\xllama-mtp-fast\uwp\ggml-uwp.vcxproj]
         C:\Users\hjotha\worktrees\xllama-mtp-fast\llama.cpp\ggml\src\ggml-cpu\ops.cpp(13588,25): warning C4244: 'initializing': conversion from 'const int64_t' to 'const int', possible loss of data [C:\Users\hjotha\worktrees\xllama-mtp-fast\uwp\ggml-uwp.vcxproj]
         C:\Users\hjotha\worktrees\xllama-mtp-fast\llama.cpp\ggml\src\ggml-cpu\ops.cpp(13589,34): warning C4244: 'initializing': conversion from 'const int64_t' to 'int', possible loss of data [C:\Users\hjotha\worktrees\xllama-mtp-fast\uwp\ggml-uwp.vcxproj]
         C:\Users\hjotha\worktrees\xllama-mtp-fast\llama.cpp\ggml\src\ggml-cpu\ops.cpp(13589,25): warning C4244: 'initializing': conversion from 'const int64_t' to 'const int', possible loss of data [C:\Users\hjotha\worktrees\xllama-mtp-fast\uwp\ggml-uwp.vcxproj]
         C:\Users\hjotha\worktrees\xllama-mtp-fast\llama.cpp\ggml\src\ggml-cpu\ops.cpp(13590,34): warning C4244: 'initializing': conversion from 'const int64_t' to 'int', possible loss of data [C:\Users\hjotha\worktrees\xllama-mtp-fast\uwp\ggml-uwp.vcxproj]
         C:\Users\hjotha\worktrees\xllama-mtp-fast\llama.cpp\ggml\src\ggml-cpu\ops.cpp(13590,25): warning C4244: 'initializing': conversion from 'const int64_t' to 'const int', possible loss of data [C:\Users\hjotha\worktrees\xllama-mtp-fast\uwp\ggml-uwp.vcxproj]
         C:\Users\hjotha\worktrees\xllama-mtp-fast\llama.cpp\ggml\src\ggml-cpu\ops.cpp(13667,35): warning C4244: 'initializing': conversion from 'const int64_t' to 'int', possible loss of data [C:\Users\hjotha\worktrees\xllama-mtp-fast\uwp\ggml-uwp.vcxproj]
         C:\Users\hjotha\worktrees\xllama-mtp-fast\llama.cpp\ggml\src\ggml-cpu\ops.cpp(13667,26): warning C4244: 'initializing': conversion from 'const int64_t' to 'const int', possible loss of data [C:\Users\hjotha\worktrees\xllama-mtp-fast\uwp\ggml-uwp.vcxproj]
         C:\Users\hjotha\worktrees\xllama-mtp-fast\llama.cpp\ggml\src\ggml-cpu\ops.cpp(13668,35): warning C4244: 'initializing': conversion from 'const int64_t' to 'int', possible loss of data [C:\Users\hjotha\worktrees\xllama-mtp-fast\uwp\ggml-uwp.vcxproj]
         C:\Users\hjotha\worktrees\xllama-mtp-fast\llama.cpp\ggml\src\ggml-cpu\ops.cpp(13668,26): warning C4244: 'initializing': conversion from 'const int64_t' to 'const int', possible loss of data [C:\Users\hjotha\worktrees\xllama-mtp-fast\uwp\ggml-uwp.vcxproj]
         C:\Users\hjotha\worktrees\xllama-mtp-fast\llama.cpp\ggml\src\ggml-cpu\ops.cpp(13669,44): warning C4244: 'initializing': conversion from 'const int64_t' to 'int', possible loss of data [C:\Users\hjotha\worktrees\xllama-mtp-fast\uwp\ggml-uwp.vcxproj]
         C:\Users\hjotha\worktrees\xllama-mtp-fast\llama.cpp\ggml\src\ggml-cpu\ops.cpp(13669,26): warning C4244: 'initializing': conversion from 'const int64_t' to 'const int', possible loss of data [C:\Users\hjotha\worktrees\xllama-mtp-fast\uwp\ggml-uwp.vcxproj]
         C:\Users\hjotha\worktrees\xllama-mtp-fast\llama.cpp\ggml\src\ggml-cpu\ops.cpp(13670,39): warning C4244: 'initializing': conversion from 'const int64_t' to 'int', possible loss of data [C:\Users\hjotha\worktrees\xllama-mtp-fast\uwp\ggml-uwp.vcxproj]
         C:\Users\hjotha\worktrees\xllama-mtp-fast\llama.cpp\ggml\src\ggml-cpu\ops.cpp(13670,26): warning C4244: 'initializing': conversion from 'const int64_t' to 'const int', possible loss of data [C:\Users\hjotha\worktrees\xllama-mtp-fast\uwp\ggml-uwp.vcxproj]
         C:\Users\hjotha\worktrees\xllama-mtp-fast\llama.cpp\ggml\src\ggml-cpu\ops.cpp(65,20): warning C4244: 'initializing': conversion from 'const int64_t' to 'int', possible loss of data [C:\Users\hjotha\worktrees\xllama-mtp-fast\uwp\ggml-uwp.vcxproj]
         C:\Users\hjotha\worktrees\xllama-mtp-fast\llama.cpp\ggml\src\ggml-cpu\ops.cpp(65,18): warning C4244: 'initializing': conversion from 'const int64_t' to 'const int', possible loss of data [C:\Users\hjotha\worktrees\xllama-mtp-fast\uwp\ggml-uwp.vcxproj]
         C:\Users\hjotha\worktrees\xllama-mtp-fast\llama.cpp\ggml\src\ggml-cpu\ops.cpp(288,20): warning C4244: 'initializing': conversion from 'const int64_t' to 'int', possible loss of data [C:\Users\hjotha\worktrees\xllama-mtp-fast\uwp\ggml-uwp.vcxproj]
         C:\Users\hjotha\worktrees\xllama-mtp-fast\llama.cpp\ggml\src\ggml-cpu\ops.cpp(288,18): warning C4244: 'initializing': conversion from 'const int64_t' to 'const int', possible loss of data [C:\Users\hjotha\worktrees\xllama-mtp-fast\uwp\ggml-uwp.vcxproj]
         C:\Users\hjotha\worktrees\xllama-mtp-fast\llama.cpp\ggml\src\ggml-cpu\ops.cpp(3972,40): warning C4244: 'initializing': conversion from 'ggml_float' to 'float', possible loss of data [C:\Users\hjotha\worktrees\xllama-mtp-fast\uwp\ggml-uwp.vcxproj]
         C:\Users\hjotha\worktrees\xllama-mtp-fast\llama.cpp\ggml\src\ggml-cpu\ops.cpp(3972,35): warning C4244: 'initializing': conversion from 'ggml_float' to 'const float', possible loss of data [C:\Users\hjotha\worktrees\xllama-mtp-fast\uwp\ggml-uwp.vcxproj]
         C:\Users\hjotha\worktrees\xllama-mtp-fast\llama.cpp\ggml\src\ggml-cpu\ops.cpp(3991,40): warning C4244: 'argument': conversion from 'const int64_t' to 'const int', possible loss of data [C:\Users\hjotha\worktrees\xllama-mtp-fast\uwp\ggml-uwp.vcxproj]
         C:\Users\hjotha\worktrees\xllama-mtp-fast\llama.cpp\ggml\src\ggml-cpu\ops.cpp(6275,30): warning C4244: 'initializing': conversion from 'int64_t' to 'int', possible loss of data [C:\Users\hjotha\worktrees\xllama-mtp-fast\uwp\ggml-uwp.vcxproj]
         C:\Users\hjotha\worktrees\xllama-mtp-fast\llama.cpp\ggml\src\ggml-cpu\ops.cpp(6275,18): warning C4244: 'initializing': conversion from 'int64_t' to 'const int', possible loss of data [C:\Users\hjotha\worktrees\xllama-mtp-fast\uwp\ggml-uwp.vcxproj]
         C:\Users\hjotha\worktrees\xllama-mtp-fast\llama.cpp\ggml\src\ggml-cpu\ops.cpp(6338,46): warning C4244: 'argument': conversion from 'const int64_t' to 'float', possible loss of data [C:\Users\hjotha\worktrees\xllama-mtp-fast\uwp\ggml-uwp.vcxproj]
         C:\Users\hjotha\worktrees\xllama-mtp-fast\llama.cpp\ggml\src\ggml-cpu\ops.cpp(6346,44): warning C4244: 'argument': conversion from 'const int64_t' to 'float', possible loss of data [C:\Users\hjotha\worktrees\xllama-mtp-fast\uwp\ggml-uwp.vcxproj]
         C:\Users\hjotha\worktrees\xllama-mtp-fast\llama.cpp\ggml\src\ggml-cpu\ops.cpp(6346,39): warning C4244: 'argument': conversion from 'const int64_t' to 'float', possible loss of data [C:\Users\hjotha\worktrees\xllama-mtp-fast\uwp\ggml-uwp.vcxproj]
         C:\Users\hjotha\worktrees\xllama-mtp-fast\llama.cpp\ggml\src\ggml-cpu\ops.cpp(6346,34): warning C4244: 'argument': conversion from 'const int64_t' to 'float', possible loss of data [C:\Users\hjotha\worktrees\xllama-mtp-fast\uwp\ggml-uwp.vcxproj]
         C:\Users\hjotha\worktrees\xllama-mtp-fast\llama.cpp\ggml\src\ggml-cpu\ops.cpp(6346,29): warning C4244: 'argument': conversion from 'const int64_t' to 'float', possible loss of data [C:\Users\hjotha\worktrees\xllama-mtp-fast\uwp\ggml-uwp.vcxproj]
         C:\Users\hjotha\worktrees\xllama-mtp-fast\llama.cpp\ggml\src\ggml-cpu\ops.cpp(7537,34): warning C4244: 'initializing': conversion from 'int64_t' to 'int', possible loss of data [C:\Users\hjotha\worktrees\xllama-mtp-fast\uwp\ggml-uwp.vcxproj]
         C:\Users\hjotha\worktrees\xllama-mtp-fast\llama.cpp\ggml\src\ggml-cpu\ops.cpp(7537,18): warning C4244: 'initializing': conversion from 'int64_t' to 'const int', possible loss of data [C:\Users\hjotha\worktrees\xllama-mtp-fast\uwp\ggml-uwp.vcxproj]
         C:\Users\hjotha\worktrees\xllama-mtp-fast\llama.cpp\ggml\src\ggml-cpu\ops.cpp(7590,20): warning C4244: 'initializing': conversion from 'const int64_t' to 'int', possible loss of data [C:\Users\hjotha\worktrees\xllama-mtp-fast\uwp\ggml-uwp.vcxproj]
         C:\Users\hjotha\worktrees\xllama-mtp-fast\llama.cpp\ggml\src\ggml-cpu\ops.cpp(7590,18): warning C4244: 'initializing': conversion from 'const int64_t' to 'const int', possible loss of data [C:\Users\hjotha\worktrees\xllama-mtp-fast\uwp\ggml-uwp.vcxproj]
         C:\Users\hjotha\worktrees\xllama-mtp-fast\llama.cpp\ggml\src\ggml-cpu\ops.cpp(7609,51): warning C4244: 'initializing': conversion from 'int64_t' to 'int', possible loss of data [C:\Users\hjotha\worktrees\xllama-mtp-fast\uwp\ggml-uwp.vcxproj]
         C:\Users\hjotha\worktrees\xllama-mtp-fast\llama.cpp\ggml\src\ggml-cpu\ops.cpp(7609,35): warning C4244: 'initializing': conversion from 'int64_t' to 'const int', possible loss of data [C:\Users\hjotha\worktrees\xllama-mtp-fast\uwp\ggml-uwp.vcxproj]
         C:\Users\hjotha\worktrees\xllama-mtp-fast\llama.cpp\ggml\src\ggml-cpu\ops.cpp(7614,50): warning C4244: 'argument': conversion from 'const int64_t' to 'int', possible loss of data [C:\Users\hjotha\worktrees\xllama-mtp-fast\uwp\ggml-uwp.vcxproj]
         C:\Users\hjotha\worktrees\xllama-mtp-fast\llama.cpp\ggml\src\ggml-cpu\ops.cpp(7618,50): warning C4244: 'argument': conversion from 'const int64_t' to 'int', possible loss of data [C:\Users\hjotha\worktrees\xllama-mtp-fast\uwp\ggml-uwp.vcxproj]

    629 Warning(s)
    0 Error(s)

Time Elapsed 00:01:13.42
Build started 10/7/2026 3:11:12 PM.

     1>Project "C:\Users\hjotha\worktrees\xllama-mtp-fast\uwp\xllama.sln" on node 1 (Build target(s)).
     1>ValidateSolutionConfiguration:
         Building solution configuration "Release|x64".
       ValidateProjects:
         The project "ggml-uwp" is not selected for building in solution configuration "Release|x64".
     1>Project "C:\Users\hjotha\worktrees\xllama-mtp-fast\uwp\xllama.sln" (1) is building "C:\Users\hjotha\worktrees\xllama-mtp-fast\uwp\xllama.vcxproj" (2) on node 1 (default targets).
     2>CppWinRTGetResolvedWinMD:
         GetResolvedWinMD: C:\Users\hjotha\worktrees\xllama-mtp-fast\uwp\x64\Release\xllama\xllama.winmd
       PrepareForBuild:
         Structured output is enabled. The formatting of compiler diagnostics will reflect the error hierarchy. See https://aka.ms/cpp/structured-output for more details.
       GetInstalledSDKLocations:
         Searching for SDKs targeting "UAP, 10.0.26100.0".
         Searching for SDKs targeting "Windows, 8.1".
       ResolveSDKReferences:
           Reading SDK manifest file "C:\Program Files (x86)\Microsoft SDKs\Windows Kits\10\ExtensionSDKs\Microsoft.VCLibs\14.0\SDKManifest.xml".
           Targeted configuration and architecture "Retail|x64"
           Could not find "FrameworkIdentity" attribute "FrameworkIdentity-Retail-x64" in the SDK manifest. 
           Found "FrameworkIdentity" attribute "Name = Microsoft.VCLibs.140.00, MinVersion = 14.0.33519.0, Publisher = 'CN=Microsoft Corporation, O=Microsoft Corporation, L=Redmond, S=Washington, C=US'" in the SDK manifest.
           Found "APPX" location attribute "AppX-Retail-x86=.\AppX\Retail\x86\Microsoft.VCLibs.x86.14.00.appx" in the SDK manifest.
           Found "APPX" location attribute "AppX-Retail-x64=.\AppX\Retail\x64\Microsoft.VCLibs.x64.14.00.appx" in the SDK manifest.
           Found "APPX" location attribute "AppX-Retail-ARM=.\AppX\Retail\ARM\Microsoft.VCLibs.ARM.14.00.appx" in the SDK manifest.
           Found "APPX" location attribute "AppX-Retail-ARM64=.\AppX\Retail\ARM64\Microsoft.VCLibs.ARM64.14.00.appx" in the SDK manifest.
       ExpandSDKReferences:
         Enumerating SDK Reference "Microsoft.VCLibs, Version=14.0" from "C:\Program Files (x86)\Microsoft SDKs\Windows Kits\10\ExtensionSDKs\Microsoft.VCLibs\14.0\".
       GetCppWinRTProjectWinMDReferences:
         CppWinRTStaticProjectWinMDReferences: 
         CppWinRTDynamicProjectWinMDReferences: 
       InitializeBuildStatus:
         Creating "C:\Users\hjotha\worktrees\xllama-mtp-fast\uwp\xllama-final\x64\Release\xllama.tlog\unsuccessfulbuild" because "AlwaysCreate" was specified.
         Touching "C:\Users\hjotha\worktrees\xllama-mtp-fast\uwp\xllama-final\x64\Release\xllama.tlog\unsuccessfulbuild".
       GetCppWinRTPlatformWinMDReferences:
         CppWinRTPlatformWinMDReferences: C:\Program Files (x86)\Windows Kits\10\References\10.0.26100.0\Windows.AI.MachineLearning.MachineLearningContract\5.0.0.0\Windows.AI.MachineLearning.MachineLearningContract.winmd;C:\Program Files (x86)\Windows Kits\10\References\10.0.26100.0\Windows.AI.MachineLearning.Preview.MachineLearningPreviewContract\2.0.0.0\Windows.AI.MachineLearning.Preview.MachineLearningPreviewContract.winmd;C:\Program Files (x86)\Windows Kits\10\References\10.0.26100.0\Windows.ApplicationModel.Calls.Background.CallsBackgroundContract\4.0.0.0\Windows.ApplicationModel.Calls.Background.CallsBackgroundContract.winmd;C:\Program Files (x86)\Windows Kits\10\References\10.0.26100.0\Windows.ApplicationModel.Calls.CallsPhoneContract\7.0.0.0\Windows.ApplicationModel.Calls.CallsPhoneContract.winmd;C:\Program Files (x86)\Windows Kits\10\References\10.0.26100.0\Windows.ApplicationModel.Calls.CallsVoipContract\5.0.0.0\Windows.ApplicationModel.Calls.CallsVoipContract.winmd;C:\Program Files (x86)\Windows Kits\10\References\10.0.26100.0\Windows.ApplicationModel.CommunicationBlocking.CommunicationBlockingContract\2.0.0.0\Windows.ApplicationModel.CommunicationBlocking.CommunicationBlockingContract.winmd;C:\Program Files (x86)\Windows Kits\10\References\10.0.26100.0\Windows.ApplicationModel.SocialInfo.SocialInfoContract\2.0.0.0\Windows.ApplicationModel.SocialInfo.SocialInfoContract.winmd;C:\Program Files (x86)\Windows Kits\10\References\10.0.26100.0\Windows.ApplicationModel.StartupTaskContract\3.0.0.0\Windows.ApplicationModel.StartupTaskContract.winmd;C:\Program Files (x86)\Windows Kits\10\References\10.0.26100.0\Windows.Devices.Custom.CustomDeviceContract\1.0.0.0\Windows.Devices.Custom.CustomDeviceContract.winmd;C:\Program Files (x86)\Windows Kits\10\References\10.0.26100.0\Windows.Devices.DevicesLowLevelContract\3.0.0.0\Windows.Devices.DevicesLowLevelContract.winmd;C:\Program Files (x86)\Windows Kits\10\References\10.0.26100.0\Windows.Devices.Printers.PrintersContract\1.0.0.0\Windows.Devices.Printers.PrintersContract.winmd;C:\Program Files (x86)\Windows Kits\10\References\10.0.26100.0\Windows.Devices.SmartCards.SmartCardBackgroundTriggerContract\3.0.0.0\Windows.Devices.SmartCards.SmartCardBackgroundTriggerContract.winmd;C:\Program Files (x86)\Windows Kits\10\References\10.0.26100.0\Windows.Devices.SmartCards.SmartCardEmulatorContract\6.0.0.0\Windows.Devices.SmartCards.SmartCardEmulatorContract.winmd;C:\Program Files (x86)\Windows Kits\10\References\10.0.26100.0\Windows.Foundation.FoundationContract\4.0.0.0\Windows.Foundation.FoundationContract.winmd;C:\Program Files (x86)\Windows Kits\10\References\10.0.26100.0\Windows.Foundation.UniversalApiContract\19.0.0.0\Windows.Foundation.UniversalApiContract.winmd;C:\Program Files (x86)\Windows Kits\10\References\10.0.26100.0\Windows.Gaming.XboxLive.StorageApiContract\1.0.0.0\Windows.Gaming.XboxLive.StorageApiContract.winmd;C:\Program Files (x86)\Windows Kits\10\References\10.0.26100.0\Windows.Graphics.Printing3D.Printing3DContract\4.0.0.0\Windows.Graphics.Printing3D.Printing3DContract.winmd;C:\Program Files (x86)\Windows Kits\10\References\10.0.26100.0\Windows.Networking.Connectivity.WwanContract\3.0.0.0\Windows.Networking.Connectivity.WwanContract.winmd;C:\Program Files (x86)\Windows Kits\10\References\10.0.26100.0\Windows.Networking.Sockets.ControlChannelTriggerContract\3.0.0.0\Windows.Networking.Sockets.ControlChannelTriggerContract.winmd;C:\Program Files (x86)\Windows Kits\10\References\10.0.26100.0\Windows.Security.Isolation.IsolatedWindowsEnvironmentContract\5.0.0.0\Windows.Security.Isolation.Isolatedwindowsenvironmentcontract.winmd;C:\Program Files (x86)\Windows Kits\10\References\10.0.26100.0\Windows.Services.Maps.GuidanceContract\3.0.0.0\Windows.Services.Maps.GuidanceContract.winmd;C:\Program Files (x86)\Windows Kits\10\References\10.0.26100.0\Windows.Services.Maps.LocalSearchContract\4.0.0.0\Windows.Services.Maps.LocalSearchContract.winmd;C:\Program Files (x86)\Windows Kits\10\References\10.0.26100.0\Windows.Services.Store.StoreContract\4.0.0.0\Windows.Services.Store.StoreContract.winmd;C:\Program Files (x86)\Windows Kits\10\References\10.0.26100.0\Windows.Services.TargetedContent.TargetedContentContract\1.0.0.0\Windows.Services.TargetedContent.TargetedContentContract.winmd;C:\Program Files (x86)\Windows Kits\10\References\10.0.26100.0\Windows.Storage.Provider.CloudFilesContract\7.0.0.0\Windows.Storage.Provider.CloudFilesContract.winmd;C:\Program Files (x86)\Windows Kits\10\References\10.0.26100.0\Windows.System.Profile.ProfileHardwareTokenContract\1.0.0.0\Windows.System.Profile.ProfileHardwareTokenContract.winmd;C:\Program Files (x86)\Windows Kits\10\References\10.0.26100.0\Windows.System.Profile.ProfileRetailInfoContract\1.0.0.0\Windows.System.Profile.ProfileRetailInfoContract.winmd;C:\Program Files (x86)\Windows Kits\10\References\10.0.26100.0\Windows.System.Profile.ProfileSharedModeContract\2.0.0.0\Windows.System.Profile.ProfileSharedModeContract.winmd;C:\Program Files (x86)\Windows Kits\10\References\10.0.26100.0\Windows.System.Profile.SystemManufacturers.SystemManufacturersContract\3.0.0.0\Windows.System.Profile.SystemManufacturers.SystemManufacturersContract.winmd;C:\Program Files (x86)\Windows Kits\10\References\10.0.26100.0\Windows.System.SystemManagementContract\7.0.0.0\Windows.System.SystemManagementContract.winmd;C:\Program Files (x86)\Windows Kits\10\References\10.0.26100.0\Windows.UI.UIAutomation.UIAutomationContract\2.0.0.0\Windows.UI.UIAutomation.UIAutomationContract.winmd;C:\Program Files (x86)\Windows Kits\10\References\10.0.26100.0\Windows.UI.ViewManagement.ViewManagementViewScalingContract\1.0.0.0\Windows.UI.ViewManagement.ViewManagementViewScalingContract.winmd;C:\Program Files (x86)\Windows Kits\10\References\10.0.26100.0\Windows.UI.Xaml.Core.Direct.XamlDirectContract\5.0.0.0\Windows.UI.Xaml.Core.Direct.XamlDirectContract.winmd
       GetCppWinRTDirectWinMDReferences:
         CppWinRTDirectWinMDReferences: 
       CppWinRTSetMidlReferences:
       Skipping target "CppWinRTSetMidlReferences" because all output files are up-to-date with respect to the input files.
       Midl:
         All outputs are up-to-date.
       GetCppWinRTMdMergeInputs:
         CppWinRTMdMergeInputs: C:\Users\hjotha\worktrees\xllama-mtp-fast\uwp\xllama-final\x64\Release\Unmerged\xllama.winmd
         CppWinRTMdMergeMetadataDirectories: C:\Program Files (x86)\Windows Kits\10\References\10.0.26100.0\Windows.AI.MachineLearning.MachineLearningContract\5.0.0.0\;C:\Program Files (x86)\Windows Kits\10\References\10.0.26100.0\Windows.AI.MachineLearning.Preview.MachineLearningPreviewContract\2.0.0.0\;C:\Program Files (x86)\Windows Kits\10\References\10.0.26100.0\Windows.ApplicationModel.Calls.Background.CallsBackgroundContract\4.0.0.0\;C:\Program Files (x86)\Windows Kits\10\References\10.0.26100.0\Windows.ApplicationModel.Calls.CallsPhoneContract\7.0.0.0\;C:\Program Files (x86)\Windows Kits\10\References\10.0.26100.0\Windows.ApplicationModel.Calls.CallsVoipContract\5.0.0.0\;C:\Program Files (x86)\Windows Kits\10\References\10.0.26100.0\Windows.ApplicationModel.CommunicationBlocking.CommunicationBlockingContract\2.0.0.0\;C:\Program Files (x86)\Windows Kits\10\References\10.0.26100.0\Windows.ApplicationModel.SocialInfo.SocialInfoContract\2.0.0.0\;C:\Program Files (x86)\Windows Kits\10\References\10.0.26100.0\Windows.ApplicationModel.StartupTaskContract\3.0.0.0\;C:\Program Files (x86)\Windows Kits\10\References\10.0.26100.0\Windows.Devices.Custom.CustomDeviceContract\1.0.0.0\;C:\Program Files (x86)\Windows Kits\10\References\10.0.26100.0\Windows.Devices.DevicesLowLevelContract\3.0.0.0\;C:\Program Files (x86)\Windows Kits\10\References\10.0.26100.0\Windows.Devices.Printers.PrintersContract\1.0.0.0\;C:\Program Files (x86)\Windows Kits\10\References\10.0.26100.0\Windows.Devices.SmartCards.SmartCardBackgroundTriggerContract\3.0.0.0\;C:\Program Files (x86)\Windows Kits\10\References\10.0.26100.0\Windows.Devices.SmartCards.SmartCardEmulatorContract\6.0.0.0\;C:\Program Files (x86)\Windows Kits\10\References\10.0.26100.0\Windows.Foundation.FoundationContract\4.0.0.0\;C:\Program Files (x86)\Windows Kits\10\References\10.0.26100.0\Windows.Foundation.UniversalApiContract\19.0.0.0\;C:\Program Files (x86)\Windows Kits\10\References\10.0.26100.0\Windows.Gaming.XboxLive.StorageApiContract\1.0.0.0\;C:\Program Files (x86)\Windows Kits\10\References\10.0.26100.0\Windows.Graphics.Printing3D.Printing3DContract\4.0.0.0\;C:\Program Files (x86)\Windows Kits\10\References\10.0.26100.0\Windows.Networking.Connectivity.WwanContract\3.0.0.0\;C:\Program Files (x86)\Windows Kits\10\References\10.0.26100.0\Windows.Networking.Sockets.ControlChannelTriggerContract\3.0.0.0\;C:\Program Files (x86)\Windows Kits\10\References\10.0.26100.0\Windows.Security.Isolation.IsolatedWindowsEnvironmentContract\5.0.0.0\;C:\Program Files (x86)\Windows Kits\10\References\10.0.26100.0\Windows.Services.Maps.GuidanceContract\3.0.0.0\;C:\Program Files (x86)\Windows Kits\10\References\10.0.26100.0\Windows.Services.Maps.LocalSearchContract\4.0.0.0\;C:\Program Files (x86)\Windows Kits\10\References\10.0.26100.0\Windows.Services.Store.StoreContract\4.0.0.0\;C:\Program Files (x86)\Windows Kits\10\References\10.0.26100.0\Windows.Services.TargetedContent.TargetedContentContract\1.0.0.0\;C:\Program Files (x86)\Windows Kits\10\References\10.0.26100.0\Windows.Storage.Provider.CloudFilesContract\7.0.0.0\;C:\Program Files (x86)\Windows Kits\10\References\10.0.26100.0\Windows.System.Profile.ProfileHardwareTokenContract\1.0.0.0\;C:\Program Files (x86)\Windows Kits\10\References\10.0.26100.0\Windows.System.Profile.ProfileRetailInfoContract\1.0.0.0\;C:\Program Files (x86)\Windows Kits\10\References\10.0.26100.0\Windows.System.Profile.ProfileSharedModeContract\2.0.0.0\;C:\Program Files (x86)\Windows Kits\10\References\10.0.26100.0\Windows.System.Profile.SystemManufacturers.SystemManufacturersContract\3.0.0.0\;C:\Program Files (x86)\Windows Kits\10\References\10.0.26100.0\Windows.System.SystemManagementContract\7.0.0.0\;C:\Program Files (x86)\Windows Kits\10\References\10.0.26100.0\Windows.UI.UIAutomation.UIAutomationContract\2.0.0.0\;C:\Program Files (x86)\Windows Kits\10\References\10.0.26100.0\Windows.UI.ViewManagement.ViewManagementViewScalingContract\1.0.0.0\;C:\Program Files (x86)\Windows Kits\10\References\10.0.26100.0\Windows.UI.Xaml.Core.Direct.XamlDirectContract\5.0.0.0\
       CppWinRTMergeProjectWinMDInputs:
       Skipping target "CppWinRTMergeProjectWinMDInputs" because all output files are up-to-date with respect to the input files.
       CppWinRTCopyWinMDToOutputDirectory:
       Skipping target "CppWinRTCopyWinMDToOutputDirectory" because all output files are up-to-date with respect to the input files.
       GetCppWinRTPlatformWinMDInputs:
         CppWinRTPlatformWinMDInputs: C:\Program Files (x86)\Windows Kits\10\References\10.0.26100.0\Windows.AI.MachineLearning.MachineLearningContract\5.0.0.0\Windows.AI.MachineLearning.MachineLearningContract.winmd;C:\Program Files (x86)\Windows Kits\10\References\10.0.26100.0\Windows.AI.MachineLearning.Preview.MachineLearningPreviewContract\2.0.0.0\Windows.AI.MachineLearning.Preview.MachineLearningPreviewContract.winmd;C:\Program Files (x86)\Windows Kits\10\References\10.0.26100.0\Windows.ApplicationModel.Calls.Background.CallsBackgroundContract\4.0.0.0\Windows.ApplicationModel.Calls.Background.CallsBackgroundContract.winmd;C:\Program Files (x86)\Windows Kits\10\References\10.0.26100.0\Windows.ApplicationModel.Calls.CallsPhoneContract\7.0.0.0\Windows.ApplicationModel.Calls.CallsPhoneContract.winmd;C:\Program Files (x86)\Windows Kits\10\References\10.0.26100.0\Windows.ApplicationModel.Calls.CallsVoipContract\5.0.0.0\Windows.ApplicationModel.Calls.CallsVoipContract.winmd;C:\Program Files (x86)\Windows Kits\10\References\10.0.26100.0\Windows.ApplicationModel.CommunicationBlocking.CommunicationBlockingContract\2.0.0.0\Windows.ApplicationModel.CommunicationBlocking.CommunicationBlockingContract.winmd;C:\Program Files (x86)\Windows Kits\10\References\10.0.26100.0\Windows.ApplicationModel.SocialInfo.SocialInfoContract\2.0.0.0\Windows.ApplicationModel.SocialInfo.SocialInfoContract.winmd;C:\Program Files (x86)\Windows Kits\10\References\10.0.26100.0\Windows.ApplicationModel.StartupTaskContract\3.0.0.0\Windows.ApplicationModel.StartupTaskContract.winmd;C:\Program Files (x86)\Windows Kits\10\References\10.0.26100.0\Windows.Devices.Custom.CustomDeviceContract\1.0.0.0\Windows.Devices.Custom.CustomDeviceContract.winmd;C:\Program Files (x86)\Windows Kits\10\References\10.0.26100.0\Windows.Devices.DevicesLowLevelContract\3.0.0.0\Windows.Devices.DevicesLowLevelContract.winmd;C:\Program Files (x86)\Windows Kits\10\References\10.0.26100.0\Windows.Devices.Printers.PrintersContract\1.0.0.0\Windows.Devices.Printers.PrintersContract.winmd;C:\Program Files (x86)\Windows Kits\10\References\10.0.26100.0\Windows.Devices.SmartCards.SmartCardBackgroundTriggerContract\3.0.0.0\Windows.Devices.SmartCards.SmartCardBackgroundTriggerContract.winmd;C:\Program Files (x86)\Windows Kits\10\References\10.0.26100.0\Windows.Devices.SmartCards.SmartCardEmulatorContract\6.0.0.0\Windows.Devices.SmartCards.SmartCardEmulatorContract.winmd;C:\Program Files (x86)\Windows Kits\10\References\10.0.26100.0\Windows.Foundation.FoundationContract\4.0.0.0\Windows.Foundation.FoundationContract.winmd;C:\Program Files (x86)\Windows Kits\10\References\10.0.26100.0\Windows.Foundation.UniversalApiContract\19.0.0.0\Windows.Foundation.UniversalApiContract.winmd;C:\Program Files (x86)\Windows Kits\10\References\10.0.26100.0\Windows.Gaming.XboxLive.StorageApiContract\1.0.0.0\Windows.Gaming.XboxLive.StorageApiContract.winmd;C:\Program Files (x86)\Windows Kits\10\References\10.0.26100.0\Windows.Graphics.Printing3D.Printing3DContract\4.0.0.0\Windows.Graphics.Printing3D.Printing3DContract.winmd;C:\Program Files (x86)\Windows Kits\10\References\10.0.26100.0\Windows.Networking.Connectivity.WwanContract\3.0.0.0\Windows.Networking.Connectivity.WwanContract.winmd;C:\Program Files (x86)\Windows Kits\10\References\10.0.26100.0\Windows.Networking.Sockets.ControlChannelTriggerContract\3.0.0.0\Windows.Networking.Sockets.ControlChannelTriggerContract.winmd;C:\Program Files (x86)\Windows Kits\10\References\10.0.26100.0\Windows.Security.Isolation.IsolatedWindowsEnvironmentContract\5.0.0.0\Windows.Security.Isolation.Isolatedwindowsenvironmentcontract.winmd;C:\Program Files (x86)\Windows Kits\10\References\10.0.26100.0\Windows.Services.Maps.GuidanceContract\3.0.0.0\Windows.Services.Maps.GuidanceContract.winmd;C:\Program Files (x86)\Windows Kits\10\References\10.0.26100.0\Windows.Services.Maps.LocalSearchContract\4.0.0.0\Windows.Services.Maps.LocalSearchContract.winmd;C:\Program Files (x86)\Windows Kits\10\References\10.0.26100.0\Windows.Services.Store.StoreContract\4.0.0.0\Windows.Services.Store.StoreContract.winmd;C:\Program Files (x86)\Windows Kits\10\References\10.0.26100.0\Windows.Services.TargetedContent.TargetedContentContract\1.0.0.0\Windows.Services.TargetedContent.TargetedContentContract.winmd;C:\Program Files (x86)\Windows Kits\10\References\10.0.26100.0\Windows.Storage.Provider.CloudFilesContract\7.0.0.0\Windows.Storage.Provider.CloudFilesContract.winmd;C:\Program Files (x86)\Windows Kits\10\References\10.0.26100.0\Windows.System.Profile.ProfileHardwareTokenContract\1.0.0.0\Windows.System.Profile.ProfileHardwareTokenContract.winmd;C:\Program Files (x86)\Windows Kits\10\References\10.0.26100.0\Windows.System.Profile.ProfileRetailInfoContract\1.0.0.0\Windows.System.Profile.ProfileRetailInfoContract.winmd;C:\Program Files (x86)\Windows Kits\10\References\10.0.26100.0\Windows.System.Profile.ProfileSharedModeContract\2.0.0.0\Windows.System.Profile.ProfileSharedModeContract.winmd;C:\Program Files (x86)\Windows Kits\10\References\10.0.26100.0\Windows.System.Profile.SystemManufacturers.SystemManufacturersContract\3.0.0.0\Windows.System.Profile.SystemManufacturers.SystemManufacturersContract.winmd;C:\Program Files (x86)\Windows Kits\10\References\10.0.26100.0\Windows.System.SystemManagementContract\7.0.0.0\Windows.System.SystemManagementContract.winmd;C:\Program Files (x86)\Windows Kits\10\References\10.0.26100.0\Windows.UI.UIAutomation.UIAutomationContract\2.0.0.0\Windows.UI.UIAutomation.UIAutomationContract.winmd;C:\Program Files (x86)\Windows Kits\10\References\10.0.26100.0\Windows.UI.ViewManagement.ViewManagementViewScalingContract\1.0.0.0\Windows.UI.ViewManagement.ViewManagementViewScalingContract.winmd;C:\Program Files (x86)\Windows Kits\10\References\10.0.26100.0\Windows.UI.Xaml.Core.Direct.XamlDirectContract\5.0.0.0\Windows.UI.Xaml.Core.Direct.XamlDirectContract.winmd
       CppWinRTMakePlatformProjection:
       Skipping target "CppWinRTMakePlatformProjection" because all output files are up-to-date with respect to the input files.
       CppWinRTMakeComponentProjection:
       Skipping target "CppWinRTMakeComponentProjection" because all output files are up-to-date with respect to the input files.
     2>Project "C:\Users\hjotha\worktrees\xllama-mtp-fast\uwp\xllama.vcxproj" (2) is building "C:\Users\hjotha\worktrees\xllama-mtp-fast\uwp\ggml-uwp.vcxproj" (3) on node 1 (GetProjectInfoForReference target(s)).
     3>PrepareForBuild:
         Structured output is enabled. The formatting of compiler diagnostics will reflect the error hierarchy. See https://aka.ms/cpp/structured-output for more details.
       GetInstalledSDKLocations:
         Searching for SDKs targeting "UAP, 10.0.26100.0".
         Searching for SDKs targeting "Windows, 8.1".
       ResolveSDKReferences:
           Reading SDK manifest file "C:\Program Files (x86)\Microsoft SDKs\Windows Kits\10\ExtensionSDKs\Microsoft.VCLibs\14.0\SDKManifest.xml".
           Targeted configuration and architecture "Retail|x64"
           Could not find "FrameworkIdentity" attribute "FrameworkIdentity-Retail-x64" in the SDK manifest. 
           Found "FrameworkIdentity" attribute "Name = Microsoft.VCLibs.140.00, MinVersion = 14.0.33519.0, Publisher = 'CN=Microsoft Corporation, O=Microsoft Corporation, L=Redmond, S=Washington, C=US'" in the SDK manifest.
           Found "APPX" location attribute "AppX-Retail-x86=.\AppX\Retail\x86\Microsoft.VCLibs.x86.14.00.appx" in the SDK manifest.
           Found "APPX" location attribute "AppX-Retail-x64=.\AppX\Retail\x64\Microsoft.VCLibs.x64.14.00.appx" in the SDK manifest.
           Found "APPX" location attribute "AppX-Retail-ARM=.\AppX\Retail\ARM\Microsoft.VCLibs.ARM.14.00.appx" in the SDK manifest.
           Found "APPX" location attribute "AppX-Retail-ARM64=.\AppX\Retail\ARM64\Microsoft.VCLibs.ARM64.14.00.appx" in the SDK manifest.
       ExpandSDKReferences:
         Enumerating SDK Reference "Microsoft.VCLibs, Version=14.0" from "C:\Program Files (x86)\Microsoft SDKs\Windows Kits\10\ExtensionSDKs\Microsoft.VCLibs\14.0\".
     3>Done Building Project "C:\Users\hjotha\worktrees\xllama-mtp-fast\uwp\ggml-uwp.vcxproj" (GetProjectInfoForReference target(s)).
     2>ClCompile:
         C:\Program Files\Microsoft Visual Studio\2022\Community\VC\Tools\MSVC\14.44.35207\bin\HostX64\x64\CL.exe /c /I"C:\Users\hjotha\worktrees\xllama-mtp-fast\uwp\\" /I"C:\Users\hjotha\worktrees\xllama-mtp-fast\uwp\Generated Files" /I"C:\Users\hjotha\worktrees\xllama-mtp-fast\uwp\xllama-final\x64\Release\Generated Files" /I"C:\Users\hjotha\worktrees\xllama-mtp-fast\uwp\..\include" /I"C:\Users\hjotha\worktrees\xllama-mtp-fast\uwp\..\shaders\generated" /I"C:\Users\hjotha\worktrees\xllama-mtp-fast\uwp\..\llama.cpp\include" /I"C:\Users\hjotha\worktrees\xllama-mtp-fast\uwp\..\llama.cpp\ggml\include" /I"C:\Users\hjotha\worktrees\xllama-mtp-fast\uwp\packages\Microsoft.ML.OnnxRuntimeGenAI.DirectML.0.14.1\build\native\include" /I"C:\Users\hjotha\worktrees\xllama-mtp-fast\uwp\packages\Microsoft.ML.OnnxRuntime.DirectML.1.24.4\build\native\include" /I"C:\Users\hjotha\worktrees\xllama-mtp-fast\uwp\packages\Microsoft.ML.OnnxRuntime.DirectML.1.24.4\build\native\../../build/native/include/" /I"C:\Users\hjotha\worktrees\xllama-mtp-fast\uwp\\" /I"Generated Files\\" /I"C:\Users\hjotha\worktrees\xllama-mtp-fast\uwp\xllama-final\x64\Release\\" /I"Generated Files\\" /Zi /nologo /W3 /WX- /diagnostics:column /sdl /MP /O2 /Ob2 /Oi /Ot /Oy- /GL /D NOMINMAX /D WIN32_LEAN_AND_MEAN /D _CRT_SECURE_NO_WARNINGS /D XLLAMA_UWP=1 /D XLLAMA_USE_ORT=1 /D XLLAMA_USE_LLAMA=1 /D XLLAMA_DEVICE_TRAIN=1 /D _UNICODE /D UNICODE /D WINAPI_FAMILY=WINAPI_FAMILY_APP /D __WRL_NO_DEFAULT_LIB__ /Gm- /EHa /MD /GS /Gy /fp:precise /Zc:wchar_t /Zc:forScope /Zc:inline /std:c++17 /permissive- /Fo"C:\Users\hjotha\worktrees\xllama-mtp-fast\uwp\xllama-final\x64\Release\..\src\bridge\\" /Fd"C:\Users\hjotha\worktrees\xllama-mtp-fast\uwp\xllama-final\x64\Release\vc143.pdb" /external:W3 /Gd /TP /FU"C:\Program Files\Microsoft Visual Studio\2022\Community\VC\Tools\MSVC\14.44.35207\lib\x86\store\references\platform.winmd" /analyze- /FC /errorReport:queue /arch:AVX2 /Oi /Ot /utf-8  /bigobj /await ..\src\bridge\diverge.cpp ..\src\bridge\inference.cpp ..\src\bridge\replay.cpp ..\src\bridge\session.cpp ..\src\bridge\tttarget.cpp
         diverge.cpp
         inference.cpp
         replay.cpp
         session.cpp
         tttarget.cpp
     2>C:\Users\hjotha\worktrees\xllama-mtp-fast\src\bridge\inference.cpp(315,71): warning C4267: 'argument': conversion from 'size_t' to 'int', possible loss of data [C:\Users\hjotha\worktrees\xllama-mtp-fast\uwp\xllama.vcxproj]
         All outputs are up-to-date.
         C:\Program Files\Microsoft Visual Studio\2022\Community\VC\Tools\MSVC\14.44.35207\bin\HostX64\x64\CL.exe /c /I"C:\Users\hjotha\worktrees\xllama-mtp-fast\uwp\\" /I"C:\Users\hjotha\worktrees\xllama-mtp-fast\uwp\Generated Files" /I"C:\Users\hjotha\worktrees\xllama-mtp-fast\uwp\xllama-final\x64\Release\Generated Files" /I"C:\Users\hjotha\worktrees\xllama-mtp-fast\uwp\..\include" /I"C:\Users\hjotha\worktrees\xllama-mtp-fast\uwp\..\shaders\generated" /I"C:\Users\hjotha\worktrees\xllama-mtp-fast\uwp\..\llama.cpp\include" /I"C:\Users\hjotha\worktrees\xllama-mtp-fast\uwp\..\llama.cpp\ggml\include" /I"C:\Users\hjotha\worktrees\xllama-mtp-fast\uwp\packages\Microsoft.ML.OnnxRuntimeGenAI.DirectML.0.14.1\build\native\include" /I"C:\Users\hjotha\worktrees\xllama-mtp-fast\uwp\packages\Microsoft.ML.OnnxRuntime.DirectML.1.24.4\build\native\include" /I"C:\Users\hjotha\worktrees\xllama-mtp-fast\uwp\packages\Microsoft.ML.OnnxRuntime.DirectML.1.24.4\build\native\../../build/native/include/" /I"C:\Users\hjotha\worktrees\xllama-mtp-fast\uwp\\" /I"Generated Files\\" /I"C:\Users\hjotha\worktrees\xllama-mtp-fast\uwp\xllama-final\x64\Release\\" /I"Generated Files\\" /Zi /nologo /W3 /WX- /diagnostics:column /sdl /MP /O2 /Ob2 /Oi /Ot /Oy- /GL /D NOMINMAX /D WIN32_LEAN_AND_MEAN /D _CRT_SECURE_NO_WARNINGS /D XLLAMA_UWP=1 /D XLLAMA_USE_ORT=1 /D XLLAMA_USE_LLAMA=1 /D XLLAMA_DEVICE_TRAIN=1 /D _UNICODE /D UNICODE /D WINAPI_FAMILY=WINAPI_FAMILY_APP /D __WRL_NO_DEFAULT_LIB__ /Gm- /EHa /MD /GS /Gy /fp:precise /Zc:wchar_t /Zc:forScope /Zc:inline /std:c++17 /permissive- /Fo"C:\Users\hjotha\worktrees\xllama-mtp-fast\uwp\xllama-final\x64\Release\\" /Fd"C:\Users\hjotha\worktrees\xllama-mtp-fast\uwp\xllama-final\x64\Release\vc143.pdb" /external:W3 /Gd /TP /FU"C:\Program Files\Microsoft Visual Studio\2022\Community\VC\Tools\MSVC\14.44.35207\lib\x86\store\references\platform.winmd" /analyze- /FC /errorReport:queue /arch:AVX2 /Oi /Ot /utf-8  /bigobj /await "inference-bridge.cpp"
         inference-bridge.cpp
       Link:
         C:\Program Files\Microsoft Visual Studio\2022\Community\VC\Tools\MSVC\14.44.35207\bin\HostX64\x64\link.exe /ERRORREPORT:QUEUE /OUT:"C:\Users\hjotha\worktrees\xllama-mtp-fast\uwp\x64\Release\xllama\xllama.exe" /NOLOGO /LIBPATH:"C:\Users\hjotha\worktrees\xllama-mtp-fast\uwp\packages\Microsoft.ML.OnnxRuntimeGenAI.DirectML.0.14.1\build\native\..\..\runtimes\win-x64\native" /LIBPATH:"C:\Users\hjotha\worktrees\xllama-mtp-fast\uwp\packages\Microsoft.ML.OnnxRuntime.DirectML.1.24.4\runtimes\win-x64\native" /LIBPATH:"C:\Users\hjotha\worktrees\xllama-mtp-fast\uwp\packages\Microsoft.ML.OnnxRuntimeGenAI.DirectML.0.14.1\runtimes\win-x64\native" "onnxruntime-genai.lib" WindowsApp.lib Bcrypt.lib onnxruntime.lib "onnxruntime-genai.lib" dxgi.lib d3d11.lib "C:\Users\hjotha\worktrees\xllama-mtp-fast\uwp\packages\Microsoft.ML.OnnxRuntime.DirectML.1.24.4\build\native\../../runtimes/win-x64/native/onnxruntime.lib" WindowsApp.lib WindowsApp.lib /MANIFEST:NO /DEBUG:FULL /PDB:"C:\Users\hjotha\worktrees\xllama-mtp-fast\uwp\x64\Release\xllama\xllama.pdb" /SUBSYSTEM:WINDOWS /OPT:REF /OPT:ICF /LTCG /LTCGOUT:"C:\Users\hjotha\worktrees\xllama-mtp-fast\uwp\xllama-final\x64\Release\xllama.iobj" /TLBID:1 /APPCONTAINER /WINMD /WINMDFILE:"C:\Users\hjotha\worktrees\xllama-mtp-fast\uwp\x64\Release\xllama\xllama.winmd" /DYNAMICBASE /NXCOMPAT /MACHINE:X64 "C:\Users\hjotha\worktrees\xllama-mtp-fast\uwp\xllama-final\x64\Release\..\src\bridge\inference.obj"
         "C:\Users\hjotha\worktrees\xllama-mtp-fast\uwp\xllama-final\x64\Release\..\src\bridge\session.obj"
         "C:\Users\hjotha\worktrees\xllama-mtp-fast\uwp\xllama-final\x64\Release\..\src\bridge\mtp_draft.obj"
         "C:\Users\hjotha\worktrees\xllama-mtp-fast\uwp\xllama-final\x64\Release\..\src\bridge\embedding.obj"
         "C:\Users\hjotha\worktrees\xllama-mtp-fast\uwp\xllama-final\x64\Release\..\src\bridge\kv_store.obj"
         "C:\Users\hjotha\worktrees\xllama-mtp-fast\uwp\xllama-final\x64\Release\..\src\bridge\bench.obj"
         "C:\Users\hjotha\worktrees\xllama-mtp-fast\uwp\xllama-final\x64\Release\..\src\bridge\diskbw.obj"
         "C:\Users\hjotha\worktrees\xllama-mtp-fast\uwp\xllama-final\x64\Release\..\src\bridge\membw.obj"
         "C:\Users\hjotha\worktrees\xllama-mtp-fast\uwp\xllama-final\x64\Release\..\src\bridge\gpubw.obj"
         "C:\Users\hjotha\worktrees\xllama-mtp-fast\uwp\xllama-final\x64\Release\..\src\bridge\gpugemv.obj"
         "C:\Users\hjotha\worktrees\xllama-mtp-fast\uwp\xllama-final\x64\Release\..\src\bridge\gpustep.obj"
         "C:\Users\hjotha\worktrees\xllama-mtp-fast\uwp\xllama-final\x64\Release\..\src\bridge\tttarget.obj"
         "C:\Users\hjotha\worktrees\xllama-mtp-fast\uwp\xllama-final\x64\Release\..\src\bridge\replay.obj"
         "C:\Users\hjotha\worktrees\xllama-mtp-fast\uwp\xllama-final\x64\Release\..\src\bridge\diverge.obj"
         "C:\Users\hjotha\worktrees\xllama-mtp-fast\uwp\xllama-final\x64\Release\..\src\bridge\termgate.obj"
         "C:\Users\hjotha\worktrees\xllama-mtp-fast\uwp\xllama-final\x64\Release\..\src\bridge\d3d12_compute.obj"
         "C:\Users\hjotha\worktrees\xllama-mtp-fast\uwp\xllama-final\x64\Release\..\src\bridge\ggml_d3d12.obj"
         "C:\Users\hjotha\worktrees\xllama-mtp-fast\uwp\xllama-final\x64\Release\..\src\bridge\ramceil.obj"
         "C:\Users\hjotha\worktrees\xllama-mtp-fast\uwp\xllama-final\x64\Release\..\src\bridge\platform.obj"
         "C:\Users\hjotha\worktrees\xllama-mtp-fast\uwp\xllama-final\x64\Release\..\src\bridge\path_utils.obj"
         "C:\Users\hjotha\worktrees\xllama-mtp-fast\uwp\xllama-final\x64\Release\..\src\bridge\utf8_utils.obj"
         "C:\Users\hjotha\worktrees\xllama-mtp-fast\uwp\xllama-final\x64\Release\..\src\bridge\chat_prompt.obj"
         "C:\Users\hjotha\worktrees\xllama-mtp-fast\uwp\xllama-final\x64\Release\..\src\bridge\prompt_budget.obj"
         "C:\Users\hjotha\worktrees\xllama-mtp-fast\uwp\xllama-final\x64\Release\..\src\bridge\training.obj"
         "C:\Users\hjotha\worktrees\xllama-mtp-fast\uwp\xllama-final\x64\Release\..\src\bridge\device_train.obj"
         "C:\Users\hjotha\worktrees\xllama-mtp-fast\uwp\xllama-final\x64\Release\..\src\bridge\preference_capture.obj"
         "C:\Users\hjotha\worktrees\xllama-mtp-fast\uwp\xllama-final\x64\Release\..\src\bridge\capture_probe.obj"
         "C:\Users\hjotha\worktrees\xllama-mtp-fast\uwp\xllama-final\x64\Release\..\src\bridge\personalize.obj"
         "C:\Users\hjotha\worktrees\xllama-mtp-fast\uwp\xllama-final\x64\Release\..\src\bridge\autopilot.obj"
         "C:\Users\hjotha\worktrees\xllama-mtp-fast\uwp\xllama-final\x64\Release\inference-bridge.obj"
         "C:\Users\hjotha\worktrees\xllama-mtp-fast\uwp\xllama-final\x64\Release\native_capture.obj"
         "C:\Users\hjotha\worktrees\xllama-mtp-fast\uwp\xllama-final\x64\Release\diffuse.obj"
         "C:\Users\hjotha\worktrees\xllama-mtp-fast\uwp\xllama-final\x64\Release\op-repro.obj"
         "C:\Users\hjotha\worktrees\xllama-mtp-fast\uwp\xllama-final\x64\Release\App.obj"
         "C:\Users\hjotha\worktrees\xllama-mtp-fast\uwp\xllama-final\x64\Release\api-server.obj"
         "C:\Users\hjotha\worktrees\xllama-mtp-fast\uwp\xllama-final\x64\Release\chat-history.obj"
         "C:\Users\hjotha\worktrees\xllama-mtp-fast\uwp\xllama-final\x64\Release\MainPage.obj"
         "C:\Users\hjotha\worktrees\xllama-mtp-fast\uwp\xllama-final\x64\Release\model-downloader.obj"
         "C:\Users\hjotha\worktrees\xllama-mtp-fast\uwp\xllama-final\x64\Release\module.obj"
         "C:\Users\hjotha\worktrees\xllama-mtp-fast\uwp\x64\Release\ggml-uwp\ggml-uwp.lib"
         Generating code
         Finished generating code
         xllama.vcxproj -> C:\Users\hjotha\worktrees\xllama-mtp-fast\uwp\x64\Release\xllama\xllama.exe
       _CopyOutOfDateSourceItemsToOutputDirectory:
       Skipping target "_CopyOutOfDateSourceItemsToOutputDirectory" because all output files are up-to-date with respect to the input files.
       ComputeProcessXamlFiles:
         (Out) ProcessedXamlFiles == 
       CustomOutputGroupForPackaging:
         (Out) Project='xllama' ProcessedXamlFiles == 
         (Out) XamlPackagingRootFolder == C:\Users\hjotha\worktrees\xllama-mtp-fast\uwp\x64\Release\xllama\\
         (Out) ProcessedXamlFilesFullPath == 
         (Out) Project='xllama' CustomOutputGroupForPackagingOutput == 
       _GeneratePrisForPortableLibraries:
         No resources are out of date with respect to their source files. Skipping resource generation.
       _GenerateProjectPriFileCore:
         C:\Program Files (x86)\Windows Kits\10\bin\10.0.26100.0\x64\MakePri.exe New -ProjectRoot C:\Users\hjotha\worktrees\xllama-mtp-fast\uwp\ -ConfigXml C:\Users\hjotha\worktrees\xllama-mtp-fast\uwp\xllama-final\x64\Release\priconfig.xml -OutputFile C:\Users\hjotha\worktrees\xllama-mtp-fast\uwp\x64\Release\xllama\resources.pri -IndexName GianlucaMazza.xllama -Verbose -Overwrite  
     2>C:\Program Files\Microsoft Visual Studio\2022\Community\MSBuild\Microsoft\VisualStudio\v17.0\AppxPackage\Microsoft.AppXPackage.Targets(2840,5): warning APPX2101: File 'cl.exe' is not found or is not an executable file. [C:\Users\hjotha\worktrees\xllama-mtp-fast\uwp\xllama.vcxproj]
         xllama -> C:\Users\hjotha\worktrees\xllama-mtp-fast\uwp\x64\Release\xllama\AppxManifest.xml
       CheckForUnsupportedScenarios:
         The specified XPath query did not capture any nodes.
       _GenerateAppxPackageRecipeFile:
         xllama -> C:\Users\hjotha\worktrees\xllama-mtp-fast\uwp\x64\Release\xllama\xllama.build.appxrecipe
       _GenerateAppxPackageFile:
         C:\Program Files (x86)\Windows Kits\10\bin\10.0.26100.0\x64\MakeAppx.exe pack /l /h sha256 /f C:\Users\hjotha\worktrees\xllama-mtp-fast\uwp\xllama-final\x64\Release\package.map.txt /o /p C:\Users\hjotha\worktrees\xllama-mtp-fast\uwp\AppPackages\xllama\xllama_1.6.0.124_x64_Test\xllama_1.6.0.124_x64.msix  
         xllama -> C:\Users\hjotha\worktrees\xllama-mtp-fast\uwp\AppPackages\xllama\xllama_1.6.0.124_x64_Test\xllama_1.6.0.124_x64.msix
         xllama -> C:\Users\hjotha\worktrees\xllama-mtp-fast\uwp\AppPackages\xllama\xllama_1.6.0.124_x64_Test\xllama_1.6.0.124_x64.cer
         xllama -> 89F82DB72C9AB8BE8E92B6A3B1F016F3CCA0884D
       _GenerateAppxSymbolPackage:
         C:\Program Files\Microsoft Visual Studio\2022\Community\MSBuild\Microsoft\VisualStudio\v17.0\AppxPackage\\x64\mspdbcmf.exe /check C:\Users\hjotha\worktrees\xllama-mtp-fast\uwp\x64\Release\xllama\xllama.pdb 
         Microsoft (R) FastLink To Full PDB Converter Version 14.39.33523.0
         Copyright (C) Microsoft Corporation.  All rights reserved.
         
          [Non FASTLINK] The input PDB file was not generated by the linker with /DEBUG:fastlink.
         xllama -> C:\Users\hjotha\worktrees\xllama-mtp-fast\uwp\xllama-final\x64\Release\Symbols\xllama_1.6.0.124_x64.appxsym
       _CreateTestLayout:
         Creating directory "C:\Users\hjotha\worktrees\xllama-mtp-fast\uwp\AppPackages\xllama\xllama_1.6.0.124_x64_Test\Dependencies\ARM".
         Creating directory "C:\Users\hjotha\worktrees\xllama-mtp-fast\uwp\AppPackages\xllama\xllama_1.6.0.124_x64_Test\Dependencies\x64".
         Creating directory "C:\Users\hjotha\worktrees\xllama-mtp-fast\uwp\AppPackages\xllama\xllama_1.6.0.124_x64_Test\Dependencies\ARM64".
         Creating directory "C:\Users\hjotha\worktrees\xllama-mtp-fast\uwp\AppPackages\xllama\xllama_1.6.0.124_x64_Test\Dependencies\x86".
         Copying file from "C:\Program Files (x86)\Microsoft SDKs\Windows Kits\10\ExtensionSDKs\Microsoft.VCLibs\14.0\AppX\Retail\ARM\Microsoft.VCLibs.ARM.14.00.appx" to "C:\Users\hjotha\worktrees\xllama-mtp-fast\uwp\AppPackages\xllama\xllama_1.6.0.124_x64_Test\Dependencies\ARM\Microsoft.VCLibs.ARM.14.00.appx".
         Copying file from "C:\Program Files (x86)\Microsoft SDKs\Windows Kits\10\ExtensionSDKs\Microsoft.VCLibs\14.0\AppX\Retail\ARM64\Microsoft.VCLibs.ARM64.14.00.appx" to "C:\Users\hjotha\worktrees\xllama-mtp-fast\uwp\AppPackages\xllama\xllama_1.6.0.124_x64_Test\Dependencies\ARM64\Microsoft.VCLibs.ARM64.14.00.appx".
         Copying file from "C:\Program Files (x86)\Microsoft SDKs\Windows Kits\10\ExtensionSDKs\Microsoft.VCLibs\14.0\AppX\Retail\x64\Microsoft.VCLibs.x64.14.00.appx" to "C:\Users\hjotha\worktrees\xllama-mtp-fast\uwp\AppPackages\xllama\xllama_1.6.0.124_x64_Test\Dependencies\x64\Microsoft.VCLibs.x64.14.00.appx".
         Copying file from "C:\Program Files (x86)\Microsoft SDKs\Windows Kits\10\ExtensionSDKs\Microsoft.VCLibs\14.0\AppX\Retail\x86\Microsoft.VCLibs.x86.14.00.appx" to "C:\Users\hjotha\worktrees\xllama-mtp-fast\uwp\AppPackages\xllama\xllama_1.6.0.124_x64_Test\Dependencies\x86\Microsoft.VCLibs.x86.14.00.appx".
         Copying file from "C:\Users\hjotha\worktrees\xllama-mtp-fast\uwp\xllama-final\x64\Release\Symbols\xllama_1.6.0.124_x64.appxsym" to "C:\Users\hjotha\worktrees\xllama-mtp-fast\uwp\AppPackages\xllama\xllama_1.6.0.124_x64_Test\xllama_1.6.0.124_x64.appxsym".
       _AddWindowsInstallScriptToTestLayout:
         Creating directory "C:\Users\hjotha\worktrees\xllama-mtp-fast\uwp\AppPackages\xllama\xllama_1.6.0.124_x64_Test\Add-AppDevPackage.resources".
         Creating directory "C:\Users\hjotha\worktrees\xllama-mtp-fast\uwp\AppPackages\xllama\xllama_1.6.0.124_x64_Test\Add-AppDevPackage.resources\de-DE".
         Copying file from "C:\Program Files\Microsoft Visual Studio\2022\Community\MSBuild\Microsoft\VisualStudio\v17.0\AppxPackage\Add-AppDevPackage.ps1" to "C:\Users\hjotha\worktrees\xllama-mtp-fast\uwp\AppPackages\xllama\xllama_1.6.0.124_x64_Test\Add-AppDevPackage.ps1".
         Creating directory "C:\Users\hjotha\worktrees\xllama-mtp-fast\uwp\AppPackages\xllama\xllama_1.6.0.124_x64_Test\Add-AppDevPackage.resources\cs-CZ".
         Copying file from "C:\Program Files\Microsoft Visual Studio\2022\Community\MSBuild\Microsoft\VisualStudio\v17.0\AppxPackage\Add-AppDevPackage.resources\Add-AppDevPackage.psd1" to "C:\Users\hjotha\worktrees\xllama-mtp-fast\uwp\AppPackages\xllama\xllama_1.6.0.124_x64_Test\Add-AppDevPackage.resources\Add-AppDevPackage.psd1".
         Copying file from "C:\Program Files\Microsoft Visual Studio\2022\Community\MSBuild\Microsoft\VisualStudio\v17.0\AppxPackage\Add-AppDevPackage.resources\cs-CZ\Add-AppDevPackage.psd1" to "C:\Users\hjotha\worktrees\xllama-mtp-fast\uwp\AppPackages\xllama\xllama_1.6.0.124_x64_Test\Add-AppDevPackage.resources\cs-CZ\Add-AppDevPackage.psd1".
         Copying file from "C:\Program Files\Microsoft Visual Studio\2022\Community\MSBuild\Microsoft\VisualStudio\v17.0\AppxPackage\Add-AppDevPackage.resources\de-DE\Add-AppDevPackage.psd1" to "C:\Users\hjotha\worktrees\xllama-mtp-fast\uwp\AppPackages\xllama\xllama_1.6.0.124_x64_Test\Add-AppDevPackage.resources\de-DE\Add-AppDevPackage.psd1".
         Creating directory "C:\Users\hjotha\worktrees\xllama-mtp-fast\uwp\AppPackages\xllama\xllama_1.6.0.124_x64_Test\Add-AppDevPackage.resources\en-US".
         Copying file from "C:\Program Files\Microsoft Visual Studio\2022\Community\MSBuild\Microsoft\VisualStudio\v17.0\AppxPackage\Add-AppDevPackage.resources\en-US\Add-AppDevPackage.psd1" to "C:\Users\hjotha\worktrees\xllama-mtp-fast\uwp\AppPackages\xllama\xllama_1.6.0.124_x64_Test\Add-AppDevPackage.resources\en-US\Add-AppDevPackage.psd1".
         Creating directory "C:\Users\hjotha\worktrees\xllama-mtp-fast\uwp\AppPackages\xllama\xllama_1.6.0.124_x64_Test\Add-AppDevPackage.resources\fr-FR".
         Creating directory "C:\Users\hjotha\worktrees\xllama-mtp-fast\uwp\AppPackages\xllama\xllama_1.6.0.124_x64_Test\Add-AppDevPackage.resources\es-ES".
         Creating directory "C:\Users\hjotha\worktrees\xllama-mtp-fast\uwp\AppPackages\xllama\xllama_1.6.0.124_x64_Test\Add-AppDevPackage.resources\it-IT".
         Copying file from "C:\Program Files\Microsoft Visual Studio\2022\Community\MSBuild\Microsoft\VisualStudio\v17.0\AppxPackage\Add-AppDevPackage.resources\es-ES\Add-AppDevPackage.psd1" to "C:\Users\hjotha\worktrees\xllama-mtp-fast\uwp\AppPackages\xllama\xllama_1.6.0.124_x64_Test\Add-AppDevPackage.resources\es-ES\Add-AppDevPackage.psd1".
         Copying file from "C:\Program Files\Microsoft Visual Studio\2022\Community\MSBuild\Microsoft\VisualStudio\v17.0\AppxPackage\Add-AppDevPackage.resources\fr-FR\Add-AppDevPackage.psd1" to "C:\Users\hjotha\worktrees\xllama-mtp-fast\uwp\AppPackages\xllama\xllama_1.6.0.124_x64_Test\Add-AppDevPackage.resources\fr-FR\Add-AppDevPackage.psd1".
         Copying file from "C:\Program Files\Microsoft Visual Studio\2022\Community\MSBuild\Microsoft\VisualStudio\v17.0\AppxPackage\Add-AppDevPackage.resources\it-IT\Add-AppDevPackage.psd1" to "C:\Users\hjotha\worktrees\xllama-mtp-fast\uwp\AppPackages\xllama\xllama_1.6.0.124_x64_Test\Add-AppDevPackage.resources\it-IT\Add-AppDevPackage.psd1".
         Creating directory "C:\Users\hjotha\worktrees\xllama-mtp-fast\uwp\AppPackages\xllama\xllama_1.6.0.124_x64_Test\Add-AppDevPackage.resources\ja-JP".
         Copying file from "C:\Program Files\Microsoft Visual Studio\2022\Community\MSBuild\Microsoft\VisualStudio\v17.0\AppxPackage\Add-AppDevPackage.resources\ja-JP\Add-AppDevPackage.psd1" to "C:\Users\hjotha\worktrees\xllama-mtp-fast\uwp\AppPackages\xllama\xllama_1.6.0.124_x64_Test\Add-AppDevPackage.resources\ja-JP\Add-AppDevPackage.psd1".
         Creating directory "C:\Users\hjotha\worktrees\xllama-mtp-fast\uwp\AppPackages\xllama\xllama_1.6.0.124_x64_Test\Add-AppDevPackage.resources\pl-PL".
         Creating directory "C:\Users\hjotha\worktrees\xllama-mtp-fast\uwp\AppPackages\xllama\xllama_1.6.0.124_x64_Test\Add-AppDevPackage.resources\pt-BR".
         Creating directory "C:\Users\hjotha\worktrees\xllama-mtp-fast\uwp\AppPackages\xllama\xllama_1.6.0.124_x64_Test\Add-AppDevPackage.resources\ko-KR".
         Copying file from "C:\Program Files\Microsoft Visual Studio\2022\Community\MSBuild\Microsoft\VisualStudio\v17.0\AppxPackage\Add-AppDevPackage.resources\pl-PL\Add-AppDevPackage.psd1" to "C:\Users\hjotha\worktrees\xllama-mtp-fast\uwp\AppPackages\xllama\xllama_1.6.0.124_x64_Test\Add-AppDevPackage.resources\pl-PL\Add-AppDevPackage.psd1".
         Copying file from "C:\Program Files\Microsoft Visual Studio\2022\Community\MSBuild\Microsoft\VisualStudio\v17.0\AppxPackage\Add-AppDevPackage.resources\pt-BR\Add-AppDevPackage.psd1" to "C:\Users\hjotha\worktrees\xllama-mtp-fast\uwp\AppPackages\xllama\xllama_1.6.0.124_x64_Test\Add-AppDevPackage.resources\pt-BR\Add-AppDevPackage.psd1".
         Copying file from "C:\Program Files\Microsoft Visual Studio\2022\Community\MSBuild\Microsoft\VisualStudio\v17.0\AppxPackage\Add-AppDevPackage.resources\ko-KR\Add-AppDevPackage.psd1" to "C:\Users\hjotha\worktrees\xllama-mtp-fast\uwp\AppPackages\xllama\xllama_1.6.0.124_x64_Test\Add-AppDevPackage.resources\ko-KR\Add-AppDevPackage.psd1".
         Creating directory "C:\Users\hjotha\worktrees\xllama-mtp-fast\uwp\AppPackages\xllama\xllama_1.6.0.124_x64_Test\Add-AppDevPackage.resources\ru-RU".
         Copying file from "C:\Program Files\Microsoft Visual Studio\2022\Community\MSBuild\Microsoft\VisualStudio\v17.0\AppxPackage\Add-AppDevPackage.resources\ru-RU\Add-AppDevPackage.psd1" to "C:\Users\hjotha\worktrees\xllama-mtp-fast\uwp\AppPackages\xllama\xllama_1.6.0.124_x64_Test\Add-AppDevPackage.resources\ru-RU\Add-AppDevPackage.psd1".
         Creating directory "C:\Users\hjotha\worktrees\xllama-mtp-fast\uwp\AppPackages\xllama\xllama_1.6.0.124_x64_Test\Add-AppDevPackage.resources\tr-TR".
         Creating directory "C:\Users\hjotha\worktrees\xllama-mtp-fast\uwp\AppPackages\xllama\xllama_1.6.0.124_x64_Test\Add-AppDevPackage.resources\zh-CN".
         Creating directory "C:\Users\hjotha\worktrees\xllama-mtp-fast\uwp\AppPackages\xllama\xllama_1.6.0.124_x64_Test\Add-AppDevPackage.resources\zh-TW".
         Copying file from "C:\Program Files\Microsoft Visual Studio\2022\Community\MSBuild\Microsoft\VisualStudio\v17.0\AppxPackage\Add-AppDevPackage.resources\tr-TR\Add-AppDevPackage.psd1" to "C:\Users\hjotha\worktrees\xllama-mtp-fast\uwp\AppPackages\xllama\xllama_1.6.0.124_x64_Test\Add-AppDevPackage.resources\tr-TR\Add-AppDevPackage.psd1".
         Copying file from "C:\Program Files\Microsoft Visual Studio\2022\Community\MSBuild\Microsoft\VisualStudio\v17.0\AppxPackage\Add-AppDevPackage.resources\zh-CN\Add-AppDevPackage.psd1" to "C:\Users\hjotha\worktrees\xllama-mtp-fast\uwp\AppPackages\xllama\xllama_1.6.0.124_x64_Test\Add-AppDevPackage.resources\zh-CN\Add-AppDevPackage.psd1".
         Copying file from "C:\Program Files\Microsoft Visual Studio\2022\Community\MSBuild\Microsoft\VisualStudio\v17.0\AppxPackage\Install.ps1" to "C:\Users\hjotha\worktrees\xllama-mtp-fast\uwp\AppPackages\xllama\xllama_1.6.0.124_x64_Test\Install.ps1".
         Copying file from "C:\Program Files\Microsoft Visual Studio\2022\Community\MSBuild\Microsoft\VisualStudio\v17.0\AppxPackage\Add-AppDevPackage.resources\zh-TW\Add-AppDevPackage.psd1" to "C:\Users\hjotha\worktrees\xllama-mtp-fast\uwp\AppPackages\xllama\xllama_1.6.0.124_x64_Test\Add-AppDevPackage.resources\zh-TW\Add-AppDevPackage.psd1".
         Creating directory "C:\Users\hjotha\worktrees\xllama-mtp-fast\uwp\AppPackages\xllama\xllama_1.6.0.124_x64_Test\TelemetryDependencies".
         Creating directory "C:\Users\hjotha\worktrees\xllama-mtp-fast\uwp\AppPackages\xllama\xllama_1.6.0.124_x64_Test\TelemetryDependencies".
         Creating directory "C:\Users\hjotha\worktrees\xllama-mtp-fast\uwp\AppPackages\xllama\xllama_1.6.0.124_x64_Test\TelemetryDependencies".
         Creating directory "C:\Users\hjotha\worktrees\xllama-mtp-fast\uwp\AppPackages\xllama\xllama_1.6.0.124_x64_Test\TelemetryDependencies".
         Copying file from "C:\Program Files\Microsoft Visual Studio\2022\Community\MSBuild\Microsoft\VisualStudio\v17.0\AppxPackage\LogSideloadingTelemetry.ps1" to "C:\Users\hjotha\worktrees\xllama-mtp-fast\uwp\AppPackages\xllama\xllama_1.6.0.124_x64_Test\TelemetryDependencies\LogSideloadingTelemetry.ps1".
         Copying file from "C:\Program Files\Microsoft Visual Studio\2022\Community\MSBuild\Microsoft\VisualStudio\v17.0\AppxPackage\Microsoft.VisualStudio.RemoteControl.dll" to "C:\Users\hjotha\worktrees\xllama-mtp-fast\uwp\AppPackages\xllama\xllama_1.6.0.124_x64_Test\TelemetryDependencies\Microsoft.VisualStudio.RemoteControl.dll".
         Copying file from "C:\Program Files\Microsoft Visual Studio\2022\Community\MSBuild\Microsoft\VisualStudio\v17.0\AppxPackage\Microsoft.VisualStudio.Telemetry.dll" to "C:\Users\hjotha\worktrees\xllama-mtp-fast\uwp\AppPackages\xllama\xllama_1.6.0.124_x64_Test\TelemetryDependencies\Microsoft.VisualStudio.Telemetry.dll".
         Copying file from "C:\Program Files\Microsoft Visual Studio\2022\Community\MSBuild\Microsoft\VisualStudio\v17.0\AppxPackage\Microsoft.Diagnostics.Tracing.EventSource.dll" to "C:\Users\hjotha\worktrees\xllama-mtp-fast\uwp\AppPackages\xllama\xllama_1.6.0.124_x64_Test\TelemetryDependencies\Microsoft.Diagnostics.Tracing.EventSource.dll".
         Copying file from "C:\Program Files\Microsoft Visual Studio\2022\Community\MSBuild\Microsoft\VisualStudio\v17.0\AppxPackage\Microsoft.VisualStudio.Utilities.Internal.dll" to "C:\Users\hjotha\worktrees\xllama-mtp-fast\uwp\AppPackages\xllama\xllama_1.6.0.124_x64_Test\TelemetryDependencies\Microsoft.VisualStudio.Utilities.Internal.dll".
         Copying file from "C:\Program Files\Microsoft Visual Studio\2022\Community\MSBuild\Microsoft\VisualStudio\v17.0\AppxPackage\Newtonsoft.Json.dll" to "C:\Users\hjotha\worktrees\xllama-mtp-fast\uwp\AppPackages\xllama\xllama_1.6.0.124_x64_Test\TelemetryDependencies\Newtonsoft.Json.dll".
         Copying file from "C:\Program Files\Microsoft Visual Studio\2022\Community\MSBuild\Microsoft\VisualStudio\v17.0\AppxPackage\System.Runtime.CompilerServices.Unsafe.dll" to "C:\Users\hjotha\worktrees\xllama-mtp-fast\uwp\AppPackages\xllama\xllama_1.6.0.124_x64_Test\TelemetryDependencies\System.Runtime.CompilerServices.Unsafe.dll".
       _GenerateAppxPackage:
         Deleting file "C:\Users\hjotha\worktrees\xllama-mtp-fast\uwp\xllama-final\x64\Release\_installerinfo.log".
       FinalizeBuildStatus:
         Deleting file "C:\Users\hjotha\worktrees\xllama-mtp-fast\uwp\xllama-final\x64\Release\xllama.tlog\unsuccessfulbuild".
         Touching "C:\Users\hjotha\worktrees\xllama-mtp-fast\uwp\xllama-final\x64\Release\xllama.tlog\xllama.lastbuildstate".
     2>Done Building Project "C:\Users\hjotha\worktrees\xllama-mtp-fast\uwp\xllama.vcxproj" (default targets).
     1>Done Building Project "C:\Users\hjotha\worktrees\xllama-mtp-fast\uwp\xllama.sln" (Build target(s)).

Build succeeded.

       "C:\Users\hjotha\worktrees\xllama-mtp-fast\uwp\xllama.sln" (Build target) (1) ->
       "C:\Users\hjotha\worktrees\xllama-mtp-fast\uwp\xllama.vcxproj" (default target) (2) ->
       (ClCompile target) -> 
         C:\Users\hjotha\worktrees\xllama-mtp-fast\src\bridge\inference.cpp(315,71): warning C4267: 'argument': conversion from 'size_t' to 'int', possible loss of data [C:\Users\hjotha\worktrees\xllama-mtp-fast\uwp\xllama.vcxproj]


       "C:\Users\hjotha\worktrees\xllama-mtp-fast\uwp\xllama.sln" (Build target) (1) ->
       "C:\Users\hjotha\worktrees\xllama-mtp-fast\uwp\xllama.vcxproj" (default target) (2) ->
       (_GenerateCurrentProjectAppxManifest target) -> 
         C:\Program Files\Microsoft Visual Studio\2022\Community\MSBuild\Microsoft\VisualStudio\v17.0\AppxPackage\Microsoft.AppXPackage.Targets(2840,5): warning APPX2101: File 'cl.exe' is not found or is not an executable file. [C:\Users\hjotha\worktrees\xllama-mtp-fast\uwp\xllama.vcxproj]

    2 Warning(s)
    0 Error(s)

Time Elapsed 00:10:06.59
Build succeeded.
Package: C:\Users\hjotha\worktrees\xllama-mtp-fast\uwp\AppPackages\xllama\xllama_1.6.0.124_x64_Test\xllama_1.6.0.124_x64.msix

