[xllama] TERM_GATE_CONFIG arm=cand threads=0 n_ctx=2048 gpu_layers=28 mtp=4 p_min=0.75 twocol=2 repack_scope=2 scenarios=cancel,stop,eog greedy=1 gguf=f3559ed1a2922585
[xllama] gguf gpu layers: 28 on D3D12
[llama] llama_model_loader: mmap is not supported on this platform
[llama] llama_prepare_model_devices: using device D3D12 (xllama D3D12 compute (Q4_0/Q4_K/Q5_K/Q6_K matmul)) (unknown id) - 4129 MiB free
[llama] load_tensors: layer   6 assigned to device D3D12, is_swa = 0
[llama] load_tensors: layer   7 assigned to device D3D12, is_swa = 0
[llama] load_tensors: layer   8 assigned to device D3D12, is_swa = 0
[llama] load_tensors: layer   9 assigned to device D3D12, is_swa = 0
[llama] load_tensors: layer  10 assigned to device D3D12, is_swa = 0
[llama] load_tensors: layer  11 assigned to device D3D12, is_swa = 0
[llama] load_tensors: layer  12 assigned to device D3D12, is_swa = 0
[llama] load_tensors: layer  13 assigned to device D3D12, is_swa = 0
[llama] load_tensors: layer  14 assigned to device D3D12, is_swa = 0
[llama] load_tensors: layer  15 assigned to device D3D12, is_swa = 0
[llama] load_tensors: layer  16 assigned to device D3D12, is_swa = 0
[llama] load_tensors: layer  17 assigned to device D3D12, is_swa = 0
[llama] load_tensors: layer  18 assigned to device D3D12, is_swa = 0
[llama] load_tensors: layer  19 assigned to device D3D12, is_swa = 0
[llama] load_tensors: layer  20 assigned to device D3D12, is_swa = 0
[llama] load_tensors: layer  21 assigned to device D3D12, is_swa = 0
[llama] load_tensors: layer  22 assigned to device D3D12, is_swa = 0
[llama] load_tensors: layer  23 assigned to device D3D12, is_swa = 0
[llama] load_tensors: layer  24 assigned to device D3D12, is_swa = 0
[llama] load_tensors: layer  25 assigned to device D3D12, is_swa = 0
[llama] load_tensors: layer  26 assigned to device D3D12, is_swa = 0
[llama] load_tensors: layer  27 assigned to device D3D12, is_swa = 0
[llama] load_tensors: layer  28 assigned to device D3D12, is_swa = 0
[llama] load_tensors: layer  29 assigned to device D3D12, is_swa = 0
[llama] load_tensors: layer  30 assigned to device D3D12, is_swa = 0
[llama] load_tensors: layer  31 assigned to device D3D12, is_swa = 0
[llama] load_tensors: layer  32 assigned to device D3D12, is_swa = 0
[llama] load_tensors: layer  33 assigned to device D3D12, is_swa = 0
[xllama] d3d12: MUL_MAT refused: f32 2560x32 x [2560,512,1,1] src1=f32 dst=f32
[xllama] d3d12: MUL_MAT refused: q8_0 5120x2560 x [5120,512,1,1] src1=f32 dst=f32
[xllama] d3d12: D3D12_Weights buffer 2255.7 MiB
[llama] load_tensors: offloading output layer to GPU
[llama] load_tensors: offloading 27 repeating layers to GPU
[llama] load_tensors: offloaded 28/34 layers to GPU
[llama] load_tensors:          CPU model buffer size =   688.79 MiB
[llama] load_tensors:   CPU_REPACK model buffer size =   246.09 MiB
[llama] load_tensors: D3D12_Weights model buffer size =  2255.66 MiB
[llama] load_all_data: buffer type D3D12_Weights is not the default buffer type for device D3D12 for async uploads
[xllama] Session: GGUF model loaded via llama.cpp (persistent)
[xllama] session: speculative n_rs_seq=4
[llama] llama_context: D3D12_Host  output buffer size =     0.95 MiB
[llama] llama_kv_cache:        CPU KV buffer size =    64.00 MiB
[llama] llama_memory_recurrent:        CPU RS buffer size =   251.25 MiB
[llama] resolve_fused_ops: layer 7 is assigned to device D3D12 but Flash Attention is assigned to device CPU (usually due to missing support)
[llama] resolve_fused_ops: Flash Attention not supported, set to disabled
[xllama] d3d12: D3D12_Host buffer 504.0 MiB
[llama] sched_reserve: D3D12_Host compute buffer size =   504.02 MiB
[llama] sched_reserve: graph splits = 262
[llama] llama_context: D3D12_Host  output buffer size =     0.95 MiB
[llama] llama_kv_cache:        CPU KV buffer size =     8.00 MiB
[llama] resolve_fused_ops: layer 32 is assigned to device D3D12 but Flash Attention is assigned to device CPU (usually due to missing support)
[llama] resolve_fused_ops: Flash Attention not supported, set to disabled
[xllama] d3d12: D3D12_Host buffer 5.8 MiB
[llama] sched_reserve: D3D12_Host compute buffer size =     5.85 MiB
[llama] sched_reserve: graph splits = 12
[xllama] mtp: draft ready, n_max=4 p_min=0.750000 dft_n_batch=6
[xllama] mtp: target nextn head layers=1
[xllama] mtp: split_mtp_weights=0 resident=0 tensors=0
[xllama] session: can_shift=0 (memory_can_shift=0 n_swa=0)
[xllama] session: turn full=1 kv_before=0 pf=10 prompt=10
[xllama] d3d12: D3D12_Host buffer 20.9 MiB
[xllama] d3d12: D3D12_Host buffer 5.7 MiB
[xllama] PHASE_PREFILL n_prompt=10 rows_kept=10 n_ubatch=512 calls=143 matmuls=180 gpu_ms=72.240281
[xllama] d3d12_shape label=session_prefill part=1/3 keys_total=25 | ctx=target phase=prefill t=14 N=8192 K=2560 B=10 thr=64 mm=9 | ctx=target phase=prefill t=12 N=4096 K=2560 B=10 thr=64 mm=19 | ctx=target phase=prefill t=13 N=2560 K=4096 B=10 thr=128 mm=19 | ctx=target phase=prefill t=12 N=9216 K=2560 B=10 thr=64 mm=52 | ctx=target phase=prefill t=14 N=2560 K=9216 B=10 thr=128 mm=12 | ctx=target phase=prefill t=12 N=8192 K=2560 B=10 thr=64 mm=17 | ctx=target phase=prefill t=12 N=1024 K=2560 B=10 thr=64 mm=11 | ctx=target phase=prefill t=12 N=2560 K=4096 B=10 thr=128 mm=7 | ctx=target phase=prefill t=12 N=2560 K=9216 B=10 thr=128 mm=14 | ctx=target phase=prefill t=14 N=1024 K=2560 B=10 thr=64 mm=3 | ctx=target phase=prefill t=14 N=248320 K=2560 B=1 thr=64 mm=1 | ctx=target phase=prefill t=12 N=8192 K=2560 B=6 thr=64 mm=1
[xllama] d3d12_shape label=session_prefill part=2/3 keys_total=25 | ctx=target phase=prefill t=14 N=1024 K=2560 B=6 thr=64 mm=1 | ctx=target phase=prefill t=12 N=1024 K=2560 B=6 thr=64 mm=1 | ctx=target phase=prefill t=12 N=2560 K=4096 B=6 thr=128 mm=1 | ctx=target phase=prefill t=12 N=9216 K=2560 B=6 thr=64 mm=2 | ctx=target phase=prefill t=14 N=2560 K=9216 B=6 thr=128 mm=1 | ctx=target phase=prefill t=14 N=248320 K=2560 B=6 thr=64 mm=1 | ctx=target phase=prefill t=12 N=8192 K=2560 B=4 thr=64 mm=1 | ctx=target phase=prefill t=14 N=1024 K=2560 B=4 thr=64 mm=1 | ctx=target phase=prefill t=12 N=1024 K=2560 B=4 thr=64 mm=1 | ctx=target phase=prefill t=12 N=2560 K=4096 B=4 thr=128 mm=1 | ctx=target phase=prefill t=12 N=9216 K=2560 B=4 thr=64 mm=2 | ctx=target phase=prefill t=14 N=2560 K=9216 B=4 thr=128 mm=1
[xllama] d3d12_shape label=session_prefill part=3/3 keys_total=25 | ctx=target phase=prefill t=14 N=248320 K=2560 B=4 thr=64 mm=1
[xllama] mtp: first draft pos=10 n_embd=2560 n_max=4 row[min,max]=[-35.029339,21.436333] dft_n_batch=6 dft_pos_max=9
[llama] [xllama] repack ctrl scope=2 M=4096 K=2560 nrows=1 quant=scalar-all compute=gemv-all forced=1
[llama] [xllama] repack ctrl scope=2 M=9216 K=2560 nrows=1 quant=scalar-all compute=gemv-all forced=1
[llama] [xllama] repack ctrl scope=2 M=9216 K=2560 nrows=1 quant=scalar-all compute=gemv-all forced=1
[llama] [xllama] repack ctrl scope=2 M=4096 K=2560 nrows=1 quant=scalar-all compute=gemv-all forced=1
[llama] [xllama] repack ctrl scope=2 M=9216 K=2560 nrows=1 quant=scalar-all compute=gemv-all forced=1
[llama] [xllama] repack ctrl scope=2 M=9216 K=2560 nrows=1 quant=scalar-all compute=gemv-all forced=1
[llama] [xllama] repack ctrl scope=2 M=4096 K=2560 nrows=1 quant=scalar-all compute=gemv-all forced=1
[llama] [xllama] repack ctrl scope=2 M=9216 K=2560 nrows=1 quant=scalar-all compute=gemv-all forced=1
[llama] [xllama] repack ctrl scope=2 M=9216 K=2560 nrows=1 quant=scalar-all compute=gemv-all forced=1
[llama] [xllama] repack ctrl scope=2 M=8192 K=2560 nrows=1 quant=scalar-all compute=gemv-all forced=1
[llama] [xllama] repack ctrl scope=2 M=1024 K=2560 nrows=1 quant=scalar-all compute=gemv-all forced=1
[llama] [xllama] repack ctrl scope=2 M=2560 K=4096 nrows=1 quant=scalar-all compute=gemv-all forced=1
[llama] [xllama] repack ctrl scope=2 M=9216 K=2560 nrows=1 quant=scalar-all compute=gemv-all forced=1
[llama] [xllama] repack ctrl scope=2 M=9216 K=2560 nrows=1 quant=scalar-all compute=gemv-all forced=1
[llama] [xllama] repack ctrl scope=2 M=8192 K=2560 nrows=1 quant=scalar-all compute=gemv-all forced=1
[llama] [xllama] repack ctrl scope=2 M=4096 K=2560 nrows=1 quant=scalar-all compute=gemv-all forced=1
[xllama] d3d12: D3D12_Host buffer 24.7 MiB
[xllama] abort: mid-round trim i=3/5 n_generated=6
[xllama] session generate: n=6 prefill=254.9ms (10 tok) reuse=0 drafted=8 (mtp=8 lookup=0) spec_accept=2 (mtp=2 lookup=0)
[xllama] PHASE total_ms=920.6 prefill_ms=254.9 decode_ms=546.3 accounted_ms=541.2 residual_decode_ms=5.0 load_plus_setup_ms=119.4 draft_ms=38.1 sample_ms=8.4 topprob_ms=32.1 catchup_ms=7.5 verify_ms=326.1 corrective_ms=61.0 classic_decode_ms=62.6 classic_catchup_ms=3.7 lookup_ms=0.0 sample_target_ms=5.4 emit_ms=0.0 maintain_ms=0.0 profile=1
[xllama] d3d12_shape label=session_decode part=1/4 keys_total=47 | ctx=draft phase=draft t=12 N=8192 K=2560 B=1 thr=64 mm=10 | ctx=draft phase=draft t=14 N=1024 K=2560 B=1 thr=64 mm=10 | ctx=draft phase=draft t=12 N=1024 K=2560 B=1 thr=64 mm=10 | ctx=draft phase=draft t=12 N=2560 K=4096 B=1 thr=128 mm=10 | ctx=draft phase=draft t=12 N=9216 K=2560 B=1 thr=64 mm=20 | ctx=draft phase=draft t=14 N=2560 K=9216 B=1 thr=128 mm=10 | ctx=draft phase=draft t=14 N=248320 K=2560 B=1 thr=64 mm=10 | ctx=target phase=classic t=14 N=8192 K=2560 B=1 thr=64 mm=9 | ctx=target phase=classic t=12 N=4096 K=2560 B=1 thr=64 mm=19 | ctx=target phase=classic t=13 N=2560 K=4096 B=1 thr=128 mm=19 | ctx=target phase=classic t=12 N=9216 K=2560 B=1 thr=64 mm=52 | ctx=target phase=classic t=14 N=2560 K=9216 B=1 thr=128 mm=12
[xllama] d3d12_shape label=session_decode part=2/4 keys_total=47 | ctx=target phase=classic t=12 N=8192 K=2560 B=1 thr=64 mm=17 | ctx=target phase=classic t=12 N=1024 K=2560 B=1 thr=64 mm=11 | ctx=target phase=classic t=12 N=2560 K=4096 B=1 thr=128 mm=7 | ctx=target phase=classic t=12 N=2560 K=9216 B=1 thr=128 mm=14 | ctx=target phase=classic t=14 N=1024 K=2560 B=1 thr=64 mm=3 | ctx=target phase=classic t=14 N=248320 K=2560 B=1 thr=64 mm=1 | ctx=draft phase=catchup t=12 N=8192 K=2560 B=1 thr=64 mm=3 | ctx=draft phase=catchup t=14 N=1024 K=2560 B=1 thr=64 mm=3 | ctx=draft phase=catchup t=12 N=1024 K=2560 B=1 thr=64 mm=3 | ctx=draft phase=catchup t=12 N=2560 K=4096 B=1 thr=128 mm=3 | ctx=draft phase=catchup t=12 N=9216 K=2560 B=1 thr=64 mm=6 | ctx=draft phase=catchup t=14 N=2560 K=9216 B=1 thr=128 mm=3
[xllama] d3d12_shape label=session_decode part=3/4 keys_total=47 | ctx=draft phase=catchup t=14 N=248320 K=2560 B=1 thr=64 mm=3 | ctx=target phase=verify t=14 N=8192 K=2560 B=5 thr=64 mm=18 | ctx=target phase=verify t=12 N=4096 K=2560 B=5 thr=64 mm=38 | ctx=target phase=verify t=13 N=2560 K=4096 B=5 thr=128 mm=38 | ctx=target phase=verify t=12 N=9216 K=2560 B=5 thr=64 mm=104 | ctx=target phase=verify t=14 N=2560 K=9216 B=5 thr=128 mm=24 | ctx=target phase=verify t=12 N=8192 K=2560 B=5 thr=64 mm=34 | ctx=target phase=verify t=12 N=1024 K=2560 B=5 thr=64 mm=22 | ctx=target phase=verify t=12 N=2560 K=4096 B=5 thr=128 mm=14 | ctx=target phase=verify t=12 N=2560 K=9216 B=5 thr=128 mm=28 | ctx=target phase=verify t=14 N=1024 K=2560 B=5 thr=64 mm=6 | ctx=target phase=verify t=14 N=248320 K=2560 B=5 thr=64 mm=2
[xllama] d3d12_shape label=session_decode part=4/4 keys_total=47 | ctx=target phase=decode t=14 N=8192 K=2560 B=1 thr=64 mm=9 | ctx=target phase=decode t=12 N=4096 K=2560 B=1 thr=64 mm=19 | ctx=target phase=decode t=13 N=2560 K=4096 B=1 thr=128 mm=19 | ctx=target phase=decode t=12 N=9216 K=2560 B=1 thr=64 mm=52 | ctx=target phase=decode t=14 N=2560 K=9216 B=1 thr=128 mm=12 | ctx=target phase=decode t=12 N=8192 K=2560 B=1 thr=64 mm=17 | ctx=target phase=decode t=12 N=1024 K=2560 B=1 thr=64 mm=11 | ctx=target phase=decode t=12 N=2560 K=4096 B=1 thr=128 mm=7 | ctx=target phase=decode t=12 N=2560 K=9216 B=1 thr=128 mm=14 | ctx=target phase=decode t=14 N=1024 K=2560 B=1 thr=64 mm=3 | ctx=target phase=decode t=14 N=248320 K=2560 B=1 thr=64 mm=1
[xllama] MTP_STATS rounds=2 decodes=12 discarded=2 catchup_tok=2 draft_ms=38.1 sample_ms=8.4 topprob_ms=32.1 catchup_ms=7.5 verify_ms=326.1 corrective_ms=61.0
[xllama] session: KV rewind unsupported (hybrid cache) — full re-prefill (#170): common=15 resident=16 prompt=16
[xllama] session: turn full=1 kv_before=0 pf=16 prompt=16
[xllama] PHASE_PREFILL n_prompt=16 rows_kept=16 n_ubatch=512 calls=149 matmuls=188 gpu_ms=113.101353
[xllama] d3d12_shape label=session_prefill part=1/3 keys_total=25 | ctx=target phase=prefill t=14 N=8192 K=2560 B=16 thr=64 mm=9 | ctx=target phase=prefill t=12 N=4096 K=2560 B=16 thr=64 mm=19 | ctx=target phase=prefill t=13 N=2560 K=4096 B=16 thr=128 mm=19 | ctx=target phase=prefill t=12 N=9216 K=2560 B=16 thr=64 mm=52 | ctx=target phase=prefill t=14 N=2560 K=9216 B=16 thr=128 mm=12 | ctx=target phase=prefill t=12 N=8192 K=2560 B=16 thr=64 mm=17 | ctx=target phase=prefill t=12 N=1024 K=2560 B=16 thr=64 mm=11 | ctx=target phase=prefill t=12 N=2560 K=4096 B=16 thr=128 mm=7 | ctx=target phase=prefill t=12 N=2560 K=9216 B=16 thr=128 mm=14 | ctx=target phase=prefill t=14 N=1024 K=2560 B=16 thr=64 mm=3 | ctx=target phase=prefill t=14 N=248320 K=2560 B=1 thr=64 mm=1 | ctx=target phase=prefill t=12 N=8192 K=2560 B=6 thr=64 mm=2
[xllama] d3d12_shape label=session_prefill part=2/3 keys_total=25 | ctx=target phase=prefill t=14 N=1024 K=2560 B=6 thr=64 mm=2 | ctx=target phase=prefill t=12 N=1024 K=2560 B=6 thr=64 mm=2 | ctx=target phase=prefill t=12 N=2560 K=4096 B=6 thr=128 mm=2 | ctx=target phase=prefill t=12 N=9216 K=2560 B=6 thr=64 mm=4 | ctx=target phase=prefill t=14 N=2560 K=9216 B=6 thr=128 mm=2 | ctx=target phase=prefill t=14 N=248320 K=2560 B=6 thr=64 mm=2 | ctx=target phase=prefill t=12 N=8192 K=2560 B=4 thr=64 mm=1 | ctx=target phase=prefill t=14 N=1024 K=2560 B=4 thr=64 mm=1 | ctx=target phase=prefill t=12 N=1024 K=2560 B=4 thr=64 mm=1 | ctx=target phase=prefill t=12 N=2560 K=4096 B=4 thr=128 mm=1 | ctx=target phase=prefill t=12 N=9216 K=2560 B=4 thr=64 mm=2 | ctx=target phase=prefill t=14 N=2560 K=9216 B=4 thr=128 mm=1
[xllama] d3d12_shape label=session_prefill part=3/3 keys_total=25 | ctx=target phase=prefill t=14 N=248320 K=2560 B=4 thr=64 mm=1
[xllama] session generate: n=12 prefill=329.9ms (16 tok) reuse=0 drafted=9 (mtp=9 lookup=0) spec_accept=9 (mtp=9 lookup=0)
[xllama] PHASE total_ms=827.9 prefill_ms=329.9 decode_ms=478.7 accounted_ms=478.5 residual_decode_ms=0.2 load_plus_setup_ms=19.3 draft_ms=34.4 sample_ms=7.2 topprob_ms=30.9 catchup_ms=32.5 verify_ms=364.6 corrective_ms=0.0 classic_decode_ms=0.0 classic_catchup_ms=0.0 lookup_ms=0.0 sample_target_ms=8.9 emit_ms=0.0 maintain_ms=0.0 profile=1
[xllama] d3d12_shape label=session_decode part=1/4 keys_total=43 | ctx=draft phase=draft t=12 N=8192 K=2560 B=1 thr=64 mm=9 | ctx=draft phase=draft t=14 N=1024 K=2560 B=1 thr=64 mm=9 | ctx=draft phase=draft t=12 N=1024 K=2560 B=1 thr=64 mm=9 | ctx=draft phase=draft t=12 N=2560 K=4096 B=1 thr=128 mm=9 | ctx=draft phase=draft t=12 N=9216 K=2560 B=1 thr=64 mm=18 | ctx=draft phase=draft t=14 N=2560 K=9216 B=1 thr=128 mm=9 | ctx=draft phase=draft t=14 N=248320 K=2560 B=1 thr=64 mm=9 | ctx=target phase=verify t=14 N=8192 K=2560 B=5 thr=64 mm=18 | ctx=target phase=verify t=12 N=4096 K=2560 B=5 thr=64 mm=38 | ctx=target phase=verify t=13 N=2560 K=4096 B=5 thr=128 mm=38 | ctx=target phase=verify t=12 N=9216 K=2560 B=5 thr=64 mm=104 | ctx=target phase=verify t=14 N=2560 K=9216 B=5 thr=128 mm=24
[xllama] d3d12_shape label=session_decode part=2/4 keys_total=43 | ctx=target phase=verify t=12 N=8192 K=2560 B=5 thr=64 mm=34 | ctx=target phase=verify t=12 N=1024 K=2560 B=5 thr=64 mm=22 | ctx=target phase=verify t=12 N=2560 K=4096 B=5 thr=128 mm=14 | ctx=target phase=verify t=12 N=2560 K=9216 B=5 thr=128 mm=28 | ctx=target phase=verify t=14 N=1024 K=2560 B=5 thr=64 mm=6 | ctx=target phase=verify t=14 N=248320 K=2560 B=5 thr=64 mm=2 | ctx=draft phase=catchup t=12 N=8192 K=2560 B=5 thr=64 mm=2 | ctx=draft phase=catchup t=14 N=1024 K=2560 B=5 thr=64 mm=2 | ctx=draft phase=catchup t=12 N=1024 K=2560 B=5 thr=64 mm=2 | ctx=draft phase=catchup t=12 N=2560 K=4096 B=5 thr=128 mm=2 | ctx=draft phase=catchup t=12 N=9216 K=2560 B=5 thr=64 mm=4 | ctx=draft phase=catchup t=14 N=2560 K=9216 B=5 thr=128 mm=2
[xllama] d3d12_shape label=session_decode part=3/4 keys_total=43 | ctx=draft phase=catchup t=14 N=248320 K=2560 B=5 thr=64 mm=2 | ctx=target phase=verify t=14 N=8192 K=2560 B=2 thr=64 mm=9 | ctx=target phase=verify t=12 N=4096 K=2560 B=2 thr=64 mm=19 | ctx=target phase=verify t=13 N=2560 K=4096 B=2 thr=128 mm=19 | ctx=target phase=verify t=12 N=9216 K=2560 B=2 thr=64 mm=52 | ctx=target phase=verify t=14 N=2560 K=9216 B=2 thr=128 mm=12 | ctx=target phase=verify t=12 N=8192 K=2560 B=2 thr=64 mm=17 | ctx=target phase=verify t=12 N=1024 K=2560 B=2 thr=64 mm=11 | ctx=target phase=verify t=12 N=2560 K=4096 B=2 thr=128 mm=7 | ctx=target phase=verify t=12 N=2560 K=9216 B=2 thr=128 mm=14 | ctx=target phase=verify t=14 N=1024 K=2560 B=2 thr=64 mm=3 | ctx=target phase=verify t=14 N=248320 K=2560 B=2 thr=64 mm=1
[xllama] d3d12_shape label=session_decode part=4/4 keys_total=43 | ctx=draft phase=catchup t=12 N=8192 K=2560 B=2 thr=64 mm=1 | ctx=draft phase=catchup t=14 N=1024 K=2560 B=2 thr=64 mm=1 | ctx=draft phase=catchup t=12 N=1024 K=2560 B=2 thr=64 mm=1 | ctx=draft phase=catchup t=12 N=2560 K=4096 B=2 thr=128 mm=1 | ctx=draft phase=catchup t=12 N=9216 K=2560 B=2 thr=64 mm=2 | ctx=draft phase=catchup t=14 N=2560 K=9216 B=2 thr=128 mm=1 | ctx=draft phase=catchup t=14 N=248320 K=2560 B=2 thr=64 mm=1
[xllama] MTP_STATS rounds=3 decodes=12 discarded=0 catchup_tok=12 draft_ms=34.4 sample_ms=7.2 topprob_ms=30.9 catchup_ms=32.5 verify_ms=364.6 corrective_ms=0.0
[llama] ~llama_context: D3D12_Host compute buffer size is   5.8489 MiB, matches expectation of   5.8489 MiB
[llama] ~llama_context: D3D12_Host compute buffer size is   0.0000 MiB, matches expectation of   0.0000 MiB
[xllama] d3d12: 1359 graph_compute calls, 1716 matmuls (557 2col), 542.5 ms wall (416.5 ms GPU)
[llama] ~llama_context: D3D12_Host compute buffer size is 504.0198 MiB, matches expectation of 504.0198 MiB
[llama] ~llama_context: D3D12_Host compute buffer size is   0.0000 MiB, matches expectation of   0.0000 MiB
[xllama] d3d12: 0 graph_compute calls, 0 matmuls (0 2col), 0.0 ms wall (0.0 ms GPU)
[xllama] gguf gpu layers: 28 on D3D12
[llama] llama_model_loader: mmap is not supported on this platform
[llama] llama_prepare_model_devices: using device D3D12 (xllama D3D12 compute (Q4_0/Q4_K/Q5_K/Q6_K matmul)) (unknown id) - 4129 MiB free
[llama] load_tensors: layer   6 assigned to device D3D12, is_swa = 0
[llama] load_tensors: layer   7 assigned to device D3D12, is_swa = 0
[llama] load_tensors: layer   8 assigned to device D3D12, is_swa = 0
[llama] load_tensors: layer   9 assigned to device D3D12, is_swa = 0
[llama] load_tensors: layer  10 assigned to device D3D12, is_swa = 0
[llama] load_tensors: layer  11 assigned to device D3D12, is_swa = 0
[llama] load_tensors: layer  12 assigned to device D3D12, is_swa = 0
[llama] load_tensors: layer  13 assigned to device D3D12, is_swa = 0
[llama] load_tensors: layer  14 assigned to device D3D12, is_swa = 0
[llama] load_tensors: layer  15 assigned to device D3D12, is_swa = 0
[llama] load_tensors: layer  16 assigned to device D3D12, is_swa = 0
[llama] load_tensors: layer  17 assigned to device D3D12, is_swa = 0
[llama] load_tensors: layer  18 assigned to device D3D12, is_swa = 0
[llama] load_tensors: layer  19 assigned to device D3D12, is_swa = 0
[llama] load_tensors: layer  20 assigned to device D3D12, is_swa = 0
[llama] load_tensors: layer  21 assigned to device D3D12, is_swa = 0
[llama] load_tensors: layer  22 assigned to device D3D12, is_swa = 0
[llama] load_tensors: layer  23 assigned to device D3D12, is_swa = 0
[llama] load_tensors: layer  24 assigned to device D3D12, is_swa = 0
[llama] load_tensors: layer  25 assigned to device D3D12, is_swa = 0
[llama] load_tensors: layer  26 assigned to device D3D12, is_swa = 0
[llama] load_tensors: layer  27 assigned to device D3D12, is_swa = 0
[llama] load_tensors: layer  28 assigned to device D3D12, is_swa = 0
[llama] load_tensors: layer  29 assigned to device D3D12, is_swa = 0
[llama] load_tensors: layer  30 assigned to device D3D12, is_swa = 0
[llama] load_tensors: layer  31 assigned to device D3D12, is_swa = 0
[llama] load_tensors: layer  32 assigned to device D3D12, is_swa = 0
[llama] load_tensors: layer  33 assigned to device D3D12, is_swa = 0
[llama] model has unused tensor blk.32.attn_norm.weight (size = 10240 bytes) -- ignoring
[llama] model has unused tensor blk.32.post_attention_norm.weight (size = 10240 bytes) -- ignoring
[llama] model has unused tensor blk.32.attn_q.weight (size = 11796480 bytes) -- ignoring
[llama] model has unused tensor blk.32.attn_k.weight (size = 1474560 bytes) -- ignoring
[llama] model has unused tensor blk.32.attn_v.weight (size = 2150400 bytes) -- ignoring
[llama] model has unused tensor blk.32.attn_output.weight (size = 5898240 bytes) -- ignoring
[llama] model has unused tensor blk.32.attn_q_norm.weight (size = 1024 bytes) -- ignoring
[llama] model has unused tensor blk.32.attn_k_norm.weight (size = 1024 bytes) -- ignoring
[llama] model has unused tensor blk.32.ffn_gate.weight (size = 13271040 bytes) -- ignoring
[llama] model has unused tensor blk.32.ffn_down.weight (size = 19353600 bytes) -- ignoring
[llama] model has unused tensor blk.32.ffn_up.weight (size = 13271040 bytes) -- ignoring
[llama] model has unused tensor blk.32.nextn.eh_proj.weight (size = 13926400 bytes) -- ignoring
[llama] model has unused tensor blk.32.nextn.enorm.weight (size = 10240 bytes) -- ignoring
[llama] model has unused tensor blk.32.nextn.hnorm.weight (size = 10240 bytes) -- ignoring
[llama] model has unused tensor blk.32.nextn.shared_head_norm.weight (size = 10240 bytes) -- ignoring
[xllama] d3d12: D3D12_Weights buffer 2191.6 MiB
[llama] load_tensors: offloading output layer to GPU
[llama] load_tensors: offloading 27 repeating layers to GPU
[llama] load_tensors: offloaded 28/34 layers to GPU
[llama] load_tensors:          CPU model buffer size =   675.46 MiB
[llama] load_tensors:   CPU_REPACK model buffer size =   246.09 MiB
[llama] load_tensors: D3D12_Weights model buffer size =  2191.55 MiB
[llama] load_all_data: buffer type D3D12_Weights is not the default buffer type for device D3D12 for async uploads
[xllama] Session: GGUF model loaded via llama.cpp (persistent)
[llama] llama_context: D3D12_Host  output buffer size =     0.95 MiB
[llama] llama_kv_cache:        CPU KV buffer size =    64.00 MiB
[llama] llama_memory_recurrent:        CPU RS buffer size =    50.25 MiB
[llama] resolve_fused_ops: layer 7 is assigned to device D3D12 but Flash Attention is assigned to device CPU (usually due to missing support)
[llama] resolve_fused_ops: Flash Attention not supported, set to disabled
[xllama] d3d12: D3D12_Host buffer 504.0 MiB
[llama] sched_reserve: D3D12_Host compute buffer size =   504.02 MiB
[llama] sched_reserve: graph splits = 262
[xllama] session: can_shift=0 (memory_can_shift=0 n_swa=0)
[xllama] session: turn full=1 kv_before=0 pf=10 prompt=10
[xllama] PHASE_PREFILL n_prompt=10 rows_kept=10 n_ubatch=512 calls=131 matmuls=164 gpu_ms=50.572832
[xllama] d3d12_shape label=session_prefill part=1/1 keys_total=11 | ctx=target phase=prefill t=14 N=8192 K=2560 B=10 thr=64 mm=9 | ctx=target phase=prefill t=12 N=4096 K=2560 B=10 thr=64 mm=19 | ctx=target phase=prefill t=13 N=2560 K=4096 B=10 thr=128 mm=19 | ctx=target phase=prefill t=12 N=9216 K=2560 B=10 thr=64 mm=52 | ctx=target phase=prefill t=14 N=2560 K=9216 B=10 thr=128 mm=12 | ctx=target phase=prefill t=12 N=8192 K=2560 B=10 thr=64 mm=17 | ctx=target phase=prefill t=12 N=1024 K=2560 B=10 thr=64 mm=11 | ctx=target phase=prefill t=12 N=2560 K=4096 B=10 thr=128 mm=7 | ctx=target phase=prefill t=12 N=2560 K=9216 B=10 thr=128 mm=14 | ctx=target phase=prefill t=14 N=1024 K=2560 B=10 thr=64 mm=3 | ctx=target phase=prefill t=14 N=248320 K=2560 B=1 thr=64 mm=1
[xllama] session generate: n=18 prefill=196.0ms (10 tok) reuse=0 drafted=0 (mtp=0 lookup=0) spec_accept=0 (mtp=0 lookup=0)
[xllama] PHASE total_ms=1371.0 prefill_ms=196.0 decode_ms=1105.6 accounted_ms=1105.6 residual_decode_ms=0.1 load_plus_setup_ms=69.4 draft_ms=0.0 sample_ms=0.0 topprob_ms=0.0 catchup_ms=0.0 verify_ms=0.0 corrective_ms=0.0 classic_decode_ms=1089.3 classic_catchup_ms=0.0 lookup_ms=0.0 sample_target_ms=16.1 emit_ms=0.1 maintain_ms=0.0 profile=1
[xllama] d3d12_shape label=session_decode part=1/1 keys_total=11 | ctx=target phase=classic t=14 N=8192 K=2560 B=1 thr=64 mm=162 | ctx=target phase=classic t=12 N=4096 K=2560 B=1 thr=64 mm=342 | ctx=target phase=classic t=13 N=2560 K=4096 B=1 thr=128 mm=342 | ctx=target phase=classic t=12 N=9216 K=2560 B=1 thr=64 mm=936 | ctx=target phase=classic t=14 N=2560 K=9216 B=1 thr=128 mm=216 | ctx=target phase=classic t=12 N=8192 K=2560 B=1 thr=64 mm=306 | ctx=target phase=classic t=12 N=1024 K=2560 B=1 thr=64 mm=198 | ctx=target phase=classic t=12 N=2560 K=4096 B=1 thr=128 mm=126 | ctx=target phase=classic t=12 N=2560 K=9216 B=1 thr=128 mm=252 | ctx=target phase=classic t=14 N=1024 K=2560 B=1 thr=64 mm=54 | ctx=target phase=classic t=14 N=248320 K=2560 B=1 thr=64 mm=18
[llama] ~llama_context: D3D12_Host compute buffer size is 504.0198 MiB, matches expectation of 504.0198 MiB
[llama] ~llama_context: D3D12_Host compute buffer size is   0.0000 MiB, matches expectation of   0.0000 MiB
[xllama] d3d12: 2489 graph_compute calls, 3116 matmuls (0 2col), 402.5 ms wall (211.6 ms GPU)
[xllama] TERMGATE scenario=cancel@6 arm=cand ok=1 reason=- n_ids=6 n_ref=18 parity=1 first_diff=-1 active=1 drafted=8 rounds=2 lookup=0 ews=0 n_eval=6 eog_tok=-1 eog_branch=- stop_branch=- stop_round=-1
[xllama] gguf gpu layers: 28 on D3D12
[llama] llama_model_loader: mmap is not supported on this platform
[llama] llama_prepare_model_devices: using device D3D12 (xllama D3D12 compute (Q4_0/Q4_K/Q5_K/Q6_K matmul)) (unknown id) - 4129 MiB free
[llama] load_tensors: layer   6 assigned to device D3D12, is_swa = 0
[llama] load_tensors: layer   7 assigned to device D3D12, is_swa = 0
[llama] load_tensors: layer   8 assigned to device D3D12, is_swa = 0
[llama] load_tensors: layer   9 assigned to device D3D12, is_swa = 0
[llama] load_tensors: layer  10 assigned to device D3D12, is_swa = 0
[llama] load_tensors: layer  11 assigned to device D3D12, is_swa = 0
[llama] load_tensors: layer  12 assigned to device D3D12, is_swa = 0
[llama] load_tensors: layer  13 assigned to device D3D12, is_swa = 0
[llama] load_tensors: layer  14 assigned to device D3D12, is_swa = 0
[llama] load_tensors: layer  15 assigned to device D3D12, is_swa = 0
[llama] load_tensors: layer  16 assigned to device D3D12, is_swa = 0
[llama] load_tensors: layer  17 assigned to device D3D12, is_swa = 0
[llama] load_tensors: layer  18 assigned to device D3D12, is_swa = 0
[llama] load_tensors: layer  19 assigned to device D3D12, is_swa = 0
[llama] load_tensors: layer  20 assigned to device D3D12, is_swa = 0
[llama] load_tensors: layer  21 assigned to device D3D12, is_swa = 0
[llama] load_tensors: layer  22 assigned to device D3D12, is_swa = 0
[llama] load_tensors: layer  23 assigned to device D3D12, is_swa = 0
[llama] load_tensors: layer  24 assigned to device D3D12, is_swa = 0
[llama] load_tensors: layer  25 assigned to device D3D12, is_swa = 0
[llama] load_tensors: layer  26 assigned to device D3D12, is_swa = 0
[llama] load_tensors: layer  27 assigned to device D3D12, is_swa = 0
[llama] load_tensors: layer  28 assigned to device D3D12, is_swa = 0
[llama] load_tensors: layer  29 assigned to device D3D12, is_swa = 0
[llama] load_tensors: layer  30 assigned to device D3D12, is_swa = 0
[llama] load_tensors: layer  31 assigned to device D3D12, is_swa = 0
[llama] load_tensors: layer  32 assigned to device D3D12, is_swa = 0
[llama] load_tensors: layer  33 assigned to device D3D12, is_swa = 0
[xllama] d3d12: D3D12_Weights buffer 2255.7 MiB
[llama] load_tensors: offloading output layer to GPU
[llama] load_tensors: offloading 27 repeating layers to GPU
[llama] load_tensors: offloaded 28/34 layers to GPU
[llama] load_tensors:          CPU model buffer size =   688.79 MiB
[llama] load_tensors:   CPU_REPACK model buffer size =   246.09 MiB
[llama] load_tensors: D3D12_Weights model buffer size =  2255.66 MiB
[llama] load_all_data: buffer type D3D12_Weights is not the default buffer type for device D3D12 for async uploads
[xllama] Session: GGUF model loaded via llama.cpp (persistent)
[xllama] session: speculative n_rs_seq=4
[llama] llama_context: D3D12_Host  output buffer size =     0.95 MiB
[llama] llama_kv_cache:        CPU KV buffer size =    64.00 MiB
[llama] llama_memory_recurrent:        CPU RS buffer size =   251.25 MiB
[llama] resolve_fused_ops: layer 7 is assigned to device D3D12 but Flash Attention is assigned to device CPU (usually due to missing support)
[llama] resolve_fused_ops: Flash Attention not supported, set to disabled
[xllama] d3d12: D3D12_Host buffer 504.0 MiB
[llama] sched_reserve: D3D12_Host compute buffer size =   504.02 MiB
[llama] sched_reserve: graph splits = 262
[llama] llama_context: D3D12_Host  output buffer size =     0.95 MiB
[llama] llama_kv_cache:        CPU KV buffer size =     8.00 MiB
[llama] resolve_fused_ops: layer 32 is assigned to device D3D12 but Flash Attention is assigned to device CPU (usually due to missing support)
[llama] resolve_fused_ops: Flash Attention not supported, set to disabled
[xllama] d3d12: D3D12_Host buffer 5.8 MiB
[llama] sched_reserve: D3D12_Host compute buffer size =     5.85 MiB
[llama] sched_reserve: graph splits = 12
[xllama] mtp: draft ready, n_max=4 p_min=0.750000 dft_n_batch=6
[xllama] mtp: target nextn head layers=1
[xllama] mtp: split_mtp_weights=0 resident=0 tensors=0
[xllama] session: can_shift=0 (memory_can_shift=0 n_swa=0)
[xllama] session: turn full=1 kv_before=0 pf=10 prompt=10
[xllama] d3d12: D3D12_Host buffer 20.9 MiB
[xllama] d3d12: D3D12_Host buffer 5.7 MiB
[xllama] PHASE_PREFILL n_prompt=10 rows_kept=10 n_ubatch=512 calls=143 matmuls=180 gpu_ms=72.054937
[xllama] d3d12_shape label=session_prefill part=1/3 keys_total=25 | ctx=target phase=prefill t=14 N=8192 K=2560 B=10 thr=64 mm=9 | ctx=target phase=prefill t=12 N=4096 K=2560 B=10 thr=64 mm=19 | ctx=target phase=prefill t=13 N=2560 K=4096 B=10 thr=128 mm=19 | ctx=target phase=prefill t=12 N=9216 K=2560 B=10 thr=64 mm=52 | ctx=target phase=prefill t=14 N=2560 K=9216 B=10 thr=128 mm=12 | ctx=target phase=prefill t=12 N=8192 K=2560 B=10 thr=64 mm=17 | ctx=target phase=prefill t=12 N=1024 K=2560 B=10 thr=64 mm=11 | ctx=target phase=prefill t=12 N=2560 K=4096 B=10 thr=128 mm=7 | ctx=target phase=prefill t=12 N=2560 K=9216 B=10 thr=128 mm=14 | ctx=target phase=prefill t=14 N=1024 K=2560 B=10 thr=64 mm=3 | ctx=target phase=prefill t=14 N=248320 K=2560 B=1 thr=64 mm=1 | ctx=target phase=prefill t=12 N=8192 K=2560 B=6 thr=64 mm=1
[xllama] d3d12_shape label=session_prefill part=2/3 keys_total=25 | ctx=target phase=prefill t=14 N=1024 K=2560 B=6 thr=64 mm=1 | ctx=target phase=prefill t=12 N=1024 K=2560 B=6 thr=64 mm=1 | ctx=target phase=prefill t=12 N=2560 K=4096 B=6 thr=128 mm=1 | ctx=target phase=prefill t=12 N=9216 K=2560 B=6 thr=64 mm=2 | ctx=target phase=prefill t=14 N=2560 K=9216 B=6 thr=128 mm=1 | ctx=target phase=prefill t=14 N=248320 K=2560 B=6 thr=64 mm=1 | ctx=target phase=prefill t=12 N=8192 K=2560 B=4 thr=64 mm=1 | ctx=target phase=prefill t=14 N=1024 K=2560 B=4 thr=64 mm=1 | ctx=target phase=prefill t=12 N=1024 K=2560 B=4 thr=64 mm=1 | ctx=target phase=prefill t=12 N=2560 K=4096 B=4 thr=128 mm=1 | ctx=target phase=prefill t=12 N=9216 K=2560 B=4 thr=64 mm=2 | ctx=target phase=prefill t=14 N=2560 K=9216 B=4 thr=128 mm=1
[xllama] d3d12_shape label=session_prefill part=3/3 keys_total=25 | ctx=target phase=prefill t=14 N=248320 K=2560 B=4 thr=64 mm=1
[xllama] d3d12: D3D12_Host buffer 24.7 MiB
[xllama] abort: mid-round trim i=1/4 n_generated=13
[xllama] session generate: n=13 prefill=248.3ms (10 tok) reuse=0 drafted=14 (mtp=14 lookup=0) spec_accept=7 (mtp=7 lookup=0)
[xllama] PHASE total_ms=1272.8 prefill_ms=248.3 decode_ms=892.2 accounted_ms=887.9 residual_decode_ms=4.3 load_plus_setup_ms=132.3 draft_ms=72.7 sample_ms=14.7 topprob_ms=53.9 catchup_ms=32.5 verify_ms=581.0 corrective_ms=61.0 classic_decode_ms=61.0 classic_catchup_ms=3.8 lookup_ms=0.0 sample_target_ms=11.0 emit_ms=0.0 maintain_ms=0.0 profile=1
[xllama] d3d12_shape label=session_decode part=1/6 keys_total=72 | ctx=draft phase=draft t=12 N=8192 K=2560 B=1 thr=64 mm=18 | ctx=draft phase=draft t=14 N=1024 K=2560 B=1 thr=64 mm=18 | ctx=draft phase=draft t=12 N=1024 K=2560 B=1 thr=64 mm=18 | ctx=draft phase=draft t=12 N=2560 K=4096 B=1 thr=128 mm=18 | ctx=draft phase=draft t=12 N=9216 K=2560 B=1 thr=64 mm=36 | ctx=draft phase=draft t=14 N=2560 K=9216 B=1 thr=128 mm=18 | ctx=draft phase=draft t=14 N=248320 K=2560 B=1 thr=64 mm=18 | ctx=target phase=classic t=14 N=8192 K=2560 B=1 thr=64 mm=9 | ctx=target phase=classic t=12 N=4096 K=2560 B=1 thr=64 mm=19 | ctx=target phase=classic t=13 N=2560 K=4096 B=1 thr=128 mm=19 | ctx=target phase=classic t=12 N=9216 K=2560 B=1 thr=64 mm=52 | ctx=target phase=classic t=14 N=2560 K=9216 B=1 thr=128 mm=12
[xllama] d3d12_shape label=session_decode part=2/6 keys_total=72 | ctx=target phase=classic t=12 N=8192 K=2560 B=1 thr=64 mm=17 | ctx=target phase=classic t=12 N=1024 K=2560 B=1 thr=64 mm=11 | ctx=target phase=classic t=12 N=2560 K=4096 B=1 thr=128 mm=7 | ctx=target phase=classic t=12 N=2560 K=9216 B=1 thr=128 mm=14 | ctx=target phase=classic t=14 N=1024 K=2560 B=1 thr=64 mm=3 | ctx=target phase=classic t=14 N=248320 K=2560 B=1 thr=64 mm=1 | ctx=draft phase=catchup t=12 N=8192 K=2560 B=1 thr=64 mm=3 | ctx=draft phase=catchup t=14 N=1024 K=2560 B=1 thr=64 mm=3 | ctx=draft phase=catchup t=12 N=1024 K=2560 B=1 thr=64 mm=3 | ctx=draft phase=catchup t=12 N=2560 K=4096 B=1 thr=128 mm=3 | ctx=draft phase=catchup t=12 N=9216 K=2560 B=1 thr=64 mm=6 | ctx=draft phase=catchup t=14 N=2560 K=9216 B=1 thr=128 mm=3
[xllama] d3d12_shape label=session_decode part=3/6 keys_total=72 | ctx=draft phase=catchup t=14 N=248320 K=2560 B=1 thr=64 mm=3 | ctx=target phase=verify t=14 N=8192 K=2560 B=5 thr=64 mm=18 | ctx=target phase=verify t=12 N=4096 K=2560 B=5 thr=64 mm=38 | ctx=target phase=verify t=13 N=2560 K=4096 B=5 thr=128 mm=38 | ctx=target phase=verify t=12 N=9216 K=2560 B=5 thr=64 mm=104 | ctx=target phase=verify t=14 N=2560 K=9216 B=5 thr=128 mm=24 | ctx=target phase=verify t=12 N=8192 K=2560 B=5 thr=64 mm=34 | ctx=target phase=verify t=12 N=1024 K=2560 B=5 thr=64 mm=22 | ctx=target phase=verify t=12 N=2560 K=4096 B=5 thr=128 mm=14 | ctx=target phase=verify t=12 N=2560 K=9216 B=5 thr=128 mm=28 | ctx=target phase=verify t=14 N=1024 K=2560 B=5 thr=64 mm=6 | ctx=target phase=verify t=14 N=248320 K=2560 B=5 thr=64 mm=2
[xllama] d3d12_shape label=session_decode part=4/6 keys_total=72 | ctx=target phase=decode t=14 N=8192 K=2560 B=1 thr=64 mm=9 | ctx=target phase=decode t=12 N=4096 K=2560 B=1 thr=64 mm=19 | ctx=target phase=decode t=13 N=2560 K=4096 B=1 thr=128 mm=19 | ctx=target phase=decode t=12 N=9216 K=2560 B=1 thr=64 mm=52 | ctx=target phase=decode t=14 N=2560 K=9216 B=1 thr=128 mm=12 | ctx=target phase=decode t=12 N=8192 K=2560 B=1 thr=64 mm=17 | ctx=target phase=decode t=12 N=1024 K=2560 B=1 thr=64 mm=11 | ctx=target phase=decode t=12 N=2560 K=4096 B=1 thr=128 mm=7 | ctx=target phase=decode t=12 N=2560 K=9216 B=1 thr=128 mm=14 | ctx=target phase=decode t=14 N=1024 K=2560 B=1 thr=64 mm=3 | ctx=target phase=decode t=14 N=248320 K=2560 B=1 thr=64 mm=1 | ctx=draft phase=catchup t=12 N=8192 K=2560 B=5 thr=64 mm=1
[xllama] d3d12_shape label=session_decode part=5/6 keys_total=72 | ctx=draft phase=catchup t=14 N=1024 K=2560 B=5 thr=64 mm=1 | ctx=draft phase=catchup t=12 N=1024 K=2560 B=5 thr=64 mm=1 | ctx=draft phase=catchup t=12 N=2560 K=4096 B=5 thr=128 mm=1 | ctx=draft phase=catchup t=12 N=9216 K=2560 B=5 thr=64 mm=2 | ctx=draft phase=catchup t=14 N=2560 K=9216 B=5 thr=128 mm=1 | ctx=draft phase=catchup t=14 N=248320 K=2560 B=5 thr=64 mm=1 | ctx=target phase=verify t=14 N=8192 K=2560 B=4 thr=64 mm=18 | ctx=target phase=verify t=12 N=4096 K=2560 B=4 thr=64 mm=38 | ctx=target phase=verify t=13 N=2560 K=4096 B=4 thr=128 mm=38 | ctx=target phase=verify t=12 N=9216 K=2560 B=4 thr=64 mm=104 | ctx=target phase=verify t=14 N=2560 K=9216 B=4 thr=128 mm=24 | ctx=target phase=verify t=12 N=8192 K=2560 B=4 thr=64 mm=34
[xllama] d3d12_shape label=session_decode part=6/6 keys_total=72 | ctx=target phase=verify t=12 N=1024 K=2560 B=4 thr=64 mm=22 | ctx=target phase=verify t=12 N=2560 K=4096 B=4 thr=128 mm=14 | ctx=target phase=verify t=12 N=2560 K=9216 B=4 thr=128 mm=28 | ctx=target phase=verify t=14 N=1024 K=2560 B=4 thr=64 mm=6 | ctx=target phase=verify t=14 N=248320 K=2560 B=4 thr=64 mm=2 | ctx=draft phase=catchup t=12 N=8192 K=2560 B=4 thr=64 mm=1 | ctx=draft phase=catchup t=14 N=1024 K=2560 B=4 thr=64 mm=1 | ctx=draft phase=catchup t=12 N=1024 K=2560 B=4 thr=64 mm=1 | ctx=draft phase=catchup t=12 N=2560 K=4096 B=4 thr=128 mm=1 | ctx=draft phase=catchup t=12 N=9216 K=2560 B=4 thr=64 mm=2 | ctx=draft phase=catchup t=14 N=2560 K=9216 B=4 thr=128 mm=1 | ctx=draft phase=catchup t=14 N=248320 K=2560 B=4 thr=64 mm=1
[xllama] MTP_STATS rounds=4 decodes=22 discarded=4 catchup_tok=11 draft_ms=72.7 sample_ms=14.7 topprob_ms=53.9 catchup_ms=32.5 verify_ms=581.0 corrective_ms=61.0
[xllama] session: KV rewind unsupported (hybrid cache) — full re-prefill (#170): common=22 resident=23 prompt=23
[xllama] session: turn full=1 kv_before=0 pf=23 prompt=23
[xllama] PHASE_PREFILL n_prompt=23 rows_kept=23 n_ubatch=512 calls=155 matmuls=196 gpu_ms=160.408020
[xllama] d3d12_shape label=session_prefill part=1/3 keys_total=25 | ctx=target phase=prefill t=14 N=8192 K=2560 B=23 thr=64 mm=9 | ctx=target phase=prefill t=12 N=4096 K=2560 B=23 thr=64 mm=19 | ctx=target phase=prefill t=13 N=2560 K=4096 B=23 thr=128 mm=19 | ctx=target phase=prefill t=12 N=9216 K=2560 B=23 thr=64 mm=52 | ctx=target phase=prefill t=14 N=2560 K=9216 B=23 thr=128 mm=12 | ctx=target phase=prefill t=12 N=8192 K=2560 B=23 thr=64 mm=17 | ctx=target phase=prefill t=12 N=1024 K=2560 B=23 thr=64 mm=11 | ctx=target phase=prefill t=12 N=2560 K=4096 B=23 thr=128 mm=7 | ctx=target phase=prefill t=12 N=2560 K=9216 B=23 thr=128 mm=14 | ctx=target phase=prefill t=14 N=1024 K=2560 B=23 thr=64 mm=3 | ctx=target phase=prefill t=14 N=248320 K=2560 B=1 thr=64 mm=1 | ctx=target phase=prefill t=12 N=8192 K=2560 B=6 thr=64 mm=3
[xllama] d3d12_shape label=session_prefill part=2/3 keys_total=25 | ctx=target phase=prefill t=14 N=1024 K=2560 B=6 thr=64 mm=3 | ctx=target phase=prefill t=12 N=1024 K=2560 B=6 thr=64 mm=3 | ctx=target phase=prefill t=12 N=2560 K=4096 B=6 thr=128 mm=3 | ctx=target phase=prefill t=12 N=9216 K=2560 B=6 thr=64 mm=6 | ctx=target phase=prefill t=14 N=2560 K=9216 B=6 thr=128 mm=3 | ctx=target phase=prefill t=14 N=248320 K=2560 B=6 thr=64 mm=3 | ctx=target phase=prefill t=12 N=8192 K=2560 B=5 thr=64 mm=1 | ctx=target phase=prefill t=14 N=1024 K=2560 B=5 thr=64 mm=1 | ctx=target phase=prefill t=12 N=1024 K=2560 B=5 thr=64 mm=1 | ctx=target phase=prefill t=12 N=2560 K=4096 B=5 thr=128 mm=1 | ctx=target phase=prefill t=12 N=9216 K=2560 B=5 thr=64 mm=2 | ctx=target phase=prefill t=14 N=2560 K=9216 B=5 thr=128 mm=1
[xllama] d3d12_shape label=session_prefill part=3/3 keys_total=25 | ctx=target phase=prefill t=14 N=248320 K=2560 B=5 thr=64 mm=1
[xllama] session generate: n=12 prefill=460.5ms (23 tok) reuse=0 drafted=9 (mtp=9 lookup=0) spec_accept=9 (mtp=9 lookup=0)
[xllama] PHASE total_ms=1086.4 prefill_ms=460.5 decode_ms=610.9 accounted_ms=610.5 residual_decode_ms=0.4 load_plus_setup_ms=15.0 draft_ms=38.5 sample_ms=7.8 topprob_ms=31.5 catchup_ms=33.2 verify_ms=490.1 corrective_ms=0.0 classic_decode_ms=0.0 classic_catchup_ms=0.0 lookup_ms=0.0 sample_target_ms=9.4 emit_ms=0.0 maintain_ms=0.0 profile=1
[xllama] d3d12_shape label=session_decode part=1/6 keys_total=61 | ctx=draft phase=draft t=12 N=8192 K=2560 B=1 thr=64 mm=10 | ctx=draft phase=draft t=14 N=1024 K=2560 B=1 thr=64 mm=10 | ctx=draft phase=draft t=12 N=1024 K=2560 B=1 thr=64 mm=10 | ctx=draft phase=draft t=12 N=2560 K=4096 B=1 thr=128 mm=10 | ctx=draft phase=draft t=12 N=9216 K=2560 B=1 thr=64 mm=20 | ctx=draft phase=draft t=14 N=2560 K=9216 B=1 thr=128 mm=10 | ctx=draft phase=draft t=14 N=248320 K=2560 B=1 thr=64 mm=10 | ctx=target phase=verify t=14 N=8192 K=2560 B=3 thr=64 mm=9 | ctx=target phase=verify t=12 N=4096 K=2560 B=3 thr=64 mm=19 | ctx=target phase=verify t=13 N=2560 K=4096 B=3 thr=128 mm=19 | ctx=target phase=verify t=12 N=9216 K=2560 B=3 thr=64 mm=52 | ctx=target phase=verify t=14 N=2560 K=9216 B=3 thr=128 mm=12
[xllama] d3d12_shape label=session_decode part=2/6 keys_total=61 | ctx=target phase=verify t=12 N=8192 K=2560 B=3 thr=64 mm=17 | ctx=target phase=verify t=12 N=1024 K=2560 B=3 thr=64 mm=11 | ctx=target phase=verify t=12 N=2560 K=4096 B=3 thr=128 mm=7 | ctx=target phase=verify t=12 N=2560 K=9216 B=3 thr=128 mm=14 | ctx=target phase=verify t=14 N=1024 K=2560 B=3 thr=64 mm=3 | ctx=target phase=verify t=14 N=248320 K=2560 B=3 thr=64 mm=1 | ctx=draft phase=catchup t=12 N=8192 K=2560 B=3 thr=64 mm=1 | ctx=draft phase=catchup t=14 N=1024 K=2560 B=3 thr=64 mm=1 | ctx=draft phase=catchup t=12 N=1024 K=2560 B=3 thr=64 mm=1 | ctx=draft phase=catchup t=12 N=2560 K=4096 B=3 thr=128 mm=1 | ctx=draft phase=catchup t=12 N=9216 K=2560 B=3 thr=64 mm=2 | ctx=draft phase=catchup t=14 N=2560 K=9216 B=3 thr=128 mm=1
[xllama] d3d12_shape label=session_decode part=3/6 keys_total=61 | ctx=draft phase=catchup t=14 N=248320 K=2560 B=3 thr=64 mm=1 | ctx=target phase=verify t=14 N=8192 K=2560 B=5 thr=64 mm=9 | ctx=target phase=verify t=12 N=4096 K=2560 B=5 thr=64 mm=19 | ctx=target phase=verify t=13 N=2560 K=4096 B=5 thr=128 mm=19 | ctx=target phase=verify t=12 N=9216 K=2560 B=5 thr=64 mm=52 | ctx=target phase=verify t=14 N=2560 K=9216 B=5 thr=128 mm=12 | ctx=target phase=verify t=12 N=8192 K=2560 B=5 thr=64 mm=17 | ctx=target phase=verify t=12 N=1024 K=2560 B=5 thr=64 mm=11 | ctx=target phase=verify t=12 N=2560 K=4096 B=5 thr=128 mm=7 | ctx=target phase=verify t=12 N=2560 K=9216 B=5 thr=128 mm=14 | ctx=target phase=verify t=14 N=1024 K=2560 B=5 thr=64 mm=3 | ctx=target phase=verify t=14 N=248320 K=2560 B=5 thr=64 mm=1
[xllama] d3d12_shape label=session_decode part=4/6 keys_total=61 | ctx=draft phase=catchup t=12 N=8192 K=2560 B=5 thr=64 mm=1 | ctx=draft phase=catchup t=14 N=1024 K=2560 B=5 thr=64 mm=1 | ctx=draft phase=catchup t=12 N=1024 K=2560 B=5 thr=64 mm=1 | ctx=draft phase=catchup t=12 N=2560 K=4096 B=5 thr=128 mm=1 | ctx=draft phase=catchup t=12 N=9216 K=2560 B=5 thr=64 mm=2 | ctx=draft phase=catchup t=14 N=2560 K=9216 B=5 thr=128 mm=1 | ctx=draft phase=catchup t=14 N=248320 K=2560 B=5 thr=64 mm=1 | ctx=target phase=verify t=14 N=8192 K=2560 B=4 thr=64 mm=9 | ctx=target phase=verify t=12 N=4096 K=2560 B=4 thr=64 mm=19 | ctx=target phase=verify t=13 N=2560 K=4096 B=4 thr=128 mm=19 | ctx=target phase=verify t=12 N=9216 K=2560 B=4 thr=64 mm=52 | ctx=target phase=verify t=14 N=2560 K=9216 B=4 thr=128 mm=12
[xllama] d3d12_shape label=session_decode part=5/6 keys_total=61 | ctx=target phase=verify t=12 N=8192 K=2560 B=4 thr=64 mm=17 | ctx=target phase=verify t=12 N=1024 K=2560 B=4 thr=64 mm=11 | ctx=target phase=verify t=12 N=2560 K=4096 B=4 thr=128 mm=7 | ctx=target phase=verify t=12 N=2560 K=9216 B=4 thr=128 mm=14 | ctx=target phase=verify t=14 N=1024 K=2560 B=4 thr=64 mm=3 | ctx=target phase=verify t=14 N=248320 K=2560 B=4 thr=64 mm=1 | ctx=draft phase=catchup t=12 N=8192 K=2560 B=4 thr=64 mm=1 | ctx=draft phase=catchup t=14 N=1024 K=2560 B=4 thr=64 mm=1 | ctx=draft phase=catchup t=12 N=1024 K=2560 B=4 thr=64 mm=1 | ctx=draft phase=catchup t=12 N=2560 K=4096 B=4 thr=128 mm=1 | ctx=draft phase=catchup t=12 N=9216 K=2560 B=4 thr=64 mm=2 | ctx=draft phase=catchup t=14 N=2560 K=9216 B=4 thr=128 mm=1
[xllama] d3d12_shape label=session_decode part=6/6 keys_total=61 | ctx=draft phase=catchup t=14 N=248320 K=2560 B=4 thr=64 mm=1
[xllama] MTP_STATS rounds=3 decodes=13 discarded=1 catchup_tok=12 draft_ms=38.5 sample_ms=7.8 topprob_ms=31.5 catchup_ms=33.2 verify_ms=490.1 corrective_ms=0.0
[llama] ~llama_context: D3D12_Host compute buffer size is   5.8489 MiB, matches expectation of   5.8489 MiB
[llama] ~llama_context: D3D12_Host compute buffer size is   0.0000 MiB, matches expectation of   0.0000 MiB
[xllama] d3d12: 1693 graph_compute calls, 2140 matmuls (452 2col), 810.6 ms wall (562.5 ms GPU)
[llama] ~llama_context: D3D12_Host compute buffer size is 504.0198 MiB, matches expectation of 504.0198 MiB
[llama] ~llama_context: D3D12_Host compute buffer size is   0.0000 MiB, matches expectation of   0.0000 MiB
[xllama] d3d12: 0 graph_compute calls, 0 matmuls (0 2col), 0.0 ms wall (0.0 ms GPU)
[xllama] gguf gpu layers: 28 on D3D12
[llama] llama_model_loader: mmap is not supported on this platform
[llama] llama_prepare_model_devices: using device D3D12 (xllama D3D12 compute (Q4_0/Q4_K/Q5_K/Q6_K matmul)) (unknown id) - 4129 MiB free
[llama] load_tensors: layer   6 assigned to device D3D12, is_swa = 0
[llama] load_tensors: layer   7 assigned to device D3D12, is_swa = 0
[llama] load_tensors: layer   8 assigned to device D3D12, is_swa = 0
[llama] load_tensors: layer   9 assigned to device D3D12, is_swa = 0
[llama] load_tensors: layer  10 assigned to device D3D12, is_swa = 0
[llama] load_tensors: layer  11 assigned to device D3D12, is_swa = 0
[llama] load_tensors: layer  12 assigned to device D3D12, is_swa = 0
[llama] load_tensors: layer  13 assigned to device D3D12, is_swa = 0
[llama] load_tensors: layer  14 assigned to device D3D12, is_swa = 0
[llama] load_tensors: layer  15 assigned to device D3D12, is_swa = 0
[llama] load_tensors: layer  16 assigned to device D3D12, is_swa = 0
[llama] load_tensors: layer  17 assigned to device D3D12, is_swa = 0
[llama] load_tensors: layer  18 assigned to device D3D12, is_swa = 0
[llama] load_tensors: layer  19 assigned to device D3D12, is_swa = 0
[llama] load_tensors: layer  20 assigned to device D3D12, is_swa = 0
[llama] load_tensors: layer  21 assigned to device D3D12, is_swa = 0
[llama] load_tensors: layer  22 assigned to device D3D12, is_swa = 0
[llama] load_tensors: layer  23 assigned to device D3D12, is_swa = 0
[llama] load_tensors: layer  24 assigned to device D3D12, is_swa = 0
[llama] load_tensors: layer  25 assigned to device D3D12, is_swa = 0
[llama] load_tensors: layer  26 assigned to device D3D12, is_swa = 0
[llama] load_tensors: layer  27 assigned to device D3D12, is_swa = 0
[llama] load_tensors: layer  28 assigned to device D3D12, is_swa = 0
[llama] load_tensors: layer  29 assigned to device D3D12, is_swa = 0
[llama] load_tensors: layer  30 assigned to device D3D12, is_swa = 0
[llama] load_tensors: layer  31 assigned to device D3D12, is_swa = 0
[llama] load_tensors: layer  32 assigned to device D3D12, is_swa = 0
[llama] load_tensors: layer  33 assigned to device D3D12, is_swa = 0
[llama] model has unused tensor blk.32.attn_norm.weight (size = 10240 bytes) -- ignoring
[llama] model has unused tensor blk.32.post_attention_norm.weight (size = 10240 bytes) -- ignoring
[llama] model has unused tensor blk.32.attn_q.weight (size = 11796480 bytes) -- ignoring
[llama] model has unused tensor blk.32.attn_k.weight (size = 1474560 bytes) -- ignoring
[llama] model has unused tensor blk.32.attn_v.weight (size = 2150400 bytes) -- ignoring
[llama] model has unused tensor blk.32.attn_output.weight (size = 5898240 bytes) -- ignoring
[llama] model has unused tensor blk.32.attn_q_norm.weight (size = 1024 bytes) -- ignoring
[llama] model has unused tensor blk.32.attn_k_norm.weight (size = 1024 bytes) -- ignoring
[llama] model has unused tensor blk.32.ffn_gate.weight (size = 13271040 bytes) -- ignoring
[llama] model has unused tensor blk.32.ffn_down.weight (size = 19353600 bytes) -- ignoring
[llama] model has unused tensor blk.32.ffn_up.weight (size = 13271040 bytes) -- ignoring
[llama] model has unused tensor blk.32.nextn.eh_proj.weight (size = 13926400 bytes) -- ignoring
[llama] model has unused tensor blk.32.nextn.enorm.weight (size = 10240 bytes) -- ignoring
[llama] model has unused tensor blk.32.nextn.hnorm.weight (size = 10240 bytes) -- ignoring
[llama] model has unused tensor blk.32.nextn.shared_head_norm.weight (size = 10240 bytes) -- ignoring
[xllama] d3d12: D3D12_Weights buffer 2191.6 MiB
[llama] load_tensors: offloading output layer to GPU
[llama] load_tensors: offloading 27 repeating layers to GPU
[llama] load_tensors: offloaded 28/34 layers to GPU
[llama] load_tensors:          CPU model buffer size =   675.46 MiB
[llama] load_tensors:   CPU_REPACK model buffer size =   246.09 MiB
[llama] load_tensors: D3D12_Weights model buffer size =  2191.55 MiB
[llama] load_all_data: buffer type D3D12_Weights is not the default buffer type for device D3D12 for async uploads
[xllama] Session: GGUF model loaded via llama.cpp (persistent)
[llama] llama_context: D3D12_Host  output buffer size =     0.95 MiB
[llama] llama_kv_cache:        CPU KV buffer size =    64.00 MiB
[llama] llama_memory_recurrent:        CPU RS buffer size =    50.25 MiB
[llama] resolve_fused_ops: layer 7 is assigned to device D3D12 but Flash Attention is assigned to device CPU (usually due to missing support)
[llama] resolve_fused_ops: Flash Attention not supported, set to disabled
[xllama] d3d12: D3D12_Host buffer 504.0 MiB
[llama] sched_reserve: D3D12_Host compute buffer size =   504.02 MiB
[llama] sched_reserve: graph splits = 262
[xllama] session: can_shift=0 (memory_can_shift=0 n_swa=0)
[xllama] session: turn full=1 kv_before=0 pf=10 prompt=10
[xllama] PHASE_PREFILL n_prompt=10 rows_kept=10 n_ubatch=512 calls=131 matmuls=164 gpu_ms=50.652150
[xllama] d3d12_shape label=session_prefill part=1/1 keys_total=11 | ctx=target phase=prefill t=14 N=8192 K=2560 B=10 thr=64 mm=9 | ctx=target phase=prefill t=12 N=4096 K=2560 B=10 thr=64 mm=19 | ctx=target phase=prefill t=13 N=2560 K=4096 B=10 thr=128 mm=19 | ctx=target phase=prefill t=12 N=9216 K=2560 B=10 thr=64 mm=52 | ctx=target phase=prefill t=14 N=2560 K=9216 B=10 thr=128 mm=12 | ctx=target phase=prefill t=12 N=8192 K=2560 B=10 thr=64 mm=17 | ctx=target phase=prefill t=12 N=1024 K=2560 B=10 thr=64 mm=11 | ctx=target phase=prefill t=12 N=2560 K=4096 B=10 thr=128 mm=7 | ctx=target phase=prefill t=12 N=2560 K=9216 B=10 thr=128 mm=14 | ctx=target phase=prefill t=14 N=1024 K=2560 B=10 thr=64 mm=3 | ctx=target phase=prefill t=14 N=248320 K=2560 B=1 thr=64 mm=1
[xllama] session generate: n=25 prefill=196.3ms (10 tok) reuse=0 drafted=0 (mtp=0 lookup=0) spec_accept=0 (mtp=0 lookup=0)
[xllama] PHASE total_ms=1862.1 prefill_ms=196.3 decode_ms=1597.5 accounted_ms=1597.4 residual_decode_ms=0.1 load_plus_setup_ms=68.4 draft_ms=0.0 sample_ms=0.0 topprob_ms=0.0 catchup_ms=0.0 verify_ms=0.0 corrective_ms=0.0 classic_decode_ms=1575.2 classic_catchup_ms=0.0 lookup_ms=0.0 sample_target_ms=22.0 emit_ms=0.1 maintain_ms=0.0 profile=1
[xllama] d3d12_shape label=session_decode part=1/1 keys_total=11 | ctx=target phase=classic t=14 N=8192 K=2560 B=1 thr=64 mm=225 | ctx=target phase=classic t=12 N=4096 K=2560 B=1 thr=64 mm=475 | ctx=target phase=classic t=13 N=2560 K=4096 B=1 thr=128 mm=475 | ctx=target phase=classic t=12 N=9216 K=2560 B=1 thr=64 mm=1300 | ctx=target phase=classic t=14 N=2560 K=9216 B=1 thr=128 mm=300 | ctx=target phase=classic t=12 N=8192 K=2560 B=1 thr=64 mm=425 | ctx=target phase=classic t=12 N=1024 K=2560 B=1 thr=64 mm=275 | ctx=target phase=classic t=12 N=2560 K=4096 B=1 thr=128 mm=175 | ctx=target phase=classic t=12 N=2560 K=9216 B=1 thr=128 mm=350 | ctx=target phase=classic t=14 N=1024 K=2560 B=1 thr=64 mm=75 | ctx=target phase=classic t=14 N=248320 K=2560 B=1 thr=64 mm=25
[llama] ~llama_context: D3D12_Host compute buffer size is 504.0198 MiB, matches expectation of 504.0198 MiB
[llama] ~llama_context: D3D12_Host compute buffer size is   0.0000 MiB, matches expectation of   0.0000 MiB
[xllama] d3d12: 3406 graph_compute calls, 4264 matmuls (0 2col), 585.6 ms wall (274.1 ms GPU)
[xllama] TERMGATE scenario=cancel@13 arm=cand ok=1 reason=- n_ids=13 n_ref=25 parity=1 first_diff=-1 active=1 drafted=14 rounds=4 lookup=0 ews=0 n_eval=13 eog_tok=-1 eog_branch=- stop_branch=- stop_round=-1
[xllama] gguf gpu layers: 28 on D3D12
[llama] llama_model_loader: mmap is not supported on this platform
[llama] llama_prepare_model_devices: using device D3D12 (xllama D3D12 compute (Q4_0/Q4_K/Q5_K/Q6_K matmul)) (unknown id) - 4129 MiB free
[llama] load_tensors: layer   6 assigned to device D3D12, is_swa = 0
[llama] load_tensors: layer   7 assigned to device D3D12, is_swa = 0
[llama] load_tensors: layer   8 assigned to device D3D12, is_swa = 0
[llama] load_tensors: layer   9 assigned to device D3D12, is_swa = 0
[llama] load_tensors: layer  10 assigned to device D3D12, is_swa = 0
[llama] load_tensors: layer  11 assigned to device D3D12, is_swa = 0
[llama] load_tensors: layer  12 assigned to device D3D12, is_swa = 0
[llama] load_tensors: layer  13 assigned to device D3D12, is_swa = 0
[llama] load_tensors: layer  14 assigned to device D3D12, is_swa = 0
[llama] load_tensors: layer  15 assigned to device D3D12, is_swa = 0
[llama] load_tensors: layer  16 assigned to device D3D12, is_swa = 0
[llama] load_tensors: layer  17 assigned to device D3D12, is_swa = 0
[llama] load_tensors: layer  18 assigned to device D3D12, is_swa = 0
[llama] load_tensors: layer  19 assigned to device D3D12, is_swa = 0
[llama] load_tensors: layer  20 assigned to device D3D12, is_swa = 0
[llama] load_tensors: layer  21 assigned to device D3D12, is_swa = 0
[llama] load_tensors: layer  22 assigned to device D3D12, is_swa = 0
[llama] load_tensors: layer  23 assigned to device D3D12, is_swa = 0
[llama] load_tensors: layer  24 assigned to device D3D12, is_swa = 0
[llama] load_tensors: layer  25 assigned to device D3D12, is_swa = 0
[llama] load_tensors: layer  26 assigned to device D3D12, is_swa = 0
[llama] load_tensors: layer  27 assigned to device D3D12, is_swa = 0
[llama] load_tensors: layer  28 assigned to device D3D12, is_swa = 0
[llama] load_tensors: layer  29 assigned to device D3D12, is_swa = 0
[llama] load_tensors: layer  30 assigned to device D3D12, is_swa = 0
[llama] load_tensors: layer  31 assigned to device D3D12, is_swa = 0
[llama] load_tensors: layer  32 assigned to device D3D12, is_swa = 0
[llama] load_tensors: layer  33 assigned to device D3D12, is_swa = 0
[xllama] d3d12: D3D12_Weights buffer 2255.7 MiB
[llama] load_tensors: offloading output layer to GPU
[llama] load_tensors: offloading 27 repeating layers to GPU
[llama] load_tensors: offloaded 28/34 layers to GPU
[llama] load_tensors:          CPU model buffer size =   688.79 MiB
[llama] load_tensors:   CPU_REPACK model buffer size =   246.09 MiB
[llama] load_tensors: D3D12_Weights model buffer size =  2255.66 MiB
[llama] load_all_data: buffer type D3D12_Weights is not the default buffer type for device D3D12 for async uploads
[xllama] Session: GGUF model loaded via llama.cpp (persistent)
[xllama] session: speculative n_rs_seq=4
[llama] llama_context: D3D12_Host  output buffer size =     0.95 MiB
[llama] llama_kv_cache:        CPU KV buffer size =    64.00 MiB
[llama] llama_memory_recurrent:        CPU RS buffer size =   251.25 MiB
[llama] resolve_fused_ops: layer 7 is assigned to device D3D12 but Flash Attention is assigned to device CPU (usually due to missing support)
[llama] resolve_fused_ops: Flash Attention not supported, set to disabled
[xllama] d3d12: D3D12_Host buffer 504.0 MiB
[llama] sched_reserve: D3D12_Host compute buffer size =   504.02 MiB
[llama] sched_reserve: graph splits = 262
[llama] llama_context: D3D12_Host  output buffer size =     0.95 MiB
[llama] llama_kv_cache:        CPU KV buffer size =     8.00 MiB
[llama] resolve_fused_ops: layer 32 is assigned to device D3D12 but Flash Attention is assigned to device CPU (usually due to missing support)
[llama] resolve_fused_ops: Flash Attention not supported, set to disabled
[xllama] d3d12: D3D12_Host buffer 5.8 MiB
[llama] sched_reserve: D3D12_Host compute buffer size =     5.85 MiB
[llama] sched_reserve: graph splits = 12
[xllama] mtp: draft ready, n_max=4 p_min=0.750000 dft_n_batch=6
[xllama] mtp: target nextn head layers=1
[xllama] mtp: split_mtp_weights=0 resident=0 tensors=0
[xllama] session: can_shift=0 (memory_can_shift=0 n_swa=0)
[xllama] session: turn full=1 kv_before=0 pf=11 prompt=11
[xllama] d3d12: D3D12_Host buffer 20.9 MiB
[xllama] d3d12: D3D12_Host buffer 5.7 MiB
[xllama] PHASE_PREFILL n_prompt=11 rows_kept=11 n_ubatch=512 calls=143 matmuls=180 gpu_ms=78.675008
[xllama] d3d12_shape label=session_prefill part=1/3 keys_total=25 | ctx=target phase=prefill t=14 N=8192 K=2560 B=11 thr=64 mm=9 | ctx=target phase=prefill t=12 N=4096 K=2560 B=11 thr=64 mm=19 | ctx=target phase=prefill t=13 N=2560 K=4096 B=11 thr=128 mm=19 | ctx=target phase=prefill t=12 N=9216 K=2560 B=11 thr=64 mm=52 | ctx=target phase=prefill t=14 N=2560 K=9216 B=11 thr=128 mm=12 | ctx=target phase=prefill t=12 N=8192 K=2560 B=11 thr=64 mm=17 | ctx=target phase=prefill t=12 N=1024 K=2560 B=11 thr=64 mm=11 | ctx=target phase=prefill t=12 N=2560 K=4096 B=11 thr=128 mm=7 | ctx=target phase=prefill t=12 N=2560 K=9216 B=11 thr=128 mm=14 | ctx=target phase=prefill t=14 N=1024 K=2560 B=11 thr=64 mm=3 | ctx=target phase=prefill t=14 N=248320 K=2560 B=1 thr=64 mm=1 | ctx=target phase=prefill t=12 N=8192 K=2560 B=6 thr=64 mm=1
[xllama] d3d12_shape label=session_prefill part=2/3 keys_total=25 | ctx=target phase=prefill t=14 N=1024 K=2560 B=6 thr=64 mm=1 | ctx=target phase=prefill t=12 N=1024 K=2560 B=6 thr=64 mm=1 | ctx=target phase=prefill t=12 N=2560 K=4096 B=6 thr=128 mm=1 | ctx=target phase=prefill t=12 N=9216 K=2560 B=6 thr=64 mm=2 | ctx=target phase=prefill t=14 N=2560 K=9216 B=6 thr=128 mm=1 | ctx=target phase=prefill t=14 N=248320 K=2560 B=6 thr=64 mm=1 | ctx=target phase=prefill t=12 N=8192 K=2560 B=5 thr=64 mm=1 | ctx=target phase=prefill t=14 N=1024 K=2560 B=5 thr=64 mm=1 | ctx=target phase=prefill t=12 N=1024 K=2560 B=5 thr=64 mm=1 | ctx=target phase=prefill t=12 N=2560 K=4096 B=5 thr=128 mm=1 | ctx=target phase=prefill t=12 N=9216 K=2560 B=5 thr=64 mm=2 | ctx=target phase=prefill t=14 N=2560 K=9216 B=5 thr=128 mm=1
[xllama] d3d12_shape label=session_prefill part=3/3 keys_total=25 | ctx=target phase=prefill t=14 N=248320 K=2560 B=5 thr=64 mm=1
[xllama] d3d12: D3D12_Host buffer 24.7 MiB
[xllama] EOG after 10 tokens (spec reject) tok=248044 branch=spec-reject
[xllama] session generate: n=10 prefill=301.8ms (11 tok) reuse=0 drafted=8 (mtp=8 lookup=0) spec_accept=6 (mtp=6 lookup=0)
[xllama] PHASE total_ms=939.0 prefill_ms=301.8 decode_ms=527.7 accounted_ms=527.3 residual_decode_ms=0.4 load_plus_setup_ms=109.5 draft_ms=38.8 sample_ms=8.9 topprob_ms=29.7 catchup_ms=20.9 verify_ms=289.8 corrective_ms=0.0 classic_decode_ms=129.6 classic_catchup_ms=7.5 lookup_ms=0.0 sample_target_ms=9.6 emit_ms=0.0 maintain_ms=0.0 profile=1
[xllama] d3d12_shape label=session_decode part=1/4 keys_total=43 | ctx=draft phase=draft t=12 N=8192 K=2560 B=1 thr=64 mm=10 | ctx=draft phase=draft t=14 N=1024 K=2560 B=1 thr=64 mm=10 | ctx=draft phase=draft t=12 N=1024 K=2560 B=1 thr=64 mm=10 | ctx=draft phase=draft t=12 N=2560 K=4096 B=1 thr=128 mm=10 | ctx=draft phase=draft t=12 N=9216 K=2560 B=1 thr=64 mm=20 | ctx=draft phase=draft t=14 N=2560 K=9216 B=1 thr=128 mm=10 | ctx=draft phase=draft t=14 N=248320 K=2560 B=1 thr=64 mm=10 | ctx=target phase=classic t=14 N=8192 K=2560 B=1 thr=64 mm=18 | ctx=target phase=classic t=12 N=4096 K=2560 B=1 thr=64 mm=38 | ctx=target phase=classic t=13 N=2560 K=4096 B=1 thr=128 mm=38 | ctx=target phase=classic t=12 N=9216 K=2560 B=1 thr=64 mm=104 | ctx=target phase=classic t=14 N=2560 K=9216 B=1 thr=128 mm=24
[xllama] d3d12_shape label=session_decode part=2/4 keys_total=43 | ctx=target phase=classic t=12 N=8192 K=2560 B=1 thr=64 mm=34 | ctx=target phase=classic t=12 N=1024 K=2560 B=1 thr=64 mm=22 | ctx=target phase=classic t=12 N=2560 K=4096 B=1 thr=128 mm=14 | ctx=target phase=classic t=12 N=2560 K=9216 B=1 thr=128 mm=28 | ctx=target phase=classic t=14 N=1024 K=2560 B=1 thr=64 mm=6 | ctx=target phase=classic t=14 N=248320 K=2560 B=1 thr=64 mm=2 | ctx=draft phase=catchup t=12 N=8192 K=2560 B=1 thr=64 mm=2 | ctx=draft phase=catchup t=14 N=1024 K=2560 B=1 thr=64 mm=2 | ctx=draft phase=catchup t=12 N=1024 K=2560 B=1 thr=64 mm=2 | ctx=draft phase=catchup t=12 N=2560 K=4096 B=1 thr=128 mm=2 | ctx=draft phase=catchup t=12 N=9216 K=2560 B=1 thr=64 mm=4 | ctx=draft phase=catchup t=14 N=2560 K=9216 B=1 thr=128 mm=2
[xllama] d3d12_shape label=session_decode part=3/4 keys_total=43 | ctx=draft phase=catchup t=14 N=248320 K=2560 B=1 thr=64 mm=2 | ctx=target phase=verify t=14 N=8192 K=2560 B=5 thr=64 mm=18 | ctx=target phase=verify t=12 N=4096 K=2560 B=5 thr=64 mm=38 | ctx=target phase=verify t=13 N=2560 K=4096 B=5 thr=128 mm=38 | ctx=target phase=verify t=12 N=9216 K=2560 B=5 thr=64 mm=104 | ctx=target phase=verify t=14 N=2560 K=9216 B=5 thr=128 mm=24 | ctx=target phase=verify t=12 N=8192 K=2560 B=5 thr=64 mm=34 | ctx=target phase=verify t=12 N=1024 K=2560 B=5 thr=64 mm=22 | ctx=target phase=verify t=12 N=2560 K=4096 B=5 thr=128 mm=14 | ctx=target phase=verify t=12 N=2560 K=9216 B=5 thr=128 mm=28 | ctx=target phase=verify t=14 N=1024 K=2560 B=5 thr=64 mm=6 | ctx=target phase=verify t=14 N=248320 K=2560 B=5 thr=64 mm=2
[xllama] d3d12_shape label=session_decode part=4/4 keys_total=43 | ctx=draft phase=catchup t=12 N=8192 K=2560 B=5 thr=64 mm=1 | ctx=draft phase=catchup t=14 N=1024 K=2560 B=5 thr=64 mm=1 | ctx=draft phase=catchup t=12 N=1024 K=2560 B=5 thr=64 mm=1 | ctx=draft phase=catchup t=12 N=2560 K=4096 B=5 thr=128 mm=1 | ctx=draft phase=catchup t=12 N=9216 K=2560 B=5 thr=64 mm=2 | ctx=draft phase=catchup t=14 N=2560 K=9216 B=5 thr=128 mm=1 | ctx=draft phase=catchup t=14 N=248320 K=2560 B=5 thr=64 mm=1
[xllama] MTP_STATS rounds=2 decodes=13 discarded=2 catchup_tok=7 draft_ms=38.8 sample_ms=8.9 topprob_ms=29.7 catchup_ms=20.9 verify_ms=289.8 corrective_ms=0.0
[xllama] TERMGATE scenario=stop@probe arm=cand ok=1 reason=eos n_ids=10 n_ref=-1 parity=-1 first_diff=-1 active=1 drafted=8 rounds=2 lookup=0 ews=0 n_eval=10 eog_tok=248044 eog_branch=spec-reject stop_branch=- stop_round=-1
[xllama] TERMGATE stop_span pieces=10 start=9 stop_len=2 probe_n_eval=10
[xllama] session: KV rewind unsupported (hybrid cache) — full re-prefill (#170): common=10 resident=21 prompt=11
[xllama] session: turn full=1 kv_before=0 pf=11 prompt=11
[xllama] PHASE_PREFILL n_prompt=11 rows_kept=11 n_ubatch=512 calls=143 matmuls=180 gpu_ms=78.581534
[xllama] d3d12_shape label=session_prefill part=1/3 keys_total=25 | ctx=target phase=prefill t=14 N=8192 K=2560 B=11 thr=64 mm=9 | ctx=target phase=prefill t=12 N=4096 K=2560 B=11 thr=64 mm=19 | ctx=target phase=prefill t=13 N=2560 K=4096 B=11 thr=128 mm=19 | ctx=target phase=prefill t=12 N=9216 K=2560 B=11 thr=64 mm=52 | ctx=target phase=prefill t=14 N=2560 K=9216 B=11 thr=128 mm=12 | ctx=target phase=prefill t=12 N=8192 K=2560 B=11 thr=64 mm=17 | ctx=target phase=prefill t=12 N=1024 K=2560 B=11 thr=64 mm=11 | ctx=target phase=prefill t=12 N=2560 K=4096 B=11 thr=128 mm=7 | ctx=target phase=prefill t=12 N=2560 K=9216 B=11 thr=128 mm=14 | ctx=target phase=prefill t=14 N=1024 K=2560 B=11 thr=64 mm=3 | ctx=target phase=prefill t=14 N=248320 K=2560 B=1 thr=64 mm=1 | ctx=target phase=prefill t=12 N=8192 K=2560 B=6 thr=64 mm=1
[xllama] d3d12_shape label=session_prefill part=2/3 keys_total=25 | ctx=target phase=prefill t=14 N=1024 K=2560 B=6 thr=64 mm=1 | ctx=target phase=prefill t=12 N=1024 K=2560 B=6 thr=64 mm=1 | ctx=target phase=prefill t=12 N=2560 K=4096 B=6 thr=128 mm=1 | ctx=target phase=prefill t=12 N=9216 K=2560 B=6 thr=64 mm=2 | ctx=target phase=prefill t=14 N=2560 K=9216 B=6 thr=128 mm=1 | ctx=target phase=prefill t=14 N=248320 K=2560 B=6 thr=64 mm=1 | ctx=target phase=prefill t=12 N=8192 K=2560 B=5 thr=64 mm=1 | ctx=target phase=prefill t=14 N=1024 K=2560 B=5 thr=64 mm=1 | ctx=target phase=prefill t=12 N=1024 K=2560 B=5 thr=64 mm=1 | ctx=target phase=prefill t=12 N=2560 K=4096 B=5 thr=128 mm=1 | ctx=target phase=prefill t=12 N=9216 K=2560 B=5 thr=64 mm=2 | ctx=target phase=prefill t=14 N=2560 K=9216 B=5 thr=128 mm=1
[xllama] d3d12_shape label=session_prefill part=3/3 keys_total=25 | ctx=target phase=prefill t=14 N=248320 K=2560 B=5 thr=64 mm=1
[xllama] session generate: n=10 prefill=255.0ms (11 tok) reuse=0 drafted=8 (mtp=8 lookup=0) spec_accept=6 (mtp=6 lookup=0)
[xllama] PHASE total_ms=829.5 prefill_ms=255.0 decode_ms=560.8 accounted_ms=560.5 residual_decode_ms=0.3 load_plus_setup_ms=13.7 draft_ms=39.8 sample_ms=8.7 topprob_ms=31.2 catchup_ms=22.5 verify_ms=294.6 corrective_ms=0.0 classic_decode_ms=154.8 classic_catchup_ms=8.8 lookup_ms=0.0 sample_target_ms=8.9 emit_ms=0.0 maintain_ms=0.0 profile=1
[xllama] d3d12_shape label=session_decode part=1/4 keys_total=43 | ctx=draft phase=draft t=12 N=8192 K=2560 B=1 thr=64 mm=10 | ctx=draft phase=draft t=14 N=1024 K=2560 B=1 thr=64 mm=10 | ctx=draft phase=draft t=12 N=1024 K=2560 B=1 thr=64 mm=10 | ctx=draft phase=draft t=12 N=2560 K=4096 B=1 thr=128 mm=10 | ctx=draft phase=draft t=12 N=9216 K=2560 B=1 thr=64 mm=20 | ctx=draft phase=draft t=14 N=2560 K=9216 B=1 thr=128 mm=10 | ctx=draft phase=draft t=14 N=248320 K=2560 B=1 thr=64 mm=10 | ctx=target phase=classic t=14 N=8192 K=2560 B=1 thr=64 mm=18 | ctx=target phase=classic t=12 N=4096 K=2560 B=1 thr=64 mm=38 | ctx=target phase=classic t=13 N=2560 K=4096 B=1 thr=128 mm=38 | ctx=target phase=classic t=12 N=9216 K=2560 B=1 thr=64 mm=104 | ctx=target phase=classic t=14 N=2560 K=9216 B=1 thr=128 mm=24
[xllama] d3d12_shape label=session_decode part=2/4 keys_total=43 | ctx=target phase=classic t=12 N=8192 K=2560 B=1 thr=64 mm=34 | ctx=target phase=classic t=12 N=1024 K=2560 B=1 thr=64 mm=22 | ctx=target phase=classic t=12 N=2560 K=4096 B=1 thr=128 mm=14 | ctx=target phase=classic t=12 N=2560 K=9216 B=1 thr=128 mm=28 | ctx=target phase=classic t=14 N=1024 K=2560 B=1 thr=64 mm=6 | ctx=target phase=classic t=14 N=248320 K=2560 B=1 thr=64 mm=2 | ctx=draft phase=catchup t=12 N=8192 K=2560 B=1 thr=64 mm=2 | ctx=draft phase=catchup t=14 N=1024 K=2560 B=1 thr=64 mm=2 | ctx=draft phase=catchup t=12 N=1024 K=2560 B=1 thr=64 mm=2 | ctx=draft phase=catchup t=12 N=2560 K=4096 B=1 thr=128 mm=2 | ctx=draft phase=catchup t=12 N=9216 K=2560 B=1 thr=64 mm=4 | ctx=draft phase=catchup t=14 N=2560 K=9216 B=1 thr=128 mm=2
[xllama] d3d12_shape label=session_decode part=3/4 keys_total=43 | ctx=draft phase=catchup t=14 N=248320 K=2560 B=1 thr=64 mm=2 | ctx=target phase=verify t=14 N=8192 K=2560 B=5 thr=64 mm=18 | ctx=target phase=verify t=12 N=4096 K=2560 B=5 thr=64 mm=38 | ctx=target phase=verify t=13 N=2560 K=4096 B=5 thr=128 mm=38 | ctx=target phase=verify t=12 N=9216 K=2560 B=5 thr=64 mm=104 | ctx=target phase=verify t=14 N=2560 K=9216 B=5 thr=128 mm=24 | ctx=target phase=verify t=12 N=8192 K=2560 B=5 thr=64 mm=34 | ctx=target phase=verify t=12 N=1024 K=2560 B=5 thr=64 mm=22 | ctx=target phase=verify t=12 N=2560 K=4096 B=5 thr=128 mm=14 | ctx=target phase=verify t=12 N=2560 K=9216 B=5 thr=128 mm=28 | ctx=target phase=verify t=14 N=1024 K=2560 B=5 thr=64 mm=6 | ctx=target phase=verify t=14 N=248320 K=2560 B=5 thr=64 mm=2
[xllama] d3d12_shape label=session_decode part=4/4 keys_total=43 | ctx=draft phase=catchup t=12 N=8192 K=2560 B=5 thr=64 mm=1 | ctx=draft phase=catchup t=14 N=1024 K=2560 B=5 thr=64 mm=1 | ctx=draft phase=catchup t=12 N=1024 K=2560 B=5 thr=64 mm=1 | ctx=draft phase=catchup t=12 N=2560 K=4096 B=5 thr=128 mm=1 | ctx=draft phase=catchup t=12 N=9216 K=2560 B=5 thr=64 mm=2 | ctx=draft phase=catchup t=14 N=2560 K=9216 B=5 thr=128 mm=1 | ctx=draft phase=catchup t=14 N=248320 K=2560 B=5 thr=64 mm=1
[xllama] MTP_STATS rounds=2 decodes=13 discarded=2 catchup_tok=7 draft_ms=39.8 sample_ms=8.7 topprob_ms=31.2 catchup_ms=22.5 verify_ms=294.6 corrective_ms=0.0
[xllama] session: KV rewind unsupported (hybrid cache) — full re-prefill (#170): common=18 resident=20 prompt=19
[xllama] session: turn full=1 kv_before=0 pf=19 prompt=19
[xllama] PHASE_PREFILL n_prompt=19 rows_kept=19 n_ubatch=512 calls=155 matmuls=196 gpu_ms=132.975158
[xllama] d3d12_shape label=session_prefill part=1/2 keys_total=24 | ctx=target phase=prefill t=14 N=8192 K=2560 B=19 thr=64 mm=9 | ctx=target phase=prefill t=12 N=4096 K=2560 B=19 thr=64 mm=19 | ctx=target phase=prefill t=13 N=2560 K=4096 B=19 thr=128 mm=19 | ctx=target phase=prefill t=12 N=9216 K=2560 B=19 thr=64 mm=52 | ctx=target phase=prefill t=14 N=2560 K=9216 B=19 thr=128 mm=12 | ctx=target phase=prefill t=12 N=8192 K=2560 B=19 thr=64 mm=17 | ctx=target phase=prefill t=12 N=1024 K=2560 B=19 thr=64 mm=11 | ctx=target phase=prefill t=12 N=2560 K=4096 B=19 thr=128 mm=7 | ctx=target phase=prefill t=12 N=2560 K=9216 B=19 thr=128 mm=14 | ctx=target phase=prefill t=14 N=1024 K=2560 B=19 thr=64 mm=3 | ctx=target phase=prefill t=14 N=248320 K=2560 B=1 thr=64 mm=2 | ctx=target phase=prefill t=12 N=8192 K=2560 B=6 thr=64 mm=3
[xllama] d3d12_shape label=session_prefill part=2/2 keys_total=24 | ctx=target phase=prefill t=14 N=1024 K=2560 B=6 thr=64 mm=3 | ctx=target phase=prefill t=12 N=1024 K=2560 B=6 thr=64 mm=3 | ctx=target phase=prefill t=12 N=2560 K=4096 B=6 thr=128 mm=3 | ctx=target phase=prefill t=12 N=9216 K=2560 B=6 thr=64 mm=6 | ctx=target phase=prefill t=14 N=2560 K=9216 B=6 thr=128 mm=3 | ctx=target phase=prefill t=14 N=248320 K=2560 B=6 thr=64 mm=3 | ctx=target phase=prefill t=12 N=8192 K=2560 B=1 thr=64 mm=1 | ctx=target phase=prefill t=14 N=1024 K=2560 B=1 thr=64 mm=1 | ctx=target phase=prefill t=12 N=1024 K=2560 B=1 thr=64 mm=1 | ctx=target phase=prefill t=12 N=2560 K=4096 B=1 thr=128 mm=1 | ctx=target phase=prefill t=12 N=9216 K=2560 B=1 thr=64 mm=2 | ctx=target phase=prefill t=14 N=2560 K=9216 B=1 thr=128 mm=1
[xllama] EOG after 2 tokens (spec reject) tok=248044 branch=spec-reject
[xllama] session generate: n=2 prefill=394.6ms (19 tok) reuse=0 drafted=3 (mtp=3 lookup=0) spec_accept=1 (mtp=1 lookup=0)
[xllama] PHASE total_ms=607.9 prefill_ms=394.6 decode_ms=199.8 accounted_ms=199.6 residual_decode_ms=0.2 load_plus_setup_ms=13.6 draft_ms=15.2 sample_ms=3.4 topprob_ms=15.7 catchup_ms=0.0 verify_ms=162.4 corrective_ms=0.0 classic_decode_ms=0.0 classic_catchup_ms=0.0 lookup_ms=0.0 sample_target_ms=3.0 emit_ms=0.0 maintain_ms=0.0 profile=1
[xllama] d3d12_shape label=session_decode part=1/2 keys_total=18 | ctx=draft phase=draft t=12 N=8192 K=2560 B=1 thr=64 mm=4 | ctx=draft phase=draft t=14 N=1024 K=2560 B=1 thr=64 mm=4 | ctx=draft phase=draft t=12 N=1024 K=2560 B=1 thr=64 mm=4 | ctx=draft phase=draft t=12 N=2560 K=4096 B=1 thr=128 mm=4 | ctx=draft phase=draft t=12 N=9216 K=2560 B=1 thr=64 mm=8 | ctx=draft phase=draft t=14 N=2560 K=9216 B=1 thr=128 mm=4 | ctx=draft phase=draft t=14 N=248320 K=2560 B=1 thr=64 mm=4 | ctx=target phase=verify t=14 N=8192 K=2560 B=4 thr=64 mm=9 | ctx=target phase=verify t=12 N=4096 K=2560 B=4 thr=64 mm=19 | ctx=target phase=verify t=13 N=2560 K=4096 B=4 thr=128 mm=19 | ctx=target phase=verify t=12 N=9216 K=2560 B=4 thr=64 mm=52 | ctx=target phase=verify t=14 N=2560 K=9216 B=4 thr=128 mm=12
[xllama] d3d12_shape label=session_decode part=2/2 keys_total=18 | ctx=target phase=verify t=12 N=8192 K=2560 B=4 thr=64 mm=17 | ctx=target phase=verify t=12 N=1024 K=2560 B=4 thr=64 mm=11 | ctx=target phase=verify t=12 N=2560 K=4096 B=4 thr=128 mm=7 | ctx=target phase=verify t=12 N=2560 K=9216 B=4 thr=128 mm=14 | ctx=target phase=verify t=14 N=1024 K=2560 B=4 thr=64 mm=3 | ctx=target phase=verify t=14 N=248320 K=2560 B=4 thr=64 mm=1
[xllama] MTP_STATS rounds=1 decodes=4 discarded=1 catchup_tok=0 draft_ms=15.2 sample_ms=3.4 topprob_ms=15.7 catchup_ms=0.0 verify_ms=162.4 corrective_ms=0.0
[llama] ~llama_context: D3D12_Host compute buffer size is   5.8489 MiB, matches expectation of   5.8489 MiB
[llama] ~llama_context: D3D12_Host compute buffer size is   0.0000 MiB, matches expectation of   0.0000 MiB
[xllama] d3d12: 1800 graph_compute calls, 2272 matmuls (452 2col), 793.2 ms wall (564.5 ms GPU)
[llama] ~llama_context: D3D12_Host compute buffer size is 504.0198 MiB, matches expectation of 504.0198 MiB
[llama] ~llama_context: D3D12_Host compute buffer size is   0.0000 MiB, matches expectation of   0.0000 MiB
[xllama] d3d12: 0 graph_compute calls, 0 matmuls (0 2col), 0.0 ms wall (0.0 ms GPU)
[xllama] gguf gpu layers: 28 on D3D12
[llama] llama_model_loader: mmap is not supported on this platform
[llama] llama_prepare_model_devices: using device D3D12 (xllama D3D12 compute (Q4_0/Q4_K/Q5_K/Q6_K matmul)) (unknown id) - 4129 MiB free
[llama] load_tensors: layer   6 assigned to device D3D12, is_swa = 0
[llama] load_tensors: layer   7 assigned to device D3D12, is_swa = 0
[llama] load_tensors: layer   8 assigned to device D3D12, is_swa = 0
[llama] load_tensors: layer   9 assigned to device D3D12, is_swa = 0
[llama] load_tensors: layer  10 assigned to device D3D12, is_swa = 0
[llama] load_tensors: layer  11 assigned to device D3D12, is_swa = 0
[llama] load_tensors: layer  12 assigned to device D3D12, is_swa = 0
[llama] load_tensors: layer  13 assigned to device D3D12, is_swa = 0
[llama] load_tensors: layer  14 assigned to device D3D12, is_swa = 0
[llama] load_tensors: layer  15 assigned to device D3D12, is_swa = 0
[llama] load_tensors: layer  16 assigned to device D3D12, is_swa = 0
[llama] load_tensors: layer  17 assigned to device D3D12, is_swa = 0
[llama] load_tensors: layer  18 assigned to device D3D12, is_swa = 0
[llama] load_tensors: layer  19 assigned to device D3D12, is_swa = 0
[llama] load_tensors: layer  20 assigned to device D3D12, is_swa = 0
[llama] load_tensors: layer  21 assigned to device D3D12, is_swa = 0
[llama] load_tensors: layer  22 assigned to device D3D12, is_swa = 0
[llama] load_tensors: layer  23 assigned to device D3D12, is_swa = 0
[llama] load_tensors: layer  24 assigned to device D3D12, is_swa = 0
[llama] load_tensors: layer  25 assigned to device D3D12, is_swa = 0
[llama] load_tensors: layer  26 assigned to device D3D12, is_swa = 0
[llama] load_tensors: layer  27 assigned to device D3D12, is_swa = 0
[llama] load_tensors: layer  28 assigned to device D3D12, is_swa = 0
[llama] load_tensors: layer  29 assigned to device D3D12, is_swa = 0
[llama] load_tensors: layer  30 assigned to device D3D12, is_swa = 0
[llama] load_tensors: layer  31 assigned to device D3D12, is_swa = 0
[llama] load_tensors: layer  32 assigned to device D3D12, is_swa = 0
[llama] load_tensors: layer  33 assigned to device D3D12, is_swa = 0
[llama] model has unused tensor blk.32.attn_norm.weight (size = 10240 bytes) -- ignoring
[llama] model has unused tensor blk.32.post_attention_norm.weight (size = 10240 bytes) -- ignoring
[llama] model has unused tensor blk.32.attn_q.weight (size = 11796480 bytes) -- ignoring
[llama] model has unused tensor blk.32.attn_k.weight (size = 1474560 bytes) -- ignoring
[llama] model has unused tensor blk.32.attn_v.weight (size = 2150400 bytes) -- ignoring
[llama] model has unused tensor blk.32.attn_output.weight (size = 5898240 bytes) -- ignoring
[llama] model has unused tensor blk.32.attn_q_norm.weight (size = 1024 bytes) -- ignoring
[llama] model has unused tensor blk.32.attn_k_norm.weight (size = 1024 bytes) -- ignoring
[llama] model has unused tensor blk.32.ffn_gate.weight (size = 13271040 bytes) -- ignoring
[llama] model has unused tensor blk.32.ffn_down.weight (size = 19353600 bytes) -- ignoring
[llama] model has unused tensor blk.32.ffn_up.weight (size = 13271040 bytes) -- ignoring
[llama] model has unused tensor blk.32.nextn.eh_proj.weight (size = 13926400 bytes) -- ignoring
[llama] model has unused tensor blk.32.nextn.enorm.weight (size = 10240 bytes) -- ignoring
[llama] model has unused tensor blk.32.nextn.hnorm.weight (size = 10240 bytes) -- ignoring
[llama] model has unused tensor blk.32.nextn.shared_head_norm.weight (size = 10240 bytes) -- ignoring
[xllama] d3d12: D3D12_Weights buffer 2191.6 MiB
[llama] load_tensors: offloading output layer to GPU
[llama] load_tensors: offloading 27 repeating layers to GPU
[llama] load_tensors: offloaded 28/34 layers to GPU
[llama] load_tensors:          CPU model buffer size =   675.46 MiB
[llama] load_tensors:   CPU_REPACK model buffer size =   246.09 MiB
[llama] load_tensors: D3D12_Weights model buffer size =  2191.55 MiB
[llama] load_all_data: buffer type D3D12_Weights is not the default buffer type for device D3D12 for async uploads
[xllama] Session: GGUF model loaded via llama.cpp (persistent)
[llama] llama_context: D3D12_Host  output buffer size =     0.95 MiB
[llama] llama_kv_cache:        CPU KV buffer size =    64.00 MiB
[llama] llama_memory_recurrent:        CPU RS buffer size =    50.25 MiB
[llama] resolve_fused_ops: layer 7 is assigned to device D3D12 but Flash Attention is assigned to device CPU (usually due to missing support)
[llama] resolve_fused_ops: Flash Attention not supported, set to disabled
[xllama] d3d12: D3D12_Host buffer 504.0 MiB
[llama] sched_reserve: D3D12_Host compute buffer size =   504.02 MiB
[llama] sched_reserve: graph splits = 262
[xllama] session: can_shift=0 (memory_can_shift=0 n_swa=0)
[xllama] session: turn full=1 kv_before=0 pf=19 prompt=19
[xllama] PHASE_PREFILL n_prompt=19 rows_kept=19 n_ubatch=512 calls=131 matmuls=164 gpu_ms=91.525053
[xllama] d3d12_shape label=session_prefill part=1/1 keys_total=11 | ctx=target phase=prefill t=14 N=8192 K=2560 B=19 thr=64 mm=9 | ctx=target phase=prefill t=12 N=4096 K=2560 B=19 thr=64 mm=19 | ctx=target phase=prefill t=13 N=2560 K=4096 B=19 thr=128 mm=19 | ctx=target phase=prefill t=12 N=9216 K=2560 B=19 thr=64 mm=52 | ctx=target phase=prefill t=14 N=2560 K=9216 B=19 thr=128 mm=12 | ctx=target phase=prefill t=12 N=8192 K=2560 B=19 thr=64 mm=17 | ctx=target phase=prefill t=12 N=1024 K=2560 B=19 thr=64 mm=11 | ctx=target phase=prefill t=12 N=2560 K=4096 B=19 thr=128 mm=7 | ctx=target phase=prefill t=12 N=2560 K=9216 B=19 thr=128 mm=14 | ctx=target phase=prefill t=14 N=1024 K=2560 B=19 thr=64 mm=3 | ctx=target phase=prefill t=14 N=248320 K=2560 B=1 thr=64 mm=1
[xllama] EOG after 2 tokens tok=248044 branch=classic
[xllama] session generate: n=2 prefill=326.9ms (19 tok) reuse=0 drafted=0 (mtp=0 lookup=0) spec_accept=0 (mtp=0 lookup=0)
[xllama] PHASE total_ms=517.6 prefill_ms=326.9 decode_ms=121.1 accounted_ms=121.0 residual_decode_ms=0.1 load_plus_setup_ms=69.5 draft_ms=0.0 sample_ms=0.0 topprob_ms=0.0 catchup_ms=0.0 verify_ms=0.0 corrective_ms=0.0 classic_decode_ms=118.0 classic_catchup_ms=0.0 lookup_ms=0.0 sample_target_ms=3.0 emit_ms=0.0 maintain_ms=0.0 profile=1
[xllama] d3d12_shape label=session_decode part=1/1 keys_total=11 | ctx=target phase=classic t=14 N=8192 K=2560 B=1 thr=64 mm=18 | ctx=target phase=classic t=12 N=4096 K=2560 B=1 thr=64 mm=38 | ctx=target phase=classic t=13 N=2560 K=4096 B=1 thr=128 mm=38 | ctx=target phase=classic t=12 N=9216 K=2560 B=1 thr=64 mm=104 | ctx=target phase=classic t=14 N=2560 K=9216 B=1 thr=128 mm=24 | ctx=target phase=classic t=12 N=8192 K=2560 B=1 thr=64 mm=34 | ctx=target phase=classic t=12 N=1024 K=2560 B=1 thr=64 mm=22 | ctx=target phase=classic t=12 N=2560 K=4096 B=1 thr=128 mm=14 | ctx=target phase=classic t=12 N=2560 K=9216 B=1 thr=128 mm=28 | ctx=target phase=classic t=14 N=1024 K=2560 B=1 thr=64 mm=6 | ctx=target phase=classic t=14 N=248320 K=2560 B=1 thr=64 mm=2
[llama] ~llama_context: D3D12_Host compute buffer size is 504.0198 MiB, matches expectation of 504.0198 MiB
[llama] ~llama_context: D3D12_Host compute buffer size is   0.0000 MiB, matches expectation of   0.0000 MiB
[xllama] d3d12: 393 graph_compute calls, 492 matmuls (0 2col), 136.1 ms wall (109.3 ms GPU)
[xllama] TERMGATE scenario=stop@run arm=cand ok=1 reason=- n_ids=10 n_ref=-1 parity=1 first_diff=-1 active=1 drafted=8 rounds=2 lookup=0 ews=1 n_eval=10 eog_tok=-1 eog_branch=- stop_branch=spec stop_round=4
[xllama] gguf gpu layers: 28 on D3D12
[llama] llama_model_loader: mmap is not supported on this platform
[llama] llama_prepare_model_devices: using device D3D12 (xllama D3D12 compute (Q4_0/Q4_K/Q5_K/Q6_K matmul)) (unknown id) - 4129 MiB free
[llama] load_tensors: layer   6 assigned to device D3D12, is_swa = 0
[llama] load_tensors: layer   7 assigned to device D3D12, is_swa = 0
[llama] load_tensors: layer   8 assigned to device D3D12, is_swa = 0
[llama] load_tensors: layer   9 assigned to device D3D12, is_swa = 0
[llama] load_tensors: layer  10 assigned to device D3D12, is_swa = 0
[llama] load_tensors: layer  11 assigned to device D3D12, is_swa = 0
[llama] load_tensors: layer  12 assigned to device D3D12, is_swa = 0
[llama] load_tensors: layer  13 assigned to device D3D12, is_swa = 0
[llama] load_tensors: layer  14 assigned to device D3D12, is_swa = 0
[llama] load_tensors: layer  15 assigned to device D3D12, is_swa = 0
[llama] load_tensors: layer  16 assigned to device D3D12, is_swa = 0
[llama] load_tensors: layer  17 assigned to device D3D12, is_swa = 0
[llama] load_tensors: layer  18 assigned to device D3D12, is_swa = 0
[llama] load_tensors: layer  19 assigned to device D3D12, is_swa = 0
[llama] load_tensors: layer  20 assigned to device D3D12, is_swa = 0
[llama] load_tensors: layer  21 assigned to device D3D12, is_swa = 0
[llama] load_tensors: layer  22 assigned to device D3D12, is_swa = 0
[llama] load_tensors: layer  23 assigned to device D3D12, is_swa = 0
[llama] load_tensors: layer  24 assigned to device D3D12, is_swa = 0
[llama] load_tensors: layer  25 assigned to device D3D12, is_swa = 0
[llama] load_tensors: layer  26 assigned to device D3D12, is_swa = 0
[llama] load_tensors: layer  27 assigned to device D3D12, is_swa = 0
[llama] load_tensors: layer  28 assigned to device D3D12, is_swa = 0
[llama] load_tensors: layer  29 assigned to device D3D12, is_swa = 0
[llama] load_tensors: layer  30 assigned to device D3D12, is_swa = 0
[llama] load_tensors: layer  31 assigned to device D3D12, is_swa = 0
[llama] load_tensors: layer  32 assigned to device D3D12, is_swa = 0
[llama] load_tensors: layer  33 assigned to device D3D12, is_swa = 0
[xllama] d3d12: D3D12_Weights buffer 2255.7 MiB
[llama] load_tensors: offloading output layer to GPU
[llama] load_tensors: offloading 27 repeating layers to GPU
[llama] load_tensors: offloaded 28/34 layers to GPU
[llama] load_tensors:          CPU model buffer size =   688.79 MiB
[llama] load_tensors:   CPU_REPACK model buffer size =   246.09 MiB
[llama] load_tensors: D3D12_Weights model buffer size =  2255.66 MiB
[llama] load_all_data: buffer type D3D12_Weights is not the default buffer type for device D3D12 for async uploads
[xllama] Session: GGUF model loaded via llama.cpp (persistent)
[xllama] session: speculative n_rs_seq=4
[llama] llama_context: D3D12_Host  output buffer size =     0.95 MiB
[llama] llama_kv_cache:        CPU KV buffer size =    64.00 MiB
[llama] llama_memory_recurrent:        CPU RS buffer size =   251.25 MiB
[llama] resolve_fused_ops: layer 7 is assigned to device D3D12 but Flash Attention is assigned to device CPU (usually due to missing support)
[llama] resolve_fused_ops: Flash Attention not supported, set to disabled
[xllama] d3d12: D3D12_Host buffer 504.0 MiB
[llama] sched_reserve: D3D12_Host compute buffer size =   504.02 MiB
[llama] sched_reserve: graph splits = 262
[llama] llama_context: D3D12_Host  output buffer size =     0.95 MiB
[llama] llama_kv_cache:        CPU KV buffer size =     8.00 MiB
[llama] resolve_fused_ops: layer 32 is assigned to device D3D12 but Flash Attention is assigned to device CPU (usually due to missing support)
[llama] resolve_fused_ops: Flash Attention not supported, set to disabled
[xllama] d3d12: D3D12_Host buffer 5.8 MiB
[llama] sched_reserve: D3D12_Host compute buffer size =     5.85 MiB
[llama] sched_reserve: graph splits = 12
[xllama] mtp: draft ready, n_max=4 p_min=0.750000 dft_n_batch=6
[xllama] mtp: target nextn head layers=1
[xllama] mtp: split_mtp_weights=0 resident=0 tensors=0
[xllama] session: can_shift=0 (memory_can_shift=0 n_swa=0)
[xllama] session: turn full=1 kv_before=0 pf=7 prompt=7
[xllama] d3d12: D3D12_Host buffer 20.9 MiB
[xllama] d3d12: D3D12_Host buffer 5.7 MiB
[xllama] PHASE_PREFILL n_prompt=7 rows_kept=7 n_ubatch=512 calls=143 matmuls=180 gpu_ms=51.894175
[xllama] d3d12_shape label=session_prefill part=1/2 keys_total=24 | ctx=target phase=prefill t=14 N=8192 K=2560 B=7 thr=64 mm=9 | ctx=target phase=prefill t=12 N=4096 K=2560 B=7 thr=64 mm=19 | ctx=target phase=prefill t=13 N=2560 K=4096 B=7 thr=128 mm=19 | ctx=target phase=prefill t=12 N=9216 K=2560 B=7 thr=64 mm=52 | ctx=target phase=prefill t=14 N=2560 K=9216 B=7 thr=128 mm=12 | ctx=target phase=prefill t=12 N=8192 K=2560 B=7 thr=64 mm=17 | ctx=target phase=prefill t=12 N=1024 K=2560 B=7 thr=64 mm=11 | ctx=target phase=prefill t=12 N=2560 K=4096 B=7 thr=128 mm=7 | ctx=target phase=prefill t=12 N=2560 K=9216 B=7 thr=128 mm=14 | ctx=target phase=prefill t=14 N=1024 K=2560 B=7 thr=64 mm=3 | ctx=target phase=prefill t=14 N=248320 K=2560 B=1 thr=64 mm=2 | ctx=target phase=prefill t=12 N=8192 K=2560 B=6 thr=64 mm=1
[xllama] d3d12_shape label=session_prefill part=2/2 keys_total=24 | ctx=target phase=prefill t=14 N=1024 K=2560 B=6 thr=64 mm=1 | ctx=target phase=prefill t=12 N=1024 K=2560 B=6 thr=64 mm=1 | ctx=target phase=prefill t=12 N=2560 K=4096 B=6 thr=128 mm=1 | ctx=target phase=prefill t=12 N=9216 K=2560 B=6 thr=64 mm=2 | ctx=target phase=prefill t=14 N=2560 K=9216 B=6 thr=128 mm=1 | ctx=target phase=prefill t=14 N=248320 K=2560 B=6 thr=64 mm=1 | ctx=target phase=prefill t=12 N=8192 K=2560 B=1 thr=64 mm=1 | ctx=target phase=prefill t=14 N=1024 K=2560 B=1 thr=64 mm=1 | ctx=target phase=prefill t=12 N=1024 K=2560 B=1 thr=64 mm=1 | ctx=target phase=prefill t=12 N=2560 K=4096 B=1 thr=128 mm=1 | ctx=target phase=prefill t=12 N=9216 K=2560 B=1 thr=64 mm=2 | ctx=target phase=prefill t=14 N=2560 K=9216 B=1 thr=128 mm=1
[xllama] d3d12: D3D12_Host buffer 24.7 MiB
[xllama] session generate: n=64 prefill=206.9ms (7 tok) reuse=0 drafted=48 (mtp=48 lookup=0) spec_accept=43 (mtp=43 lookup=0)
[xllama] PHASE total_ms=3468.4 prefill_ms=206.9 decode_ms=3151.7 accounted_ms=3149.7 residual_decode_ms=1.9 load_plus_setup_ms=109.9 draft_ms=245.7 sample_ms=52.1 topprob_ms=193.6 catchup_ms=191.1 verify_ms=2142.1 corrective_ms=0.0 classic_decode_ms=270.5 classic_catchup_ms=15.3 lookup_ms=0.0 sample_target_ms=54.6 emit_ms=0.1 maintain_ms=0.0 profile=1
[xllama] d3d12_shape label=session_decode part=1/9 keys_total=97 | ctx=draft phase=draft t=12 N=8192 K=2560 B=1 thr=64 mm=60 | ctx=draft phase=draft t=14 N=1024 K=2560 B=1 thr=64 mm=60 | ctx=draft phase=draft t=12 N=1024 K=2560 B=1 thr=64 mm=60 | ctx=draft phase=draft t=12 N=2560 K=4096 B=1 thr=128 mm=60 | ctx=draft phase=draft t=12 N=9216 K=2560 B=1 thr=64 mm=120 | ctx=draft phase=draft t=14 N=2560 K=9216 B=1 thr=128 mm=60 | ctx=draft phase=draft t=14 N=248320 K=2560 B=1 thr=64 mm=60 | ctx=target phase=classic t=14 N=8192 K=2560 B=1 thr=64 mm=36 | ctx=target phase=classic t=12 N=4096 K=2560 B=1 thr=64 mm=76 | ctx=target phase=classic t=13 N=2560 K=4096 B=1 thr=128 mm=76 | ctx=target phase=classic t=12 N=9216 K=2560 B=1 thr=64 mm=208 | ctx=target phase=classic t=14 N=2560 K=9216 B=1 thr=128 mm=48
[xllama] d3d12_shape label=session_decode part=2/9 keys_total=97 | ctx=target phase=classic t=12 N=8192 K=2560 B=1 thr=64 mm=68 | ctx=target phase=classic t=12 N=1024 K=2560 B=1 thr=64 mm=44 | ctx=target phase=classic t=12 N=2560 K=4096 B=1 thr=128 mm=28 | ctx=target phase=classic t=12 N=2560 K=9216 B=1 thr=128 mm=56 | ctx=target phase=classic t=14 N=1024 K=2560 B=1 thr=64 mm=12 | ctx=target phase=classic t=14 N=248320 K=2560 B=1 thr=64 mm=4 | ctx=draft phase=catchup t=12 N=8192 K=2560 B=1 thr=64 mm=5 | ctx=draft phase=catchup t=14 N=1024 K=2560 B=1 thr=64 mm=5 | ctx=draft phase=catchup t=12 N=1024 K=2560 B=1 thr=64 mm=5 | ctx=draft phase=catchup t=12 N=2560 K=4096 B=1 thr=128 mm=5 | ctx=draft phase=catchup t=12 N=9216 K=2560 B=1 thr=64 mm=10 | ctx=draft phase=catchup t=14 N=2560 K=9216 B=1 thr=128 mm=5
[xllama] d3d12_shape label=session_decode part=3/9 keys_total=97 | ctx=draft phase=catchup t=14 N=248320 K=2560 B=1 thr=64 mm=5 | ctx=target phase=verify t=14 N=8192 K=2560 B=5 thr=64 mm=72 | ctx=target phase=verify t=12 N=4096 K=2560 B=5 thr=64 mm=152 | ctx=target phase=verify t=13 N=2560 K=4096 B=5 thr=128 mm=152 | ctx=target phase=verify t=12 N=9216 K=2560 B=5 thr=64 mm=416 | ctx=target phase=verify t=14 N=2560 K=9216 B=5 thr=128 mm=96 | ctx=target phase=verify t=12 N=8192 K=2560 B=5 thr=64 mm=136 | ctx=target phase=verify t=12 N=1024 K=2560 B=5 thr=64 mm=88 | ctx=target phase=verify t=12 N=2560 K=4096 B=5 thr=128 mm=56 | ctx=target phase=verify t=12 N=2560 K=9216 B=5 thr=128 mm=112 | ctx=target phase=verify t=14 N=1024 K=2560 B=5 thr=64 mm=24 | ctx=target phase=verify t=14 N=248320 K=2560 B=5 thr=64 mm=8
[xllama] d3d12_shape label=session_decode part=4/9 keys_total=97 | ctx=draft phase=catchup t=12 N=8192 K=2560 B=5 thr=64 mm=6 | ctx=draft phase=catchup t=14 N=1024 K=2560 B=5 thr=64 mm=6 | ctx=draft phase=catchup t=12 N=1024 K=2560 B=5 thr=64 mm=6 | ctx=draft phase=catchup t=12 N=2560 K=4096 B=5 thr=128 mm=6 | ctx=draft phase=catchup t=12 N=9216 K=2560 B=5 thr=64 mm=12 | ctx=draft phase=catchup t=14 N=2560 K=9216 B=5 thr=128 mm=6 | ctx=draft phase=catchup t=14 N=248320 K=2560 B=5 thr=64 mm=6 | ctx=draft phase=catchup t=12 N=8192 K=2560 B=4 thr=64 mm=3 | ctx=draft phase=catchup t=14 N=1024 K=2560 B=4 thr=64 mm=3 | ctx=draft phase=catchup t=12 N=1024 K=2560 B=4 thr=64 mm=3 | ctx=draft phase=catchup t=12 N=2560 K=4096 B=4 thr=128 mm=3 | ctx=draft phase=catchup t=12 N=9216 K=2560 B=4 thr=64 mm=6
[xllama] d3d12_shape label=session_decode part=5/9 keys_total=97 | ctx=draft phase=catchup t=14 N=2560 K=9216 B=4 thr=128 mm=3 | ctx=draft phase=catchup t=14 N=248320 K=2560 B=4 thr=64 mm=3 | ctx=target phase=verify t=14 N=8192 K=2560 B=2 thr=64 mm=36 | ctx=target phase=verify t=12 N=4096 K=2560 B=2 thr=64 mm=76 | ctx=target phase=verify t=13 N=2560 K=4096 B=2 thr=128 mm=76 | ctx=target phase=verify t=12 N=9216 K=2560 B=2 thr=64 mm=208 | ctx=target phase=verify t=14 N=2560 K=9216 B=2 thr=128 mm=48 | ctx=target phase=verify t=12 N=8192 K=2560 B=2 thr=64 mm=68 | ctx=target phase=verify t=12 N=1024 K=2560 B=2 thr=64 mm=44 | ctx=target phase=verify t=12 N=2560 K=4096 B=2 thr=128 mm=28 | ctx=target phase=verify t=12 N=2560 K=9216 B=2 thr=128 mm=56 | ctx=target phase=verify t=14 N=1024 K=2560 B=2 thr=64 mm=12
[xllama] d3d12_shape label=session_decode part=6/9 keys_total=97 | ctx=target phase=verify t=14 N=248320 K=2560 B=2 thr=64 mm=4 | ctx=draft phase=catchup t=12 N=8192 K=2560 B=2 thr=64 mm=4 | ctx=draft phase=catchup t=14 N=1024 K=2560 B=2 thr=64 mm=4 | ctx=draft phase=catchup t=12 N=1024 K=2560 B=2 thr=64 mm=4 | ctx=draft phase=catchup t=12 N=2560 K=4096 B=2 thr=128 mm=4 | ctx=draft phase=catchup t=12 N=9216 K=2560 B=2 thr=64 mm=8 | ctx=draft phase=catchup t=14 N=2560 K=9216 B=2 thr=128 mm=4 | ctx=draft phase=catchup t=14 N=248320 K=2560 B=2 thr=64 mm=4 | ctx=target phase=verify t=14 N=8192 K=2560 B=3 thr=64 mm=27 | ctx=target phase=verify t=12 N=4096 K=2560 B=3 thr=64 mm=57 | ctx=target phase=verify t=13 N=2560 K=4096 B=3 thr=128 mm=57 | ctx=target phase=verify t=12 N=9216 K=2560 B=3 thr=64 mm=156
[xllama] d3d12_shape label=session_decode part=7/9 keys_total=97 | ctx=target phase=verify t=14 N=2560 K=9216 B=3 thr=128 mm=36 | ctx=target phase=verify t=12 N=8192 K=2560 B=3 thr=64 mm=51 | ctx=target phase=verify t=12 N=1024 K=2560 B=3 thr=64 mm=33 | ctx=target phase=verify t=12 N=2560 K=4096 B=3 thr=128 mm=21 | ctx=target phase=verify t=12 N=2560 K=9216 B=3 thr=128 mm=42 | ctx=target phase=verify t=14 N=1024 K=2560 B=3 thr=64 mm=9 | ctx=target phase=verify t=14 N=248320 K=2560 B=3 thr=64 mm=3 | ctx=draft phase=catchup t=12 N=8192 K=2560 B=3 thr=64 mm=3 | ctx=draft phase=catchup t=14 N=1024 K=2560 B=3 thr=64 mm=3 | ctx=draft phase=catchup t=12 N=1024 K=2560 B=3 thr=64 mm=3 | ctx=draft phase=catchup t=12 N=2560 K=4096 B=3 thr=128 mm=3 | ctx=draft phase=catchup t=12 N=9216 K=2560 B=3 thr=64 mm=6
[xllama] d3d12_shape label=session_decode part=8/9 keys_total=97 | ctx=draft phase=catchup t=14 N=2560 K=9216 B=3 thr=128 mm=3 | ctx=draft phase=catchup t=14 N=248320 K=2560 B=3 thr=64 mm=3 | ctx=target phase=verify t=14 N=8192 K=2560 B=4 thr=64 mm=18 | ctx=target phase=verify t=12 N=4096 K=2560 B=4 thr=64 mm=38 | ctx=target phase=verify t=13 N=2560 K=4096 B=4 thr=128 mm=38 | ctx=target phase=verify t=12 N=9216 K=2560 B=4 thr=64 mm=104 | ctx=target phase=verify t=14 N=2560 K=9216 B=4 thr=128 mm=24 | ctx=target phase=verify t=12 N=8192 K=2560 B=4 thr=64 mm=34 | ctx=target phase=verify t=12 N=1024 K=2560 B=4 thr=64 mm=22 | ctx=target phase=verify t=12 N=2560 K=4096 B=4 thr=128 mm=14 | ctx=target phase=verify t=12 N=2560 K=9216 B=4 thr=128 mm=28 | ctx=target phase=verify t=14 N=1024 K=2560 B=4 thr=64 mm=6
[xllama] d3d12_shape label=session_decode part=9/9 keys_total=97 | ctx=target phase=verify t=14 N=248320 K=2560 B=4 thr=64 mm=2
[xllama] MTP_STATS rounds=17 decodes=81 discarded=12 catchup_tok=64 draft_ms=245.7 sample_ms=52.1 topprob_ms=193.6 catchup_ms=191.1 verify_ms=2142.1 corrective_ms=0.0
[xllama] TERMGATE eog_probe idx=0 n_eval=64 reason=cap[xllama] TERMGATE scenario=eog@0 arm=cand ok=1 reason=cap n_ids=64 n_ref=-1 parity=-1 first_diff=-1 active=1 drafted=48 rounds=17 lookup=0 ews=0 n_eval=64 eog_tok=-1 eog_branch=- stop_branch=- stop_round=-1
[xllama] session: KV prefix reuse none — resident 71 tok, prompt 1 tok (first mismatch at 0) (#170)
[xllama] session: turn full=1 kv_before=0 pf=1 prompt=1
[xllama] PHASE_PREFILL n_prompt=1 rows_kept=1 n_ubatch=512 calls=137 matmuls=172 gpu_ms=11.059850
[xllama] d3d12_shape label=session_prefill part=1/1 keys_total=11 | ctx=target phase=prefill t=14 N=8192 K=2560 B=1 thr=64 mm=9 | ctx=target phase=prefill t=12 N=4096 K=2560 B=1 thr=64 mm=19 | ctx=target phase=prefill t=13 N=2560 K=4096 B=1 thr=128 mm=19 | ctx=target phase=prefill t=12 N=9216 K=2560 B=1 thr=64 mm=54 | ctx=target phase=prefill t=14 N=2560 K=9216 B=1 thr=128 mm=13 | ctx=target phase=prefill t=12 N=8192 K=2560 B=1 thr=64 mm=18 | ctx=target phase=prefill t=12 N=1024 K=2560 B=1 thr=64 mm=12 | ctx=target phase=prefill t=12 N=2560 K=4096 B=1 thr=128 mm=8 | ctx=target phase=prefill t=12 N=2560 K=9216 B=1 thr=128 mm=14 | ctx=target phase=prefill t=14 N=1024 K=2560 B=1 thr=64 mm=4 | ctx=target phase=prefill t=14 N=248320 K=2560 B=1 thr=64 mm=2
[xllama] session generate: n=64 prefill=67.9ms (1 tok) reuse=0 drafted=26 (mtp=26 lookup=0) spec_accept=26 (mtp=26 lookup=0)
[xllama] PHASE total_ms=3689.9 prefill_ms=67.9 decode_ms=3608.7 accounted_ms=3606.6 residual_decode_ms=2.0 load_plus_setup_ms=13.4 draft_ms=225.5 sample_ms=52.1 topprob_ms=107.7 catchup_ms=206.0 verify_ms=1293.2 corrective_ms=0.0 classic_decode_ms=1666.9 classic_catchup_ms=98.1 lookup_ms=0.0 sample_target_ms=55.0 emit_ms=0.1 maintain_ms=0.1 profile=1
[xllama] d3d12_shape label=session_decode part=1/7 keys_total=79 | ctx=draft phase=draft t=12 N=8192 K=2560 B=1 thr=64 mm=59 | ctx=draft phase=draft t=14 N=1024 K=2560 B=1 thr=64 mm=59 | ctx=draft phase=draft t=12 N=1024 K=2560 B=1 thr=64 mm=59 | ctx=draft phase=draft t=12 N=2560 K=4096 B=1 thr=128 mm=59 | ctx=draft phase=draft t=12 N=9216 K=2560 B=1 thr=64 mm=118 | ctx=draft phase=draft t=14 N=2560 K=9216 B=1 thr=128 mm=59 | ctx=draft phase=draft t=14 N=248320 K=2560 B=1 thr=64 mm=59 | ctx=target phase=classic t=14 N=8192 K=2560 B=1 thr=64 mm=234 | ctx=target phase=classic t=12 N=4096 K=2560 B=1 thr=64 mm=494 | ctx=target phase=classic t=13 N=2560 K=4096 B=1 thr=128 mm=494 | ctx=target phase=classic t=12 N=9216 K=2560 B=1 thr=64 mm=1352 | ctx=target phase=classic t=14 N=2560 K=9216 B=1 thr=128 mm=312
[xllama] d3d12_shape label=session_decode part=2/7 keys_total=79 | ctx=target phase=classic t=12 N=8192 K=2560 B=1 thr=64 mm=442 | ctx=target phase=classic t=12 N=1024 K=2560 B=1 thr=64 mm=286 | ctx=target phase=classic t=12 N=2560 K=4096 B=1 thr=128 mm=182 | ctx=target phase=classic t=12 N=2560 K=9216 B=1 thr=128 mm=364 | ctx=target phase=classic t=14 N=1024 K=2560 B=1 thr=64 mm=78 | ctx=target phase=classic t=14 N=248320 K=2560 B=1 thr=64 mm=26 | ctx=draft phase=catchup t=12 N=8192 K=2560 B=1 thr=64 mm=26 | ctx=draft phase=catchup t=14 N=1024 K=2560 B=1 thr=64 mm=26 | ctx=draft phase=catchup t=12 N=1024 K=2560 B=1 thr=64 mm=26 | ctx=draft phase=catchup t=12 N=2560 K=4096 B=1 thr=128 mm=26 | ctx=draft phase=catchup t=12 N=9216 K=2560 B=1 thr=64 mm=52 | ctx=draft phase=catchup t=14 N=2560 K=9216 B=1 thr=128 mm=26
[xllama] d3d12_shape label=session_decode part=3/7 keys_total=79 | ctx=draft phase=catchup t=14 N=248320 K=2560 B=1 thr=64 mm=26 | ctx=target phase=verify t=14 N=8192 K=2560 B=2 thr=64 mm=54 | ctx=target phase=verify t=12 N=4096 K=2560 B=2 thr=64 mm=114 | ctx=target phase=verify t=13 N=2560 K=4096 B=2 thr=128 mm=114 | ctx=target phase=verify t=12 N=9216 K=2560 B=2 thr=64 mm=312 | ctx=target phase=verify t=14 N=2560 K=9216 B=2 thr=128 mm=72 | ctx=target phase=verify t=12 N=8192 K=2560 B=2 thr=64 mm=102 | ctx=target phase=verify t=12 N=1024 K=2560 B=2 thr=64 mm=66 | ctx=target phase=verify t=12 N=2560 K=4096 B=2 thr=128 mm=42 | ctx=target phase=verify t=12 N=2560 K=9216 B=2 thr=128 mm=84 | ctx=target phase=verify t=14 N=1024 K=2560 B=2 thr=64 mm=18 | ctx=target phase=verify t=14 N=248320 K=2560 B=2 thr=64 mm=6
[xllama] d3d12_shape label=session_decode part=4/7 keys_total=79 | ctx=draft phase=catchup t=12 N=8192 K=2560 B=2 thr=64 mm=6 | ctx=draft phase=catchup t=14 N=1024 K=2560 B=2 thr=64 mm=6 | ctx=draft phase=catchup t=12 N=1024 K=2560 B=2 thr=64 mm=6 | ctx=draft phase=catchup t=12 N=2560 K=4096 B=2 thr=128 mm=6 | ctx=draft phase=catchup t=12 N=9216 K=2560 B=2 thr=64 mm=12 | ctx=draft phase=catchup t=14 N=2560 K=9216 B=2 thr=128 mm=6 | ctx=draft phase=catchup t=14 N=248320 K=2560 B=2 thr=64 mm=6 | ctx=target phase=verify t=14 N=8192 K=2560 B=3 thr=64 mm=18 | ctx=target phase=verify t=12 N=4096 K=2560 B=3 thr=64 mm=38 | ctx=target phase=verify t=13 N=2560 K=4096 B=3 thr=128 mm=38 | ctx=target phase=verify t=12 N=9216 K=2560 B=3 thr=64 mm=104 | ctx=target phase=verify t=14 N=2560 K=9216 B=3 thr=128 mm=24
[xllama] d3d12_shape label=session_decode part=5/7 keys_total=79 | ctx=target phase=verify t=12 N=8192 K=2560 B=3 thr=64 mm=34 | ctx=target phase=verify t=12 N=1024 K=2560 B=3 thr=64 mm=22 | ctx=target phase=verify t=12 N=2560 K=4096 B=3 thr=128 mm=14 | ctx=target phase=verify t=12 N=2560 K=9216 B=3 thr=128 mm=28 | ctx=target phase=verify t=14 N=1024 K=2560 B=3 thr=64 mm=6 | ctx=target phase=verify t=14 N=248320 K=2560 B=3 thr=64 mm=2 | ctx=draft phase=catchup t=12 N=8192 K=2560 B=3 thr=64 mm=2 | ctx=draft phase=catchup t=14 N=1024 K=2560 B=3 thr=64 mm=2 | ctx=draft phase=catchup t=12 N=1024 K=2560 B=3 thr=64 mm=2 | ctx=draft phase=catchup t=12 N=2560 K=4096 B=3 thr=128 mm=2 | ctx=draft phase=catchup t=12 N=9216 K=2560 B=3 thr=64 mm=4 | ctx=draft phase=catchup t=14 N=2560 K=9216 B=3 thr=128 mm=2
[xllama] d3d12_shape label=session_decode part=6/7 keys_total=79 | ctx=draft phase=catchup t=14 N=248320 K=2560 B=3 thr=64 mm=2 | ctx=target phase=verify t=14 N=8192 K=2560 B=5 thr=64 mm=36 | ctx=target phase=verify t=12 N=4096 K=2560 B=5 thr=64 mm=76 | ctx=target phase=verify t=13 N=2560 K=4096 B=5 thr=128 mm=76 | ctx=target phase=verify t=12 N=9216 K=2560 B=5 thr=64 mm=208 | ctx=target phase=verify t=14 N=2560 K=9216 B=5 thr=128 mm=48 | ctx=target phase=verify t=12 N=8192 K=2560 B=5 thr=64 mm=68 | ctx=target phase=verify t=12 N=1024 K=2560 B=5 thr=64 mm=44 | ctx=target phase=verify t=12 N=2560 K=4096 B=5 thr=128 mm=28 | ctx=target phase=verify t=12 N=2560 K=9216 B=5 thr=128 mm=56 | ctx=target phase=verify t=14 N=1024 K=2560 B=5 thr=64 mm=12 | ctx=target phase=verify t=14 N=248320 K=2560 B=5 thr=64 mm=4
[xllama] d3d12_shape label=session_decode part=7/7 keys_total=79 | ctx=draft phase=catchup t=12 N=8192 K=2560 B=5 thr=64 mm=4 | ctx=draft phase=catchup t=14 N=1024 K=2560 B=5 thr=64 mm=4 | ctx=draft phase=catchup t=12 N=1024 K=2560 B=5 thr=64 mm=4 | ctx=draft phase=catchup t=12 N=2560 K=4096 B=5 thr=128 mm=4 | ctx=draft phase=catchup t=12 N=9216 K=2560 B=5 thr=64 mm=8 | ctx=draft phase=catchup t=14 N=2560 K=9216 B=5 thr=128 mm=4 | ctx=draft phase=catchup t=14 N=248320 K=2560 B=5 thr=64 mm=4
[xllama] MTP_STATS rounds=12 decodes=97 discarded=33 catchup_tok=64 draft_ms=225.5 sample_ms=52.1 topprob_ms=107.7 catchup_ms=206.0 verify_ms=1293.2 corrective_ms=0.0
[xllama] TERMGATE eog_probe idx=1 n_eval=64 reason=cap[xllama] TERMGATE scenario=eog@1 arm=cand ok=1 reason=cap n_ids=64 n_ref=-1 parity=-1 first_diff=-1 active=1 drafted=26 rounds=12 lookup=0 ews=0 n_eval=64 eog_tok=-1 eog_branch=- stop_branch=- stop_round=-1
[xllama] session: KV prefix reuse none — resident 65 tok, prompt 4 tok (first mismatch at 0) (#170)
[xllama] session: turn full=1 kv_before=0 pf=4 prompt=4
[xllama] PHASE_PREFILL n_prompt=4 rows_kept=4 n_ubatch=512 calls=137 matmuls=172 gpu_ms=31.358556
[xllama] d3d12_shape label=session_prefill part=1/1 keys_total=12 | ctx=target phase=prefill t=14 N=8192 K=2560 B=4 thr=64 mm=9 | ctx=target phase=prefill t=12 N=4096 K=2560 B=4 thr=64 mm=19 | ctx=target phase=prefill t=13 N=2560 K=4096 B=4 thr=128 mm=19 | ctx=target phase=prefill t=12 N=9216 K=2560 B=4 thr=64 mm=54 | ctx=target phase=prefill t=14 N=2560 K=9216 B=4 thr=128 mm=13 | ctx=target phase=prefill t=12 N=8192 K=2560 B=4 thr=64 mm=18 | ctx=target phase=prefill t=12 N=1024 K=2560 B=4 thr=64 mm=12 | ctx=target phase=prefill t=12 N=2560 K=4096 B=4 thr=128 mm=8 | ctx=target phase=prefill t=12 N=2560 K=9216 B=4 thr=128 mm=14 | ctx=target phase=prefill t=14 N=1024 K=2560 B=4 thr=64 mm=4 | ctx=target phase=prefill t=14 N=248320 K=2560 B=1 thr=64 mm=1 | ctx=target phase=prefill t=14 N=248320 K=2560 B=4 thr=64 mm=1
[xllama] session generate: n=64 prefill=136.7ms (4 tok) reuse=0 drafted=47 (mtp=47 lookup=0) spec_accept=44 (mtp=44 lookup=0)
[xllama] PHASE total_ms=3052.5 prefill_ms=136.7 decode_ms=2902.3 accounted_ms=2900.6 residual_decode_ms=1.7 load_plus_setup_ms=13.4 draft_ms=227.1 sample_ms=50.2 topprob_ms=184.9 catchup_ms=180.1 verify_ms=2024.8 corrective_ms=0.0 classic_decode_ms=180.6 classic_catchup_ms=11.2 lookup_ms=0.0 sample_target_ms=52.9 emit_ms=0.1 maintain_ms=0.0 profile=1
[xllama] d3d12_shape label=session_decode part=1/9 keys_total=97 | ctx=draft phase=draft t=12 N=8192 K=2560 B=1 thr=64 mm=59 | ctx=draft phase=draft t=14 N=1024 K=2560 B=1 thr=64 mm=59 | ctx=draft phase=draft t=12 N=1024 K=2560 B=1 thr=64 mm=59 | ctx=draft phase=draft t=12 N=2560 K=4096 B=1 thr=128 mm=59 | ctx=draft phase=draft t=12 N=9216 K=2560 B=1 thr=64 mm=118 | ctx=draft phase=draft t=14 N=2560 K=9216 B=1 thr=128 mm=59 | ctx=draft phase=draft t=14 N=248320 K=2560 B=1 thr=64 mm=59 | ctx=target phase=classic t=14 N=8192 K=2560 B=1 thr=64 mm=27 | ctx=target phase=classic t=12 N=4096 K=2560 B=1 thr=64 mm=57 | ctx=target phase=classic t=13 N=2560 K=4096 B=1 thr=128 mm=57 | ctx=target phase=classic t=12 N=9216 K=2560 B=1 thr=64 mm=156 | ctx=target phase=classic t=14 N=2560 K=9216 B=1 thr=128 mm=36
[xllama] d3d12_shape label=session_decode part=2/9 keys_total=97 | ctx=target phase=classic t=12 N=8192 K=2560 B=1 thr=64 mm=51 | ctx=target phase=classic t=12 N=1024 K=2560 B=1 thr=64 mm=33 | ctx=target phase=classic t=12 N=2560 K=4096 B=1 thr=128 mm=21 | ctx=target phase=classic t=12 N=2560 K=9216 B=1 thr=128 mm=42 | ctx=target phase=classic t=14 N=1024 K=2560 B=1 thr=64 mm=9 | ctx=target phase=classic t=14 N=248320 K=2560 B=1 thr=64 mm=3 | ctx=draft phase=catchup t=12 N=8192 K=2560 B=1 thr=64 mm=4 | ctx=draft phase=catchup t=14 N=1024 K=2560 B=1 thr=64 mm=4 | ctx=draft phase=catchup t=12 N=1024 K=2560 B=1 thr=64 mm=4 | ctx=draft phase=catchup t=12 N=2560 K=4096 B=1 thr=128 mm=4 | ctx=draft phase=catchup t=12 N=9216 K=2560 B=1 thr=64 mm=8 | ctx=draft phase=catchup t=14 N=2560 K=9216 B=1 thr=128 mm=4
[xllama] d3d12_shape label=session_decode part=3/9 keys_total=97 | ctx=draft phase=catchup t=14 N=248320 K=2560 B=1 thr=64 mm=4 | ctx=target phase=verify t=14 N=8192 K=2560 B=4 thr=64 mm=27 | ctx=target phase=verify t=12 N=4096 K=2560 B=4 thr=64 mm=57 | ctx=target phase=verify t=13 N=2560 K=4096 B=4 thr=128 mm=57 | ctx=target phase=verify t=12 N=9216 K=2560 B=4 thr=64 mm=156 | ctx=target phase=verify t=14 N=2560 K=9216 B=4 thr=128 mm=36 | ctx=target phase=verify t=12 N=8192 K=2560 B=4 thr=64 mm=51 | ctx=target phase=verify t=12 N=1024 K=2560 B=4 thr=64 mm=33 | ctx=target phase=verify t=12 N=2560 K=4096 B=4 thr=128 mm=21 | ctx=target phase=verify t=12 N=2560 K=9216 B=4 thr=128 mm=42 | ctx=target phase=verify t=14 N=1024 K=2560 B=4 thr=64 mm=9 | ctx=target phase=verify t=14 N=248320 K=2560 B=4 thr=64 mm=3
[xllama] d3d12_shape label=session_decode part=4/9 keys_total=97 | ctx=draft phase=catchup t=12 N=8192 K=2560 B=4 thr=64 mm=2 | ctx=draft phase=catchup t=14 N=1024 K=2560 B=4 thr=64 mm=2 | ctx=draft phase=catchup t=12 N=1024 K=2560 B=4 thr=64 mm=2 | ctx=draft phase=catchup t=12 N=2560 K=4096 B=4 thr=128 mm=2 | ctx=draft phase=catchup t=12 N=9216 K=2560 B=4 thr=64 mm=4 | ctx=draft phase=catchup t=14 N=2560 K=9216 B=4 thr=128 mm=2 | ctx=draft phase=catchup t=14 N=248320 K=2560 B=4 thr=64 mm=2 | ctx=target phase=verify t=14 N=8192 K=2560 B=5 thr=64 mm=63 | ctx=target phase=verify t=12 N=4096 K=2560 B=5 thr=64 mm=133 | ctx=target phase=verify t=13 N=2560 K=4096 B=5 thr=128 mm=133 | ctx=target phase=verify t=12 N=9216 K=2560 B=5 thr=64 mm=364 | ctx=target phase=verify t=14 N=2560 K=9216 B=5 thr=128 mm=84
[xllama] d3d12_shape label=session_decode part=5/9 keys_total=97 | ctx=target phase=verify t=12 N=8192 K=2560 B=5 thr=64 mm=119 | ctx=target phase=verify t=12 N=1024 K=2560 B=5 thr=64 mm=77 | ctx=target phase=verify t=12 N=2560 K=4096 B=5 thr=128 mm=49 | ctx=target phase=verify t=12 N=2560 K=9216 B=5 thr=128 mm=98 | ctx=target phase=verify t=14 N=1024 K=2560 B=5 thr=64 mm=21 | ctx=target phase=verify t=14 N=248320 K=2560 B=5 thr=64 mm=7 | ctx=draft phase=catchup t=12 N=8192 K=2560 B=5 thr=64 mm=7 | ctx=draft phase=catchup t=14 N=1024 K=2560 B=5 thr=64 mm=7 | ctx=draft phase=catchup t=12 N=1024 K=2560 B=5 thr=64 mm=7 | ctx=draft phase=catchup t=12 N=2560 K=4096 B=5 thr=128 mm=7 | ctx=draft phase=catchup t=12 N=9216 K=2560 B=5 thr=64 mm=14 | ctx=draft phase=catchup t=14 N=2560 K=9216 B=5 thr=128 mm=7
[xllama] d3d12_shape label=session_decode part=6/9 keys_total=97 | ctx=draft phase=catchup t=14 N=248320 K=2560 B=5 thr=64 mm=7 | ctx=target phase=verify t=14 N=8192 K=2560 B=2 thr=64 mm=36 | ctx=target phase=verify t=12 N=4096 K=2560 B=2 thr=64 mm=76 | ctx=target phase=verify t=13 N=2560 K=4096 B=2 thr=128 mm=76 | ctx=target phase=verify t=12 N=9216 K=2560 B=2 thr=64 mm=208 | ctx=target phase=verify t=14 N=2560 K=9216 B=2 thr=128 mm=48 | ctx=target phase=verify t=12 N=8192 K=2560 B=2 thr=64 mm=68 | ctx=target phase=verify t=12 N=1024 K=2560 B=2 thr=64 mm=44 | ctx=target phase=verify t=12 N=2560 K=4096 B=2 thr=128 mm=28 | ctx=target phase=verify t=12 N=2560 K=9216 B=2 thr=128 mm=56 | ctx=target phase=verify t=14 N=1024 K=2560 B=2 thr=64 mm=12 | ctx=target phase=verify t=14 N=248320 K=2560 B=2 thr=64 mm=4
[xllama] d3d12_shape label=session_decode part=7/9 keys_total=97 | ctx=draft phase=catchup t=12 N=8192 K=2560 B=2 thr=64 mm=4 | ctx=draft phase=catchup t=14 N=1024 K=2560 B=2 thr=64 mm=4 | ctx=draft phase=catchup t=12 N=1024 K=2560 B=2 thr=64 mm=4 | ctx=draft phase=catchup t=12 N=2560 K=4096 B=2 thr=128 mm=4 | ctx=draft phase=catchup t=12 N=9216 K=2560 B=2 thr=64 mm=8 | ctx=draft phase=catchup t=14 N=2560 K=9216 B=2 thr=128 mm=4 | ctx=draft phase=catchup t=14 N=248320 K=2560 B=2 thr=64 mm=4 | ctx=target phase=verify t=14 N=8192 K=2560 B=3 thr=64 mm=27 | ctx=target phase=verify t=12 N=4096 K=2560 B=3 thr=64 mm=57 | ctx=target phase=verify t=13 N=2560 K=4096 B=3 thr=128 mm=57 | ctx=target phase=verify t=12 N=9216 K=2560 B=3 thr=64 mm=156 | ctx=target phase=verify t=14 N=2560 K=9216 B=3 thr=128 mm=36
[xllama] d3d12_shape label=session_decode part=8/9 keys_total=97 | ctx=target phase=verify t=12 N=8192 K=2560 B=3 thr=64 mm=51 | ctx=target phase=verify t=12 N=1024 K=2560 B=3 thr=64 mm=33 | ctx=target phase=verify t=12 N=2560 K=4096 B=3 thr=128 mm=21 | ctx=target phase=verify t=12 N=2560 K=9216 B=3 thr=128 mm=42 | ctx=target phase=verify t=14 N=1024 K=2560 B=3 thr=64 mm=9 | ctx=target phase=verify t=14 N=248320 K=2560 B=3 thr=64 mm=3 | ctx=draft phase=catchup t=12 N=8192 K=2560 B=3 thr=64 mm=3 | ctx=draft phase=catchup t=14 N=1024 K=2560 B=3 thr=64 mm=3 | ctx=draft phase=catchup t=12 N=1024 K=2560 B=3 thr=64 mm=3 | ctx=draft phase=catchup t=12 N=2560 K=4096 B=3 thr=128 mm=3 | ctx=draft phase=catchup t=12 N=9216 K=2560 B=3 thr=64 mm=6 | ctx=draft phase=catchup t=14 N=2560 K=9216 B=3 thr=128 mm=3
[xllama] d3d12_shape label=session_decode part=9/9 keys_total=97 | ctx=draft phase=catchup t=14 N=248320 K=2560 B=3 thr=64 mm=3
[xllama] MTP_STATS rounds=17 decodes=79 discarded=12 catchup_tok=64 draft_ms=227.1 sample_ms=50.2 topprob_ms=184.9 catchup_ms=180.1 verify_ms=2024.8 corrective_ms=0.0
[xllama] TERMGATE eog_probe idx=2 n_eval=64 reason=cap[xllama] TERMGATE scenario=eog@2 arm=cand ok=1 reason=cap n_ids=64 n_ref=-1 parity=-1 first_diff=-1 active=1 drafted=47 rounds=17 lookup=0 ews=0 n_eval=64 eog_tok=-1 eog_branch=- stop_branch=- stop_round=-1
[xllama] session: KV prefix reuse none — resident 68 tok, prompt 11 tok (first mismatch at 0) (#170)
[xllama] session: turn full=1 kv_before=0 pf=11 prompt=11
[xllama] PHASE_PREFILL n_prompt=11 rows_kept=11 n_ubatch=512 calls=143 matmuls=180 gpu_ms=78.740411
[xllama] d3d12_shape label=session_prefill part=1/3 keys_total=25 | ctx=target phase=prefill t=14 N=8192 K=2560 B=11 thr=64 mm=9 | ctx=target phase=prefill t=12 N=4096 K=2560 B=11 thr=64 mm=19 | ctx=target phase=prefill t=13 N=2560 K=4096 B=11 thr=128 mm=19 | ctx=target phase=prefill t=12 N=9216 K=2560 B=11 thr=64 mm=52 | ctx=target phase=prefill t=14 N=2560 K=9216 B=11 thr=128 mm=12 | ctx=target phase=prefill t=12 N=8192 K=2560 B=11 thr=64 mm=17 | ctx=target phase=prefill t=12 N=1024 K=2560 B=11 thr=64 mm=11 | ctx=target phase=prefill t=12 N=2560 K=4096 B=11 thr=128 mm=7 | ctx=target phase=prefill t=12 N=2560 K=9216 B=11 thr=128 mm=14 | ctx=target phase=prefill t=14 N=1024 K=2560 B=11 thr=64 mm=3 | ctx=target phase=prefill t=14 N=248320 K=2560 B=1 thr=64 mm=1 | ctx=target phase=prefill t=12 N=8192 K=2560 B=6 thr=64 mm=1
[xllama] d3d12_shape label=session_prefill part=2/3 keys_total=25 | ctx=target phase=prefill t=14 N=1024 K=2560 B=6 thr=64 mm=1 | ctx=target phase=prefill t=12 N=1024 K=2560 B=6 thr=64 mm=1 | ctx=target phase=prefill t=12 N=2560 K=4096 B=6 thr=128 mm=1 | ctx=target phase=prefill t=12 N=9216 K=2560 B=6 thr=64 mm=2 | ctx=target phase=prefill t=14 N=2560 K=9216 B=6 thr=128 mm=1 | ctx=target phase=prefill t=14 N=248320 K=2560 B=6 thr=64 mm=1 | ctx=target phase=prefill t=12 N=8192 K=2560 B=5 thr=64 mm=1 | ctx=target phase=prefill t=14 N=1024 K=2560 B=5 thr=64 mm=1 | ctx=target phase=prefill t=12 N=1024 K=2560 B=5 thr=64 mm=1 | ctx=target phase=prefill t=12 N=2560 K=4096 B=5 thr=128 mm=1 | ctx=target phase=prefill t=12 N=9216 K=2560 B=5 thr=64 mm=2 | ctx=target phase=prefill t=14 N=2560 K=9216 B=5 thr=128 mm=1
[xllama] d3d12_shape label=session_prefill part=3/3 keys_total=25 | ctx=target phase=prefill t=14 N=248320 K=2560 B=5 thr=64 mm=1
[xllama] EOG after 10 tokens (spec reject) tok=248044 branch=spec-reject
[xllama] session generate: n=10 prefill=254.6ms (11 tok) reuse=0 drafted=8 (mtp=8 lookup=0) spec_accept=6 (mtp=6 lookup=0)
[xllama] PHASE total_ms=778.8 prefill_ms=254.6 decode_ms=512.9 accounted_ms=512.6 residual_decode_ms=0.3 load_plus_setup_ms=11.3 draft_ms=38.2 sample_ms=8.3 topprob_ms=31.5 catchup_ms=20.9 verify_ms=282.8 corrective_ms=0.0 classic_decode_ms=121.3 classic_catchup_ms=7.6 lookup_ms=0.0 sample_target_ms=9.4 emit_ms=0.0 maintain_ms=0.0 profile=1
[xllama] d3d12_shape label=session_decode part=1/4 keys_total=43 | ctx=draft phase=draft t=12 N=8192 K=2560 B=1 thr=64 mm=10 | ctx=draft phase=draft t=14 N=1024 K=2560 B=1 thr=64 mm=10 | ctx=draft phase=draft t=12 N=1024 K=2560 B=1 thr=64 mm=10 | ctx=draft phase=draft t=12 N=2560 K=4096 B=1 thr=128 mm=10 | ctx=draft phase=draft t=12 N=9216 K=2560 B=1 thr=64 mm=20 | ctx=draft phase=draft t=14 N=2560 K=9216 B=1 thr=128 mm=10 | ctx=draft phase=draft t=14 N=248320 K=2560 B=1 thr=64 mm=10 | ctx=target phase=classic t=14 N=8192 K=2560 B=1 thr=64 mm=18 | ctx=target phase=classic t=12 N=4096 K=2560 B=1 thr=64 mm=38 | ctx=target phase=classic t=13 N=2560 K=4096 B=1 thr=128 mm=38 | ctx=target phase=classic t=12 N=9216 K=2560 B=1 thr=64 mm=104 | ctx=target phase=classic t=14 N=2560 K=9216 B=1 thr=128 mm=24
[xllama] d3d12_shape label=session_decode part=2/4 keys_total=43 | ctx=target phase=classic t=12 N=8192 K=2560 B=1 thr=64 mm=34 | ctx=target phase=classic t=12 N=1024 K=2560 B=1 thr=64 mm=22 | ctx=target phase=classic t=12 N=2560 K=4096 B=1 thr=128 mm=14 | ctx=target phase=classic t=12 N=2560 K=9216 B=1 thr=128 mm=28 | ctx=target phase=classic t=14 N=1024 K=2560 B=1 thr=64 mm=6 | ctx=target phase=classic t=14 N=248320 K=2560 B=1 thr=64 mm=2 | ctx=draft phase=catchup t=12 N=8192 K=2560 B=1 thr=64 mm=2 | ctx=draft phase=catchup t=14 N=1024 K=2560 B=1 thr=64 mm=2 | ctx=draft phase=catchup t=12 N=1024 K=2560 B=1 thr=64 mm=2 | ctx=draft phase=catchup t=12 N=2560 K=4096 B=1 thr=128 mm=2 | ctx=draft phase=catchup t=12 N=9216 K=2560 B=1 thr=64 mm=4 | ctx=draft phase=catchup t=14 N=2560 K=9216 B=1 thr=128 mm=2
[xllama] d3d12_shape label=session_decode part=3/4 keys_total=43 | ctx=draft phase=catchup t=14 N=248320 K=2560 B=1 thr=64 mm=2 | ctx=target phase=verify t=14 N=8192 K=2560 B=5 thr=64 mm=18 | ctx=target phase=verify t=12 N=4096 K=2560 B=5 thr=64 mm=38 | ctx=target phase=verify t=13 N=2560 K=4096 B=5 thr=128 mm=38 | ctx=target phase=verify t=12 N=9216 K=2560 B=5 thr=64 mm=104 | ctx=target phase=verify t=14 N=2560 K=9216 B=5 thr=128 mm=24 | ctx=target phase=verify t=12 N=8192 K=2560 B=5 thr=64 mm=34 | ctx=target phase=verify t=12 N=1024 K=2560 B=5 thr=64 mm=22 | ctx=target phase=verify t=12 N=2560 K=4096 B=5 thr=128 mm=14 | ctx=target phase=verify t=12 N=2560 K=9216 B=5 thr=128 mm=28 | ctx=target phase=verify t=14 N=1024 K=2560 B=5 thr=64 mm=6 | ctx=target phase=verify t=14 N=248320 K=2560 B=5 thr=64 mm=2
[xllama] d3d12_shape label=session_decode part=4/4 keys_total=43 | ctx=draft phase=catchup t=12 N=8192 K=2560 B=5 thr=64 mm=1 | ctx=draft phase=catchup t=14 N=1024 K=2560 B=5 thr=64 mm=1 | ctx=draft phase=catchup t=12 N=1024 K=2560 B=5 thr=64 mm=1 | ctx=draft phase=catchup t=12 N=2560 K=4096 B=5 thr=128 mm=1 | ctx=draft phase=catchup t=12 N=9216 K=2560 B=5 thr=64 mm=2 | ctx=draft phase=catchup t=14 N=2560 K=9216 B=5 thr=128 mm=1 | ctx=draft phase=catchup t=14 N=248320 K=2560 B=5 thr=64 mm=1
[xllama] MTP_STATS rounds=2 decodes=13 discarded=2 catchup_tok=7 draft_ms=38.2 sample_ms=8.3 topprob_ms=31.5 catchup_ms=20.9 verify_ms=282.8 corrective_ms=0.0
[xllama] TERMGATE eog_probe idx=3 n_eval=10 reason=eos[xllama] TERMGATE scenario=eog@3 arm=cand ok=1 reason=eos n_ids=10 n_ref=-1 parity=-1 first_diff=-1 active=1 drafted=8 rounds=2 lookup=0 ews=0 n_eval=10 eog_tok=248044 eog_branch=spec-reject stop_branch=- stop_round=-1
[llama] ~llama_context: D3D12_Host compute buffer size is   5.8489 MiB, matches expectation of   5.8489 MiB
[llama] ~llama_context: D3D12_Host compute buffer size is   0.0000 MiB, matches expectation of   0.0000 MiB
[xllama] d3d12: 13053 graph_compute calls, 16476 matmuls (4851 2col), 3578.5 ms wall (2474.8 ms GPU)
[llama] ~llama_context: D3D12_Host compute buffer size is 504.0198 MiB, matches expectation of 504.0198 MiB
[llama] ~llama_context: D3D12_Host compute buffer size is   0.0000 MiB, matches expectation of   0.0000 MiB
[xllama] d3d12: 0 graph_compute calls, 0 matmuls (0 2col), 0.0 ms wall (0.0 ms GPU)
[xllama] termgate done rows=8 fail=- msix=3e4c02de64de60631221777c6055ea3f0550731c7215e5cbba8001062ae56f80
[xllama] termgate-result.csv written
[xllama] headless termgate: done, exiting
