[xllama] bench.flag detected -> headless bench mode
[xllama] headless bench: starting
[xllama] main_loop: cpurepackforcegemv.txt='(absent)' -> repack control off (baseline)
[xllama] main_loop: d3d12spinwait.txt='(absent)' -> spin_wait_us=-1 (default unbounded spin)
[xllama] main_loop: ggmlprof.txt='(absent)' -> none (default)
[xllama] bench: d3d12twocol.txt='auto' -> kernel variant 2 (prev 0)
[xllama] bench: prompt.txt 374 bytes
[xllama] bench model: qwen35-4b-mtp
[xllama] bench prompt: <|im_start|>system
You are a helpful AI assistant.<|im_end|>
<|im_start|>user
Me...
[xllama] bench tokens sidecar: bench-tokens-1.txt
[xllama] bench sampling: greedy=1 seed=1 temp=0.80 top_p=0.90 top_k=40
[xllama] gguf gpu layers: 34 on D3D12
[llama] llama_model_loader: mmap is not supported on this platform
[llama] llama_prepare_model_devices: using device D3D12 (xllama D3D12 compute (Q4_0/Q4_K/Q5_K/Q6_K matmul)) (unknown id) - 4129 MiB free
[llama] load_tensors: layer   0 assigned to device D3D12, is_swa = 0
[llama] load_tensors: layer   1 assigned to device D3D12, is_swa = 0
[llama] load_tensors: layer   2 assigned to device D3D12, is_swa = 0
[llama] load_tensors: layer   3 assigned to device D3D12, is_swa = 0
[llama] load_tensors: layer   4 assigned to device D3D12, is_swa = 0
[llama] load_tensors: layer   5 assigned to device D3D12, is_swa = 0
[llama] load_tensors: layer   6 assigned to device D3D12, is_swa = 0
[llama] load_tensors: layer   7 assigned to device D3D12, is_swa = 0
[llama] load_tensors: layer   8 assigned to device D3D12, is_swa = 0
[llama] load_tensors: layer   9 assigned to device D3D12, is_swa = 0
[llama] load_tensors: layer  10 assigned to device D3D12, is_swa = 0
[llama] load_tensors: layer  11 assigned to device D3D12, is_swa = 0
[llama] load_tensors: layer  12 assigned to device D3D12, is_swa = 0
[llama] load_tensors: layer  13 assigned to device D3D12, is_swa = 0
[llama] load_tensors: layer  14 assigned to device D3D12, is_swa = 0
[llama] load_tensors: layer  15 assigned to device D3D12, is_swa = 0
[llama] load_tensors: layer  16 assigned to device D3D12, is_swa = 0
[llama] load_tensors: layer  17 assigned to device D3D12, is_swa = 0
[llama] load_tensors: layer  18 assigned to device D3D12, is_swa = 0
[llama] load_tensors: layer  19 assigned to device D3D12, is_swa = 0
[llama] load_tensors: layer  20 assigned to device D3D12, is_swa = 0
[llama] load_tensors: layer  21 assigned to device D3D12, is_swa = 0
[llama] load_tensors: layer  22 assigned to device D3D12, is_swa = 0
[llama] load_tensors: layer  23 assigned to device D3D12, is_swa = 0
[llama] load_tensors: layer  24 assigned to device D3D12, is_swa = 0
[llama] load_tensors: layer  25 assigned to device D3D12, is_swa = 0
[llama] load_tensors: layer  26 assigned to device D3D12, is_swa = 0
[llama] load_tensors: layer  27 assigned to device D3D12, is_swa = 0
[llama] load_tensors: layer  28 assigned to device D3D12, is_swa = 0
[llama] load_tensors: layer  29 assigned to device D3D12, is_swa = 0
[llama] load_tensors: layer  30 assigned to device D3D12, is_swa = 0
[llama] load_tensors: layer  31 assigned to device D3D12, is_swa = 0
[llama] load_tensors: layer  32 assigned to device D3D12, is_swa = 0
[llama] load_tensors: layer  33 assigned to device D3D12, is_swa = 0
[xllama] d3d12: MUL_MAT refused: f32 2560x32 x [2560,512,1,1] src1=f32 dst=f32
[llama] model has unused tensor blk.32.attn_norm.weight (size = 10240 bytes) -- ignoring
[llama] model has unused tensor blk.32.post_attention_norm.weight (size = 10240 bytes) -- ignoring
[llama] model has unused tensor blk.32.attn_q.weight (size = 11796480 bytes) -- ignoring
[llama] model has unused tensor blk.32.attn_k.weight (size = 1474560 bytes) -- ignoring
[llama] model has unused tensor blk.32.attn_v.weight (size = 2150400 bytes) -- ignoring
[llama] model has unused tensor blk.32.attn_output.weight (size = 5898240 bytes) -- ignoring
[llama] model has unused tensor blk.32.attn_q_norm.weight (size = 1024 bytes) -- ignoring
[llama] model has unused tensor blk.32.attn_k_norm.weight (size = 1024 bytes) -- ignoring
[llama] model has unused tensor blk.32.ffn_gate.weight (size = 13271040 bytes) -- ignoring
[llama] model has unused tensor blk.32.ffn_down.weight (size = 19353600 bytes) -- ignoring
[llama] model has unused tensor blk.32.ffn_up.weight (size = 13271040 bytes) -- ignoring
[llama] model has unused tensor blk.32.nextn.eh_proj.weight (size = 13926400 bytes) -- ignoring
[llama] model has unused tensor blk.32.nextn.enorm.weight (size = 10240 bytes) -- ignoring
[llama] model has unused tensor blk.32.nextn.hnorm.weight (size = 10240 bytes) -- ignoring
[llama] model has unused tensor blk.32.nextn.shared_head_norm.weight (size = 10240 bytes) -- ignoring
[xllama] d3d12: D3D12_Weights buffer 2597.1 MiB
[llama] load_tensors: offloading output layer to GPU
[llama] load_tensors: offloading 32 repeating layers to GPU
[llama] load_tensors: offloaded 34/34 layers to GPU
[llama] load_tensors:          CPU model buffer size =   515.98 MiB
[llama] load_tensors: D3D12_Weights model buffer size =  2597.13 MiB
[llama] load_all_data: buffer type D3D12_Weights is not the default buffer type for device D3D12 for async uploads
[xllama] model loaded
[xllama] gpu-mem post-load: current=2614MB budget=4147MB
[xllama] prefill batch override: n_batch=64 n_ubatch=64
[llama] llama_context: D3D12_Host  output buffer size =     0.95 MiB
[llama] llama_kv_cache:        CPU KV buffer size =    64.00 MiB
[llama] llama_memory_recurrent:        CPU RS buffer size =    50.25 MiB
[llama] resolve_fused_ops: layer 3 is assigned to device D3D12 but Flash Attention is assigned to device CPU (usually due to missing support)
[llama] resolve_fused_ops: Flash Attention not supported, set to disabled
[xllama] d3d12: D3D12_Host buffer 63.0 MiB
[llama] sched_reserve: D3D12_Host compute buffer size =    63.00 MiB
[llama] sched_reserve: graph splits = 322
[xllama] prompt tokens: 119
[xllama] done: load=5772ms prompt=89.8 tok/s decode=19.9 tok/s peak=3458MB drafted=0 spec_accept=0
[xllama] output: len=320 fnv1a=ba1e09ff64d0b49a
[xllama] tokens dumped to Q:\Users\UserMgr1\AppData\Local\Packages\GianlucaMazza.xllama_pj67f1fcj4n14\LocalState\bench-tokens-1.txt
[llama] ~llama_context: D3D12_Host compute buffer size is  63.0027 MiB, matches expectation of  63.0027 MiB
[llama] ~llama_context: D3D12_Host compute buffer size is   0.0000 MiB, matches expectation of   0.0000 MiB
[xllama] d3d12: 10626 graph_compute calls, 13266 matmuls (0 2col), 2160.4 ms wall (1403.2 ms GPU)
[xllama] bench-result.csv written
[xllama] headless bench: done, exiting
[xllama] bench.flag detected -> headless bench mode
[xllama] headless bench: starting
[xllama] main_loop: cpurepackforcegemv.txt='(absent)' -> repack control off (baseline)
[xllama] main_loop: d3d12spinwait.txt='(absent)' -> spin_wait_us=-1 (default unbounded spin)
[xllama] main_loop: ggmlprof.txt='(absent)' -> none (default)
[xllama] bench: d3d12twocol.txt='auto' -> kernel variant 2 (prev 0)
[xllama] bench: prompt.txt 374 bytes
[xllama] bench model: qwen35-4b-mtp
[xllama] bench prompt: <|im_start|>system
You are a helpful AI assistant.<|im_end|>
<|im_start|>user
Me...
[xllama] bench tokens sidecar: bench-tokens-2.txt
[xllama] bench sampling: greedy=1 seed=1 temp=0.80 top_p=0.90 top_k=40
[xllama] gguf gpu layers: 34 on D3D12
[llama] llama_model_loader: mmap is not supported on this platform
[llama] llama_prepare_model_devices: using device D3D12 (xllama D3D12 compute (Q4_0/Q4_K/Q5_K/Q6_K matmul)) (unknown id) - 4129 MiB free
[llama] load_tensors: layer   0 assigned to device D3D12, is_swa = 0
[llama] load_tensors: layer   1 assigned to device D3D12, is_swa = 0
[llama] load_tensors: layer   2 assigned to device D3D12, is_swa = 0
[llama] load_tensors: layer   3 assigned to device D3D12, is_swa = 0
[llama] load_tensors: layer   4 assigned to device D3D12, is_swa = 0
[llama] load_tensors: layer   5 assigned to device D3D12, is_swa = 0
[llama] load_tensors: layer   6 assigned to device D3D12, is_swa = 0
[llama] load_tensors: layer   7 assigned to device D3D12, is_swa = 0
[llama] load_tensors: layer   8 assigned to device D3D12, is_swa = 0
[llama] load_tensors: layer   9 assigned to device D3D12, is_swa = 0
[llama] load_tensors: layer  10 assigned to device D3D12, is_swa = 0
[llama] load_tensors: layer  11 assigned to device D3D12, is_swa = 0
[llama] load_tensors: layer  12 assigned to device D3D12, is_swa = 0
[llama] load_tensors: layer  13 assigned to device D3D12, is_swa = 0
[llama] load_tensors: layer  14 assigned to device D3D12, is_swa = 0
[llama] load_tensors: layer  15 assigned to device D3D12, is_swa = 0
[llama] load_tensors: layer  16 assigned to device D3D12, is_swa = 0
[llama] load_tensors: layer  17 assigned to device D3D12, is_swa = 0
[llama] load_tensors: layer  18 assigned to device D3D12, is_swa = 0
[llama] load_tensors: layer  19 assigned to device D3D12, is_swa = 0
[llama] load_tensors: layer  20 assigned to device D3D12, is_swa = 0
[llama] load_tensors: layer  21 assigned to device D3D12, is_swa = 0
[llama] load_tensors: layer  22 assigned to device D3D12, is_swa = 0
[llama] load_tensors: layer  23 assigned to device D3D12, is_swa = 0
[llama] load_tensors: layer  24 assigned to device D3D12, is_swa = 0
[llama] load_tensors: layer  25 assigned to device D3D12, is_swa = 0
[llama] load_tensors: layer  26 assigned to device D3D12, is_swa = 0
[llama] load_tensors: layer  27 assigned to device D3D12, is_swa = 0
[llama] load_tensors: layer  28 assigned to device D3D12, is_swa = 0
[llama] load_tensors: layer  29 assigned to device D3D12, is_swa = 0
[llama] load_tensors: layer  30 assigned to device D3D12, is_swa = 0
[llama] load_tensors: layer  31 assigned to device D3D12, is_swa = 0
[llama] load_tensors: layer  32 assigned to device D3D12, is_swa = 0
[llama] load_tensors: layer  33 assigned to device D3D12, is_swa = 0
[xllama] d3d12: MUL_MAT refused: f32 2560x32 x [2560,512,1,1] src1=f32 dst=f32
[llama] model has unused tensor blk.32.attn_norm.weight (size = 10240 bytes) -- ignoring
[llama] model has unused tensor blk.32.post_attention_norm.weight (size = 10240 bytes) -- ignoring
[llama] model has unused tensor blk.32.attn_q.weight (size = 11796480 bytes) -- ignoring
[llama] model has unused tensor blk.32.attn_k.weight (size = 1474560 bytes) -- ignoring
[llama] model has unused tensor blk.32.attn_v.weight (size = 2150400 bytes) -- ignoring
[llama] model has unused tensor blk.32.attn_output.weight (size = 5898240 bytes) -- ignoring
[llama] model has unused tensor blk.32.attn_q_norm.weight (size = 1024 bytes) -- ignoring
[llama] model has unused tensor blk.32.attn_k_norm.weight (size = 1024 bytes) -- ignoring
[llama] model has unused tensor blk.32.ffn_gate.weight (size = 13271040 bytes) -- ignoring
[llama] model has unused tensor blk.32.ffn_down.weight (size = 19353600 bytes) -- ignoring
[llama] model has unused tensor blk.32.ffn_up.weight (size = 13271040 bytes) -- ignoring
[llama] model has unused tensor blk.32.nextn.eh_proj.weight (size = 13926400 bytes) -- ignoring
[llama] model has unused tensor blk.32.nextn.enorm.weight (size = 10240 bytes) -- ignoring
[llama] model has unused tensor blk.32.nextn.hnorm.weight (size = 10240 bytes) -- ignoring
[llama] model has unused tensor blk.32.nextn.shared_head_norm.weight (size = 10240 bytes) -- ignoring
[xllama] d3d12: D3D12_Weights buffer 2597.1 MiB
[llama] load_tensors: offloading output layer to GPU
[llama] load_tensors: offloading 32 repeating layers to GPU
[llama] load_tensors: offloaded 34/34 layers to GPU
[llama] load_tensors:          CPU model buffer size =   515.98 MiB
[llama] load_tensors: D3D12_Weights model buffer size =  2597.13 MiB
[llama] load_all_data: buffer type D3D12_Weights is not the default buffer type for device D3D12 for async uploads
[xllama] model loaded
[xllama] gpu-mem post-load: current=2614MB budget=4147MB
[xllama] prefill batch override: n_batch=64 n_ubatch=64
[llama] llama_context: D3D12_Host  output buffer size =     0.95 MiB
[llama] llama_kv_cache:        CPU KV buffer size =    64.00 MiB
[llama] llama_memory_recurrent:        CPU RS buffer size =    50.25 MiB
[llama] resolve_fused_ops: layer 3 is assigned to device D3D12 but Flash Attention is assigned to device CPU (usually due to missing support)
[llama] resolve_fused_ops: Flash Attention not supported, set to disabled
[xllama] d3d12: D3D12_Host buffer 63.0 MiB
[llama] sched_reserve: D3D12_Host compute buffer size =    63.00 MiB
[llama] sched_reserve: graph splits = 322
[xllama] prompt tokens: 119
[xllama] done: load=5581ms prompt=86.5 tok/s decode=19.5 tok/s peak=3461MB drafted=0 spec_accept=0
[xllama] output: len=320 fnv1a=ba1e09ff64d0b49a
[xllama] tokens dumped to Q:\Users\UserMgr1\AppData\Local\Packages\GianlucaMazza.xllama_pj67f1fcj4n14\LocalState\bench-tokens-2.txt
[llama] ~llama_context: D3D12_Host compute buffer size is  63.0027 MiB, matches expectation of  63.0027 MiB
[llama] ~llama_context: D3D12_Host compute buffer size is   0.0000 MiB, matches expectation of   0.0000 MiB
[xllama] d3d12: 10626 graph_compute calls, 13266 matmuls (0 2col), 2231.7 ms wall (1473.4 ms GPU)
[xllama] bench-result.csv written
[xllama] headless bench: done, exiting
[xllama] bench.flag detected -> headless bench mode
[xllama] headless bench: starting
[xllama] main_loop: cpurepackforcegemv.txt='(absent)' -> repack control off (baseline)
[xllama] main_loop: d3d12spinwait.txt='(absent)' -> spin_wait_us=-1 (default unbounded spin)
[xllama] main_loop: ggmlprof.txt='(absent)' -> none (default)
[xllama] bench: d3d12twocol.txt='auto' -> kernel variant 2 (prev 0)
[xllama] bench: prompt.txt 374 bytes
[xllama] bench model: qwen35-4b-mtp
[xllama] bench prompt: <|im_start|>system
You are a helpful AI assistant.<|im_end|>
<|im_start|>user
Me...
[xllama] bench tokens sidecar: bench-tokens-3.txt
[xllama] bench sampling: greedy=1 seed=1 temp=0.80 top_p=0.90 top_k=40
[xllama] gguf gpu layers: 34 on D3D12
[llama] llama_model_loader: mmap is not supported on this platform
[llama] llama_prepare_model_devices: using device D3D12 (xllama D3D12 compute (Q4_0/Q4_K/Q5_K/Q6_K matmul)) (unknown id) - 4129 MiB free
[llama] load_tensors: layer   0 assigned to device D3D12, is_swa = 0
[llama] load_tensors: layer   1 assigned to device D3D12, is_swa = 0
[llama] load_tensors: layer   2 assigned to device D3D12, is_swa = 0
[llama] load_tensors: layer   3 assigned to device D3D12, is_swa = 0
[llama] load_tensors: layer   4 assigned to device D3D12, is_swa = 0
[llama] load_tensors: layer   5 assigned to device D3D12, is_swa = 0
[llama] load_tensors: layer   6 assigned to device D3D12, is_swa = 0
[llama] load_tensors: layer   7 assigned to device D3D12, is_swa = 0
[llama] load_tensors: layer   8 assigned to device D3D12, is_swa = 0
[llama] load_tensors: layer   9 assigned to device D3D12, is_swa = 0
[llama] load_tensors: layer  10 assigned to device D3D12, is_swa = 0
[llama] load_tensors: layer  11 assigned to device D3D12, is_swa = 0
[llama] load_tensors: layer  12 assigned to device D3D12, is_swa = 0
[llama] load_tensors: layer  13 assigned to device D3D12, is_swa = 0
[llama] load_tensors: layer  14 assigned to device D3D12, is_swa = 0
[llama] load_tensors: layer  15 assigned to device D3D12, is_swa = 0
[llama] load_tensors: layer  16 assigned to device D3D12, is_swa = 0
[llama] load_tensors: layer  17 assigned to device D3D12, is_swa = 0
[llama] load_tensors: layer  18 assigned to device D3D12, is_swa = 0
[llama] load_tensors: layer  19 assigned to device D3D12, is_swa = 0
[llama] load_tensors: layer  20 assigned to device D3D12, is_swa = 0
[llama] load_tensors: layer  21 assigned to device D3D12, is_swa = 0
[llama] load_tensors: layer  22 assigned to device D3D12, is_swa = 0
[llama] load_tensors: layer  23 assigned to device D3D12, is_swa = 0
[llama] load_tensors: layer  24 assigned to device D3D12, is_swa = 0
[llama] load_tensors: layer  25 assigned to device D3D12, is_swa = 0
[llama] load_tensors: layer  26 assigned to device D3D12, is_swa = 0
[llama] load_tensors: layer  27 assigned to device D3D12, is_swa = 0
[llama] load_tensors: layer  28 assigned to device D3D12, is_swa = 0
[llama] load_tensors: layer  29 assigned to device D3D12, is_swa = 0
[llama] load_tensors: layer  30 assigned to device D3D12, is_swa = 0
[llama] load_tensors: layer  31 assigned to device D3D12, is_swa = 0
[llama] load_tensors: layer  32 assigned to device D3D12, is_swa = 0
[llama] load_tensors: layer  33 assigned to device D3D12, is_swa = 0
[xllama] d3d12: MUL_MAT refused: f32 2560x32 x [2560,512,1,1] src1=f32 dst=f32
[llama] model has unused tensor blk.32.attn_norm.weight (size = 10240 bytes) -- ignoring
[llama] model has unused tensor blk.32.post_attention_norm.weight (size = 10240 bytes) -- ignoring
[llama] model has unused tensor blk.32.attn_q.weight (size = 11796480 bytes) -- ignoring
[llama] model has unused tensor blk.32.attn_k.weight (size = 1474560 bytes) -- ignoring
[llama] model has unused tensor blk.32.attn_v.weight (size = 2150400 bytes) -- ignoring
[llama] model has unused tensor blk.32.attn_output.weight (size = 5898240 bytes) -- ignoring
[llama] model has unused tensor blk.32.attn_q_norm.weight (size = 1024 bytes) -- ignoring
[llama] model has unused tensor blk.32.attn_k_norm.weight (size = 1024 bytes) -- ignoring
[llama] model has unused tensor blk.32.ffn_gate.weight (size = 13271040 bytes) -- ignoring
[llama] model has unused tensor blk.32.ffn_down.weight (size = 19353600 bytes) -- ignoring
[llama] model has unused tensor blk.32.ffn_up.weight (size = 13271040 bytes) -- ignoring
[llama] model has unused tensor blk.32.nextn.eh_proj.weight (size = 13926400 bytes) -- ignoring
[llama] model has unused tensor blk.32.nextn.enorm.weight (size = 10240 bytes) -- ignoring
[llama] model has unused tensor blk.32.nextn.hnorm.weight (size = 10240 bytes) -- ignoring
[llama] model has unused tensor blk.32.nextn.shared_head_norm.weight (size = 10240 bytes) -- ignoring
[xllama] d3d12: D3D12_Weights buffer 2597.1 MiB
[llama] load_tensors: offloading output layer to GPU
[llama] load_tensors: offloading 32 repeating layers to GPU
[llama] load_tensors: offloaded 34/34 layers to GPU
[llama] load_tensors:          CPU model buffer size =   515.98 MiB
[llama] load_tensors: D3D12_Weights model buffer size =  2597.13 MiB
[llama] load_all_data: buffer type D3D12_Weights is not the default buffer type for device D3D12 for async uploads
[xllama] model loaded
[xllama] gpu-mem post-load: current=2614MB budget=4147MB
[xllama] prefill batch override: n_batch=64 n_ubatch=64
[llama] llama_context: D3D12_Host  output buffer size =     0.95 MiB
[llama] llama_kv_cache:        CPU KV buffer size =    64.00 MiB
[llama] llama_memory_recurrent:        CPU RS buffer size =    50.25 MiB
[llama] resolve_fused_ops: layer 3 is assigned to device D3D12 but Flash Attention is assigned to device CPU (usually due to missing support)
[llama] resolve_fused_ops: Flash Attention not supported, set to disabled
[xllama] d3d12: D3D12_Host buffer 63.0 MiB
[llama] sched_reserve: D3D12_Host compute buffer size =    63.00 MiB
[llama] sched_reserve: graph splits = 322
[xllama] prompt tokens: 119
[xllama] done: load=5880ms prompt=90.5 tok/s decode=19.8 tok/s peak=3459MB drafted=0 spec_accept=0
[xllama] output: len=320 fnv1a=ba1e09ff64d0b49a
[xllama] tokens dumped to Q:\Users\UserMgr1\AppData\Local\Packages\GianlucaMazza.xllama_pj67f1fcj4n14\LocalState\bench-tokens-3.txt
[llama] ~llama_context: D3D12_Host compute buffer size is  63.0027 MiB, matches expectation of  63.0027 MiB
[llama] ~llama_context: D3D12_Host compute buffer size is   0.0000 MiB, matches expectation of   0.0000 MiB
[xllama] d3d12: 10626 graph_compute calls, 13266 matmuls (0 2col), 2159.8 ms wall (1410.7 ms GPU)
[xllama] bench-result.csv written
[xllama] headless bench: done, exiting
[xllama] bench.flag detected -> headless bench mode
[xllama] headless bench: starting
[xllama] main_loop: cpurepackforcegemv.txt='(absent)' -> repack control off (baseline)
[xllama] main_loop: d3d12spinwait.txt='(absent)' -> spin_wait_us=-1 (default unbounded spin)
[xllama] main_loop: ggmlprof.txt='(absent)' -> none (default)
[xllama] bench: d3d12twocol.txt='auto' -> kernel variant 2 (prev 0)
[xllama] bench: prompt.txt 374 bytes
[xllama] bench model: qwen35-4b-mtp
[xllama] bench prompt: <|im_start|>system
You are a helpful AI assistant.<|im_end|>
<|im_start|>user
Me...
[xllama] bench tokens sidecar: bench-tokens-1.txt
[xllama] bench sampling: greedy=1 seed=1 temp=0.80 top_p=0.90 top_k=40
[xllama] gguf gpu layers: 34 on D3D12
[llama] llama_model_loader: mmap is not supported on this platform
[llama] llama_prepare_model_devices: using device D3D12 (xllama D3D12 compute (Q4_0/Q4_K/Q5_K/Q6_K matmul)) (unknown id) - 4129 MiB free
[llama] load_tensors: layer   0 assigned to device D3D12, is_swa = 0
[llama] load_tensors: layer   1 assigned to device D3D12, is_swa = 0
[llama] load_tensors: layer   2 assigned to device D3D12, is_swa = 0
[llama] load_tensors: layer   3 assigned to device D3D12, is_swa = 0
[llama] load_tensors: layer   4 assigned to device D3D12, is_swa = 0
[llama] load_tensors: layer   5 assigned to device D3D12, is_swa = 0
[llama] load_tensors: layer   6 assigned to device D3D12, is_swa = 0
[llama] load_tensors: layer   7 assigned to device D3D12, is_swa = 0
[llama] load_tensors: layer   8 assigned to device D3D12, is_swa = 0
[llama] load_tensors: layer   9 assigned to device D3D12, is_swa = 0
[llama] load_tensors: layer  10 assigned to device D3D12, is_swa = 0
[llama] load_tensors: layer  11 assigned to device D3D12, is_swa = 0
[llama] load_tensors: layer  12 assigned to device D3D12, is_swa = 0
[llama] load_tensors: layer  13 assigned to device D3D12, is_swa = 0
[llama] load_tensors: layer  14 assigned to device D3D12, is_swa = 0
[llama] load_tensors: layer  15 assigned to device D3D12, is_swa = 0
[llama] load_tensors: layer  16 assigned to device D3D12, is_swa = 0
[llama] load_tensors: layer  17 assigned to device D3D12, is_swa = 0
[llama] load_tensors: layer  18 assigned to device D3D12, is_swa = 0
[llama] load_tensors: layer  19 assigned to device D3D12, is_swa = 0
[llama] load_tensors: layer  20 assigned to device D3D12, is_swa = 0
[llama] load_tensors: layer  21 assigned to device D3D12, is_swa = 0
[llama] load_tensors: layer  22 assigned to device D3D12, is_swa = 0
[llama] load_tensors: layer  23 assigned to device D3D12, is_swa = 0
[llama] load_tensors: layer  24 assigned to device D3D12, is_swa = 0
[llama] load_tensors: layer  25 assigned to device D3D12, is_swa = 0
[llama] load_tensors: layer  26 assigned to device D3D12, is_swa = 0
[llama] load_tensors: layer  27 assigned to device D3D12, is_swa = 0
[llama] load_tensors: layer  28 assigned to device D3D12, is_swa = 0
[llama] load_tensors: layer  29 assigned to device D3D12, is_swa = 0
[llama] load_tensors: layer  30 assigned to device D3D12, is_swa = 0
[llama] load_tensors: layer  31 assigned to device D3D12, is_swa = 0
[llama] load_tensors: layer  32 assigned to device D3D12, is_swa = 0
[llama] load_tensors: layer  33 assigned to device D3D12, is_swa = 0
[xllama] d3d12: MUL_MAT refused: f32 2560x32 x [2560,512,1,1] src1=f32 dst=f32
[xllama] d3d12: MUL_MAT refused: q8_0 5120x2560 x [5120,512,1,1] src1=f32 dst=f32
[xllama] d3d12: D3D12_Weights buffer 2661.2 MiB
[llama] load_tensors: offloading output layer to GPU
[llama] load_tensors: offloading 32 repeating layers to GPU
[llama] load_tensors: offloaded 34/34 layers to GPU
[llama] load_tensors:          CPU model buffer size =   529.31 MiB
[llama] load_tensors: D3D12_Weights model buffer size =  2661.23 MiB
[llama] load_all_data: buffer type D3D12_Weights is not the default buffer type for device D3D12 for async uploads
[xllama] model loaded
[xllama] gpu-mem post-load: current=2678MB budget=4147MB
[xllama] speculative: target n_rs_seq=4 n_ubatch=64
[xllama] prefill batch override: n_batch=64 n_ubatch=64
[llama] llama_context: D3D12_Host  output buffer size =     0.95 MiB
[llama] llama_kv_cache:        CPU KV buffer size =    64.00 MiB
[llama] llama_memory_recurrent:        CPU RS buffer size =   251.25 MiB
[llama] resolve_fused_ops: layer 3 is assigned to device D3D12 but Flash Attention is assigned to device CPU (usually due to missing support)
[llama] resolve_fused_ops: Flash Attention not supported, set to disabled
[xllama] d3d12: D3D12_Host buffer 63.0 MiB
[llama] sched_reserve: D3D12_Host compute buffer size =    63.00 MiB
[llama] sched_reserve: graph splits = 322
[llama] llama_context: D3D12_Host  output buffer size =     0.95 MiB
[llama] llama_kv_cache:        CPU KV buffer size =     8.00 MiB
[llama] resolve_fused_ops: layer 32 is assigned to device D3D12 but Flash Attention is assigned to device CPU (usually due to missing support)
[llama] resolve_fused_ops: Flash Attention not supported, set to disabled
[xllama] d3d12: D3D12_Host buffer 5.8 MiB
[llama] sched_reserve: D3D12_Host compute buffer size =     5.85 MiB
[llama] sched_reserve: graph splits = 12
[xllama] mtp: draft ready, n_max=4 p_min=0.750000 dft_n_batch=6
[xllama] mtp: target nextn head layers=1
[xllama] mtp: split_mtp_weights=0 resident=0 tensors=0
[xllama] prompt tokens: 119
[xllama] d3d12: D3D12_Host buffer 1.6 MiB
[xllama] d3d12: D3D12_Host buffer 5.7 MiB
[xllama] mtp: first draft pos=119 n_embd=2560 n_max=4 row[min,max]=[-25.533875,21.942303] dft_n_batch=6 dft_pos_max=118
[xllama] d3d12: D3D12_Host buffer 2.5 MiB
[xllama] d3d12: D3D12_Host buffer 3.5 MiB
[xllama] d3d12: D3D12_Host buffer 4.4 MiB
[xllama] d3d12: D3D12_Host buffer 5.4 MiB
[xllama] done: load=4375ms prompt=69.3 tok/s decode=19.8 tok/s peak=3776MB drafted=27 spec_accept=25
[xllama] MTP_STATS rounds=15 decodes=103 discarded=37 catchup_tok=64 draft_ms=0.0 sample_ms=0.0 topprob_ms=0.0 catchup_ms=0.0 verify_ms=0.0 corrective_ms=0.0
[xllama] output: len=320 fnv1a=ba1e09ff64d0b49a
[xllama] tokens dumped to Q:\Users\UserMgr1\AppData\Local\Packages\GianlucaMazza.xllama_pj67f1fcj4n14\LocalState\bench-tokens-1.txt
[llama] ~llama_context: D3D12_Host compute buffer size is   5.8489 MiB, matches expectation of   5.8489 MiB
[llama] ~llama_context: D3D12_Host compute buffer size is   0.0000 MiB, matches expectation of   0.0000 MiB
[xllama] d3d12: 7345 graph_compute calls, 9233 matmuls (1764 2col), 2508.1 ms wall (1912.6 ms GPU)
[llama] ~llama_context: D3D12_Host compute buffer size is  63.0027 MiB, matches expectation of  63.0027 MiB
[llama] ~llama_context: D3D12_Host compute buffer size is   0.0000 MiB, matches expectation of   0.0000 MiB
[xllama] d3d12: 0 graph_compute calls, 0 matmuls (0 2col), 0.0 ms wall (0.0 ms GPU)
[xllama] MTP_ACTIVE n_drafted=27 n_spec_accepted=25
[xllama] bench-result.csv written
[xllama] headless bench: done, exiting
[xllama] bench.flag detected -> headless bench mode
[xllama] headless bench: starting
[xllama] main_loop: cpurepackforcegemv.txt='(absent)' -> repack control off (baseline)
[xllama] main_loop: d3d12spinwait.txt='(absent)' -> spin_wait_us=-1 (default unbounded spin)
[xllama] main_loop: ggmlprof.txt='(absent)' -> none (default)
[xllama] bench: d3d12twocol.txt='auto' -> kernel variant 2 (prev 0)
[xllama] bench: prompt.txt 374 bytes
[xllama] bench model: qwen35-4b-mtp
[xllama] bench prompt: <|im_start|>system
You are a helpful AI assistant.<|im_end|>
<|im_start|>user
Me...
[xllama] bench tokens sidecar: bench-tokens-2.txt
[xllama] bench sampling: greedy=1 seed=1 temp=0.80 top_p=0.90 top_k=40
[xllama] gguf gpu layers: 34 on D3D12
[llama] llama_model_loader: mmap is not supported on this platform
[llama] llama_prepare_model_devices: using device D3D12 (xllama D3D12 compute (Q4_0/Q4_K/Q5_K/Q6_K matmul)) (unknown id) - 4129 MiB free
[llama] load_tensors: layer   0 assigned to device D3D12, is_swa = 0
[llama] load_tensors: layer   1 assigned to device D3D12, is_swa = 0
[llama] load_tensors: layer   2 assigned to device D3D12, is_swa = 0
[llama] load_tensors: layer   3 assigned to device D3D12, is_swa = 0
[llama] load_tensors: layer   4 assigned to device D3D12, is_swa = 0
[llama] load_tensors: layer   5 assigned to device D3D12, is_swa = 0
[llama] load_tensors: layer   6 assigned to device D3D12, is_swa = 0
[llama] load_tensors: layer   7 assigned to device D3D12, is_swa = 0
[llama] load_tensors: layer   8 assigned to device D3D12, is_swa = 0
[llama] load_tensors: layer   9 assigned to device D3D12, is_swa = 0
[llama] load_tensors: layer  10 assigned to device D3D12, is_swa = 0
[llama] load_tensors: layer  11 assigned to device D3D12, is_swa = 0
[llama] load_tensors: layer  12 assigned to device D3D12, is_swa = 0
[llama] load_tensors: layer  13 assigned to device D3D12, is_swa = 0
[llama] load_tensors: layer  14 assigned to device D3D12, is_swa = 0
[llama] load_tensors: layer  15 assigned to device D3D12, is_swa = 0
[llama] load_tensors: layer  16 assigned to device D3D12, is_swa = 0
[llama] load_tensors: layer  17 assigned to device D3D12, is_swa = 0
[llama] load_tensors: layer  18 assigned to device D3D12, is_swa = 0
[llama] load_tensors: layer  19 assigned to device D3D12, is_swa = 0
[llama] load_tensors: layer  20 assigned to device D3D12, is_swa = 0
[llama] load_tensors: layer  21 assigned to device D3D12, is_swa = 0
[llama] load_tensors: layer  22 assigned to device D3D12, is_swa = 0
[llama] load_tensors: layer  23 assigned to device D3D12, is_swa = 0
[llama] load_tensors: layer  24 assigned to device D3D12, is_swa = 0
[llama] load_tensors: layer  25 assigned to device D3D12, is_swa = 0
[llama] load_tensors: layer  26 assigned to device D3D12, is_swa = 0
[llama] load_tensors: layer  27 assigned to device D3D12, is_swa = 0
[llama] load_tensors: layer  28 assigned to device D3D12, is_swa = 0
[llama] load_tensors: layer  29 assigned to device D3D12, is_swa = 0
[llama] load_tensors: layer  30 assigned to device D3D12, is_swa = 0
[llama] load_tensors: layer  31 assigned to device D3D12, is_swa = 0
[llama] load_tensors: layer  32 assigned to device D3D12, is_swa = 0
[llama] load_tensors: layer  33 assigned to device D3D12, is_swa = 0
[xllama] d3d12: MUL_MAT refused: f32 2560x32 x [2560,512,1,1] src1=f32 dst=f32
[xllama] d3d12: MUL_MAT refused: q8_0 5120x2560 x [5120,512,1,1] src1=f32 dst=f32
[xllama] d3d12: D3D12_Weights buffer 2661.2 MiB
[llama] load_tensors: offloading output layer to GPU
[llama] load_tensors: offloading 32 repeating layers to GPU
[llama] load_tensors: offloaded 34/34 layers to GPU
[llama] load_tensors:          CPU model buffer size =   529.31 MiB
[llama] load_tensors: D3D12_Weights model buffer size =  2661.23 MiB
[llama] load_all_data: buffer type D3D12_Weights is not the default buffer type for device D3D12 for async uploads
[xllama] model loaded
[xllama] gpu-mem post-load: current=2678MB budget=4147MB
[xllama] speculative: target n_rs_seq=4 n_ubatch=64
[xllama] prefill batch override: n_batch=64 n_ubatch=64
[llama] llama_context: D3D12_Host  output buffer size =     0.95 MiB
[llama] llama_kv_cache:        CPU KV buffer size =    64.00 MiB
[llama] llama_memory_recurrent:        CPU RS buffer size =   251.25 MiB
[llama] resolve_fused_ops: layer 3 is assigned to device D3D12 but Flash Attention is assigned to device CPU (usually due to missing support)
[llama] resolve_fused_ops: Flash Attention not supported, set to disabled
[xllama] d3d12: D3D12_Host buffer 63.0 MiB
[llama] sched_reserve: D3D12_Host compute buffer size =    63.00 MiB
[llama] sched_reserve: graph splits = 322
[llama] llama_context: D3D12_Host  output buffer size =     0.95 MiB
[llama] llama_kv_cache:        CPU KV buffer size =     8.00 MiB
[llama] resolve_fused_ops: layer 32 is assigned to device D3D12 but Flash Attention is assigned to device CPU (usually due to missing support)
[llama] resolve_fused_ops: Flash Attention not supported, set to disabled
[xllama] d3d12: D3D12_Host buffer 5.8 MiB
[llama] sched_reserve: D3D12_Host compute buffer size =     5.85 MiB
[llama] sched_reserve: graph splits = 12
[xllama] mtp: draft ready, n_max=4 p_min=0.750000 dft_n_batch=6
[xllama] mtp: target nextn head layers=1
[xllama] mtp: split_mtp_weights=0 resident=0 tensors=0
[xllama] prompt tokens: 119
[xllama] d3d12: D3D12_Host buffer 1.6 MiB
[xllama] d3d12: D3D12_Host buffer 5.7 MiB
[xllama] mtp: first draft pos=119 n_embd=2560 n_max=4 row[min,max]=[-25.533875,21.942303] dft_n_batch=6 dft_pos_max=118
[xllama] d3d12: D3D12_Host buffer 2.5 MiB
[xllama] d3d12: D3D12_Host buffer 3.5 MiB
[xllama] d3d12: D3D12_Host buffer 4.4 MiB
[xllama] d3d12: D3D12_Host buffer 5.4 MiB
[xllama] done: load=4445ms prompt=69.5 tok/s decode=19.7 tok/s peak=3776MB drafted=27 spec_accept=25
[xllama] MTP_STATS rounds=15 decodes=103 discarded=37 catchup_tok=64 draft_ms=0.0 sample_ms=0.0 topprob_ms=0.0 catchup_ms=0.0 verify_ms=0.0 corrective_ms=0.0
[xllama] output: len=320 fnv1a=ba1e09ff64d0b49a
[xllama] tokens dumped to Q:\Users\UserMgr1\AppData\Local\Packages\GianlucaMazza.xllama_pj67f1fcj4n14\LocalState\bench-tokens-2.txt
[llama] ~llama_context: D3D12_Host compute buffer size is   5.8489 MiB, matches expectation of   5.8489 MiB
[llama] ~llama_context: D3D12_Host compute buffer size is   0.0000 MiB, matches expectation of   0.0000 MiB
[xllama] d3d12: 7345 graph_compute calls, 9233 matmuls (1764 2col), 2525.5 ms wall (1932.5 ms GPU)
[llama] ~llama_context: D3D12_Host compute buffer size is  63.0027 MiB, matches expectation of  63.0027 MiB
[llama] ~llama_context: D3D12_Host compute buffer size is   0.0000 MiB, matches expectation of   0.0000 MiB
[xllama] d3d12: 0 graph_compute calls, 0 matmuls (0 2col), 0.0 ms wall (0.0 ms GPU)
[xllama] MTP_ACTIVE n_drafted=27 n_spec_accepted=25
[xllama] bench-result.csv written
[xllama] headless bench: done, exiting
[xllama] bench.flag detected -> headless bench mode
[xllama] headless bench: starting
[xllama] main_loop: cpurepackforcegemv.txt='(absent)' -> repack control off (baseline)
[xllama] main_loop: d3d12spinwait.txt='(absent)' -> spin_wait_us=-1 (default unbounded spin)
[xllama] main_loop: ggmlprof.txt='(absent)' -> none (default)
[xllama] bench: d3d12twocol.txt='auto' -> kernel variant 2 (prev 0)
[xllama] bench: prompt.txt 374 bytes
[xllama] bench model: qwen35-4b-mtp
[xllama] bench prompt: <|im_start|>system
You are a helpful AI assistant.<|im_end|>
<|im_start|>user
Me...
[xllama] bench tokens sidecar: bench-tokens-3.txt
[xllama] bench sampling: greedy=1 seed=1 temp=0.80 top_p=0.90 top_k=40
[xllama] gguf gpu layers: 34 on D3D12
[llama] llama_model_loader: mmap is not supported on this platform
[llama] llama_prepare_model_devices: using device D3D12 (xllama D3D12 compute (Q4_0/Q4_K/Q5_K/Q6_K matmul)) (unknown id) - 4129 MiB free
[llama] load_tensors: layer   0 assigned to device D3D12, is_swa = 0
[llama] load_tensors: layer   1 assigned to device D3D12, is_swa = 0
[llama] load_tensors: layer   2 assigned to device D3D12, is_swa = 0
[llama] load_tensors: layer   3 assigned to device D3D12, is_swa = 0
[llama] load_tensors: layer   4 assigned to device D3D12, is_swa = 0
[llama] load_tensors: layer   5 assigned to device D3D12, is_swa = 0
[llama] load_tensors: layer   6 assigned to device D3D12, is_swa = 0
[llama] load_tensors: layer   7 assigned to device D3D12, is_swa = 0
[llama] load_tensors: layer   8 assigned to device D3D12, is_swa = 0
[llama] load_tensors: layer   9 assigned to device D3D12, is_swa = 0
[llama] load_tensors: layer  10 assigned to device D3D12, is_swa = 0
[llama] load_tensors: layer  11 assigned to device D3D12, is_swa = 0
[llama] load_tensors: layer  12 assigned to device D3D12, is_swa = 0
[llama] load_tensors: layer  13 assigned to device D3D12, is_swa = 0
[llama] load_tensors: layer  14 assigned to device D3D12, is_swa = 0
[llama] load_tensors: layer  15 assigned to device D3D12, is_swa = 0
[llama] load_tensors: layer  16 assigned to device D3D12, is_swa = 0
[llama] load_tensors: layer  17 assigned to device D3D12, is_swa = 0
[llama] load_tensors: layer  18 assigned to device D3D12, is_swa = 0
[llama] load_tensors: layer  19 assigned to device D3D12, is_swa = 0
[llama] load_tensors: layer  20 assigned to device D3D12, is_swa = 0
[llama] load_tensors: layer  21 assigned to device D3D12, is_swa = 0
[llama] load_tensors: layer  22 assigned to device D3D12, is_swa = 0
[llama] load_tensors: layer  23 assigned to device D3D12, is_swa = 0
[llama] load_tensors: layer  24 assigned to device D3D12, is_swa = 0
[llama] load_tensors: layer  25 assigned to device D3D12, is_swa = 0
[llama] load_tensors: layer  26 assigned to device D3D12, is_swa = 0
[llama] load_tensors: layer  27 assigned to device D3D12, is_swa = 0
[llama] load_tensors: layer  28 assigned to device D3D12, is_swa = 0
[llama] load_tensors: layer  29 assigned to device D3D12, is_swa = 0
[llama] load_tensors: layer  30 assigned to device D3D12, is_swa = 0
[llama] load_tensors: layer  31 assigned to device D3D12, is_swa = 0
[llama] load_tensors: layer  32 assigned to device D3D12, is_swa = 0
[llama] load_tensors: layer  33 assigned to device D3D12, is_swa = 0
[xllama] d3d12: MUL_MAT refused: f32 2560x32 x [2560,512,1,1] src1=f32 dst=f32
[xllama] d3d12: MUL_MAT refused: q8_0 5120x2560 x [5120,512,1,1] src1=f32 dst=f32
[xllama] d3d12: D3D12_Weights buffer 2661.2 MiB
[llama] load_tensors: offloading output layer to GPU
[llama] load_tensors: offloading 32 repeating layers to GPU
[llama] load_tensors: offloaded 34/34 layers to GPU
[llama] load_tensors:          CPU model buffer size =   529.31 MiB
[llama] load_tensors: D3D12_Weights model buffer size =  2661.23 MiB
[llama] load_all_data: buffer type D3D12_Weights is not the default buffer type for device D3D12 for async uploads
[xllama] model loaded
[xllama] gpu-mem post-load: current=2678MB budget=4147MB
[xllama] speculative: target n_rs_seq=4 n_ubatch=64
[xllama] prefill batch override: n_batch=64 n_ubatch=64
[llama] llama_context: D3D12_Host  output buffer size =     0.95 MiB
[llama] llama_kv_cache:        CPU KV buffer size =    64.00 MiB
[llama] llama_memory_recurrent:        CPU RS buffer size =   251.25 MiB
[llama] resolve_fused_ops: layer 3 is assigned to device D3D12 but Flash Attention is assigned to device CPU (usually due to missing support)
[llama] resolve_fused_ops: Flash Attention not supported, set to disabled
[xllama] d3d12: D3D12_Host buffer 63.0 MiB
[llama] sched_reserve: D3D12_Host compute buffer size =    63.00 MiB
[llama] sched_reserve: graph splits = 322
[llama] llama_context: D3D12_Host  output buffer size =     0.95 MiB
[llama] llama_kv_cache:        CPU KV buffer size =     8.00 MiB
[llama] resolve_fused_ops: layer 32 is assigned to device D3D12 but Flash Attention is assigned to device CPU (usually due to missing support)
[llama] resolve_fused_ops: Flash Attention not supported, set to disabled
[xllama] d3d12: D3D12_Host buffer 5.8 MiB
[llama] sched_reserve: D3D12_Host compute buffer size =     5.85 MiB
[llama] sched_reserve: graph splits = 12
[xllama] mtp: draft ready, n_max=4 p_min=0.750000 dft_n_batch=6
[xllama] mtp: target nextn head layers=1
[xllama] mtp: split_mtp_weights=0 resident=0 tensors=0
[xllama] prompt tokens: 119
[xllama] d3d12: D3D12_Host buffer 1.6 MiB
[xllama] d3d12: D3D12_Host buffer 5.7 MiB
[xllama] mtp: first draft pos=119 n_embd=2560 n_max=4 row[min,max]=[-25.533875,21.942303] dft_n_batch=6 dft_pos_max=118
[xllama] d3d12: D3D12_Host buffer 2.5 MiB
[xllama] d3d12: D3D12_Host buffer 3.5 MiB
[xllama] d3d12: D3D12_Host buffer 4.4 MiB
[xllama] d3d12: D3D12_Host buffer 5.4 MiB
[xllama] done: load=4336ms prompt=68.0 tok/s decode=20.0 tok/s peak=3776MB drafted=27 spec_accept=25
[xllama] MTP_STATS rounds=15 decodes=103 discarded=37 catchup_tok=64 draft_ms=0.0 sample_ms=0.0 topprob_ms=0.0 catchup_ms=0.0 verify_ms=0.0 corrective_ms=0.0
[xllama] output: len=320 fnv1a=ba1e09ff64d0b49a
[xllama] tokens dumped to Q:\Users\UserMgr1\AppData\Local\Packages\GianlucaMazza.xllama_pj67f1fcj4n14\LocalState\bench-tokens-3.txt
[llama] ~llama_context: D3D12_Host compute buffer size is   5.8489 MiB, matches expectation of   5.8489 MiB
[llama] ~llama_context: D3D12_Host compute buffer size is   0.0000 MiB, matches expectation of   0.0000 MiB
[xllama] d3d12: 7345 graph_compute calls, 9233 matmuls (1764 2col), 2497.8 ms wall (1911.5 ms GPU)
[llama] ~llama_context: D3D12_Host compute buffer size is  63.0027 MiB, matches expectation of  63.0027 MiB
[llama] ~llama_context: D3D12_Host compute buffer size is   0.0000 MiB, matches expectation of   0.0000 MiB
[xllama] d3d12: 0 graph_compute calls, 0 matmuls (0 2col), 0.0 ms wall (0.0 ms GPU)
[xllama] MTP_ACTIVE n_drafted=27 n_spec_accepted=25
[xllama] bench-result.csv written
[xllama] headless bench: done, exiting
[xllama] termgate.flag detected -> headless termination-state gate (diagnostic, never a gate default)
[xllama] headless termgate: starting
[xllama] termgate: termination-state gate (diagnostic)
[xllama] termgate: d3d12twocol.txt='(absent)' -> kernel variant 0 (prev 0)
[xllama] termgate: cpurepackforcegemv.txt='(absent)' -> repack control off (baseline)
[xllama] termgate: d3d12spinwait.txt='(absent)' -> spin_wait_us=-1 (default unbounded spin)
[xllama] termgate: ggmlprof.txt='(absent)' -> none (default)
[xllama] TERM_GATE_CONFIG arm=seq threads=0 n_ctx=2048 gpu_layers=34 mtp=0 p_min=0.75 twocol=0 repack_scope=0 scenarios=cancel,stop,eog greedy=1 gguf=f3559ed1a2922585
[xllama] gguf gpu layers: 34 on D3D12
[llama] llama_model_loader: mmap is not supported on this platform
[llama] llama_prepare_model_devices: using device D3D12 (xllama D3D12 compute (Q4_0/Q4_K/Q5_K/Q6_K matmul)) (unknown id) - 4129 MiB free
[llama] load_tensors: layer   0 assigned to device D3D12, is_swa = 0
[llama] load_tensors: layer   1 assigned to device D3D12, is_swa = 0
[llama] load_tensors: layer   2 assigned to device D3D12, is_swa = 0
[llama] load_tensors: layer   3 assigned to device D3D12, is_swa = 0
[llama] load_tensors: layer   4 assigned to device D3D12, is_swa = 0
[llama] load_tensors: layer   5 assigned to device D3D12, is_swa = 0
[llama] load_tensors: layer   6 assigned to device D3D12, is_swa = 0
[llama] load_tensors: layer   7 assigned to device D3D12, is_swa = 0
[llama] load_tensors: layer   8 assigned to device D3D12, is_swa = 0
[llama] load_tensors: layer   9 assigned to device D3D12, is_swa = 0
[llama] load_tensors: layer  10 assigned to device D3D12, is_swa = 0
[llama] load_tensors: layer  11 assigned to device D3D12, is_swa = 0
[llama] load_tensors: layer  12 assigned to device D3D12, is_swa = 0
[llama] load_tensors: layer  13 assigned to device D3D12, is_swa = 0
[llama] load_tensors: layer  14 assigned to device D3D12, is_swa = 0
[llama] load_tensors: layer  15 assigned to device D3D12, is_swa = 0
[llama] load_tensors: layer  16 assigned to device D3D12, is_swa = 0
[llama] load_tensors: layer  17 assigned to device D3D12, is_swa = 0
[llama] load_tensors: layer  18 assigned to device D3D12, is_swa = 0
[llama] load_tensors: layer  19 assigned to device D3D12, is_swa = 0
[llama] load_tensors: layer  20 assigned to device D3D12, is_swa = 0
[llama] load_tensors: layer  21 assigned to device D3D12, is_swa = 0
[llama] load_tensors: layer  22 assigned to device D3D12, is_swa = 0
[llama] load_tensors: layer  23 assigned to device D3D12, is_swa = 0
[llama] load_tensors: layer  24 assigned to device D3D12, is_swa = 0
[llama] load_tensors: layer  25 assigned to device D3D12, is_swa = 0
[llama] load_tensors: layer  26 assigned to device D3D12, is_swa = 0
[llama] load_tensors: layer  27 assigned to device D3D12, is_swa = 0
[llama] load_tensors: layer  28 assigned to device D3D12, is_swa = 0
[llama] load_tensors: layer  29 assigned to device D3D12, is_swa = 0
[llama] load_tensors: layer  30 assigned to device D3D12, is_swa = 0
[llama] load_tensors: layer  31 assigned to device D3D12, is_swa = 0
[llama] load_tensors: layer  32 assigned to device D3D12, is_swa = 0
[llama] load_tensors: layer  33 assigned to device D3D12, is_swa = 0
[xllama] d3d12: MUL_MAT refused: f32 2560x32 x [2560,512,1,1] src1=f32 dst=f32
[llama] model has unused tensor blk.32.attn_norm.weight (size = 10240 bytes) -- ignoring
[llama] model has unused tensor blk.32.post_attention_norm.weight (size = 10240 bytes) -- ignoring
[llama] model has unused tensor blk.32.attn_q.weight (size = 11796480 bytes) -- ignoring
[llama] model has unused tensor blk.32.attn_k.weight (size = 1474560 bytes) -- ignoring
[llama] model has unused tensor blk.32.attn_v.weight (size = 2150400 bytes) -- ignoring
[llama] model has unused tensor blk.32.attn_output.weight (size = 5898240 bytes) -- ignoring
[llama] model has unused tensor blk.32.attn_q_norm.weight (size = 1024 bytes) -- ignoring
[llama] model has unused tensor blk.32.attn_k_norm.weight (size = 1024 bytes) -- ignoring
[llama] model has unused tensor blk.32.ffn_gate.weight (size = 13271040 bytes) -- ignoring
[llama] model has unused tensor blk.32.ffn_down.weight (size = 19353600 bytes) -- ignoring
[llama] model has unused tensor blk.32.ffn_up.weight (size = 13271040 bytes) -- ignoring
[llama] model has unused tensor blk.32.nextn.eh_proj.weight (size = 13926400 bytes) -- ignoring
[llama] model has unused tensor blk.32.nextn.enorm.weight (size = 10240 bytes) -- ignoring
[llama] model has unused tensor blk.32.nextn.hnorm.weight (size = 10240 bytes) -- ignoring
[llama] model has unused tensor blk.32.nextn.shared_head_norm.weight (size = 10240 bytes) -- ignoring
[xllama] d3d12: D3D12_Weights buffer 2597.1 MiB
[llama] load_tensors: offloading output layer to GPU
[llama] load_tensors: offloading 32 repeating layers to GPU
[llama] load_tensors: offloaded 34/34 layers to GPU
[llama] load_tensors:          CPU model buffer size =   515.98 MiB
[llama] load_tensors: D3D12_Weights model buffer size =  2597.13 MiB
[llama] load_all_data: buffer type D3D12_Weights is not the default buffer type for device D3D12 for async uploads
[xllama] Session: GGUF model loaded via llama.cpp (persistent)
[llama] llama_context: D3D12_Host  output buffer size =     0.95 MiB
[llama] llama_kv_cache:        CPU KV buffer size =    64.00 MiB
[llama] llama_memory_recurrent:        CPU RS buffer size =    50.25 MiB
[llama] resolve_fused_ops: layer 3 is assigned to device D3D12 but Flash Attention is assigned to device CPU (usually due to missing support)
[llama] resolve_fused_ops: Flash Attention not supported, set to disabled
[xllama] d3d12: D3D12_Host buffer 63.0 MiB
[llama] sched_reserve: D3D12_Host compute buffer size =    63.00 MiB
[llama] sched_reserve: graph splits = 322
[xllama] session: can_shift=0 (memory_can_shift=0 n_swa=0)
[xllama] session: turn full=1 kv_before=0 pf=10 prompt=10
[xllama] PHASE_PREFILL n_prompt=10 rows_kept=10 n_ubatch=64 calls=161 matmuls=201 gpu_ms=64.094396
[xllama] d3d12_shape label=session_prefill part=1/1 keys_total=11 | ctx=target phase=prefill t=14 N=8192 K=2560 B=10 thr=64 mm=12 | ctx=target phase=prefill t=12 N=4096 K=2560 B=10 thr=64 mm=24 | ctx=target phase=prefill t=13 N=2560 K=4096 B=10 thr=128 mm=24 | ctx=target phase=prefill t=12 N=9216 K=2560 B=10 thr=64 mm=64 | ctx=target phase=prefill t=14 N=2560 K=9216 B=10 thr=128 mm=16 | ctx=target phase=prefill t=12 N=8192 K=2560 B=10 thr=64 mm=20 | ctx=target phase=prefill t=14 N=1024 K=2560 B=10 thr=64 mm=4 | ctx=target phase=prefill t=12 N=1024 K=2560 B=10 thr=64 mm=12 | ctx=target phase=prefill t=12 N=2560 K=4096 B=10 thr=128 mm=8 | ctx=target phase=prefill t=12 N=2560 K=9216 B=10 thr=128 mm=16 | ctx=target phase=prefill t=14 N=248320 K=2560 B=1 thr=64 mm=1
[xllama] abort: round boundary n_generated=6
[xllama] session generate: n=6 prefill=154.1ms (10 tok) reuse=0 drafted=0 (mtp=0 lookup=0) spec_accept=0 (mtp=0 lookup=0)
[xllama] PHASE total_ms=511.8 prefill_ms=154.1 decode_ms=302.5 accounted_ms=302.0 residual_decode_ms=0.6 load_plus_setup_ms=55.1 draft_ms=0.0 sample_ms=0.0 topprob_ms=0.0 catchup_ms=0.0 verify_ms=0.0 verify_d3w=0.0 verify_d3g=0.0 verify_cpu=0.0 rounds_split=0 corrective_ms=0.0 classic_decode_ms=296.5 classic_catchup_ms=0.0 lookup_ms=0.0 sample_target_ms=5.4 emit_ms=0.0 maintain_ms=0.0 profile=1
[xllama] d3d12_shape label=session_decode part=1/1 keys_total=11 | ctx=target phase=classic t=14 N=8192 K=2560 B=1 thr=64 mm=72 | ctx=target phase=classic t=12 N=4096 K=2560 B=1 thr=64 mm=144 | ctx=target phase=classic t=13 N=2560 K=4096 B=1 thr=128 mm=144 | ctx=target phase=classic t=12 N=9216 K=2560 B=1 thr=64 mm=384 | ctx=target phase=classic t=14 N=2560 K=9216 B=1 thr=128 mm=96 | ctx=target phase=classic t=12 N=8192 K=2560 B=1 thr=64 mm=120 | ctx=target phase=classic t=14 N=1024 K=2560 B=1 thr=64 mm=24 | ctx=target phase=classic t=12 N=1024 K=2560 B=1 thr=64 mm=72 | ctx=target phase=classic t=12 N=2560 K=4096 B=1 thr=128 mm=48 | ctx=target phase=classic t=12 N=2560 K=9216 B=1 thr=128 mm=96 | ctx=target phase=classic t=14 N=248320 K=2560 B=1 thr=64 mm=6
[xllama] session: KV rewind unsupported (hybrid cache) — full re-prefill (#170): common=15 resident=16 prompt=16
[xllama] session: turn full=1 kv_before=0 pf=16 prompt=16
[xllama] PHASE_PREFILL n_prompt=16 rows_kept=16 n_ubatch=64 calls=161 matmuls=201 gpu_ms=99.683769
[xllama] d3d12_shape label=session_prefill part=1/1 keys_total=11 | ctx=target phase=prefill t=14 N=8192 K=2560 B=16 thr=64 mm=12 | ctx=target phase=prefill t=12 N=4096 K=2560 B=16 thr=64 mm=24 | ctx=target phase=prefill t=13 N=2560 K=4096 B=16 thr=128 mm=24 | ctx=target phase=prefill t=12 N=9216 K=2560 B=16 thr=64 mm=64 | ctx=target phase=prefill t=14 N=2560 K=9216 B=16 thr=128 mm=16 | ctx=target phase=prefill t=12 N=8192 K=2560 B=16 thr=64 mm=20 | ctx=target phase=prefill t=14 N=1024 K=2560 B=16 thr=64 mm=4 | ctx=target phase=prefill t=12 N=1024 K=2560 B=16 thr=64 mm=12 | ctx=target phase=prefill t=12 N=2560 K=4096 B=16 thr=128 mm=8 | ctx=target phase=prefill t=12 N=2560 K=9216 B=16 thr=128 mm=16 | ctx=target phase=prefill t=14 N=248320 K=2560 B=1 thr=64 mm=1
[xllama] session generate: n=12 prefill=196.1ms (16 tok) reuse=0 drafted=0 (mtp=0 lookup=0) spec_accept=0 (mtp=0 lookup=0)
[xllama] PHASE total_ms=856.2 prefill_ms=196.1 decode_ms=655.2 accounted_ms=655.2 residual_decode_ms=0.1 load_plus_setup_ms=4.9 draft_ms=0.0 sample_ms=0.0 topprob_ms=0.0 catchup_ms=0.0 verify_ms=0.0 verify_d3w=0.0 verify_d3g=0.0 verify_cpu=0.0 rounds_split=0 corrective_ms=0.0 classic_decode_ms=644.8 classic_catchup_ms=0.0 lookup_ms=0.0 sample_target_ms=10.3 emit_ms=0.0 maintain_ms=0.0 profile=1
[xllama] d3d12_shape label=session_decode part=1/1 keys_total=11 | ctx=target phase=classic t=14 N=8192 K=2560 B=1 thr=64 mm=144 | ctx=target phase=classic t=12 N=4096 K=2560 B=1 thr=64 mm=288 | ctx=target phase=classic t=13 N=2560 K=4096 B=1 thr=128 mm=288 | ctx=target phase=classic t=12 N=9216 K=2560 B=1 thr=64 mm=768 | ctx=target phase=classic t=14 N=2560 K=9216 B=1 thr=128 mm=192 | ctx=target phase=classic t=12 N=8192 K=2560 B=1 thr=64 mm=240 | ctx=target phase=classic t=14 N=1024 K=2560 B=1 thr=64 mm=48 | ctx=target phase=classic t=12 N=1024 K=2560 B=1 thr=64 mm=144 | ctx=target phase=classic t=12 N=2560 K=4096 B=1 thr=128 mm=96 | ctx=target phase=classic t=12 N=2560 K=9216 B=1 thr=128 mm=192 | ctx=target phase=classic t=14 N=248320 K=2560 B=1 thr=64 mm=12
[llama] ~llama_context: D3D12_Host compute buffer size is  63.0027 MiB, matches expectation of  63.0027 MiB
[llama] ~llama_context: D3D12_Host compute buffer size is   0.0000 MiB, matches expectation of   0.0000 MiB
[xllama] d3d12: 3220 graph_compute calls, 4020 matmuls (0 2col), 615.9 ms wall (362.6 ms GPU)
[xllama] gguf gpu layers: 34 on D3D12
[llama] llama_model_loader: mmap is not supported on this platform
[llama] llama_prepare_model_devices: using device D3D12 (xllama D3D12 compute (Q4_0/Q4_K/Q5_K/Q6_K matmul)) (unknown id) - 4129 MiB free
[llama] load_tensors: layer   0 assigned to device D3D12, is_swa = 0
[llama] load_tensors: layer   1 assigned to device D3D12, is_swa = 0
[llama] load_tensors: layer   2 assigned to device D3D12, is_swa = 0
[llama] load_tensors: layer   3 assigned to device D3D12, is_swa = 0
[llama] load_tensors: layer   4 assigned to device D3D12, is_swa = 0
[llama] load_tensors: layer   5 assigned to device D3D12, is_swa = 0
[llama] load_tensors: layer   6 assigned to device D3D12, is_swa = 0
[llama] load_tensors: layer   7 assigned to device D3D12, is_swa = 0
[llama] load_tensors: layer   8 assigned to device D3D12, is_swa = 0
[llama] load_tensors: layer   9 assigned to device D3D12, is_swa = 0
[llama] load_tensors: layer  10 assigned to device D3D12, is_swa = 0
[llama] load_tensors: layer  11 assigned to device D3D12, is_swa = 0
[llama] load_tensors: layer  12 assigned to device D3D12, is_swa = 0
[llama] load_tensors: layer  13 assigned to device D3D12, is_swa = 0
[llama] load_tensors: layer  14 assigned to device D3D12, is_swa = 0
[llama] load_tensors: layer  15 assigned to device D3D12, is_swa = 0
[llama] load_tensors: layer  16 assigned to device D3D12, is_swa = 0
[llama] load_tensors: layer  17 assigned to device D3D12, is_swa = 0
[llama] load_tensors: layer  18 assigned to device D3D12, is_swa = 0
[llama] load_tensors: layer  19 assigned to device D3D12, is_swa = 0
[llama] load_tensors: layer  20 assigned to device D3D12, is_swa = 0
[llama] load_tensors: layer  21 assigned to device D3D12, is_swa = 0
[llama] load_tensors: layer  22 assigned to device D3D12, is_swa = 0
[llama] load_tensors: layer  23 assigned to device D3D12, is_swa = 0
[llama] load_tensors: layer  24 assigned to device D3D12, is_swa = 0
[llama] load_tensors: layer  25 assigned to device D3D12, is_swa = 0
[llama] load_tensors: layer  26 assigned to device D3D12, is_swa = 0
[llama] load_tensors: layer  27 assigned to device D3D12, is_swa = 0
[llama] load_tensors: layer  28 assigned to device D3D12, is_swa = 0
[llama] load_tensors: layer  29 assigned to device D3D12, is_swa = 0
[llama] load_tensors: layer  30 assigned to device D3D12, is_swa = 0
[llama] load_tensors: layer  31 assigned to device D3D12, is_swa = 0
[llama] load_tensors: layer  32 assigned to device D3D12, is_swa = 0
[llama] load_tensors: layer  33 assigned to device D3D12, is_swa = 0
[llama] model has unused tensor blk.32.attn_norm.weight (size = 10240 bytes) -- ignoring
[llama] model has unused tensor blk.32.post_attention_norm.weight (size = 10240 bytes) -- ignoring
[llama] model has unused tensor blk.32.attn_q.weight (size = 11796480 bytes) -- ignoring
[llama] model has unused tensor blk.32.attn_k.weight (size = 1474560 bytes) -- ignoring
[llama] model has unused tensor blk.32.attn_v.weight (size = 2150400 bytes) -- ignoring
[llama] model has unused tensor blk.32.attn_output.weight (size = 5898240 bytes) -- ignoring
[llama] model has unused tensor blk.32.attn_q_norm.weight (size = 1024 bytes) -- ignoring
[llama] model has unused tensor blk.32.attn_k_norm.weight (size = 1024 bytes) -- ignoring
[llama] model has unused tensor blk.32.ffn_gate.weight (size = 13271040 bytes) -- ignoring
[llama] model has unused tensor blk.32.ffn_down.weight (size = 19353600 bytes) -- ignoring
[llama] model has unused tensor blk.32.ffn_up.weight (size = 13271040 bytes) -- ignoring
[llama] model has unused tensor blk.32.nextn.eh_proj.weight (size = 13926400 bytes) -- ignoring
[llama] model has unused tensor blk.32.nextn.enorm.weight (size = 10240 bytes) -- ignoring
[llama] model has unused tensor blk.32.nextn.hnorm.weight (size = 10240 bytes) -- ignoring
[llama] model has unused tensor blk.32.nextn.shared_head_norm.weight (size = 10240 bytes) -- ignoring
[xllama] d3d12: D3D12_Weights buffer 2597.1 MiB
[llama] load_tensors: offloading output layer to GPU
[llama] load_tensors: offloading 32 repeating layers to GPU
[llama] load_tensors: offloaded 34/34 layers to GPU
[llama] load_tensors:          CPU model buffer size =   515.98 MiB
[llama] load_tensors: D3D12_Weights model buffer size =  2597.13 MiB
[llama] load_all_data: buffer type D3D12_Weights is not the default buffer type for device D3D12 for async uploads
[xllama] Session: GGUF model loaded via llama.cpp (persistent)
[llama] llama_context: D3D12_Host  output buffer size =     0.95 MiB
[llama] llama_kv_cache:        CPU KV buffer size =    64.00 MiB
[llama] llama_memory_recurrent:        CPU RS buffer size =    50.25 MiB
[llama] resolve_fused_ops: layer 3 is assigned to device D3D12 but Flash Attention is assigned to device CPU (usually due to missing support)
[llama] resolve_fused_ops: Flash Attention not supported, set to disabled
[xllama] d3d12: D3D12_Host buffer 63.0 MiB
[llama] sched_reserve: D3D12_Host compute buffer size =    63.00 MiB
[llama] sched_reserve: graph splits = 322
[xllama] session: can_shift=0 (memory_can_shift=0 n_swa=0)
[xllama] session: turn full=1 kv_before=0 pf=10 prompt=10
[xllama] PHASE_PREFILL n_prompt=10 rows_kept=10 n_ubatch=64 calls=161 matmuls=201 gpu_ms=68.545684
[xllama] d3d12_shape label=session_prefill part=1/1 keys_total=11 | ctx=target phase=prefill t=14 N=8192 K=2560 B=10 thr=64 mm=12 | ctx=target phase=prefill t=12 N=4096 K=2560 B=10 thr=64 mm=24 | ctx=target phase=prefill t=13 N=2560 K=4096 B=10 thr=128 mm=24 | ctx=target phase=prefill t=12 N=9216 K=2560 B=10 thr=64 mm=64 | ctx=target phase=prefill t=14 N=2560 K=9216 B=10 thr=128 mm=16 | ctx=target phase=prefill t=12 N=8192 K=2560 B=10 thr=64 mm=20 | ctx=target phase=prefill t=14 N=1024 K=2560 B=10 thr=64 mm=4 | ctx=target phase=prefill t=12 N=1024 K=2560 B=10 thr=64 mm=12 | ctx=target phase=prefill t=12 N=2560 K=4096 B=10 thr=128 mm=8 | ctx=target phase=prefill t=12 N=2560 K=9216 B=10 thr=128 mm=16 | ctx=target phase=prefill t=14 N=248320 K=2560 B=1 thr=64 mm=1
[xllama] session generate: n=18 prefill=142.8ms (10 tok) reuse=0 drafted=0 (mtp=0 lookup=0) spec_accept=0 (mtp=0 lookup=0)
[xllama] PHASE total_ms=1103.9 prefill_ms=142.8 decode_ms=922.8 accounted_ms=922.6 residual_decode_ms=0.1 load_plus_setup_ms=38.3 draft_ms=0.0 sample_ms=0.0 topprob_ms=0.0 catchup_ms=0.0 verify_ms=0.0 verify_d3w=0.0 verify_d3g=0.0 verify_cpu=0.0 rounds_split=0 corrective_ms=0.0 classic_decode_ms=906.7 classic_catchup_ms=0.0 lookup_ms=0.0 sample_target_ms=15.9 emit_ms=0.0 maintain_ms=0.0 profile=1
[xllama] d3d12_shape label=session_decode part=1/1 keys_total=11 | ctx=target phase=classic t=14 N=8192 K=2560 B=1 thr=64 mm=216 | ctx=target phase=classic t=12 N=4096 K=2560 B=1 thr=64 mm=432 | ctx=target phase=classic t=13 N=2560 K=4096 B=1 thr=128 mm=432 | ctx=target phase=classic t=12 N=9216 K=2560 B=1 thr=64 mm=1152 | ctx=target phase=classic t=14 N=2560 K=9216 B=1 thr=128 mm=288 | ctx=target phase=classic t=12 N=8192 K=2560 B=1 thr=64 mm=360 | ctx=target phase=classic t=14 N=1024 K=2560 B=1 thr=64 mm=72 | ctx=target phase=classic t=12 N=1024 K=2560 B=1 thr=64 mm=216 | ctx=target phase=classic t=12 N=2560 K=4096 B=1 thr=128 mm=144 | ctx=target phase=classic t=12 N=2560 K=9216 B=1 thr=128 mm=288 | ctx=target phase=classic t=14 N=248320 K=2560 B=1 thr=64 mm=18
[llama] ~llama_context: D3D12_Host compute buffer size is  63.0027 MiB, matches expectation of  63.0027 MiB
[llama] ~llama_context: D3D12_Host compute buffer size is   0.0000 MiB, matches expectation of   0.0000 MiB
[xllama] d3d12: 3059 graph_compute calls, 3819 matmuls (0 2col), 470.4 ms wall (270.3 ms GPU)
[xllama] TERMGATE scenario=cancel@6 arm=seq ok=1 reason=- n_ids=6 n_ref=18 parity=1 first_diff=-1 active=0 drafted=0 rounds=0 lookup=0 ews=0 n_eval=6 eog_tok=-1 eog_branch=- stop_branch=- stop_round=-1
[xllama] gguf gpu layers: 34 on D3D12
[llama] llama_model_loader: mmap is not supported on this platform
[llama] llama_prepare_model_devices: using device D3D12 (xllama D3D12 compute (Q4_0/Q4_K/Q5_K/Q6_K matmul)) (unknown id) - 4129 MiB free
[llama] load_tensors: layer   0 assigned to device D3D12, is_swa = 0
[llama] load_tensors: layer   1 assigned to device D3D12, is_swa = 0
[llama] load_tensors: layer   2 assigned to device D3D12, is_swa = 0
[llama] load_tensors: layer   3 assigned to device D3D12, is_swa = 0
[llama] load_tensors: layer   4 assigned to device D3D12, is_swa = 0
[llama] load_tensors: layer   5 assigned to device D3D12, is_swa = 0
[llama] load_tensors: layer   6 assigned to device D3D12, is_swa = 0
[llama] load_tensors: layer   7 assigned to device D3D12, is_swa = 0
[llama] load_tensors: layer   8 assigned to device D3D12, is_swa = 0
[llama] load_tensors: layer   9 assigned to device D3D12, is_swa = 0
[llama] load_tensors: layer  10 assigned to device D3D12, is_swa = 0
[llama] load_tensors: layer  11 assigned to device D3D12, is_swa = 0
[llama] load_tensors: layer  12 assigned to device D3D12, is_swa = 0
[llama] load_tensors: layer  13 assigned to device D3D12, is_swa = 0
[llama] load_tensors: layer  14 assigned to device D3D12, is_swa = 0
[llama] load_tensors: layer  15 assigned to device D3D12, is_swa = 0
[llama] load_tensors: layer  16 assigned to device D3D12, is_swa = 0
[llama] load_tensors: layer  17 assigned to device D3D12, is_swa = 0
[llama] load_tensors: layer  18 assigned to device D3D12, is_swa = 0
[llama] load_tensors: layer  19 assigned to device D3D12, is_swa = 0
[llama] load_tensors: layer  20 assigned to device D3D12, is_swa = 0
[llama] load_tensors: layer  21 assigned to device D3D12, is_swa = 0
[llama] load_tensors: layer  22 assigned to device D3D12, is_swa = 0
[llama] load_tensors: layer  23 assigned to device D3D12, is_swa = 0
[llama] load_tensors: layer  24 assigned to device D3D12, is_swa = 0
[llama] load_tensors: layer  25 assigned to device D3D12, is_swa = 0
[llama] load_tensors: layer  26 assigned to device D3D12, is_swa = 0
[llama] load_tensors: layer  27 assigned to device D3D12, is_swa = 0
[llama] load_tensors: layer  28 assigned to device D3D12, is_swa = 0
[llama] load_tensors: layer  29 assigned to device D3D12, is_swa = 0
[llama] load_tensors: layer  30 assigned to device D3D12, is_swa = 0
[llama] load_tensors: layer  31 assigned to device D3D12, is_swa = 0
[llama] load_tensors: layer  32 assigned to device D3D12, is_swa = 0
[llama] load_tensors: layer  33 assigned to device D3D12, is_swa = 0
[llama] model has unused tensor blk.32.attn_norm.weight (size = 10240 bytes) -- ignoring
[llama] model has unused tensor blk.32.post_attention_norm.weight (size = 10240 bytes) -- ignoring
[llama] model has unused tensor blk.32.attn_q.weight (size = 11796480 bytes) -- ignoring
[llama] model has unused tensor blk.32.attn_k.weight (size = 1474560 bytes) -- ignoring
[llama] model has unused tensor blk.32.attn_v.weight (size = 2150400 bytes) -- ignoring
[llama] model has unused tensor blk.32.attn_output.weight (size = 5898240 bytes) -- ignoring
[llama] model has unused tensor blk.32.attn_q_norm.weight (size = 1024 bytes) -- ignoring
[llama] model has unused tensor blk.32.attn_k_norm.weight (size = 1024 bytes) -- ignoring
[llama] model has unused tensor blk.32.ffn_gate.weight (size = 13271040 bytes) -- ignoring
[llama] model has unused tensor blk.32.ffn_down.weight (size = 19353600 bytes) -- ignoring
[llama] model has unused tensor blk.32.ffn_up.weight (size = 13271040 bytes) -- ignoring
[llama] model has unused tensor blk.32.nextn.eh_proj.weight (size = 13926400 bytes) -- ignoring
[llama] model has unused tensor blk.32.nextn.enorm.weight (size = 10240 bytes) -- ignoring
[llama] model has unused tensor blk.32.nextn.hnorm.weight (size = 10240 bytes) -- ignoring
[llama] model has unused tensor blk.32.nextn.shared_head_norm.weight (size = 10240 bytes) -- ignoring
[xllama] d3d12: D3D12_Weights buffer 2597.1 MiB
[llama] load_tensors: offloading output layer to GPU
[llama] load_tensors: offloading 32 repeating layers to GPU
[llama] load_tensors: offloaded 34/34 layers to GPU
[llama] load_tensors:          CPU model buffer size =   515.98 MiB
[llama] load_tensors: D3D12_Weights model buffer size =  2597.13 MiB
[llama] load_all_data: buffer type D3D12_Weights is not the default buffer type for device D3D12 for async uploads
[xllama] Session: GGUF model loaded via llama.cpp (persistent)
[llama] llama_context: D3D12_Host  output buffer size =     0.95 MiB
[llama] llama_kv_cache:        CPU KV buffer size =    64.00 MiB
[llama] llama_memory_recurrent:        CPU RS buffer size =    50.25 MiB
[llama] resolve_fused_ops: layer 3 is assigned to device D3D12 but Flash Attention is assigned to device CPU (usually due to missing support)
[llama] resolve_fused_ops: Flash Attention not supported, set to disabled
[xllama] d3d12: D3D12_Host buffer 63.0 MiB
[llama] sched_reserve: D3D12_Host compute buffer size =    63.00 MiB
[llama] sched_reserve: graph splits = 322
[xllama] session: can_shift=0 (memory_can_shift=0 n_swa=0)
[xllama] session: turn full=1 kv_before=0 pf=10 prompt=10
[xllama] PHASE_PREFILL n_prompt=10 rows_kept=10 n_ubatch=64 calls=161 matmuls=201 gpu_ms=64.693494
[xllama] d3d12_shape label=session_prefill part=1/1 keys_total=11 | ctx=target phase=prefill t=14 N=8192 K=2560 B=10 thr=64 mm=12 | ctx=target phase=prefill t=12 N=4096 K=2560 B=10 thr=64 mm=24 | ctx=target phase=prefill t=13 N=2560 K=4096 B=10 thr=128 mm=24 | ctx=target phase=prefill t=12 N=9216 K=2560 B=10 thr=64 mm=64 | ctx=target phase=prefill t=14 N=2560 K=9216 B=10 thr=128 mm=16 | ctx=target phase=prefill t=12 N=8192 K=2560 B=10 thr=64 mm=20 | ctx=target phase=prefill t=14 N=1024 K=2560 B=10 thr=64 mm=4 | ctx=target phase=prefill t=12 N=1024 K=2560 B=10 thr=64 mm=12 | ctx=target phase=prefill t=12 N=2560 K=4096 B=10 thr=128 mm=8 | ctx=target phase=prefill t=12 N=2560 K=9216 B=10 thr=128 mm=16 | ctx=target phase=prefill t=14 N=248320 K=2560 B=1 thr=64 mm=1
[xllama] abort: round boundary n_generated=13
[xllama] session generate: n=13 prefill=143.0ms (10 tok) reuse=0 drafted=0 (mtp=0 lookup=0) spec_accept=0 (mtp=0 lookup=0)
[xllama] PHASE total_ms=858.6 prefill_ms=143.0 decode_ms=654.2 accounted_ms=654.0 residual_decode_ms=0.2 load_plus_setup_ms=61.4 draft_ms=0.0 sample_ms=0.0 topprob_ms=0.0 catchup_ms=0.0 verify_ms=0.0 verify_d3w=0.0 verify_d3g=0.0 verify_cpu=0.0 rounds_split=0 corrective_ms=0.0 classic_decode_ms=642.4 classic_catchup_ms=0.0 lookup_ms=0.0 sample_target_ms=11.6 emit_ms=0.0 maintain_ms=0.0 profile=1
[xllama] d3d12_shape label=session_decode part=1/1 keys_total=11 | ctx=target phase=classic t=14 N=8192 K=2560 B=1 thr=64 mm=156 | ctx=target phase=classic t=12 N=4096 K=2560 B=1 thr=64 mm=312 | ctx=target phase=classic t=13 N=2560 K=4096 B=1 thr=128 mm=312 | ctx=target phase=classic t=12 N=9216 K=2560 B=1 thr=64 mm=832 | ctx=target phase=classic t=14 N=2560 K=9216 B=1 thr=128 mm=208 | ctx=target phase=classic t=12 N=8192 K=2560 B=1 thr=64 mm=260 | ctx=target phase=classic t=14 N=1024 K=2560 B=1 thr=64 mm=52 | ctx=target phase=classic t=12 N=1024 K=2560 B=1 thr=64 mm=156 | ctx=target phase=classic t=12 N=2560 K=4096 B=1 thr=128 mm=104 | ctx=target phase=classic t=12 N=2560 K=9216 B=1 thr=128 mm=208 | ctx=target phase=classic t=14 N=248320 K=2560 B=1 thr=64 mm=13
[xllama] session: KV rewind unsupported (hybrid cache) — full re-prefill (#170): common=22 resident=23 prompt=23
[xllama] session: turn full=1 kv_before=0 pf=23 prompt=23
[xllama] PHASE_PREFILL n_prompt=23 rows_kept=23 n_ubatch=64 calls=161 matmuls=201 gpu_ms=141.429454
[xllama] d3d12_shape label=session_prefill part=1/1 keys_total=11 | ctx=target phase=prefill t=14 N=8192 K=2560 B=23 thr=64 mm=12 | ctx=target phase=prefill t=12 N=4096 K=2560 B=23 thr=64 mm=24 | ctx=target phase=prefill t=13 N=2560 K=4096 B=23 thr=128 mm=24 | ctx=target phase=prefill t=12 N=9216 K=2560 B=23 thr=64 mm=64 | ctx=target phase=prefill t=14 N=2560 K=9216 B=23 thr=128 mm=16 | ctx=target phase=prefill t=12 N=8192 K=2560 B=23 thr=64 mm=20 | ctx=target phase=prefill t=14 N=1024 K=2560 B=23 thr=64 mm=4 | ctx=target phase=prefill t=12 N=1024 K=2560 B=23 thr=64 mm=12 | ctx=target phase=prefill t=12 N=2560 K=4096 B=23 thr=128 mm=8 | ctx=target phase=prefill t=12 N=2560 K=9216 B=23 thr=128 mm=16 | ctx=target phase=prefill t=14 N=248320 K=2560 B=1 thr=64 mm=1
[xllama] session generate: n=12 prefill=295.1ms (23 tok) reuse=0 drafted=0 (mtp=0 lookup=0) spec_accept=0 (mtp=0 lookup=0)
[xllama] PHASE total_ms=906.4 prefill_ms=295.1 decode_ms=606.2 accounted_ms=606.2 residual_decode_ms=0.1 load_plus_setup_ms=5.1 draft_ms=0.0 sample_ms=0.0 topprob_ms=0.0 catchup_ms=0.0 verify_ms=0.0 verify_d3w=0.0 verify_d3g=0.0 verify_cpu=0.0 rounds_split=0 corrective_ms=0.0 classic_decode_ms=595.3 classic_catchup_ms=0.0 lookup_ms=0.0 sample_target_ms=10.8 emit_ms=0.0 maintain_ms=0.0 profile=1
[xllama] d3d12_shape label=session_decode part=1/1 keys_total=11 | ctx=target phase=classic t=14 N=8192 K=2560 B=1 thr=64 mm=144 | ctx=target phase=classic t=12 N=4096 K=2560 B=1 thr=64 mm=288 | ctx=target phase=classic t=13 N=2560 K=4096 B=1 thr=128 mm=288 | ctx=target phase=classic t=12 N=9216 K=2560 B=1 thr=64 mm=768 | ctx=target phase=classic t=14 N=2560 K=9216 B=1 thr=128 mm=192 | ctx=target phase=classic t=12 N=8192 K=2560 B=1 thr=64 mm=240 | ctx=target phase=classic t=14 N=1024 K=2560 B=1 thr=64 mm=48 | ctx=target phase=classic t=12 N=1024 K=2560 B=1 thr=64 mm=144 | ctx=target phase=classic t=12 N=2560 K=4096 B=1 thr=128 mm=96 | ctx=target phase=classic t=12 N=2560 K=9216 B=1 thr=128 mm=192 | ctx=target phase=classic t=14 N=248320 K=2560 B=1 thr=64 mm=12
[llama] ~llama_context: D3D12_Host compute buffer size is  63.0027 MiB, matches expectation of  63.0027 MiB
[llama] ~llama_context: D3D12_Host compute buffer size is   0.0000 MiB, matches expectation of   0.0000 MiB
[xllama] d3d12: 4347 graph_compute calls, 5427 matmuls (0 2col), 781.1 ms wall (481.9 ms GPU)
[xllama] gguf gpu layers: 34 on D3D12
[llama] llama_model_loader: mmap is not supported on this platform
[llama] llama_prepare_model_devices: using device D3D12 (xllama D3D12 compute (Q4_0/Q4_K/Q5_K/Q6_K matmul)) (unknown id) - 4129 MiB free
[llama] load_tensors: layer   0 assigned to device D3D12, is_swa = 0
[llama] load_tensors: layer   1 assigned to device D3D12, is_swa = 0
[llama] load_tensors: layer   2 assigned to device D3D12, is_swa = 0
[llama] load_tensors: layer   3 assigned to device D3D12, is_swa = 0
[llama] load_tensors: layer   4 assigned to device D3D12, is_swa = 0
[llama] load_tensors: layer   5 assigned to device D3D12, is_swa = 0
[llama] load_tensors: layer   6 assigned to device D3D12, is_swa = 0
[llama] load_tensors: layer   7 assigned to device D3D12, is_swa = 0
[llama] load_tensors: layer   8 assigned to device D3D12, is_swa = 0
[llama] load_tensors: layer   9 assigned to device D3D12, is_swa = 0
[llama] load_tensors: layer  10 assigned to device D3D12, is_swa = 0
[llama] load_tensors: layer  11 assigned to device D3D12, is_swa = 0
[llama] load_tensors: layer  12 assigned to device D3D12, is_swa = 0
[llama] load_tensors: layer  13 assigned to device D3D12, is_swa = 0
[llama] load_tensors: layer  14 assigned to device D3D12, is_swa = 0
[llama] load_tensors: layer  15 assigned to device D3D12, is_swa = 0
[llama] load_tensors: layer  16 assigned to device D3D12, is_swa = 0
[llama] load_tensors: layer  17 assigned to device D3D12, is_swa = 0
[llama] load_tensors: layer  18 assigned to device D3D12, is_swa = 0
[llama] load_tensors: layer  19 assigned to device D3D12, is_swa = 0
[llama] load_tensors: layer  20 assigned to device D3D12, is_swa = 0
[llama] load_tensors: layer  21 assigned to device D3D12, is_swa = 0
[llama] load_tensors: layer  22 assigned to device D3D12, is_swa = 0
[llama] load_tensors: layer  23 assigned to device D3D12, is_swa = 0
[llama] load_tensors: layer  24 assigned to device D3D12, is_swa = 0
[llama] load_tensors: layer  25 assigned to device D3D12, is_swa = 0
[llama] load_tensors: layer  26 assigned to device D3D12, is_swa = 0
[llama] load_tensors: layer  27 assigned to device D3D12, is_swa = 0
[llama] load_tensors: layer  28 assigned to device D3D12, is_swa = 0
[llama] load_tensors: layer  29 assigned to device D3D12, is_swa = 0
[llama] load_tensors: layer  30 assigned to device D3D12, is_swa = 0
[llama] load_tensors: layer  31 assigned to device D3D12, is_swa = 0
[llama] load_tensors: layer  32 assigned to device D3D12, is_swa = 0
[llama] load_tensors: layer  33 assigned to device D3D12, is_swa = 0
[llama] model has unused tensor blk.32.attn_norm.weight (size = 10240 bytes) -- ignoring
[llama] model has unused tensor blk.32.post_attention_norm.weight (size = 10240 bytes) -- ignoring
[llama] model has unused tensor blk.32.attn_q.weight (size = 11796480 bytes) -- ignoring
[llama] model has unused tensor blk.32.attn_k.weight (size = 1474560 bytes) -- ignoring
[llama] model has unused tensor blk.32.attn_v.weight (size = 2150400 bytes) -- ignoring
[llama] model has unused tensor blk.32.attn_output.weight (size = 5898240 bytes) -- ignoring
[llama] model has unused tensor blk.32.attn_q_norm.weight (size = 1024 bytes) -- ignoring
[llama] model has unused tensor blk.32.attn_k_norm.weight (size = 1024 bytes) -- ignoring
[llama] model has unused tensor blk.32.ffn_gate.weight (size = 13271040 bytes) -- ignoring
[llama] model has unused tensor blk.32.ffn_down.weight (size = 19353600 bytes) -- ignoring
[llama] model has unused tensor blk.32.ffn_up.weight (size = 13271040 bytes) -- ignoring
[llama] model has unused tensor blk.32.nextn.eh_proj.weight (size = 13926400 bytes) -- ignoring
[llama] model has unused tensor blk.32.nextn.enorm.weight (size = 10240 bytes) -- ignoring
[llama] model has unused tensor blk.32.nextn.hnorm.weight (size = 10240 bytes) -- ignoring
[llama] model has unused tensor blk.32.nextn.shared_head_norm.weight (size = 10240 bytes) -- ignoring
[xllama] d3d12: D3D12_Weights buffer 2597.1 MiB
[llama] load_tensors: offloading output layer to GPU
[llama] load_tensors: offloading 32 repeating layers to GPU
[llama] load_tensors: offloaded 34/34 layers to GPU
[llama] load_tensors:          CPU model buffer size =   515.98 MiB
[llama] load_tensors: D3D12_Weights model buffer size =  2597.13 MiB
[llama] load_all_data: buffer type D3D12_Weights is not the default buffer type for device D3D12 for async uploads
[xllama] Session: GGUF model loaded via llama.cpp (persistent)
[llama] llama_context: D3D12_Host  output buffer size =     0.95 MiB
[llama] llama_kv_cache:        CPU KV buffer size =    64.00 MiB
[llama] llama_memory_recurrent:        CPU RS buffer size =    50.25 MiB
[llama] resolve_fused_ops: layer 3 is assigned to device D3D12 but Flash Attention is assigned to device CPU (usually due to missing support)
[llama] resolve_fused_ops: Flash Attention not supported, set to disabled
[xllama] d3d12: D3D12_Host buffer 63.0 MiB
[llama] sched_reserve: D3D12_Host compute buffer size =    63.00 MiB
[llama] sched_reserve: graph splits = 322
[xllama] session: can_shift=0 (memory_can_shift=0 n_swa=0)
[xllama] session: turn full=1 kv_before=0 pf=10 prompt=10
[xllama] PHASE_PREFILL n_prompt=10 rows_kept=10 n_ubatch=64 calls=161 matmuls=201 gpu_ms=68.848361
[xllama] d3d12_shape label=session_prefill part=1/1 keys_total=11 | ctx=target phase=prefill t=14 N=8192 K=2560 B=10 thr=64 mm=12 | ctx=target phase=prefill t=12 N=4096 K=2560 B=10 thr=64 mm=24 | ctx=target phase=prefill t=13 N=2560 K=4096 B=10 thr=128 mm=24 | ctx=target phase=prefill t=12 N=9216 K=2560 B=10 thr=64 mm=64 | ctx=target phase=prefill t=14 N=2560 K=9216 B=10 thr=128 mm=16 | ctx=target phase=prefill t=12 N=8192 K=2560 B=10 thr=64 mm=20 | ctx=target phase=prefill t=14 N=1024 K=2560 B=10 thr=64 mm=4 | ctx=target phase=prefill t=12 N=1024 K=2560 B=10 thr=64 mm=12 | ctx=target phase=prefill t=12 N=2560 K=4096 B=10 thr=128 mm=8 | ctx=target phase=prefill t=12 N=2560 K=9216 B=10 thr=128 mm=16 | ctx=target phase=prefill t=14 N=248320 K=2560 B=1 thr=64 mm=1
[xllama] session generate: n=25 prefill=143.5ms (10 tok) reuse=0 drafted=0 (mtp=0 lookup=0) spec_accept=0 (mtp=0 lookup=0)
[xllama] PHASE total_ms=1531.8 prefill_ms=143.5 decode_ms=1351.4 accounted_ms=1351.2 residual_decode_ms=0.1 load_plus_setup_ms=37.0 draft_ms=0.0 sample_ms=0.0 topprob_ms=0.0 catchup_ms=0.0 verify_ms=0.0 verify_d3w=0.0 verify_d3g=0.0 verify_cpu=0.0 rounds_split=0 corrective_ms=0.0 classic_decode_ms=1329.2 classic_catchup_ms=0.0 lookup_ms=0.0 sample_target_ms=21.9 emit_ms=0.1 maintain_ms=0.0 profile=1
[xllama] d3d12_shape label=session_decode part=1/1 keys_total=11 | ctx=target phase=classic t=14 N=8192 K=2560 B=1 thr=64 mm=300 | ctx=target phase=classic t=12 N=4096 K=2560 B=1 thr=64 mm=600 | ctx=target phase=classic t=13 N=2560 K=4096 B=1 thr=128 mm=600 | ctx=target phase=classic t=12 N=9216 K=2560 B=1 thr=64 mm=1600 | ctx=target phase=classic t=14 N=2560 K=9216 B=1 thr=128 mm=400 | ctx=target phase=classic t=12 N=8192 K=2560 B=1 thr=64 mm=500 | ctx=target phase=classic t=14 N=1024 K=2560 B=1 thr=64 mm=100 | ctx=target phase=classic t=12 N=1024 K=2560 B=1 thr=64 mm=300 | ctx=target phase=classic t=12 N=2560 K=4096 B=1 thr=128 mm=200 | ctx=target phase=classic t=12 N=2560 K=9216 B=1 thr=128 mm=400 | ctx=target phase=classic t=14 N=248320 K=2560 B=1 thr=64 mm=25
[llama] ~llama_context: D3D12_Host compute buffer size is  63.0027 MiB, matches expectation of  63.0027 MiB
[llama] ~llama_context: D3D12_Host compute buffer size is   0.0000 MiB, matches expectation of   0.0000 MiB
[xllama] d3d12: 4186 graph_compute calls, 5226 matmuls (0 2col), 688.1 ms wall (349.2 ms GPU)
[xllama] TERMGATE scenario=cancel@13 arm=seq ok=1 reason=- n_ids=13 n_ref=25 parity=1 first_diff=-1 active=0 drafted=0 rounds=0 lookup=0 ews=0 n_eval=13 eog_tok=-1 eog_branch=- stop_branch=- stop_round=-1
[xllama] gguf gpu layers: 34 on D3D12
[llama] llama_model_loader: mmap is not supported on this platform
[llama] llama_prepare_model_devices: using device D3D12 (xllama D3D12 compute (Q4_0/Q4_K/Q5_K/Q6_K matmul)) (unknown id) - 4129 MiB free
[llama] load_tensors: layer   0 assigned to device D3D12, is_swa = 0
[llama] load_tensors: layer   1 assigned to device D3D12, is_swa = 0
[llama] load_tensors: layer   2 assigned to device D3D12, is_swa = 0
[llama] load_tensors: layer   3 assigned to device D3D12, is_swa = 0
[llama] load_tensors: layer   4 assigned to device D3D12, is_swa = 0
[llama] load_tensors: layer   5 assigned to device D3D12, is_swa = 0
[llama] load_tensors: layer   6 assigned to device D3D12, is_swa = 0
[llama] load_tensors: layer   7 assigned to device D3D12, is_swa = 0
[llama] load_tensors: layer   8 assigned to device D3D12, is_swa = 0
[llama] load_tensors: layer   9 assigned to device D3D12, is_swa = 0
[llama] load_tensors: layer  10 assigned to device D3D12, is_swa = 0
[llama] load_tensors: layer  11 assigned to device D3D12, is_swa = 0
[llama] load_tensors: layer  12 assigned to device D3D12, is_swa = 0
[llama] load_tensors: layer  13 assigned to device D3D12, is_swa = 0
[llama] load_tensors: layer  14 assigned to device D3D12, is_swa = 0
[llama] load_tensors: layer  15 assigned to device D3D12, is_swa = 0
[llama] load_tensors: layer  16 assigned to device D3D12, is_swa = 0
[llama] load_tensors: layer  17 assigned to device D3D12, is_swa = 0
[llama] load_tensors: layer  18 assigned to device D3D12, is_swa = 0
[llama] load_tensors: layer  19 assigned to device D3D12, is_swa = 0
[llama] load_tensors: layer  20 assigned to device D3D12, is_swa = 0
[llama] load_tensors: layer  21 assigned to device D3D12, is_swa = 0
[llama] load_tensors: layer  22 assigned to device D3D12, is_swa = 0
[llama] load_tensors: layer  23 assigned to device D3D12, is_swa = 0
[llama] load_tensors: layer  24 assigned to device D3D12, is_swa = 0
[llama] load_tensors: layer  25 assigned to device D3D12, is_swa = 0
[llama] load_tensors: layer  26 assigned to device D3D12, is_swa = 0
[llama] load_tensors: layer  27 assigned to device D3D12, is_swa = 0
[llama] load_tensors: layer  28 assigned to device D3D12, is_swa = 0
[llama] load_tensors: layer  29 assigned to device D3D12, is_swa = 0
[llama] load_tensors: layer  30 assigned to device D3D12, is_swa = 0
[llama] load_tensors: layer  31 assigned to device D3D12, is_swa = 0
[llama] load_tensors: layer  32 assigned to device D3D12, is_swa = 0
[llama] load_tensors: layer  33 assigned to device D3D12, is_swa = 0
[llama] model has unused tensor blk.32.attn_norm.weight (size = 10240 bytes) -- ignoring
[llama] model has unused tensor blk.32.post_attention_norm.weight (size = 10240 bytes) -- ignoring
[llama] model has unused tensor blk.32.attn_q.weight (size = 11796480 bytes) -- ignoring
[llama] model has unused tensor blk.32.attn_k.weight (size = 1474560 bytes) -- ignoring
[llama] model has unused tensor blk.32.attn_v.weight (size = 2150400 bytes) -- ignoring
[llama] model has unused tensor blk.32.attn_output.weight (size = 5898240 bytes) -- ignoring
[llama] model has unused tensor blk.32.attn_q_norm.weight (size = 1024 bytes) -- ignoring
[llama] model has unused tensor blk.32.attn_k_norm.weight (size = 1024 bytes) -- ignoring
[llama] model has unused tensor blk.32.ffn_gate.weight (size = 13271040 bytes) -- ignoring
[llama] model has unused tensor blk.32.ffn_down.weight (size = 19353600 bytes) -- ignoring
[llama] model has unused tensor blk.32.ffn_up.weight (size = 13271040 bytes) -- ignoring
[llama] model has unused tensor blk.32.nextn.eh_proj.weight (size = 13926400 bytes) -- ignoring
[llama] model has unused tensor blk.32.nextn.enorm.weight (size = 10240 bytes) -- ignoring
[llama] model has unused tensor blk.32.nextn.hnorm.weight (size = 10240 bytes) -- ignoring
[llama] model has unused tensor blk.32.nextn.shared_head_norm.weight (size = 10240 bytes) -- ignoring
[xllama] d3d12: D3D12_Weights buffer 2597.1 MiB
[llama] load_tensors: offloading output layer to GPU
[llama] load_tensors: offloading 32 repeating layers to GPU
[llama] load_tensors: offloaded 34/34 layers to GPU
[llama] load_tensors:          CPU model buffer size =   515.98 MiB
[llama] load_tensors: D3D12_Weights model buffer size =  2597.13 MiB
[llama] load_all_data: buffer type D3D12_Weights is not the default buffer type for device D3D12 for async uploads
[xllama] Session: GGUF model loaded via llama.cpp (persistent)
[llama] llama_context: D3D12_Host  output buffer size =     0.95 MiB
[llama] llama_kv_cache:        CPU KV buffer size =    64.00 MiB
[llama] llama_memory_recurrent:        CPU RS buffer size =    50.25 MiB
[llama] resolve_fused_ops: layer 3 is assigned to device D3D12 but Flash Attention is assigned to device CPU (usually due to missing support)
[llama] resolve_fused_ops: Flash Attention not supported, set to disabled
[xllama] d3d12: D3D12_Host buffer 63.0 MiB
[llama] sched_reserve: D3D12_Host compute buffer size =    63.00 MiB
[llama] sched_reserve: graph splits = 322
[xllama] session: can_shift=0 (memory_can_shift=0 n_swa=0)
[xllama] session: turn full=1 kv_before=0 pf=11 prompt=11
[xllama] PHASE_PREFILL n_prompt=11 rows_kept=11 n_ubatch=64 calls=161 matmuls=201 gpu_ms=71.782536
[xllama] d3d12_shape label=session_prefill part=1/1 keys_total=11 | ctx=target phase=prefill t=14 N=8192 K=2560 B=11 thr=64 mm=12 | ctx=target phase=prefill t=12 N=4096 K=2560 B=11 thr=64 mm=24 | ctx=target phase=prefill t=13 N=2560 K=4096 B=11 thr=128 mm=24 | ctx=target phase=prefill t=12 N=9216 K=2560 B=11 thr=64 mm=64 | ctx=target phase=prefill t=14 N=2560 K=9216 B=11 thr=128 mm=16 | ctx=target phase=prefill t=12 N=8192 K=2560 B=11 thr=64 mm=20 | ctx=target phase=prefill t=14 N=1024 K=2560 B=11 thr=64 mm=4 | ctx=target phase=prefill t=12 N=1024 K=2560 B=11 thr=64 mm=12 | ctx=target phase=prefill t=12 N=2560 K=4096 B=11 thr=128 mm=8 | ctx=target phase=prefill t=12 N=2560 K=9216 B=11 thr=128 mm=16 | ctx=target phase=prefill t=14 N=248320 K=2560 B=1 thr=64 mm=1
[xllama] EOG after 10 tokens tok=248044 branch=classic
[xllama] session generate: n=10 prefill=171.2ms (11 tok) reuse=0 drafted=0 (mtp=0 lookup=0) spec_accept=0 (mtp=0 lookup=0)
[xllama] PHASE total_ms=733.1 prefill_ms=171.2 decode_ms=525.1 accounted_ms=525.0 residual_decode_ms=0.2 load_plus_setup_ms=36.8 draft_ms=0.0 sample_ms=0.0 topprob_ms=0.0 catchup_ms=0.0 verify_ms=0.0 verify_d3w=0.0 verify_d3g=0.0 verify_cpu=0.0 rounds_split=0 corrective_ms=0.0 classic_decode_ms=515.2 classic_catchup_ms=0.0 lookup_ms=0.0 sample_target_ms=9.7 emit_ms=0.0 maintain_ms=0.0 profile=1
[xllama] d3d12_shape label=session_decode part=1/1 keys_total=11 | ctx=target phase=classic t=14 N=8192 K=2560 B=1 thr=64 mm=120 | ctx=target phase=classic t=12 N=4096 K=2560 B=1 thr=64 mm=240 | ctx=target phase=classic t=13 N=2560 K=4096 B=1 thr=128 mm=240 | ctx=target phase=classic t=12 N=9216 K=2560 B=1 thr=64 mm=640 | ctx=target phase=classic t=14 N=2560 K=9216 B=1 thr=128 mm=160 | ctx=target phase=classic t=12 N=8192 K=2560 B=1 thr=64 mm=200 | ctx=target phase=classic t=14 N=1024 K=2560 B=1 thr=64 mm=40 | ctx=target phase=classic t=12 N=1024 K=2560 B=1 thr=64 mm=120 | ctx=target phase=classic t=12 N=2560 K=4096 B=1 thr=128 mm=80 | ctx=target phase=classic t=12 N=2560 K=9216 B=1 thr=128 mm=160 | ctx=target phase=classic t=14 N=248320 K=2560 B=1 thr=64 mm=10
[xllama] TERMGATE scenario=stop@probe arm=seq ok=1 reason=eos n_ids=10 n_ref=-1 parity=-1 first_diff=-1 active=0 drafted=0 rounds=0 lookup=0 ews=0 n_eval=10 eog_tok=248044 eog_branch=classic stop_branch=- stop_round=-1
[xllama] TERMGATE stop_span pieces=10 start=9 stop_len=2 probe_n_eval=10
[xllama] session: KV rewind unsupported (hybrid cache) — full re-prefill (#170): common=10 resident=21 prompt=11
[xllama] session: turn full=1 kv_before=0 pf=11 prompt=11
[xllama] PHASE_PREFILL n_prompt=11 rows_kept=11 n_ubatch=64 calls=161 matmuls=201 gpu_ms=71.737584
[xllama] d3d12_shape label=session_prefill part=1/1 keys_total=11 | ctx=target phase=prefill t=14 N=8192 K=2560 B=11 thr=64 mm=12 | ctx=target phase=prefill t=12 N=4096 K=2560 B=11 thr=64 mm=24 | ctx=target phase=prefill t=13 N=2560 K=4096 B=11 thr=128 mm=24 | ctx=target phase=prefill t=12 N=9216 K=2560 B=11 thr=64 mm=64 | ctx=target phase=prefill t=14 N=2560 K=9216 B=11 thr=128 mm=16 | ctx=target phase=prefill t=12 N=8192 K=2560 B=11 thr=64 mm=20 | ctx=target phase=prefill t=14 N=1024 K=2560 B=11 thr=64 mm=4 | ctx=target phase=prefill t=12 N=1024 K=2560 B=11 thr=64 mm=12 | ctx=target phase=prefill t=12 N=2560 K=4096 B=11 thr=128 mm=8 | ctx=target phase=prefill t=12 N=2560 K=9216 B=11 thr=128 mm=16 | ctx=target phase=prefill t=14 N=248320 K=2560 B=1 thr=64 mm=1
[xllama] stop sequence after 10 tokens
[xllama] session generate: n=10 prefill=148.9ms (11 tok) reuse=0 drafted=0 (mtp=0 lookup=0) spec_accept=0 (mtp=0 lookup=0)
[xllama] PHASE total_ms=651.4 prefill_ms=148.9 decode_ms=495.8 accounted_ms=495.6 residual_decode_ms=0.2 load_plus_setup_ms=6.8 draft_ms=0.0 sample_ms=0.0 topprob_ms=0.0 catchup_ms=0.0 verify_ms=0.0 verify_d3w=0.0 verify_d3g=0.0 verify_cpu=0.0 rounds_split=0 corrective_ms=0.0 classic_decode_ms=486.7 classic_catchup_ms=0.0 lookup_ms=0.0 sample_target_ms=8.8 emit_ms=0.0 maintain_ms=0.0 profile=1
[xllama] d3d12_shape label=session_decode part=1/1 keys_total=11 | ctx=target phase=classic t=14 N=8192 K=2560 B=1 thr=64 mm=108 | ctx=target phase=classic t=12 N=4096 K=2560 B=1 thr=64 mm=216 | ctx=target phase=classic t=13 N=2560 K=4096 B=1 thr=128 mm=216 | ctx=target phase=classic t=12 N=9216 K=2560 B=1 thr=64 mm=576 | ctx=target phase=classic t=14 N=2560 K=9216 B=1 thr=128 mm=144 | ctx=target phase=classic t=12 N=8192 K=2560 B=1 thr=64 mm=180 | ctx=target phase=classic t=14 N=1024 K=2560 B=1 thr=64 mm=36 | ctx=target phase=classic t=12 N=1024 K=2560 B=1 thr=64 mm=108 | ctx=target phase=classic t=12 N=2560 K=4096 B=1 thr=128 mm=72 | ctx=target phase=classic t=12 N=2560 K=9216 B=1 thr=128 mm=144 | ctx=target phase=classic t=14 N=248320 K=2560 B=1 thr=64 mm=9
[xllama] session: KV rewind unsupported (hybrid cache) — full re-prefill (#170): common=18 resident=20 prompt=19
[xllama] session: turn full=1 kv_before=0 pf=19 prompt=19
[xllama] PHASE_PREFILL n_prompt=19 rows_kept=19 n_ubatch=64 calls=161 matmuls=201 gpu_ms=120.479639
[xllama] d3d12_shape label=session_prefill part=1/1 keys_total=11 | ctx=target phase=prefill t=14 N=8192 K=2560 B=19 thr=64 mm=12 | ctx=target phase=prefill t=12 N=4096 K=2560 B=19 thr=64 mm=24 | ctx=target phase=prefill t=13 N=2560 K=4096 B=19 thr=128 mm=24 | ctx=target phase=prefill t=12 N=9216 K=2560 B=19 thr=64 mm=64 | ctx=target phase=prefill t=14 N=2560 K=9216 B=19 thr=128 mm=16 | ctx=target phase=prefill t=12 N=8192 K=2560 B=19 thr=64 mm=20 | ctx=target phase=prefill t=14 N=1024 K=2560 B=19 thr=64 mm=4 | ctx=target phase=prefill t=12 N=1024 K=2560 B=19 thr=64 mm=12 | ctx=target phase=prefill t=12 N=2560 K=4096 B=19 thr=128 mm=8 | ctx=target phase=prefill t=12 N=2560 K=9216 B=19 thr=128 mm=16 | ctx=target phase=prefill t=14 N=248320 K=2560 B=1 thr=64 mm=1
[xllama] EOG after 2 tokens tok=248044 branch=classic
[xllama] session generate: n=2 prefill=238.6ms (19 tok) reuse=0 drafted=0 (mtp=0 lookup=0) spec_accept=0 (mtp=0 lookup=0)
[xllama] PHASE total_ms=348.8 prefill_ms=238.6 decode_ms=103.2 accounted_ms=103.1 residual_decode_ms=0.1 load_plus_setup_ms=7.1 draft_ms=0.0 sample_ms=0.0 topprob_ms=0.0 catchup_ms=0.0 verify_ms=0.0 verify_d3w=0.0 verify_d3g=0.0 verify_cpu=0.0 rounds_split=0 corrective_ms=0.0 classic_decode_ms=100.5 classic_catchup_ms=0.0 lookup_ms=0.0 sample_target_ms=2.6 emit_ms=0.0 maintain_ms=0.0 profile=1
[xllama] d3d12_shape label=session_decode part=1/1 keys_total=11 | ctx=target phase=classic t=14 N=8192 K=2560 B=1 thr=64 mm=24 | ctx=target phase=classic t=12 N=4096 K=2560 B=1 thr=64 mm=48 | ctx=target phase=classic t=13 N=2560 K=4096 B=1 thr=128 mm=48 | ctx=target phase=classic t=12 N=9216 K=2560 B=1 thr=64 mm=128 | ctx=target phase=classic t=14 N=2560 K=9216 B=1 thr=128 mm=32 | ctx=target phase=classic t=12 N=8192 K=2560 B=1 thr=64 mm=40 | ctx=target phase=classic t=14 N=1024 K=2560 B=1 thr=64 mm=8 | ctx=target phase=classic t=12 N=1024 K=2560 B=1 thr=64 mm=24 | ctx=target phase=classic t=12 N=2560 K=4096 B=1 thr=128 mm=16 | ctx=target phase=classic t=12 N=2560 K=9216 B=1 thr=128 mm=32 | ctx=target phase=classic t=14 N=248320 K=2560 B=1 thr=64 mm=2
[llama] ~llama_context: D3D12_Host compute buffer size is  63.0027 MiB, matches expectation of  63.0027 MiB
[llama] ~llama_context: D3D12_Host compute buffer size is   0.0000 MiB, matches expectation of   0.0000 MiB
[xllama] d3d12: 3864 graph_compute calls, 4824 matmuls (0 2col), 814.0 ms wall (497.1 ms GPU)
[xllama] gguf gpu layers: 34 on D3D12
[llama] llama_model_loader: mmap is not supported on this platform
[llama] llama_prepare_model_devices: using device D3D12 (xllama D3D12 compute (Q4_0/Q4_K/Q5_K/Q6_K matmul)) (unknown id) - 4129 MiB free
[llama] load_tensors: layer   0 assigned to device D3D12, is_swa = 0
[llama] load_tensors: layer   1 assigned to device D3D12, is_swa = 0
[llama] load_tensors: layer   2 assigned to device D3D12, is_swa = 0
[llama] load_tensors: layer   3 assigned to device D3D12, is_swa = 0
[llama] load_tensors: layer   4 assigned to device D3D12, is_swa = 0
[llama] load_tensors: layer   5 assigned to device D3D12, is_swa = 0
[llama] load_tensors: layer   6 assigned to device D3D12, is_swa = 0
[llama] load_tensors: layer   7 assigned to device D3D12, is_swa = 0
[llama] load_tensors: layer   8 assigned to device D3D12, is_swa = 0
[llama] load_tensors: layer   9 assigned to device D3D12, is_swa = 0
[llama] load_tensors: layer  10 assigned to device D3D12, is_swa = 0
[llama] load_tensors: layer  11 assigned to device D3D12, is_swa = 0
[llama] load_tensors: layer  12 assigned to device D3D12, is_swa = 0
[llama] load_tensors: layer  13 assigned to device D3D12, is_swa = 0
[llama] load_tensors: layer  14 assigned to device D3D12, is_swa = 0
[llama] load_tensors: layer  15 assigned to device D3D12, is_swa = 0
[llama] load_tensors: layer  16 assigned to device D3D12, is_swa = 0
[llama] load_tensors: layer  17 assigned to device D3D12, is_swa = 0
[llama] load_tensors: layer  18 assigned to device D3D12, is_swa = 0
[llama] load_tensors: layer  19 assigned to device D3D12, is_swa = 0
[llama] load_tensors: layer  20 assigned to device D3D12, is_swa = 0
[llama] load_tensors: layer  21 assigned to device D3D12, is_swa = 0
[llama] load_tensors: layer  22 assigned to device D3D12, is_swa = 0
[llama] load_tensors: layer  23 assigned to device D3D12, is_swa = 0
[llama] load_tensors: layer  24 assigned to device D3D12, is_swa = 0
[llama] load_tensors: layer  25 assigned to device D3D12, is_swa = 0
[llama] load_tensors: layer  26 assigned to device D3D12, is_swa = 0
[llama] load_tensors: layer  27 assigned to device D3D12, is_swa = 0
[llama] load_tensors: layer  28 assigned to device D3D12, is_swa = 0
[llama] load_tensors: layer  29 assigned to device D3D12, is_swa = 0
[llama] load_tensors: layer  30 assigned to device D3D12, is_swa = 0
[llama] load_tensors: layer  31 assigned to device D3D12, is_swa = 0
[llama] load_tensors: layer  32 assigned to device D3D12, is_swa = 0
[llama] load_tensors: layer  33 assigned to device D3D12, is_swa = 0
[llama] model has unused tensor blk.32.attn_norm.weight (size = 10240 bytes) -- ignoring
[llama] model has unused tensor blk.32.post_attention_norm.weight (size = 10240 bytes) -- ignoring
[llama] model has unused tensor blk.32.attn_q.weight (size = 11796480 bytes) -- ignoring
[llama] model has unused tensor blk.32.attn_k.weight (size = 1474560 bytes) -- ignoring
[llama] model has unused tensor blk.32.attn_v.weight (size = 2150400 bytes) -- ignoring
[llama] model has unused tensor blk.32.attn_output.weight (size = 5898240 bytes) -- ignoring
[llama] model has unused tensor blk.32.attn_q_norm.weight (size = 1024 bytes) -- ignoring
[llama] model has unused tensor blk.32.attn_k_norm.weight (size = 1024 bytes) -- ignoring
[llama] model has unused tensor blk.32.ffn_gate.weight (size = 13271040 bytes) -- ignoring
[llama] model has unused tensor blk.32.ffn_down.weight (size = 19353600 bytes) -- ignoring
[llama] model has unused tensor blk.32.ffn_up.weight (size = 13271040 bytes) -- ignoring
[llama] model has unused tensor blk.32.nextn.eh_proj.weight (size = 13926400 bytes) -- ignoring
[llama] model has unused tensor blk.32.nextn.enorm.weight (size = 10240 bytes) -- ignoring
[llama] model has unused tensor blk.32.nextn.hnorm.weight (size = 10240 bytes) -- ignoring
[llama] model has unused tensor blk.32.nextn.shared_head_norm.weight (size = 10240 bytes) -- ignoring
[xllama] d3d12: D3D12_Weights buffer 2597.1 MiB
[llama] load_tensors: offloading output layer to GPU
[llama] load_tensors: offloading 32 repeating layers to GPU
[llama] load_tensors: offloaded 34/34 layers to GPU
[llama] load_tensors:          CPU model buffer size =   515.98 MiB
[llama] load_tensors: D3D12_Weights model buffer size =  2597.13 MiB
[llama] load_all_data: buffer type D3D12_Weights is not the default buffer type for device D3D12 for async uploads
[xllama] Session: GGUF model loaded via llama.cpp (persistent)
[llama] llama_context: D3D12_Host  output buffer size =     0.95 MiB
[llama] llama_kv_cache:        CPU KV buffer size =    64.00 MiB
[llama] llama_memory_recurrent:        CPU RS buffer size =    50.25 MiB
[llama] resolve_fused_ops: layer 3 is assigned to device D3D12 but Flash Attention is assigned to device CPU (usually due to missing support)
[llama] resolve_fused_ops: Flash Attention not supported, set to disabled
[xllama] d3d12: D3D12_Host buffer 63.0 MiB
[llama] sched_reserve: D3D12_Host compute buffer size =    63.00 MiB
[llama] sched_reserve: graph splits = 322
[xllama] session: can_shift=0 (memory_can_shift=0 n_swa=0)
[xllama] session: turn full=1 kv_before=0 pf=19 prompt=19
[xllama] PHASE_PREFILL n_prompt=19 rows_kept=19 n_ubatch=64 calls=161 matmuls=201 gpu_ms=125.968722
[xllama] d3d12_shape label=session_prefill part=1/1 keys_total=11 | ctx=target phase=prefill t=14 N=8192 K=2560 B=19 thr=64 mm=12 | ctx=target phase=prefill t=12 N=4096 K=2560 B=19 thr=64 mm=24 | ctx=target phase=prefill t=13 N=2560 K=4096 B=19 thr=128 mm=24 | ctx=target phase=prefill t=12 N=9216 K=2560 B=19 thr=64 mm=64 | ctx=target phase=prefill t=14 N=2560 K=9216 B=19 thr=128 mm=16 | ctx=target phase=prefill t=12 N=8192 K=2560 B=19 thr=64 mm=20 | ctx=target phase=prefill t=14 N=1024 K=2560 B=19 thr=64 mm=4 | ctx=target phase=prefill t=12 N=1024 K=2560 B=19 thr=64 mm=12 | ctx=target phase=prefill t=12 N=2560 K=4096 B=19 thr=128 mm=8 | ctx=target phase=prefill t=12 N=2560 K=9216 B=19 thr=128 mm=16 | ctx=target phase=prefill t=14 N=248320 K=2560 B=1 thr=64 mm=1
[xllama] EOG after 2 tokens tok=248044 branch=classic
[xllama] session generate: n=2 prefill=244.0ms (19 tok) reuse=0 drafted=0 (mtp=0 lookup=0) spec_accept=0 (mtp=0 lookup=0)
[xllama] PHASE total_ms=386.6 prefill_ms=244.0 decode_ms=104.5 accounted_ms=104.3 residual_decode_ms=0.1 load_plus_setup_ms=38.1 draft_ms=0.0 sample_ms=0.0 topprob_ms=0.0 catchup_ms=0.0 verify_ms=0.0 verify_d3w=0.0 verify_d3g=0.0 verify_cpu=0.0 rounds_split=0 corrective_ms=0.0 classic_decode_ms=101.2 classic_catchup_ms=0.0 lookup_ms=0.0 sample_target_ms=3.2 emit_ms=0.0 maintain_ms=0.0 profile=1
[xllama] d3d12_shape label=session_decode part=1/1 keys_total=11 | ctx=target phase=classic t=14 N=8192 K=2560 B=1 thr=64 mm=24 | ctx=target phase=classic t=12 N=4096 K=2560 B=1 thr=64 mm=48 | ctx=target phase=classic t=13 N=2560 K=4096 B=1 thr=128 mm=48 | ctx=target phase=classic t=12 N=9216 K=2560 B=1 thr=64 mm=128 | ctx=target phase=classic t=14 N=2560 K=9216 B=1 thr=128 mm=32 | ctx=target phase=classic t=12 N=8192 K=2560 B=1 thr=64 mm=40 | ctx=target phase=classic t=14 N=1024 K=2560 B=1 thr=64 mm=8 | ctx=target phase=classic t=12 N=1024 K=2560 B=1 thr=64 mm=24 | ctx=target phase=classic t=12 N=2560 K=4096 B=1 thr=128 mm=16 | ctx=target phase=classic t=12 N=2560 K=9216 B=1 thr=128 mm=32 | ctx=target phase=classic t=14 N=248320 K=2560 B=1 thr=64 mm=2
[llama] ~llama_context: D3D12_Host compute buffer size is  63.0027 MiB, matches expectation of  63.0027 MiB
[llama] ~llama_context: D3D12_Host compute buffer size is   0.0000 MiB, matches expectation of   0.0000 MiB
[xllama] d3d12: 483 graph_compute calls, 603 matmuls (0 2col), 181.5 ms wall (148.3 ms GPU)
[xllama] TERMGATE scenario=stop@run arm=seq ok=1 reason=- n_ids=10 n_ref=-1 parity=1 first_diff=-1 active=0 drafted=0 rounds=0 lookup=0 ews=1 n_eval=10 eog_tok=-1 eog_branch=- stop_branch=classic stop_round=10
[xllama] gguf gpu layers: 34 on D3D12
[llama] llama_model_loader: mmap is not supported on this platform
[llama] llama_prepare_model_devices: using device D3D12 (xllama D3D12 compute (Q4_0/Q4_K/Q5_K/Q6_K matmul)) (unknown id) - 4129 MiB free
[llama] load_tensors: layer   0 assigned to device D3D12, is_swa = 0
[llama] load_tensors: layer   1 assigned to device D3D12, is_swa = 0
[llama] load_tensors: layer   2 assigned to device D3D12, is_swa = 0
[llama] load_tensors: layer   3 assigned to device D3D12, is_swa = 0
[llama] load_tensors: layer   4 assigned to device D3D12, is_swa = 0
[llama] load_tensors: layer   5 assigned to device D3D12, is_swa = 0
[llama] load_tensors: layer   6 assigned to device D3D12, is_swa = 0
[llama] load_tensors: layer   7 assigned to device D3D12, is_swa = 0
[llama] load_tensors: layer   8 assigned to device D3D12, is_swa = 0
[llama] load_tensors: layer   9 assigned to device D3D12, is_swa = 0
[llama] load_tensors: layer  10 assigned to device D3D12, is_swa = 0
[llama] load_tensors: layer  11 assigned to device D3D12, is_swa = 0
[llama] load_tensors: layer  12 assigned to device D3D12, is_swa = 0
[llama] load_tensors: layer  13 assigned to device D3D12, is_swa = 0
[llama] load_tensors: layer  14 assigned to device D3D12, is_swa = 0
[llama] load_tensors: layer  15 assigned to device D3D12, is_swa = 0
[llama] load_tensors: layer  16 assigned to device D3D12, is_swa = 0
[llama] load_tensors: layer  17 assigned to device D3D12, is_swa = 0
[llama] load_tensors: layer  18 assigned to device D3D12, is_swa = 0
[llama] load_tensors: layer  19 assigned to device D3D12, is_swa = 0
[llama] load_tensors: layer  20 assigned to device D3D12, is_swa = 0
[llama] load_tensors: layer  21 assigned to device D3D12, is_swa = 0
[llama] load_tensors: layer  22 assigned to device D3D12, is_swa = 0
[llama] load_tensors: layer  23 assigned to device D3D12, is_swa = 0
[llama] load_tensors: layer  24 assigned to device D3D12, is_swa = 0
[llama] load_tensors: layer  25 assigned to device D3D12, is_swa = 0
[llama] load_tensors: layer  26 assigned to device D3D12, is_swa = 0
[llama] load_tensors: layer  27 assigned to device D3D12, is_swa = 0
[llama] load_tensors: layer  28 assigned to device D3D12, is_swa = 0
[llama] load_tensors: layer  29 assigned to device D3D12, is_swa = 0
[llama] load_tensors: layer  30 assigned to device D3D12, is_swa = 0
[llama] load_tensors: layer  31 assigned to device D3D12, is_swa = 0
[llama] load_tensors: layer  32 assigned to device D3D12, is_swa = 0
[llama] load_tensors: layer  33 assigned to device D3D12, is_swa = 0
[llama] model has unused tensor blk.32.attn_norm.weight (size = 10240 bytes) -- ignoring
[llama] model has unused tensor blk.32.post_attention_norm.weight (size = 10240 bytes) -- ignoring
[llama] model has unused tensor blk.32.attn_q.weight (size = 11796480 bytes) -- ignoring
[llama] model has unused tensor blk.32.attn_k.weight (size = 1474560 bytes) -- ignoring
[llama] model has unused tensor blk.32.attn_v.weight (size = 2150400 bytes) -- ignoring
[llama] model has unused tensor blk.32.attn_output.weight (size = 5898240 bytes) -- ignoring
[llama] model has unused tensor blk.32.attn_q_norm.weight (size = 1024 bytes) -- ignoring
[llama] model has unused tensor blk.32.attn_k_norm.weight (size = 1024 bytes) -- ignoring
[llama] model has unused tensor blk.32.ffn_gate.weight (size = 13271040 bytes) -- ignoring
[llama] model has unused tensor blk.32.ffn_down.weight (size = 19353600 bytes) -- ignoring
[llama] model has unused tensor blk.32.ffn_up.weight (size = 13271040 bytes) -- ignoring
[llama] model has unused tensor blk.32.nextn.eh_proj.weight (size = 13926400 bytes) -- ignoring
[llama] model has unused tensor blk.32.nextn.enorm.weight (size = 10240 bytes) -- ignoring
[llama] model has unused tensor blk.32.nextn.hnorm.weight (size = 10240 bytes) -- ignoring
[llama] model has unused tensor blk.32.nextn.shared_head_norm.weight (size = 10240 bytes) -- ignoring
[xllama] d3d12: D3D12_Weights buffer 2597.1 MiB
[llama] load_tensors: offloading output layer to GPU
[llama] load_tensors: offloading 32 repeating layers to GPU
[llama] load_tensors: offloaded 34/34 layers to GPU
[llama] load_tensors:          CPU model buffer size =   515.98 MiB
[llama] load_tensors: D3D12_Weights model buffer size =  2597.13 MiB
[llama] load_all_data: buffer type D3D12_Weights is not the default buffer type for device D3D12 for async uploads
[xllama] Session: GGUF model loaded via llama.cpp (persistent)
[llama] llama_context: D3D12_Host  output buffer size =     0.95 MiB
[llama] llama_kv_cache:        CPU KV buffer size =    64.00 MiB
[llama] llama_memory_recurrent:        CPU RS buffer size =    50.25 MiB
[llama] resolve_fused_ops: layer 3 is assigned to device D3D12 but Flash Attention is assigned to device CPU (usually due to missing support)
[llama] resolve_fused_ops: Flash Attention not supported, set to disabled
[xllama] d3d12: D3D12_Host buffer 63.0 MiB
[llama] sched_reserve: D3D12_Host compute buffer size =    63.00 MiB
[llama] sched_reserve: graph splits = 322
[xllama] session: can_shift=0 (memory_can_shift=0 n_swa=0)
[xllama] session: turn full=1 kv_before=0 pf=7 prompt=7
[xllama] PHASE_PREFILL n_prompt=7 rows_kept=7 n_ubatch=64 calls=161 matmuls=201 gpu_ms=47.455719
[xllama] d3d12_shape label=session_prefill part=1/1 keys_total=11 | ctx=target phase=prefill t=14 N=8192 K=2560 B=7 thr=64 mm=12 | ctx=target phase=prefill t=12 N=4096 K=2560 B=7 thr=64 mm=24 | ctx=target phase=prefill t=13 N=2560 K=4096 B=7 thr=128 mm=24 | ctx=target phase=prefill t=12 N=9216 K=2560 B=7 thr=64 mm=64 | ctx=target phase=prefill t=14 N=2560 K=9216 B=7 thr=128 mm=16 | ctx=target phase=prefill t=12 N=8192 K=2560 B=7 thr=64 mm=20 | ctx=target phase=prefill t=14 N=1024 K=2560 B=7 thr=64 mm=4 | ctx=target phase=prefill t=12 N=1024 K=2560 B=7 thr=64 mm=12 | ctx=target phase=prefill t=12 N=2560 K=4096 B=7 thr=128 mm=8 | ctx=target phase=prefill t=12 N=2560 K=9216 B=7 thr=128 mm=16 | ctx=target phase=prefill t=14 N=248320 K=2560 B=1 thr=64 mm=1
[xllama] session generate: n=64 prefill=110.7ms (7 tok) reuse=0 drafted=0 (mtp=0 lookup=0) spec_accept=0 (mtp=0 lookup=0)
[xllama] PHASE total_ms=3456.6 prefill_ms=110.7 decode_ms=3309.3 accounted_ms=3308.9 residual_decode_ms=0.3 load_plus_setup_ms=36.6 draft_ms=0.0 sample_ms=0.0 topprob_ms=0.0 catchup_ms=0.0 verify_ms=0.0 verify_d3w=0.0 verify_d3g=0.0 verify_cpu=0.0 rounds_split=0 corrective_ms=0.0 classic_decode_ms=3253.6 classic_catchup_ms=0.0 lookup_ms=0.0 sample_target_ms=55.1 emit_ms=0.2 maintain_ms=0.1 profile=1
[xllama] d3d12_shape label=session_decode part=1/1 keys_total=11 | ctx=target phase=classic t=14 N=8192 K=2560 B=1 thr=64 mm=768 | ctx=target phase=classic t=12 N=4096 K=2560 B=1 thr=64 mm=1536 | ctx=target phase=classic t=13 N=2560 K=4096 B=1 thr=128 mm=1536 | ctx=target phase=classic t=12 N=9216 K=2560 B=1 thr=64 mm=4096 | ctx=target phase=classic t=14 N=2560 K=9216 B=1 thr=128 mm=1024 | ctx=target phase=classic t=12 N=8192 K=2560 B=1 thr=64 mm=1280 | ctx=target phase=classic t=14 N=1024 K=2560 B=1 thr=64 mm=256 | ctx=target phase=classic t=12 N=1024 K=2560 B=1 thr=64 mm=768 | ctx=target phase=classic t=12 N=2560 K=4096 B=1 thr=128 mm=512 | ctx=target phase=classic t=12 N=2560 K=9216 B=1 thr=128 mm=1024 | ctx=target phase=classic t=14 N=248320 K=2560 B=1 thr=64 mm=64
[xllama] TERMGATE eog_probe idx=0 n_eval=64 reason=cap[xllama] TERMGATE scenario=eog@0 arm=seq ok=1 reason=cap n_ids=64 n_ref=-1 parity=-1 first_diff=-1 active=0 drafted=0 rounds=0 lookup=0 ews=0 n_eval=64 eog_tok=-1 eog_branch=- stop_branch=- stop_round=-1
[xllama] session: KV prefix reuse none — resident 71 tok, prompt 1 tok (first mismatch at 0) (#170)
[xllama] session: turn full=1 kv_before=0 pf=1 prompt=1
[xllama] PHASE_PREFILL n_prompt=1 rows_kept=1 n_ubatch=64 calls=161 matmuls=201 gpu_ms=11.073764
[xllama] d3d12_shape label=session_prefill part=1/1 keys_total=11 | ctx=target phase=prefill t=14 N=8192 K=2560 B=1 thr=64 mm=12 | ctx=target phase=prefill t=12 N=4096 K=2560 B=1 thr=64 mm=24 | ctx=target phase=prefill t=13 N=2560 K=4096 B=1 thr=128 mm=24 | ctx=target phase=prefill t=12 N=9216 K=2560 B=1 thr=64 mm=64 | ctx=target phase=prefill t=14 N=2560 K=9216 B=1 thr=128 mm=16 | ctx=target phase=prefill t=12 N=8192 K=2560 B=1 thr=64 mm=20 | ctx=target phase=prefill t=14 N=1024 K=2560 B=1 thr=64 mm=4 | ctx=target phase=prefill t=12 N=1024 K=2560 B=1 thr=64 mm=12 | ctx=target phase=prefill t=12 N=2560 K=4096 B=1 thr=128 mm=8 | ctx=target phase=prefill t=12 N=2560 K=9216 B=1 thr=128 mm=16 | ctx=target phase=prefill t=14 N=248320 K=2560 B=1 thr=64 mm=1
[xllama] session generate: n=64 prefill=52.7ms (1 tok) reuse=0 drafted=0 (mtp=0 lookup=0) spec_accept=0 (mtp=0 lookup=0)
[xllama] PHASE total_ms=3296.6 prefill_ms=52.7 decode_ms=3236.9 accounted_ms=3236.7 residual_decode_ms=0.3 load_plus_setup_ms=7.0 draft_ms=0.0 sample_ms=0.0 topprob_ms=0.0 catchup_ms=0.0 verify_ms=0.0 verify_d3w=0.0 verify_d3g=0.0 verify_cpu=0.0 rounds_split=0 corrective_ms=0.0 classic_decode_ms=3182.1 classic_catchup_ms=0.0 lookup_ms=0.0 sample_target_ms=54.3 emit_ms=0.2 maintain_ms=0.1 profile=1
[xllama] d3d12_shape label=session_decode part=1/1 keys_total=11 | ctx=target phase=classic t=14 N=8192 K=2560 B=1 thr=64 mm=768 | ctx=target phase=classic t=12 N=4096 K=2560 B=1 thr=64 mm=1536 | ctx=target phase=classic t=13 N=2560 K=4096 B=1 thr=128 mm=1536 | ctx=target phase=classic t=12 N=9216 K=2560 B=1 thr=64 mm=4096 | ctx=target phase=classic t=14 N=2560 K=9216 B=1 thr=128 mm=1024 | ctx=target phase=classic t=12 N=8192 K=2560 B=1 thr=64 mm=1280 | ctx=target phase=classic t=14 N=1024 K=2560 B=1 thr=64 mm=256 | ctx=target phase=classic t=12 N=1024 K=2560 B=1 thr=64 mm=768 | ctx=target phase=classic t=12 N=2560 K=4096 B=1 thr=128 mm=512 | ctx=target phase=classic t=12 N=2560 K=9216 B=1 thr=128 mm=1024 | ctx=target phase=classic t=14 N=248320 K=2560 B=1 thr=64 mm=64
[xllama] TERMGATE eog_probe idx=1 n_eval=64 reason=cap[xllama] TERMGATE scenario=eog@1 arm=seq ok=1 reason=cap n_ids=64 n_ref=-1 parity=-1 first_diff=-1 active=0 drafted=0 rounds=0 lookup=0 ews=0 n_eval=64 eog_tok=-1 eog_branch=- stop_branch=- stop_round=-1
[xllama] session: KV prefix reuse none — resident 65 tok, prompt 4 tok (first mismatch at 0) (#170)
[xllama] session: turn full=1 kv_before=0 pf=4 prompt=4
[xllama] PHASE_PREFILL n_prompt=4 rows_kept=4 n_ubatch=64 calls=161 matmuls=201 gpu_ms=29.132070
[xllama] d3d12_shape label=session_prefill part=1/1 keys_total=11 | ctx=target phase=prefill t=14 N=8192 K=2560 B=4 thr=64 mm=12 | ctx=target phase=prefill t=12 N=4096 K=2560 B=4 thr=64 mm=24 | ctx=target phase=prefill t=13 N=2560 K=4096 B=4 thr=128 mm=24 | ctx=target phase=prefill t=12 N=9216 K=2560 B=4 thr=64 mm=64 | ctx=target phase=prefill t=14 N=2560 K=9216 B=4 thr=128 mm=16 | ctx=target phase=prefill t=12 N=8192 K=2560 B=4 thr=64 mm=20 | ctx=target phase=prefill t=14 N=1024 K=2560 B=4 thr=64 mm=4 | ctx=target phase=prefill t=12 N=1024 K=2560 B=4 thr=64 mm=12 | ctx=target phase=prefill t=12 N=2560 K=4096 B=4 thr=128 mm=8 | ctx=target phase=prefill t=12 N=2560 K=9216 B=4 thr=128 mm=16 | ctx=target phase=prefill t=14 N=248320 K=2560 B=1 thr=64 mm=1
[xllama] session generate: n=64 prefill=80.3ms (4 tok) reuse=0 drafted=0 (mtp=0 lookup=0) spec_accept=0 (mtp=0 lookup=0)
[xllama] PHASE total_ms=3290.9 prefill_ms=80.3 decode_ms=3203.8 accounted_ms=3203.5 residual_decode_ms=0.3 load_plus_setup_ms=6.8 draft_ms=0.0 sample_ms=0.0 topprob_ms=0.0 catchup_ms=0.0 verify_ms=0.0 verify_d3w=0.0 verify_d3g=0.0 verify_cpu=0.0 rounds_split=0 corrective_ms=0.0 classic_decode_ms=3149.9 classic_catchup_ms=0.0 lookup_ms=0.0 sample_target_ms=53.5 emit_ms=0.1 maintain_ms=0.1 profile=1
[xllama] d3d12_shape label=session_decode part=1/1 keys_total=11 | ctx=target phase=classic t=14 N=8192 K=2560 B=1 thr=64 mm=768 | ctx=target phase=classic t=12 N=4096 K=2560 B=1 thr=64 mm=1536 | ctx=target phase=classic t=13 N=2560 K=4096 B=1 thr=128 mm=1536 | ctx=target phase=classic t=12 N=9216 K=2560 B=1 thr=64 mm=4096 | ctx=target phase=classic t=14 N=2560 K=9216 B=1 thr=128 mm=1024 | ctx=target phase=classic t=12 N=8192 K=2560 B=1 thr=64 mm=1280 | ctx=target phase=classic t=14 N=1024 K=2560 B=1 thr=64 mm=256 | ctx=target phase=classic t=12 N=1024 K=2560 B=1 thr=64 mm=768 | ctx=target phase=classic t=12 N=2560 K=4096 B=1 thr=128 mm=512 | ctx=target phase=classic t=12 N=2560 K=9216 B=1 thr=128 mm=1024 | ctx=target phase=classic t=14 N=248320 K=2560 B=1 thr=64 mm=64
[xllama] TERMGATE eog_probe idx=2 n_eval=64 reason=cap[xllama] TERMGATE scenario=eog@2 arm=seq ok=1 reason=cap n_ids=64 n_ref=-1 parity=-1 first_diff=-1 active=0 drafted=0 rounds=0 lookup=0 ews=0 n_eval=64 eog_tok=-1 eog_branch=- stop_branch=- stop_round=-1
[xllama] session: KV prefix reuse none — resident 68 tok, prompt 11 tok (first mismatch at 0) (#170)
[xllama] session: turn full=1 kv_before=0 pf=11 prompt=11
[xllama] PHASE_PREFILL n_prompt=11 rows_kept=11 n_ubatch=64 calls=161 matmuls=201 gpu_ms=71.898185
[xllama] d3d12_shape label=session_prefill part=1/1 keys_total=11 | ctx=target phase=prefill t=14 N=8192 K=2560 B=11 thr=64 mm=12 | ctx=target phase=prefill t=12 N=4096 K=2560 B=11 thr=64 mm=24 | ctx=target phase=prefill t=13 N=2560 K=4096 B=11 thr=128 mm=24 | ctx=target phase=prefill t=12 N=9216 K=2560 B=11 thr=64 mm=64 | ctx=target phase=prefill t=14 N=2560 K=9216 B=11 thr=128 mm=16 | ctx=target phase=prefill t=12 N=8192 K=2560 B=11 thr=64 mm=20 | ctx=target phase=prefill t=14 N=1024 K=2560 B=11 thr=64 mm=4 | ctx=target phase=prefill t=12 N=1024 K=2560 B=11 thr=64 mm=12 | ctx=target phase=prefill t=12 N=2560 K=4096 B=11 thr=128 mm=8 | ctx=target phase=prefill t=12 N=2560 K=9216 B=11 thr=128 mm=16 | ctx=target phase=prefill t=14 N=248320 K=2560 B=1 thr=64 mm=1
[xllama] EOG after 10 tokens tok=248044 branch=classic
[xllama] session generate: n=10 prefill=149.4ms (11 tok) reuse=0 drafted=0 (mtp=0 lookup=0) spec_accept=0 (mtp=0 lookup=0)
[xllama] PHASE total_ms=658.4 prefill_ms=149.4 decode_ms=504.0 accounted_ms=503.9 residual_decode_ms=0.2 load_plus_setup_ms=5.0 draft_ms=0.0 sample_ms=0.0 topprob_ms=0.0 catchup_ms=0.0 verify_ms=0.0 verify_d3w=0.0 verify_d3g=0.0 verify_cpu=0.0 rounds_split=0 corrective_ms=0.0 classic_decode_ms=494.7 classic_catchup_ms=0.0 lookup_ms=0.0 sample_target_ms=9.1 emit_ms=0.0 maintain_ms=0.0 profile=1
[xllama] d3d12_shape label=session_decode part=1/1 keys_total=11 | ctx=target phase=classic t=14 N=8192 K=2560 B=1 thr=64 mm=120 | ctx=target phase=classic t=12 N=4096 K=2560 B=1 thr=64 mm=240 | ctx=target phase=classic t=13 N=2560 K=4096 B=1 thr=128 mm=240 | ctx=target phase=classic t=12 N=9216 K=2560 B=1 thr=64 mm=640 | ctx=target phase=classic t=14 N=2560 K=9216 B=1 thr=128 mm=160 | ctx=target phase=classic t=12 N=8192 K=2560 B=1 thr=64 mm=200 | ctx=target phase=classic t=14 N=1024 K=2560 B=1 thr=64 mm=40 | ctx=target phase=classic t=12 N=1024 K=2560 B=1 thr=64 mm=120 | ctx=target phase=classic t=12 N=2560 K=4096 B=1 thr=128 mm=80 | ctx=target phase=classic t=12 N=2560 K=9216 B=1 thr=128 mm=160 | ctx=target phase=classic t=14 N=248320 K=2560 B=1 thr=64 mm=10
[xllama] TERMGATE eog_probe idx=3 n_eval=10 reason=eos[xllama] TERMGATE scenario=eog@3 arm=seq ok=1 reason=eos n_ids=10 n_ref=-1 parity=-1 first_diff=-1 active=0 drafted=0 rounds=0 lookup=0 ews=0 n_eval=10 eog_tok=248044 eog_branch=classic stop_branch=- stop_round=-1
[llama] ~llama_context: D3D12_Host compute buffer size is  63.0027 MiB, matches expectation of  63.0027 MiB
[llama] ~llama_context: D3D12_Host compute buffer size is   0.0000 MiB, matches expectation of   0.0000 MiB
[xllama] d3d12: 33166 graph_compute calls, 41406 matmuls (0 2col), 4565.5 ms wall (2398.2 ms GPU)
[xllama] termgate done rows=8 fail=- msix=6b3e96d80d687df68b2bd0fe734968cbee6c9bc8b297682370615e63e52747f1
[xllama] termgate-result.csv written
[xllama] headless termgate: done, exiting
[xllama] termgate.flag detected -> headless termination-state gate (diagnostic, never a gate default)
[xllama] headless termgate: starting
[xllama] termgate: termination-state gate (diagnostic)
[xllama] termgate: d3d12twocol.txt='(absent)' -> kernel variant 0 (prev 0)
[xllama] termgate: cpurepackforcegemv.txt='(absent)' -> repack control off (baseline)
[xllama] termgate: d3d12spinwait.txt='(absent)' -> spin_wait_us=-1 (default unbounded spin)
[xllama] termgate: ggmlprof.txt='(absent)' -> none (default)
[xllama] TERM_GATE_CONFIG arm=ref threads=0 n_ctx=2048 gpu_layers=34 mtp=4 p_min=0.75 twocol=0 repack_scope=0 scenarios=cancel,stop,eog greedy=1 gguf=f3559ed1a2922585
[xllama] gguf gpu layers: 34 on D3D12
[llama] llama_model_loader: mmap is not supported on this platform
[llama] llama_prepare_model_devices: using device D3D12 (xllama D3D12 compute (Q4_0/Q4_K/Q5_K/Q6_K matmul)) (unknown id) - 4129 MiB free
[llama] load_tensors: layer   0 assigned to device D3D12, is_swa = 0
[llama] load_tensors: layer   1 assigned to device D3D12, is_swa = 0
[llama] load_tensors: layer   2 assigned to device D3D12, is_swa = 0
[llama] load_tensors: layer   3 assigned to device D3D12, is_swa = 0
[llama] load_tensors: layer   4 assigned to device D3D12, is_swa = 0
[llama] load_tensors: layer   5 assigned to device D3D12, is_swa = 0
[llama] load_tensors: layer   6 assigned to device D3D12, is_swa = 0
[llama] load_tensors: layer   7 assigned to device D3D12, is_swa = 0
[llama] load_tensors: layer   8 assigned to device D3D12, is_swa = 0
[llama] load_tensors: layer   9 assigned to device D3D12, is_swa = 0
[llama] load_tensors: layer  10 assigned to device D3D12, is_swa = 0
[llama] load_tensors: layer  11 assigned to device D3D12, is_swa = 0
[llama] load_tensors: layer  12 assigned to device D3D12, is_swa = 0
[llama] load_tensors: layer  13 assigned to device D3D12, is_swa = 0
[llama] load_tensors: layer  14 assigned to device D3D12, is_swa = 0
[llama] load_tensors: layer  15 assigned to device D3D12, is_swa = 0
[llama] load_tensors: layer  16 assigned to device D3D12, is_swa = 0
[llama] load_tensors: layer  17 assigned to device D3D12, is_swa = 0
[llama] load_tensors: layer  18 assigned to device D3D12, is_swa = 0
[llama] load_tensors: layer  19 assigned to device D3D12, is_swa = 0
[llama] load_tensors: layer  20 assigned to device D3D12, is_swa = 0
[llama] load_tensors: layer  21 assigned to device D3D12, is_swa = 0
[llama] load_tensors: layer  22 assigned to device D3D12, is_swa = 0
[llama] load_tensors: layer  23 assigned to device D3D12, is_swa = 0
[llama] load_tensors: layer  24 assigned to device D3D12, is_swa = 0
[llama] load_tensors: layer  25 assigned to device D3D12, is_swa = 0
[llama] load_tensors: layer  26 assigned to device D3D12, is_swa = 0
[llama] load_tensors: layer  27 assigned to device D3D12, is_swa = 0
[llama] load_tensors: layer  28 assigned to device D3D12, is_swa = 0
[llama] load_tensors: layer  29 assigned to device D3D12, is_swa = 0
[llama] load_tensors: layer  30 assigned to device D3D12, is_swa = 0
[llama] load_tensors: layer  31 assigned to device D3D12, is_swa = 0
[llama] load_tensors: layer  32 assigned to device D3D12, is_swa = 0
[llama] load_tensors: layer  33 assigned to device D3D12, is_swa = 0
[xllama] d3d12: MUL_MAT refused: f32 2560x32 x [2560,512,1,1] src1=f32 dst=f32
[xllama] d3d12: MUL_MAT refused: q8_0 5120x2560 x [5120,512,1,1] src1=f32 dst=f32
[xllama] d3d12: D3D12_Weights buffer 2661.2 MiB
[llama] load_tensors: offloading output layer to GPU
[llama] load_tensors: offloading 32 repeating layers to GPU
[llama] load_tensors: offloaded 34/34 layers to GPU
[llama] load_tensors:          CPU model buffer size =   529.31 MiB
[llama] load_tensors: D3D12_Weights model buffer size =  2661.23 MiB
[llama] load_all_data: buffer type D3D12_Weights is not the default buffer type for device D3D12 for async uploads
[xllama] Session: GGUF model loaded via llama.cpp (persistent)
[xllama] session: speculative n_rs_seq=4
[llama] llama_context: D3D12_Host  output buffer size =     0.95 MiB
[llama] llama_kv_cache:        CPU KV buffer size =    64.00 MiB
[llama] llama_memory_recurrent:        CPU RS buffer size =   251.25 MiB
[llama] resolve_fused_ops: layer 3 is assigned to device D3D12 but Flash Attention is assigned to device CPU (usually due to missing support)
[llama] resolve_fused_ops: Flash Attention not supported, set to disabled
[xllama] d3d12: D3D12_Host buffer 63.0 MiB
[llama] sched_reserve: D3D12_Host compute buffer size =    63.00 MiB
[llama] sched_reserve: graph splits = 322
[llama] llama_context: D3D12_Host  output buffer size =     0.95 MiB
[llama] llama_kv_cache:        CPU KV buffer size =     8.00 MiB
[llama] resolve_fused_ops: layer 32 is assigned to device D3D12 but Flash Attention is assigned to device CPU (usually due to missing support)
[llama] resolve_fused_ops: Flash Attention not supported, set to disabled
[xllama] d3d12: D3D12_Host buffer 5.8 MiB
[llama] sched_reserve: D3D12_Host compute buffer size =     5.85 MiB
[llama] sched_reserve: graph splits = 12
[xllama] mtp: draft ready, n_max=4 p_min=0.750000 dft_n_batch=6
[xllama] mtp: target nextn head layers=1
[xllama] mtp: split_mtp_weights=0 resident=0 tensors=0
[xllama] session: can_shift=0 (memory_can_shift=0 n_swa=0)
[xllama] session: turn full=1 kv_before=0 pf=10 prompt=10
[xllama] d3d12: D3D12_Host buffer 1.6 MiB
[xllama] d3d12: D3D12_Host buffer 5.7 MiB
[xllama] PHASE_PREFILL n_prompt=10 rows_kept=10 n_ubatch=64 calls=173 matmuls=217 gpu_ms=89.035108
[xllama] d3d12_shape label=session_prefill part=1/3 keys_total=25 | ctx=target phase=prefill t=14 N=8192 K=2560 B=10 thr=64 mm=12 | ctx=target phase=prefill t=12 N=4096 K=2560 B=10 thr=64 mm=24 | ctx=target phase=prefill t=13 N=2560 K=4096 B=10 thr=128 mm=24 | ctx=target phase=prefill t=12 N=9216 K=2560 B=10 thr=64 mm=64 | ctx=target phase=prefill t=14 N=2560 K=9216 B=10 thr=128 mm=16 | ctx=target phase=prefill t=12 N=8192 K=2560 B=10 thr=64 mm=20 | ctx=target phase=prefill t=14 N=1024 K=2560 B=10 thr=64 mm=4 | ctx=target phase=prefill t=12 N=1024 K=2560 B=10 thr=64 mm=12 | ctx=target phase=prefill t=12 N=2560 K=4096 B=10 thr=128 mm=8 | ctx=target phase=prefill t=12 N=2560 K=9216 B=10 thr=128 mm=16 | ctx=target phase=prefill t=14 N=248320 K=2560 B=1 thr=64 mm=1 | ctx=target phase=prefill t=12 N=8192 K=2560 B=6 thr=64 mm=1
[xllama] d3d12_shape label=session_prefill part=2/3 keys_total=25 | ctx=target phase=prefill t=14 N=1024 K=2560 B=6 thr=64 mm=1 | ctx=target phase=prefill t=12 N=1024 K=2560 B=6 thr=64 mm=1 | ctx=target phase=prefill t=12 N=2560 K=4096 B=6 thr=128 mm=1 | ctx=target phase=prefill t=12 N=9216 K=2560 B=6 thr=64 mm=2 | ctx=target phase=prefill t=14 N=2560 K=9216 B=6 thr=128 mm=1 | ctx=target phase=prefill t=14 N=248320 K=2560 B=6 thr=64 mm=1 | ctx=target phase=prefill t=12 N=8192 K=2560 B=4 thr=64 mm=1 | ctx=target phase=prefill t=14 N=1024 K=2560 B=4 thr=64 mm=1 | ctx=target phase=prefill t=12 N=1024 K=2560 B=4 thr=64 mm=1 | ctx=target phase=prefill t=12 N=2560 K=4096 B=4 thr=128 mm=1 | ctx=target phase=prefill t=12 N=9216 K=2560 B=4 thr=64 mm=2 | ctx=target phase=prefill t=14 N=2560 K=9216 B=4 thr=128 mm=1
[xllama] d3d12_shape label=session_prefill part=3/3 keys_total=25 | ctx=target phase=prefill t=14 N=248320 K=2560 B=4 thr=64 mm=1
[xllama] mtp: first draft pos=10 n_embd=2560 n_max=4 row[min,max]=[-35.031185,21.452814] dft_n_batch=6 dft_pos_max=9
[xllama] d3d12: D3D12_Host buffer 5.4 MiB
[xllama] abort: mid-round trim i=3/5 n_generated=6
[xllama] VROUND width=5 wall=115.28 d3w=55.53 d3g=44.00 cpu=656.25 reuse=0 accepted=0 gen=6
[xllama] VROUND width=5 wall=113.31 d3w=55.32 d3g=43.96 cpu=656.25 reuse=0 accepted=2 gen=6
[xllama] session generate: n=6 prefill=194.5ms (10 tok) reuse=0 drafted=8 (mtp=8 lookup=0) spec_accept=2 (mtp=2 lookup=0)
[xllama] PHASE total_ms=723.3 prefill_ms=194.5 decode_ms=437.0 accounted_ms=432.3 residual_decode_ms=4.7 load_plus_setup_ms=91.7 draft_ms=38.5 sample_ms=8.8 topprob_ms=37.2 catchup_ms=7.6 verify_ms=228.6 verify_d3w=110.9 verify_d3g=88.0 verify_cpu=1312.5 rounds_split=2 corrective_ms=53.4 classic_decode_ms=53.3 classic_catchup_ms=3.7 lookup_ms=0.0 sample_target_ms=5.1 emit_ms=0.0 maintain_ms=0.0 profile=1
[xllama] d3d12_shape label=session_decode part=1/4 keys_total=47 | ctx=draft phase=draft t=12 N=8192 K=2560 B=1 thr=64 mm=10 | ctx=draft phase=draft t=14 N=1024 K=2560 B=1 thr=64 mm=10 | ctx=draft phase=draft t=12 N=1024 K=2560 B=1 thr=64 mm=10 | ctx=draft phase=draft t=12 N=2560 K=4096 B=1 thr=128 mm=10 | ctx=draft phase=draft t=12 N=9216 K=2560 B=1 thr=64 mm=20 | ctx=draft phase=draft t=14 N=2560 K=9216 B=1 thr=128 mm=10 | ctx=draft phase=draft t=14 N=248320 K=2560 B=1 thr=64 mm=10 | ctx=target phase=classic t=14 N=8192 K=2560 B=1 thr=64 mm=12 | ctx=target phase=classic t=12 N=4096 K=2560 B=1 thr=64 mm=24 | ctx=target phase=classic t=13 N=2560 K=4096 B=1 thr=128 mm=24 | ctx=target phase=classic t=12 N=9216 K=2560 B=1 thr=64 mm=64 | ctx=target phase=classic t=14 N=2560 K=9216 B=1 thr=128 mm=16
[xllama] d3d12_shape label=session_decode part=2/4 keys_total=47 | ctx=target phase=classic t=12 N=8192 K=2560 B=1 thr=64 mm=20 | ctx=target phase=classic t=14 N=1024 K=2560 B=1 thr=64 mm=4 | ctx=target phase=classic t=12 N=1024 K=2560 B=1 thr=64 mm=12 | ctx=target phase=classic t=12 N=2560 K=4096 B=1 thr=128 mm=8 | ctx=target phase=classic t=12 N=2560 K=9216 B=1 thr=128 mm=16 | ctx=target phase=classic t=14 N=248320 K=2560 B=1 thr=64 mm=1 | ctx=draft phase=catchup t=12 N=8192 K=2560 B=1 thr=64 mm=3 | ctx=draft phase=catchup t=14 N=1024 K=2560 B=1 thr=64 mm=3 | ctx=draft phase=catchup t=12 N=1024 K=2560 B=1 thr=64 mm=3 | ctx=draft phase=catchup t=12 N=2560 K=4096 B=1 thr=128 mm=3 | ctx=draft phase=catchup t=12 N=9216 K=2560 B=1 thr=64 mm=6 | ctx=draft phase=catchup t=14 N=2560 K=9216 B=1 thr=128 mm=3
[xllama] d3d12_shape label=session_decode part=3/4 keys_total=47 | ctx=draft phase=catchup t=14 N=248320 K=2560 B=1 thr=64 mm=3 | ctx=target phase=verify t=14 N=8192 K=2560 B=5 thr=64 mm=24 | ctx=target phase=verify t=12 N=4096 K=2560 B=5 thr=64 mm=48 | ctx=target phase=verify t=13 N=2560 K=4096 B=5 thr=128 mm=48 | ctx=target phase=verify t=12 N=9216 K=2560 B=5 thr=64 mm=128 | ctx=target phase=verify t=14 N=2560 K=9216 B=5 thr=128 mm=32 | ctx=target phase=verify t=12 N=8192 K=2560 B=5 thr=64 mm=40 | ctx=target phase=verify t=14 N=1024 K=2560 B=5 thr=64 mm=8 | ctx=target phase=verify t=12 N=1024 K=2560 B=5 thr=64 mm=24 | ctx=target phase=verify t=12 N=2560 K=4096 B=5 thr=128 mm=16 | ctx=target phase=verify t=12 N=2560 K=9216 B=5 thr=128 mm=32 | ctx=target phase=verify t=14 N=248320 K=2560 B=5 thr=64 mm=2
[xllama] d3d12_shape label=session_decode part=4/4 keys_total=47 | ctx=target phase=decode t=14 N=8192 K=2560 B=1 thr=64 mm=12 | ctx=target phase=decode t=12 N=4096 K=2560 B=1 thr=64 mm=24 | ctx=target phase=decode t=13 N=2560 K=4096 B=1 thr=128 mm=24 | ctx=target phase=decode t=12 N=9216 K=2560 B=1 thr=64 mm=64 | ctx=target phase=decode t=14 N=2560 K=9216 B=1 thr=128 mm=16 | ctx=target phase=decode t=12 N=8192 K=2560 B=1 thr=64 mm=20 | ctx=target phase=decode t=14 N=1024 K=2560 B=1 thr=64 mm=4 | ctx=target phase=decode t=12 N=1024 K=2560 B=1 thr=64 mm=12 | ctx=target phase=decode t=12 N=2560 K=4096 B=1 thr=128 mm=8 | ctx=target phase=decode t=12 N=2560 K=9216 B=1 thr=128 mm=16 | ctx=target phase=decode t=14 N=248320 K=2560 B=1 thr=64 mm=1
[xllama] MTP_STATS rounds=2 decodes=12 discarded=2 catchup_tok=2 draft_ms=38.5 sample_ms=8.8 topprob_ms=37.2 catchup_ms=7.6 verify_ms=228.6 corrective_ms=53.4
[xllama] session: KV rewind unsupported (hybrid cache) — full re-prefill (#170): common=15 resident=16 prompt=16
[xllama] session: turn full=1 kv_before=0 pf=16 prompt=16
[xllama] PHASE_PREFILL n_prompt=16 rows_kept=16 n_ubatch=64 calls=179 matmuls=225 gpu_ms=139.807960
[xllama] d3d12_shape label=session_prefill part=1/3 keys_total=25 | ctx=target phase=prefill t=14 N=8192 K=2560 B=16 thr=64 mm=12 | ctx=target phase=prefill t=12 N=4096 K=2560 B=16 thr=64 mm=24 | ctx=target phase=prefill t=13 N=2560 K=4096 B=16 thr=128 mm=24 | ctx=target phase=prefill t=12 N=9216 K=2560 B=16 thr=64 mm=64 | ctx=target phase=prefill t=14 N=2560 K=9216 B=16 thr=128 mm=16 | ctx=target phase=prefill t=12 N=8192 K=2560 B=16 thr=64 mm=20 | ctx=target phase=prefill t=14 N=1024 K=2560 B=16 thr=64 mm=4 | ctx=target phase=prefill t=12 N=1024 K=2560 B=16 thr=64 mm=12 | ctx=target phase=prefill t=12 N=2560 K=4096 B=16 thr=128 mm=8 | ctx=target phase=prefill t=12 N=2560 K=9216 B=16 thr=128 mm=16 | ctx=target phase=prefill t=14 N=248320 K=2560 B=1 thr=64 mm=1 | ctx=target phase=prefill t=12 N=8192 K=2560 B=6 thr=64 mm=2
[xllama] d3d12_shape label=session_prefill part=2/3 keys_total=25 | ctx=target phase=prefill t=14 N=1024 K=2560 B=6 thr=64 mm=2 | ctx=target phase=prefill t=12 N=1024 K=2560 B=6 thr=64 mm=2 | ctx=target phase=prefill t=12 N=2560 K=4096 B=6 thr=128 mm=2 | ctx=target phase=prefill t=12 N=9216 K=2560 B=6 thr=64 mm=4 | ctx=target phase=prefill t=14 N=2560 K=9216 B=6 thr=128 mm=2 | ctx=target phase=prefill t=14 N=248320 K=2560 B=6 thr=64 mm=2 | ctx=target phase=prefill t=12 N=8192 K=2560 B=4 thr=64 mm=1 | ctx=target phase=prefill t=14 N=1024 K=2560 B=4 thr=64 mm=1 | ctx=target phase=prefill t=12 N=1024 K=2560 B=4 thr=64 mm=1 | ctx=target phase=prefill t=12 N=2560 K=4096 B=4 thr=128 mm=1 | ctx=target phase=prefill t=12 N=9216 K=2560 B=4 thr=64 mm=2 | ctx=target phase=prefill t=14 N=2560 K=9216 B=4 thr=128 mm=1
[xllama] d3d12_shape label=session_prefill part=3/3 keys_total=25 | ctx=target phase=prefill t=14 N=248320 K=2560 B=4 thr=64 mm=1
[xllama] VROUND width=5 wall=116.28 d3w=55.42 d3g=44.02 cpu=750.00 reuse=0 accepted=4 gen=12
[xllama] VROUND width=5 wall=111.72 d3w=55.44 d3g=44.00 cpu=656.25 reuse=1 accepted=4 gen=12
[xllama] VROUND width=2 wall=71.43 d3w=31.17 d3g=19.32 cpu=468.75 reuse=0 accepted=1 gen=12
[xllama] session generate: n=12 prefill=301.6ms (16 tok) reuse=0 drafted=9 (mtp=9 lookup=0) spec_accept=9 (mtp=9 lookup=0)
[xllama] PHASE total_ms=735.9 prefill_ms=301.6 decode_ms=422.9 accounted_ms=422.6 residual_decode_ms=0.3 load_plus_setup_ms=11.5 draft_ms=34.8 sample_ms=7.9 topprob_ms=36.8 catchup_ms=33.5 verify_ms=299.4 verify_d3w=142.0 verify_d3g=107.3 verify_cpu=1875.0 rounds_split=3 corrective_ms=0.0 classic_decode_ms=0.0 classic_catchup_ms=0.0 lookup_ms=0.0 sample_target_ms=10.1 emit_ms=0.0 maintain_ms=0.0 profile=1
[xllama] d3d12_shape label=session_decode part=1/4 keys_total=43 | ctx=draft phase=draft t=12 N=8192 K=2560 B=1 thr=64 mm=9 | ctx=draft phase=draft t=14 N=1024 K=2560 B=1 thr=64 mm=9 | ctx=draft phase=draft t=12 N=1024 K=2560 B=1 thr=64 mm=9 | ctx=draft phase=draft t=12 N=2560 K=4096 B=1 thr=128 mm=9 | ctx=draft phase=draft t=12 N=9216 K=2560 B=1 thr=64 mm=18 | ctx=draft phase=draft t=14 N=2560 K=9216 B=1 thr=128 mm=9 | ctx=draft phase=draft t=14 N=248320 K=2560 B=1 thr=64 mm=9 | ctx=target phase=verify t=14 N=8192 K=2560 B=5 thr=64 mm=24 | ctx=target phase=verify t=12 N=4096 K=2560 B=5 thr=64 mm=48 | ctx=target phase=verify t=13 N=2560 K=4096 B=5 thr=128 mm=48 | ctx=target phase=verify t=12 N=9216 K=2560 B=5 thr=64 mm=128 | ctx=target phase=verify t=14 N=2560 K=9216 B=5 thr=128 mm=32
[xllama] d3d12_shape label=session_decode part=2/4 keys_total=43 | ctx=target phase=verify t=12 N=8192 K=2560 B=5 thr=64 mm=40 | ctx=target phase=verify t=14 N=1024 K=2560 B=5 thr=64 mm=8 | ctx=target phase=verify t=12 N=1024 K=2560 B=5 thr=64 mm=24 | ctx=target phase=verify t=12 N=2560 K=4096 B=5 thr=128 mm=16 | ctx=target phase=verify t=12 N=2560 K=9216 B=5 thr=128 mm=32 | ctx=target phase=verify t=14 N=248320 K=2560 B=5 thr=64 mm=2 | ctx=draft phase=catchup t=12 N=8192 K=2560 B=5 thr=64 mm=2 | ctx=draft phase=catchup t=14 N=1024 K=2560 B=5 thr=64 mm=2 | ctx=draft phase=catchup t=12 N=1024 K=2560 B=5 thr=64 mm=2 | ctx=draft phase=catchup t=12 N=2560 K=4096 B=5 thr=128 mm=2 | ctx=draft phase=catchup t=12 N=9216 K=2560 B=5 thr=64 mm=4 | ctx=draft phase=catchup t=14 N=2560 K=9216 B=5 thr=128 mm=2
[xllama] d3d12_shape label=session_decode part=3/4 keys_total=43 | ctx=draft phase=catchup t=14 N=248320 K=2560 B=5 thr=64 mm=2 | ctx=target phase=verify t=14 N=8192 K=2560 B=2 thr=64 mm=12 | ctx=target phase=verify t=12 N=4096 K=2560 B=2 thr=64 mm=24 | ctx=target phase=verify t=13 N=2560 K=4096 B=2 thr=128 mm=24 | ctx=target phase=verify t=12 N=9216 K=2560 B=2 thr=64 mm=64 | ctx=target phase=verify t=14 N=2560 K=9216 B=2 thr=128 mm=16 | ctx=target phase=verify t=12 N=8192 K=2560 B=2 thr=64 mm=20 | ctx=target phase=verify t=14 N=1024 K=2560 B=2 thr=64 mm=4 | ctx=target phase=verify t=12 N=1024 K=2560 B=2 thr=64 mm=12 | ctx=target phase=verify t=12 N=2560 K=4096 B=2 thr=128 mm=8 | ctx=target phase=verify t=12 N=2560 K=9216 B=2 thr=128 mm=16 | ctx=target phase=verify t=14 N=248320 K=2560 B=2 thr=64 mm=1
[xllama] d3d12_shape label=session_decode part=4/4 keys_total=43 | ctx=draft phase=catchup t=12 N=8192 K=2560 B=2 thr=64 mm=1 | ctx=draft phase=catchup t=14 N=1024 K=2560 B=2 thr=64 mm=1 | ctx=draft phase=catchup t=12 N=1024 K=2560 B=2 thr=64 mm=1 | ctx=draft phase=catchup t=12 N=2560 K=4096 B=2 thr=128 mm=1 | ctx=draft phase=catchup t=12 N=9216 K=2560 B=2 thr=64 mm=2 | ctx=draft phase=catchup t=14 N=2560 K=9216 B=2 thr=128 mm=1 | ctx=draft phase=catchup t=14 N=248320 K=2560 B=2 thr=64 mm=1
[xllama] MTP_STATS rounds=3 decodes=12 discarded=0 catchup_tok=12 draft_ms=34.8 sample_ms=7.9 topprob_ms=36.8 catchup_ms=33.5 verify_ms=299.4 corrective_ms=0.0
[llama] ~llama_context: D3D12_Host compute buffer size is   5.8489 MiB, matches expectation of   5.8489 MiB
[llama] ~llama_context: D3D12_Host compute buffer size is   0.0000 MiB, matches expectation of   0.0000 MiB
[xllama] d3d12: 1629 graph_compute calls, 2049 matmuls (0 2col), 673.2 ms wall (519.2 ms GPU)
[llama] ~llama_context: D3D12_Host compute buffer size is  63.0027 MiB, matches expectation of  63.0027 MiB
[llama] ~llama_context: D3D12_Host compute buffer size is   0.0000 MiB, matches expectation of   0.0000 MiB
[xllama] d3d12: 0 graph_compute calls, 0 matmuls (0 2col), 0.0 ms wall (0.0 ms GPU)
[xllama] gguf gpu layers: 34 on D3D12
[llama] llama_model_loader: mmap is not supported on this platform
[llama] llama_prepare_model_devices: using device D3D12 (xllama D3D12 compute (Q4_0/Q4_K/Q5_K/Q6_K matmul)) (unknown id) - 4129 MiB free
[llama] load_tensors: layer   0 assigned to device D3D12, is_swa = 0
[llama] load_tensors: layer   1 assigned to device D3D12, is_swa = 0
[llama] load_tensors: layer   2 assigned to device D3D12, is_swa = 0
[llama] load_tensors: layer   3 assigned to device D3D12, is_swa = 0
[llama] load_tensors: layer   4 assigned to device D3D12, is_swa = 0
[llama] load_tensors: layer   5 assigned to device D3D12, is_swa = 0
[llama] load_tensors: layer   6 assigned to device D3D12, is_swa = 0
[llama] load_tensors: layer   7 assigned to device D3D12, is_swa = 0
[llama] load_tensors: layer   8 assigned to device D3D12, is_swa = 0
[llama] load_tensors: layer   9 assigned to device D3D12, is_swa = 0
[llama] load_tensors: layer  10 assigned to device D3D12, is_swa = 0
[llama] load_tensors: layer  11 assigned to device D3D12, is_swa = 0
[llama] load_tensors: layer  12 assigned to device D3D12, is_swa = 0
[llama] load_tensors: layer  13 assigned to device D3D12, is_swa = 0
[llama] load_tensors: layer  14 assigned to device D3D12, is_swa = 0
[llama] load_tensors: layer  15 assigned to device D3D12, is_swa = 0
[llama] load_tensors: layer  16 assigned to device D3D12, is_swa = 0
[llama] load_tensors: layer  17 assigned to device D3D12, is_swa = 0
[llama] load_tensors: layer  18 assigned to device D3D12, is_swa = 0
[llama] load_tensors: layer  19 assigned to device D3D12, is_swa = 0
[llama] load_tensors: layer  20 assigned to device D3D12, is_swa = 0
[llama] load_tensors: layer  21 assigned to device D3D12, is_swa = 0
[llama] load_tensors: layer  22 assigned to device D3D12, is_swa = 0
[llama] load_tensors: layer  23 assigned to device D3D12, is_swa = 0
[llama] load_tensors: layer  24 assigned to device D3D12, is_swa = 0
[llama] load_tensors: layer  25 assigned to device D3D12, is_swa = 0
[llama] load_tensors: layer  26 assigned to device D3D12, is_swa = 0
[llama] load_tensors: layer  27 assigned to device D3D12, is_swa = 0
[llama] load_tensors: layer  28 assigned to device D3D12, is_swa = 0
[llama] load_tensors: layer  29 assigned to device D3D12, is_swa = 0
[llama] load_tensors: layer  30 assigned to device D3D12, is_swa = 0
[llama] load_tensors: layer  31 assigned to device D3D12, is_swa = 0
[llama] load_tensors: layer  32 assigned to device D3D12, is_swa = 0
[llama] load_tensors: layer  33 assigned to device D3D12, is_swa = 0
[llama] model has unused tensor blk.32.attn_norm.weight (size = 10240 bytes) -- ignoring
[llama] model has unused tensor blk.32.post_attention_norm.weight (size = 10240 bytes) -- ignoring
[llama] model has unused tensor blk.32.attn_q.weight (size = 11796480 bytes) -- ignoring
[llama] model has unused tensor blk.32.attn_k.weight (size = 1474560 bytes) -- ignoring
[llama] model has unused tensor blk.32.attn_v.weight (size = 2150400 bytes) -- ignoring
[llama] model has unused tensor blk.32.attn_output.weight (size = 5898240 bytes) -- ignoring
[llama] model has unused tensor blk.32.attn_q_norm.weight (size = 1024 bytes) -- ignoring
[llama] model has unused tensor blk.32.attn_k_norm.weight (size = 1024 bytes) -- ignoring
[llama] model has unused tensor blk.32.ffn_gate.weight (size = 13271040 bytes) -- ignoring
[llama] model has unused tensor blk.32.ffn_down.weight (size = 19353600 bytes) -- ignoring
[llama] model has unused tensor blk.32.ffn_up.weight (size = 13271040 bytes) -- ignoring
[llama] model has unused tensor blk.32.nextn.eh_proj.weight (size = 13926400 bytes) -- ignoring
[llama] model has unused tensor blk.32.nextn.enorm.weight (size = 10240 bytes) -- ignoring
[llama] model has unused tensor blk.32.nextn.hnorm.weight (size = 10240 bytes) -- ignoring
[llama] model has unused tensor blk.32.nextn.shared_head_norm.weight (size = 10240 bytes) -- ignoring
[xllama] d3d12: D3D12_Weights buffer 2597.1 MiB
[llama] load_tensors: offloading output layer to GPU
[llama] load_tensors: offloading 32 repeating layers to GPU
[llama] load_tensors: offloaded 34/34 layers to GPU
[llama] load_tensors:          CPU model buffer size =   515.98 MiB
[llama] load_tensors: D3D12_Weights model buffer size =  2597.13 MiB
[llama] load_all_data: buffer type D3D12_Weights is not the default buffer type for device D3D12 for async uploads
[xllama] Session: GGUF model loaded via llama.cpp (persistent)
[llama] llama_context: D3D12_Host  output buffer size =     0.95 MiB
[llama] llama_kv_cache:        CPU KV buffer size =    64.00 MiB
[llama] llama_memory_recurrent:        CPU RS buffer size =    50.25 MiB
[llama] resolve_fused_ops: layer 3 is assigned to device D3D12 but Flash Attention is assigned to device CPU (usually due to missing support)
[llama] resolve_fused_ops: Flash Attention not supported, set to disabled
[xllama] d3d12: D3D12_Host buffer 63.0 MiB
[llama] sched_reserve: D3D12_Host compute buffer size =    63.00 MiB
[llama] sched_reserve: graph splits = 322
[xllama] session: can_shift=0 (memory_can_shift=0 n_swa=0)
[xllama] session: turn full=1 kv_before=0 pf=10 prompt=10
[xllama] PHASE_PREFILL n_prompt=10 rows_kept=10 n_ubatch=64 calls=161 matmuls=201 gpu_ms=65.374276
[xllama] d3d12_shape label=session_prefill part=1/1 keys_total=11 | ctx=target phase=prefill t=14 N=8192 K=2560 B=10 thr=64 mm=12 | ctx=target phase=prefill t=12 N=4096 K=2560 B=10 thr=64 mm=24 | ctx=target phase=prefill t=13 N=2560 K=4096 B=10 thr=128 mm=24 | ctx=target phase=prefill t=12 N=9216 K=2560 B=10 thr=64 mm=64 | ctx=target phase=prefill t=14 N=2560 K=9216 B=10 thr=128 mm=16 | ctx=target phase=prefill t=12 N=8192 K=2560 B=10 thr=64 mm=20 | ctx=target phase=prefill t=14 N=1024 K=2560 B=10 thr=64 mm=4 | ctx=target phase=prefill t=12 N=1024 K=2560 B=10 thr=64 mm=12 | ctx=target phase=prefill t=12 N=2560 K=4096 B=10 thr=128 mm=8 | ctx=target phase=prefill t=12 N=2560 K=9216 B=10 thr=128 mm=16 | ctx=target phase=prefill t=14 N=248320 K=2560 B=1 thr=64 mm=1
[xllama] session generate: n=18 prefill=139.4ms (10 tok) reuse=0 drafted=0 (mtp=0 lookup=0) spec_accept=0 (mtp=0 lookup=0)
[xllama] PHASE total_ms=1138.6 prefill_ms=139.4 decode_ms=961.6 accounted_ms=961.5 residual_decode_ms=0.1 load_plus_setup_ms=37.5 draft_ms=0.0 sample_ms=0.0 topprob_ms=0.0 catchup_ms=0.0 verify_ms=0.0 verify_d3w=0.0 verify_d3g=0.0 verify_cpu=0.0 rounds_split=0 corrective_ms=0.0 classic_decode_ms=945.6 classic_catchup_ms=0.0 lookup_ms=0.0 sample_target_ms=15.9 emit_ms=0.0 maintain_ms=0.0 profile=1
[xllama] d3d12_shape label=session_decode part=1/1 keys_total=11 | ctx=target phase=classic t=14 N=8192 K=2560 B=1 thr=64 mm=216 | ctx=target phase=classic t=12 N=4096 K=2560 B=1 thr=64 mm=432 | ctx=target phase=classic t=13 N=2560 K=4096 B=1 thr=128 mm=432 | ctx=target phase=classic t=12 N=9216 K=2560 B=1 thr=64 mm=1152 | ctx=target phase=classic t=14 N=2560 K=9216 B=1 thr=128 mm=288 | ctx=target phase=classic t=12 N=8192 K=2560 B=1 thr=64 mm=360 | ctx=target phase=classic t=14 N=1024 K=2560 B=1 thr=64 mm=72 | ctx=target phase=classic t=12 N=1024 K=2560 B=1 thr=64 mm=216 | ctx=target phase=classic t=12 N=2560 K=4096 B=1 thr=128 mm=144 | ctx=target phase=classic t=12 N=2560 K=9216 B=1 thr=128 mm=288 | ctx=target phase=classic t=14 N=248320 K=2560 B=1 thr=64 mm=18
[llama] ~llama_context: D3D12_Host compute buffer size is  63.0027 MiB, matches expectation of  63.0027 MiB
[llama] ~llama_context: D3D12_Host compute buffer size is   0.0000 MiB, matches expectation of   0.0000 MiB
[xllama] d3d12: 3059 graph_compute calls, 3819 matmuls (0 2col), 507.9 ms wall (264.4 ms GPU)
[xllama] TERMGATE scenario=cancel@6 arm=ref ok=1 reason=- n_ids=6 n_ref=18 parity=1 first_diff=-1 active=1 drafted=8 rounds=2 lookup=0 ews=0 n_eval=6 eog_tok=-1 eog_branch=- stop_branch=- stop_round=-1
[xllama] gguf gpu layers: 34 on D3D12
[llama] llama_model_loader: mmap is not supported on this platform
[llama] llama_prepare_model_devices: using device D3D12 (xllama D3D12 compute (Q4_0/Q4_K/Q5_K/Q6_K matmul)) (unknown id) - 4129 MiB free
[llama] load_tensors: layer   0 assigned to device D3D12, is_swa = 0
[llama] load_tensors: layer   1 assigned to device D3D12, is_swa = 0
[llama] load_tensors: layer   2 assigned to device D3D12, is_swa = 0
[llama] load_tensors: layer   3 assigned to device D3D12, is_swa = 0
[llama] load_tensors: layer   4 assigned to device D3D12, is_swa = 0
[llama] load_tensors: layer   5 assigned to device D3D12, is_swa = 0
[llama] load_tensors: layer   6 assigned to device D3D12, is_swa = 0
[llama] load_tensors: layer   7 assigned to device D3D12, is_swa = 0
[llama] load_tensors: layer   8 assigned to device D3D12, is_swa = 0
[llama] load_tensors: layer   9 assigned to device D3D12, is_swa = 0
[llama] load_tensors: layer  10 assigned to device D3D12, is_swa = 0
[llama] load_tensors: layer  11 assigned to device D3D12, is_swa = 0
[llama] load_tensors: layer  12 assigned to device D3D12, is_swa = 0
[llama] load_tensors: layer  13 assigned to device D3D12, is_swa = 0
[llama] load_tensors: layer  14 assigned to device D3D12, is_swa = 0
[llama] load_tensors: layer  15 assigned to device D3D12, is_swa = 0
[llama] load_tensors: layer  16 assigned to device D3D12, is_swa = 0
[llama] load_tensors: layer  17 assigned to device D3D12, is_swa = 0
[llama] load_tensors: layer  18 assigned to device D3D12, is_swa = 0
[llama] load_tensors: layer  19 assigned to device D3D12, is_swa = 0
[llama] load_tensors: layer  20 assigned to device D3D12, is_swa = 0
[llama] load_tensors: layer  21 assigned to device D3D12, is_swa = 0
[llama] load_tensors: layer  22 assigned to device D3D12, is_swa = 0
[llama] load_tensors: layer  23 assigned to device D3D12, is_swa = 0
[llama] load_tensors: layer  24 assigned to device D3D12, is_swa = 0
[llama] load_tensors: layer  25 assigned to device D3D12, is_swa = 0
[llama] load_tensors: layer  26 assigned to device D3D12, is_swa = 0
[llama] load_tensors: layer  27 assigned to device D3D12, is_swa = 0
[llama] load_tensors: layer  28 assigned to device D3D12, is_swa = 0
[llama] load_tensors: layer  29 assigned to device D3D12, is_swa = 0
[llama] load_tensors: layer  30 assigned to device D3D12, is_swa = 0
[llama] load_tensors: layer  31 assigned to device D3D12, is_swa = 0
[llama] load_tensors: layer  32 assigned to device D3D12, is_swa = 0
[llama] load_tensors: layer  33 assigned to device D3D12, is_swa = 0
[xllama] d3d12: D3D12_Weights buffer 2661.2 MiB
[llama] load_tensors: offloading output layer to GPU
[llama] load_tensors: offloading 32 repeating layers to GPU
[llama] load_tensors: offloaded 34/34 layers to GPU
[llama] load_tensors:          CPU model buffer size =   529.31 MiB
[llama] load_tensors: D3D12_Weights model buffer size =  2661.23 MiB
[llama] load_all_data: buffer type D3D12_Weights is not the default buffer type for device D3D12 for async uploads
[xllama] Session: GGUF model loaded via llama.cpp (persistent)
[xllama] session: speculative n_rs_seq=4
[llama] llama_context: D3D12_Host  output buffer size =     0.95 MiB
[llama] llama_kv_cache:        CPU KV buffer size =    64.00 MiB
[llama] llama_memory_recurrent:        CPU RS buffer size =   251.25 MiB
[llama] resolve_fused_ops: layer 3 is assigned to device D3D12 but Flash Attention is assigned to device CPU (usually due to missing support)
[llama] resolve_fused_ops: Flash Attention not supported, set to disabled
[xllama] d3d12: D3D12_Host buffer 63.0 MiB
[llama] sched_reserve: D3D12_Host compute buffer size =    63.00 MiB
[llama] sched_reserve: graph splits = 322
[llama] llama_context: D3D12_Host  output buffer size =     0.95 MiB
[llama] llama_kv_cache:        CPU KV buffer size =     8.00 MiB
[llama] resolve_fused_ops: layer 32 is assigned to device D3D12 but Flash Attention is assigned to device CPU (usually due to missing support)
[llama] resolve_fused_ops: Flash Attention not supported, set to disabled
[xllama] d3d12: D3D12_Host buffer 5.8 MiB
[llama] sched_reserve: D3D12_Host compute buffer size =     5.85 MiB
[llama] sched_reserve: graph splits = 12
[xllama] mtp: draft ready, n_max=4 p_min=0.750000 dft_n_batch=6
[xllama] mtp: target nextn head layers=1
[xllama] mtp: split_mtp_weights=0 resident=0 tensors=0
[xllama] session: can_shift=0 (memory_can_shift=0 n_swa=0)
[xllama] session: turn full=1 kv_before=0 pf=10 prompt=10
[xllama] d3d12: D3D12_Host buffer 1.6 MiB
[xllama] d3d12: D3D12_Host buffer 5.7 MiB
[xllama] PHASE_PREFILL n_prompt=10 rows_kept=10 n_ubatch=64 calls=173 matmuls=217 gpu_ms=88.790977
[xllama] d3d12_shape label=session_prefill part=1/3 keys_total=25 | ctx=target phase=prefill t=14 N=8192 K=2560 B=10 thr=64 mm=12 | ctx=target phase=prefill t=12 N=4096 K=2560 B=10 thr=64 mm=24 | ctx=target phase=prefill t=13 N=2560 K=4096 B=10 thr=128 mm=24 | ctx=target phase=prefill t=12 N=9216 K=2560 B=10 thr=64 mm=64 | ctx=target phase=prefill t=14 N=2560 K=9216 B=10 thr=128 mm=16 | ctx=target phase=prefill t=12 N=8192 K=2560 B=10 thr=64 mm=20 | ctx=target phase=prefill t=14 N=1024 K=2560 B=10 thr=64 mm=4 | ctx=target phase=prefill t=12 N=1024 K=2560 B=10 thr=64 mm=12 | ctx=target phase=prefill t=12 N=2560 K=4096 B=10 thr=128 mm=8 | ctx=target phase=prefill t=12 N=2560 K=9216 B=10 thr=128 mm=16 | ctx=target phase=prefill t=14 N=248320 K=2560 B=1 thr=64 mm=1 | ctx=target phase=prefill t=12 N=8192 K=2560 B=6 thr=64 mm=1
[xllama] d3d12_shape label=session_prefill part=2/3 keys_total=25 | ctx=target phase=prefill t=14 N=1024 K=2560 B=6 thr=64 mm=1 | ctx=target phase=prefill t=12 N=1024 K=2560 B=6 thr=64 mm=1 | ctx=target phase=prefill t=12 N=2560 K=4096 B=6 thr=128 mm=1 | ctx=target phase=prefill t=12 N=9216 K=2560 B=6 thr=64 mm=2 | ctx=target phase=prefill t=14 N=2560 K=9216 B=6 thr=128 mm=1 | ctx=target phase=prefill t=14 N=248320 K=2560 B=6 thr=64 mm=1 | ctx=target phase=prefill t=12 N=8192 K=2560 B=4 thr=64 mm=1 | ctx=target phase=prefill t=14 N=1024 K=2560 B=4 thr=64 mm=1 | ctx=target phase=prefill t=12 N=1024 K=2560 B=4 thr=64 mm=1 | ctx=target phase=prefill t=12 N=2560 K=4096 B=4 thr=128 mm=1 | ctx=target phase=prefill t=12 N=9216 K=2560 B=4 thr=64 mm=2 | ctx=target phase=prefill t=14 N=2560 K=9216 B=4 thr=128 mm=1
[xllama] d3d12_shape label=session_prefill part=3/3 keys_total=25 | ctx=target phase=prefill t=14 N=248320 K=2560 B=4 thr=64 mm=1
[xllama] d3d12: D3D12_Host buffer 5.4 MiB
[xllama] abort: mid-round trim i=1/4 n_generated=13
[xllama] VROUND width=5 wall=114.72 d3w=55.18 d3g=43.88 cpu=656.25 reuse=0 accepted=0 gen=13
[xllama] VROUND width=5 wall=117.27 d3w=55.43 d3g=43.82 cpu=656.25 reuse=0 accepted=4 gen=13
[xllama] VROUND width=4 wall=102.48 d3w=46.89 d3g=35.52 cpu=562.50 reuse=0 accepted=3 gen=13
[xllama] VROUND width=4 wall=100.74 d3w=47.04 d3g=35.65 cpu=562.50 reuse=1 accepted=0 gen=13
[xllama] session generate: n=13 prefill=188.8ms (10 tok) reuse=0 drafted=14 (mtp=14 lookup=0) spec_accept=7 (mtp=7 lookup=0)
[xllama] PHASE total_ms=1051.4 prefill_ms=188.8 decode_ms=785.3 accounted_ms=780.7 residual_decode_ms=4.5 load_plus_setup_ms=77.3 draft_ms=79.2 sample_ms=16.3 topprob_ms=61.8 catchup_ms=32.9 verify_ms=435.2 verify_d3w=204.5 verify_d3g=158.9 verify_cpu=2437.5 rounds_split=4 corrective_ms=90.5 classic_decode_ms=53.2 classic_catchup_ms=3.8 lookup_ms=0.0 sample_target_ms=11.6 emit_ms=0.0 maintain_ms=0.0 profile=1
[xllama] d3d12_shape label=session_decode part=1/6 keys_total=72 | ctx=draft phase=draft t=12 N=8192 K=2560 B=1 thr=64 mm=18 | ctx=draft phase=draft t=14 N=1024 K=2560 B=1 thr=64 mm=18 | ctx=draft phase=draft t=12 N=1024 K=2560 B=1 thr=64 mm=18 | ctx=draft phase=draft t=12 N=2560 K=4096 B=1 thr=128 mm=18 | ctx=draft phase=draft t=12 N=9216 K=2560 B=1 thr=64 mm=36 | ctx=draft phase=draft t=14 N=2560 K=9216 B=1 thr=128 mm=18 | ctx=draft phase=draft t=14 N=248320 K=2560 B=1 thr=64 mm=18 | ctx=target phase=classic t=14 N=8192 K=2560 B=1 thr=64 mm=12 | ctx=target phase=classic t=12 N=4096 K=2560 B=1 thr=64 mm=24 | ctx=target phase=classic t=13 N=2560 K=4096 B=1 thr=128 mm=24 | ctx=target phase=classic t=12 N=9216 K=2560 B=1 thr=64 mm=64 | ctx=target phase=classic t=14 N=2560 K=9216 B=1 thr=128 mm=16
[xllama] d3d12_shape label=session_decode part=2/6 keys_total=72 | ctx=target phase=classic t=12 N=8192 K=2560 B=1 thr=64 mm=20 | ctx=target phase=classic t=14 N=1024 K=2560 B=1 thr=64 mm=4 | ctx=target phase=classic t=12 N=1024 K=2560 B=1 thr=64 mm=12 | ctx=target phase=classic t=12 N=2560 K=4096 B=1 thr=128 mm=8 | ctx=target phase=classic t=12 N=2560 K=9216 B=1 thr=128 mm=16 | ctx=target phase=classic t=14 N=248320 K=2560 B=1 thr=64 mm=1 | ctx=draft phase=catchup t=12 N=8192 K=2560 B=1 thr=64 mm=3 | ctx=draft phase=catchup t=14 N=1024 K=2560 B=1 thr=64 mm=3 | ctx=draft phase=catchup t=12 N=1024 K=2560 B=1 thr=64 mm=3 | ctx=draft phase=catchup t=12 N=2560 K=4096 B=1 thr=128 mm=3 | ctx=draft phase=catchup t=12 N=9216 K=2560 B=1 thr=64 mm=6 | ctx=draft phase=catchup t=14 N=2560 K=9216 B=1 thr=128 mm=3
[xllama] d3d12_shape label=session_decode part=3/6 keys_total=72 | ctx=draft phase=catchup t=14 N=248320 K=2560 B=1 thr=64 mm=3 | ctx=target phase=verify t=14 N=8192 K=2560 B=5 thr=64 mm=24 | ctx=target phase=verify t=12 N=4096 K=2560 B=5 thr=64 mm=48 | ctx=target phase=verify t=13 N=2560 K=4096 B=5 thr=128 mm=48 | ctx=target phase=verify t=12 N=9216 K=2560 B=5 thr=64 mm=128 | ctx=target phase=verify t=14 N=2560 K=9216 B=5 thr=128 mm=32 | ctx=target phase=verify t=12 N=8192 K=2560 B=5 thr=64 mm=40 | ctx=target phase=verify t=14 N=1024 K=2560 B=5 thr=64 mm=8 | ctx=target phase=verify t=12 N=1024 K=2560 B=5 thr=64 mm=24 | ctx=target phase=verify t=12 N=2560 K=4096 B=5 thr=128 mm=16 | ctx=target phase=verify t=12 N=2560 K=9216 B=5 thr=128 mm=32 | ctx=target phase=verify t=14 N=248320 K=2560 B=5 thr=64 mm=2
[xllama] d3d12_shape label=session_decode part=4/6 keys_total=72 | ctx=target phase=decode t=14 N=8192 K=2560 B=1 thr=64 mm=12 | ctx=target phase=decode t=12 N=4096 K=2560 B=1 thr=64 mm=24 | ctx=target phase=decode t=13 N=2560 K=4096 B=1 thr=128 mm=24 | ctx=target phase=decode t=12 N=9216 K=2560 B=1 thr=64 mm=64 | ctx=target phase=decode t=14 N=2560 K=9216 B=1 thr=128 mm=16 | ctx=target phase=decode t=12 N=8192 K=2560 B=1 thr=64 mm=20 | ctx=target phase=decode t=14 N=1024 K=2560 B=1 thr=64 mm=4 | ctx=target phase=decode t=12 N=1024 K=2560 B=1 thr=64 mm=12 | ctx=target phase=decode t=12 N=2560 K=4096 B=1 thr=128 mm=8 | ctx=target phase=decode t=12 N=2560 K=9216 B=1 thr=128 mm=16 | ctx=target phase=decode t=14 N=248320 K=2560 B=1 thr=64 mm=1 | ctx=draft phase=catchup t=12 N=8192 K=2560 B=5 thr=64 mm=1
[xllama] d3d12_shape label=session_decode part=5/6 keys_total=72 | ctx=draft phase=catchup t=14 N=1024 K=2560 B=5 thr=64 mm=1 | ctx=draft phase=catchup t=12 N=1024 K=2560 B=5 thr=64 mm=1 | ctx=draft phase=catchup t=12 N=2560 K=4096 B=5 thr=128 mm=1 | ctx=draft phase=catchup t=12 N=9216 K=2560 B=5 thr=64 mm=2 | ctx=draft phase=catchup t=14 N=2560 K=9216 B=5 thr=128 mm=1 | ctx=draft phase=catchup t=14 N=248320 K=2560 B=5 thr=64 mm=1 | ctx=target phase=verify t=14 N=8192 K=2560 B=4 thr=64 mm=24 | ctx=target phase=verify t=12 N=4096 K=2560 B=4 thr=64 mm=48 | ctx=target phase=verify t=13 N=2560 K=4096 B=4 thr=128 mm=48 | ctx=target phase=verify t=12 N=9216 K=2560 B=4 thr=64 mm=128 | ctx=target phase=verify t=14 N=2560 K=9216 B=4 thr=128 mm=32 | ctx=target phase=verify t=12 N=8192 K=2560 B=4 thr=64 mm=40
[xllama] d3d12_shape label=session_decode part=6/6 keys_total=72 | ctx=target phase=verify t=14 N=1024 K=2560 B=4 thr=64 mm=8 | ctx=target phase=verify t=12 N=1024 K=2560 B=4 thr=64 mm=24 | ctx=target phase=verify t=12 N=2560 K=4096 B=4 thr=128 mm=16 | ctx=target phase=verify t=12 N=2560 K=9216 B=4 thr=128 mm=32 | ctx=target phase=verify t=14 N=248320 K=2560 B=4 thr=64 mm=2 | ctx=draft phase=catchup t=12 N=8192 K=2560 B=4 thr=64 mm=1 | ctx=draft phase=catchup t=14 N=1024 K=2560 B=4 thr=64 mm=1 | ctx=draft phase=catchup t=12 N=1024 K=2560 B=4 thr=64 mm=1 | ctx=draft phase=catchup t=12 N=2560 K=4096 B=4 thr=128 mm=1 | ctx=draft phase=catchup t=12 N=9216 K=2560 B=4 thr=64 mm=2 | ctx=draft phase=catchup t=14 N=2560 K=9216 B=4 thr=128 mm=1 | ctx=draft phase=catchup t=14 N=248320 K=2560 B=4 thr=64 mm=1
[xllama] MTP_STATS rounds=4 decodes=22 discarded=4 catchup_tok=11 draft_ms=79.2 sample_ms=16.3 topprob_ms=61.8 catchup_ms=32.9 verify_ms=435.2 corrective_ms=90.5
[xllama] session: KV rewind unsupported (hybrid cache) — full re-prefill (#170): common=22 resident=23 prompt=23
[xllama] session: turn full=1 kv_before=0 pf=23 prompt=23
[xllama] PHASE_PREFILL n_prompt=23 rows_kept=23 n_ubatch=64 calls=185 matmuls=233 gpu_ms=198.740050
[xllama] d3d12_shape label=session_prefill part=1/3 keys_total=25 | ctx=target phase=prefill t=14 N=8192 K=2560 B=23 thr=64 mm=12 | ctx=target phase=prefill t=12 N=4096 K=2560 B=23 thr=64 mm=24 | ctx=target phase=prefill t=13 N=2560 K=4096 B=23 thr=128 mm=24 | ctx=target phase=prefill t=12 N=9216 K=2560 B=23 thr=64 mm=64 | ctx=target phase=prefill t=14 N=2560 K=9216 B=23 thr=128 mm=16 | ctx=target phase=prefill t=12 N=8192 K=2560 B=23 thr=64 mm=20 | ctx=target phase=prefill t=14 N=1024 K=2560 B=23 thr=64 mm=4 | ctx=target phase=prefill t=12 N=1024 K=2560 B=23 thr=64 mm=12 | ctx=target phase=prefill t=12 N=2560 K=4096 B=23 thr=128 mm=8 | ctx=target phase=prefill t=12 N=2560 K=9216 B=23 thr=128 mm=16 | ctx=target phase=prefill t=14 N=248320 K=2560 B=1 thr=64 mm=1 | ctx=target phase=prefill t=12 N=8192 K=2560 B=6 thr=64 mm=3
[xllama] d3d12_shape label=session_prefill part=2/3 keys_total=25 | ctx=target phase=prefill t=14 N=1024 K=2560 B=6 thr=64 mm=3 | ctx=target phase=prefill t=12 N=1024 K=2560 B=6 thr=64 mm=3 | ctx=target phase=prefill t=12 N=2560 K=4096 B=6 thr=128 mm=3 | ctx=target phase=prefill t=12 N=9216 K=2560 B=6 thr=64 mm=6 | ctx=target phase=prefill t=14 N=2560 K=9216 B=6 thr=128 mm=3 | ctx=target phase=prefill t=14 N=248320 K=2560 B=6 thr=64 mm=3 | ctx=target phase=prefill t=12 N=8192 K=2560 B=5 thr=64 mm=1 | ctx=target phase=prefill t=14 N=1024 K=2560 B=5 thr=64 mm=1 | ctx=target phase=prefill t=12 N=1024 K=2560 B=5 thr=64 mm=1 | ctx=target phase=prefill t=12 N=2560 K=4096 B=5 thr=128 mm=1 | ctx=target phase=prefill t=12 N=9216 K=2560 B=5 thr=64 mm=2 | ctx=target phase=prefill t=14 N=2560 K=9216 B=5 thr=128 mm=1
[xllama] d3d12_shape label=session_prefill part=3/3 keys_total=25 | ctx=target phase=prefill t=14 N=248320 K=2560 B=5 thr=64 mm=1
[xllama] VROUND width=3 wall=95.90 d3w=47.50 d3g=27.39 cpu=562.50 reuse=0 accepted=2 gen=12
[xllama] VROUND width=5 wall=117.03 d3w=55.26 d3g=43.86 cpu=750.00 reuse=0 accepted=4 gen=12
[xllama] VROUND width=4 wall=102.22 d3w=46.85 d3g=35.54 cpu=562.50 reuse=0 accepted=3 gen=12
[xllama] session generate: n=12 prefill=359.5ms (23 tok) reuse=0 drafted=9 (mtp=9 lookup=0) spec_accept=9 (mtp=9 lookup=0)
[xllama] PHASE total_ms=837.0 prefill_ms=359.5 decode_ms=463.9 accounted_ms=463.6 residual_decode_ms=0.3 load_plus_setup_ms=13.7 draft_ms=55.6 sample_ms=8.9 topprob_ms=36.2 catchup_ms=37.3 verify_ms=315.2 verify_d3w=149.6 verify_d3g=106.8 verify_cpu=1875.0 rounds_split=3 corrective_ms=0.0 classic_decode_ms=0.0 classic_catchup_ms=0.0 lookup_ms=0.0 sample_target_ms=10.4 emit_ms=0.0 maintain_ms=0.0 profile=1
[xllama] d3d12_shape label=session_decode part=1/6 keys_total=61 | ctx=draft phase=draft t=12 N=8192 K=2560 B=1 thr=64 mm=10 | ctx=draft phase=draft t=14 N=1024 K=2560 B=1 thr=64 mm=10 | ctx=draft phase=draft t=12 N=1024 K=2560 B=1 thr=64 mm=10 | ctx=draft phase=draft t=12 N=2560 K=4096 B=1 thr=128 mm=10 | ctx=draft phase=draft t=12 N=9216 K=2560 B=1 thr=64 mm=20 | ctx=draft phase=draft t=14 N=2560 K=9216 B=1 thr=128 mm=10 | ctx=draft phase=draft t=14 N=248320 K=2560 B=1 thr=64 mm=10 | ctx=target phase=verify t=14 N=8192 K=2560 B=3 thr=64 mm=12 | ctx=target phase=verify t=12 N=4096 K=2560 B=3 thr=64 mm=24 | ctx=target phase=verify t=13 N=2560 K=4096 B=3 thr=128 mm=24 | ctx=target phase=verify t=12 N=9216 K=2560 B=3 thr=64 mm=64 | ctx=target phase=verify t=14 N=2560 K=9216 B=3 thr=128 mm=16
[xllama] d3d12_shape label=session_decode part=2/6 keys_total=61 | ctx=target phase=verify t=12 N=8192 K=2560 B=3 thr=64 mm=20 | ctx=target phase=verify t=14 N=1024 K=2560 B=3 thr=64 mm=4 | ctx=target phase=verify t=12 N=1024 K=2560 B=3 thr=64 mm=12 | ctx=target phase=verify t=12 N=2560 K=4096 B=3 thr=128 mm=8 | ctx=target phase=verify t=12 N=2560 K=9216 B=3 thr=128 mm=16 | ctx=target phase=verify t=14 N=248320 K=2560 B=3 thr=64 mm=1 | ctx=draft phase=catchup t=12 N=8192 K=2560 B=3 thr=64 mm=1 | ctx=draft phase=catchup t=14 N=1024 K=2560 B=3 thr=64 mm=1 | ctx=draft phase=catchup t=12 N=1024 K=2560 B=3 thr=64 mm=1 | ctx=draft phase=catchup t=12 N=2560 K=4096 B=3 thr=128 mm=1 | ctx=draft phase=catchup t=12 N=9216 K=2560 B=3 thr=64 mm=2 | ctx=draft phase=catchup t=14 N=2560 K=9216 B=3 thr=128 mm=1
[xllama] d3d12_shape label=session_decode part=3/6 keys_total=61 | ctx=draft phase=catchup t=14 N=248320 K=2560 B=3 thr=64 mm=1 | ctx=target phase=verify t=14 N=8192 K=2560 B=5 thr=64 mm=12 | ctx=target phase=verify t=12 N=4096 K=2560 B=5 thr=64 mm=24 | ctx=target phase=verify t=13 N=2560 K=4096 B=5 thr=128 mm=24 | ctx=target phase=verify t=12 N=9216 K=2560 B=5 thr=64 mm=64 | ctx=target phase=verify t=14 N=2560 K=9216 B=5 thr=128 mm=16 | ctx=target phase=verify t=12 N=8192 K=2560 B=5 thr=64 mm=20 | ctx=target phase=verify t=14 N=1024 K=2560 B=5 thr=64 mm=4 | ctx=target phase=verify t=12 N=1024 K=2560 B=5 thr=64 mm=12 | ctx=target phase=verify t=12 N=2560 K=4096 B=5 thr=128 mm=8 | ctx=target phase=verify t=12 N=2560 K=9216 B=5 thr=128 mm=16 | ctx=target phase=verify t=14 N=248320 K=2560 B=5 thr=64 mm=1
[xllama] d3d12_shape label=session_decode part=4/6 keys_total=61 | ctx=draft phase=catchup t=12 N=8192 K=2560 B=5 thr=64 mm=1 | ctx=draft phase=catchup t=14 N=1024 K=2560 B=5 thr=64 mm=1 | ctx=draft phase=catchup t=12 N=1024 K=2560 B=5 thr=64 mm=1 | ctx=draft phase=catchup t=12 N=2560 K=4096 B=5 thr=128 mm=1 | ctx=draft phase=catchup t=12 N=9216 K=2560 B=5 thr=64 mm=2 | ctx=draft phase=catchup t=14 N=2560 K=9216 B=5 thr=128 mm=1 | ctx=draft phase=catchup t=14 N=248320 K=2560 B=5 thr=64 mm=1 | ctx=target phase=verify t=14 N=8192 K=2560 B=4 thr=64 mm=12 | ctx=target phase=verify t=12 N=4096 K=2560 B=4 thr=64 mm=24 | ctx=target phase=verify t=13 N=2560 K=4096 B=4 thr=128 mm=24 | ctx=target phase=verify t=12 N=9216 K=2560 B=4 thr=64 mm=64 | ctx=target phase=verify t=14 N=2560 K=9216 B=4 thr=128 mm=16
[xllama] d3d12_shape label=session_decode part=5/6 keys_total=61 | ctx=target phase=verify t=12 N=8192 K=2560 B=4 thr=64 mm=20 | ctx=target phase=verify t=14 N=1024 K=2560 B=4 thr=64 mm=4 | ctx=target phase=verify t=12 N=1024 K=2560 B=4 thr=64 mm=12 | ctx=target phase=verify t=12 N=2560 K=4096 B=4 thr=128 mm=8 | ctx=target phase=verify t=12 N=2560 K=9216 B=4 thr=128 mm=16 | ctx=target phase=verify t=14 N=248320 K=2560 B=4 thr=64 mm=1 | ctx=draft phase=catchup t=12 N=8192 K=2560 B=4 thr=64 mm=1 | ctx=draft phase=catchup t=14 N=1024 K=2560 B=4 thr=64 mm=1 | ctx=draft phase=catchup t=12 N=1024 K=2560 B=4 thr=64 mm=1 | ctx=draft phase=catchup t=12 N=2560 K=4096 B=4 thr=128 mm=1 | ctx=draft phase=catchup t=12 N=9216 K=2560 B=4 thr=64 mm=2 | ctx=draft phase=catchup t=14 N=2560 K=9216 B=4 thr=128 mm=1
[xllama] d3d12_shape label=session_decode part=6/6 keys_total=61 | ctx=draft phase=catchup t=14 N=248320 K=2560 B=4 thr=64 mm=1
[xllama] MTP_STATS rounds=3 decodes=13 discarded=1 catchup_tok=12 draft_ms=55.6 sample_ms=8.9 topprob_ms=36.2 catchup_ms=37.3 verify_ms=315.2 corrective_ms=0.0
[llama] ~llama_context: D3D12_Host compute buffer size is   5.8489 MiB, matches expectation of   5.8489 MiB
[llama] ~llama_context: D3D12_Host compute buffer size is   0.0000 MiB, matches expectation of   0.0000 MiB
[xllama] d3d12: 2023 graph_compute calls, 2547 matmuls (0 2col), 906.6 ms wall (687.5 ms GPU)
[llama] ~llama_context: D3D12_Host compute buffer size is  63.0027 MiB, matches expectation of  63.0027 MiB
[llama] ~llama_context: D3D12_Host compute buffer size is   0.0000 MiB, matches expectation of   0.0000 MiB
[xllama] d3d12: 0 graph_compute calls, 0 matmuls (0 2col), 0.0 ms wall (0.0 ms GPU)
[xllama] gguf gpu layers: 34 on D3D12
[llama] llama_model_loader: mmap is not supported on this platform
[llama] llama_prepare_model_devices: using device D3D12 (xllama D3D12 compute (Q4_0/Q4_K/Q5_K/Q6_K matmul)) (unknown id) - 4129 MiB free
[llama] load_tensors: layer   0 assigned to device D3D12, is_swa = 0
[llama] load_tensors: layer   1 assigned to device D3D12, is_swa = 0
[llama] load_tensors: layer   2 assigned to device D3D12, is_swa = 0
[llama] load_tensors: layer   3 assigned to device D3D12, is_swa = 0
[llama] load_tensors: layer   4 assigned to device D3D12, is_swa = 0
[llama] load_tensors: layer   5 assigned to device D3D12, is_swa = 0
[llama] load_tensors: layer   6 assigned to device D3D12, is_swa = 0
[llama] load_tensors: layer   7 assigned to device D3D12, is_swa = 0
[llama] load_tensors: layer   8 assigned to device D3D12, is_swa = 0
[llama] load_tensors: layer   9 assigned to device D3D12, is_swa = 0
[llama] load_tensors: layer  10 assigned to device D3D12, is_swa = 0
[llama] load_tensors: layer  11 assigned to device D3D12, is_swa = 0
[llama] load_tensors: layer  12 assigned to device D3D12, is_swa = 0
[llama] load_tensors: layer  13 assigned to device D3D12, is_swa = 0
[llama] load_tensors: layer  14 assigned to device D3D12, is_swa = 0
[llama] load_tensors: layer  15 assigned to device D3D12, is_swa = 0
[llama] load_tensors: layer  16 assigned to device D3D12, is_swa = 0
[llama] load_tensors: layer  17 assigned to device D3D12, is_swa = 0
[llama] load_tensors: layer  18 assigned to device D3D12, is_swa = 0
[llama] load_tensors: layer  19 assigned to device D3D12, is_swa = 0
[llama] load_tensors: layer  20 assigned to device D3D12, is_swa = 0
[llama] load_tensors: layer  21 assigned to device D3D12, is_swa = 0
[llama] load_tensors: layer  22 assigned to device D3D12, is_swa = 0
[llama] load_tensors: layer  23 assigned to device D3D12, is_swa = 0
[llama] load_tensors: layer  24 assigned to device D3D12, is_swa = 0
[llama] load_tensors: layer  25 assigned to device D3D12, is_swa = 0
[llama] load_tensors: layer  26 assigned to device D3D12, is_swa = 0
[llama] load_tensors: layer  27 assigned to device D3D12, is_swa = 0
[llama] load_tensors: layer  28 assigned to device D3D12, is_swa = 0
[llama] load_tensors: layer  29 assigned to device D3D12, is_swa = 0
[llama] load_tensors: layer  30 assigned to device D3D12, is_swa = 0
[llama] load_tensors: layer  31 assigned to device D3D12, is_swa = 0
[llama] load_tensors: layer  32 assigned to device D3D12, is_swa = 0
[llama] load_tensors: layer  33 assigned to device D3D12, is_swa = 0
[llama] model has unused tensor blk.32.attn_norm.weight (size = 10240 bytes) -- ignoring
[llama] model has unused tensor blk.32.post_attention_norm.weight (size = 10240 bytes) -- ignoring
[llama] model has unused tensor blk.32.attn_q.weight (size = 11796480 bytes) -- ignoring
[llama] model has unused tensor blk.32.attn_k.weight (size = 1474560 bytes) -- ignoring
[llama] model has unused tensor blk.32.attn_v.weight (size = 2150400 bytes) -- ignoring
[llama] model has unused tensor blk.32.attn_output.weight (size = 5898240 bytes) -- ignoring
[llama] model has unused tensor blk.32.attn_q_norm.weight (size = 1024 bytes) -- ignoring
[llama] model has unused tensor blk.32.attn_k_norm.weight (size = 1024 bytes) -- ignoring
[llama] model has unused tensor blk.32.ffn_gate.weight (size = 13271040 bytes) -- ignoring
[llama] model has unused tensor blk.32.ffn_down.weight (size = 19353600 bytes) -- ignoring
[llama] model has unused tensor blk.32.ffn_up.weight (size = 13271040 bytes) -- ignoring
[llama] model has unused tensor blk.32.nextn.eh_proj.weight (size = 13926400 bytes) -- ignoring
[llama] model has unused tensor blk.32.nextn.enorm.weight (size = 10240 bytes) -- ignoring
[llama] model has unused tensor blk.32.nextn.hnorm.weight (size = 10240 bytes) -- ignoring
[llama] model has unused tensor blk.32.nextn.shared_head_norm.weight (size = 10240 bytes) -- ignoring
[xllama] d3d12: D3D12_Weights buffer 2597.1 MiB
[llama] load_tensors: offloading output layer to GPU
[llama] load_tensors: offloading 32 repeating layers to GPU
[llama] load_tensors: offloaded 34/34 layers to GPU
[llama] load_tensors:          CPU model buffer size =   515.98 MiB
[llama] load_tensors: D3D12_Weights model buffer size =  2597.13 MiB
[llama] load_all_data: buffer type D3D12_Weights is not the default buffer type for device D3D12 for async uploads
[xllama] Session: GGUF model loaded via llama.cpp (persistent)
[llama] llama_context: D3D12_Host  output buffer size =     0.95 MiB
[llama] llama_kv_cache:        CPU KV buffer size =    64.00 MiB
[llama] llama_memory_recurrent:        CPU RS buffer size =    50.25 MiB
[llama] resolve_fused_ops: layer 3 is assigned to device D3D12 but Flash Attention is assigned to device CPU (usually due to missing support)
[llama] resolve_fused_ops: Flash Attention not supported, set to disabled
[xllama] d3d12: D3D12_Host buffer 63.0 MiB
[llama] sched_reserve: D3D12_Host compute buffer size =    63.00 MiB
[llama] sched_reserve: graph splits = 322
[xllama] session: can_shift=0 (memory_can_shift=0 n_swa=0)
[xllama] session: turn full=1 kv_before=0 pf=10 prompt=10
[xllama] PHASE_PREFILL n_prompt=10 rows_kept=10 n_ubatch=64 calls=161 matmuls=201 gpu_ms=65.213153
[xllama] d3d12_shape label=session_prefill part=1/1 keys_total=11 | ctx=target phase=prefill t=14 N=8192 K=2560 B=10 thr=64 mm=12 | ctx=target phase=prefill t=12 N=4096 K=2560 B=10 thr=64 mm=24 | ctx=target phase=prefill t=13 N=2560 K=4096 B=10 thr=128 mm=24 | ctx=target phase=prefill t=12 N=9216 K=2560 B=10 thr=64 mm=64 | ctx=target phase=prefill t=14 N=2560 K=9216 B=10 thr=128 mm=16 | ctx=target phase=prefill t=12 N=8192 K=2560 B=10 thr=64 mm=20 | ctx=target phase=prefill t=14 N=1024 K=2560 B=10 thr=64 mm=4 | ctx=target phase=prefill t=12 N=1024 K=2560 B=10 thr=64 mm=12 | ctx=target phase=prefill t=12 N=2560 K=4096 B=10 thr=128 mm=8 | ctx=target phase=prefill t=12 N=2560 K=9216 B=10 thr=128 mm=16 | ctx=target phase=prefill t=14 N=248320 K=2560 B=1 thr=64 mm=1
[xllama] session generate: n=25 prefill=139.4ms (10 tok) reuse=0 drafted=0 (mtp=0 lookup=0) spec_accept=0 (mtp=0 lookup=0)
[xllama] PHASE total_ms=1513.0 prefill_ms=139.4 decode_ms=1337.6 accounted_ms=1337.5 residual_decode_ms=0.1 load_plus_setup_ms=36.0 draft_ms=0.0 sample_ms=0.0 topprob_ms=0.0 catchup_ms=0.0 verify_ms=0.0 verify_d3w=0.0 verify_d3g=0.0 verify_cpu=0.0 rounds_split=0 corrective_ms=0.0 classic_decode_ms=1315.6 classic_catchup_ms=0.0 lookup_ms=0.0 sample_target_ms=21.8 emit_ms=0.1 maintain_ms=0.0 profile=1
[xllama] d3d12_shape label=session_decode part=1/1 keys_total=11 | ctx=target phase=classic t=14 N=8192 K=2560 B=1 thr=64 mm=300 | ctx=target phase=classic t=12 N=4096 K=2560 B=1 thr=64 mm=600 | ctx=target phase=classic t=13 N=2560 K=4096 B=1 thr=128 mm=600 | ctx=target phase=classic t=12 N=9216 K=2560 B=1 thr=64 mm=1600 | ctx=target phase=classic t=14 N=2560 K=9216 B=1 thr=128 mm=400 | ctx=target phase=classic t=12 N=8192 K=2560 B=1 thr=64 mm=500 | ctx=target phase=classic t=14 N=1024 K=2560 B=1 thr=64 mm=100 | ctx=target phase=classic t=12 N=1024 K=2560 B=1 thr=64 mm=300 | ctx=target phase=classic t=12 N=2560 K=4096 B=1 thr=128 mm=200 | ctx=target phase=classic t=12 N=2560 K=9216 B=1 thr=128 mm=400 | ctx=target phase=classic t=14 N=248320 K=2560 B=1 thr=64 mm=25
[llama] ~llama_context: D3D12_Host compute buffer size is  63.0027 MiB, matches expectation of  63.0027 MiB
[llama] ~llama_context: D3D12_Host compute buffer size is   0.0000 MiB, matches expectation of   0.0000 MiB
[xllama] d3d12: 4186 graph_compute calls, 5226 matmuls (0 2col), 688.0 ms wall (341.9 ms GPU)
[xllama] TERMGATE scenario=cancel@13 arm=ref ok=1 reason=- n_ids=13 n_ref=25 parity=1 first_diff=-1 active=1 drafted=14 rounds=4 lookup=0 ews=0 n_eval=13 eog_tok=-1 eog_branch=- stop_branch=- stop_round=-1
[xllama] gguf gpu layers: 34 on D3D12
[llama] llama_model_loader: mmap is not supported on this platform
[llama] llama_prepare_model_devices: using device D3D12 (xllama D3D12 compute (Q4_0/Q4_K/Q5_K/Q6_K matmul)) (unknown id) - 4129 MiB free
[llama] load_tensors: layer   0 assigned to device D3D12, is_swa = 0
[llama] load_tensors: layer   1 assigned to device D3D12, is_swa = 0
[llama] load_tensors: layer   2 assigned to device D3D12, is_swa = 0
[llama] load_tensors: layer   3 assigned to device D3D12, is_swa = 0
[llama] load_tensors: layer   4 assigned to device D3D12, is_swa = 0
[llama] load_tensors: layer   5 assigned to device D3D12, is_swa = 0
[llama] load_tensors: layer   6 assigned to device D3D12, is_swa = 0
[llama] load_tensors: layer   7 assigned to device D3D12, is_swa = 0
[llama] load_tensors: layer   8 assigned to device D3D12, is_swa = 0
[llama] load_tensors: layer   9 assigned to device D3D12, is_swa = 0
[llama] load_tensors: layer  10 assigned to device D3D12, is_swa = 0
[llama] load_tensors: layer  11 assigned to device D3D12, is_swa = 0
[llama] load_tensors: layer  12 assigned to device D3D12, is_swa = 0
[llama] load_tensors: layer  13 assigned to device D3D12, is_swa = 0
[llama] load_tensors: layer  14 assigned to device D3D12, is_swa = 0
[llama] load_tensors: layer  15 assigned to device D3D12, is_swa = 0
[llama] load_tensors: layer  16 assigned to device D3D12, is_swa = 0
[llama] load_tensors: layer  17 assigned to device D3D12, is_swa = 0
[llama] load_tensors: layer  18 assigned to device D3D12, is_swa = 0
[llama] load_tensors: layer  19 assigned to device D3D12, is_swa = 0
[llama] load_tensors: layer  20 assigned to device D3D12, is_swa = 0
[llama] load_tensors: layer  21 assigned to device D3D12, is_swa = 0
[llama] load_tensors: layer  22 assigned to device D3D12, is_swa = 0
[llama] load_tensors: layer  23 assigned to device D3D12, is_swa = 0
[llama] load_tensors: layer  24 assigned to device D3D12, is_swa = 0
[llama] load_tensors: layer  25 assigned to device D3D12, is_swa = 0
[llama] load_tensors: layer  26 assigned to device D3D12, is_swa = 0
[llama] load_tensors: layer  27 assigned to device D3D12, is_swa = 0
[llama] load_tensors: layer  28 assigned to device D3D12, is_swa = 0
[llama] load_tensors: layer  29 assigned to device D3D12, is_swa = 0
[llama] load_tensors: layer  30 assigned to device D3D12, is_swa = 0
[llama] load_tensors: layer  31 assigned to device D3D12, is_swa = 0
[llama] load_tensors: layer  32 assigned to device D3D12, is_swa = 0
[llama] load_tensors: layer  33 assigned to device D3D12, is_swa = 0
[xllama] d3d12: D3D12_Weights buffer 2661.2 MiB
[llama] load_tensors: offloading output layer to GPU
[llama] load_tensors: offloading 32 repeating layers to GPU
[llama] load_tensors: offloaded 34/34 layers to GPU
[llama] load_tensors:          CPU model buffer size =   529.31 MiB
[llama] load_tensors: D3D12_Weights model buffer size =  2661.23 MiB
[llama] load_all_data: buffer type D3D12_Weights is not the default buffer type for device D3D12 for async uploads
[xllama] Session: GGUF model loaded via llama.cpp (persistent)
[xllama] session: speculative n_rs_seq=4
[llama] llama_context: D3D12_Host  output buffer size =     0.95 MiB
[llama] llama_kv_cache:        CPU KV buffer size =    64.00 MiB
[llama] llama_memory_recurrent:        CPU RS buffer size =   251.25 MiB
[llama] resolve_fused_ops: layer 3 is assigned to device D3D12 but Flash Attention is assigned to device CPU (usually due to missing support)
[llama] resolve_fused_ops: Flash Attention not supported, set to disabled
[xllama] d3d12: D3D12_Host buffer 63.0 MiB
[llama] sched_reserve: D3D12_Host compute buffer size =    63.00 MiB
[llama] sched_reserve: graph splits = 322
[llama] llama_context: D3D12_Host  output buffer size =     0.95 MiB
[llama] llama_kv_cache:        CPU KV buffer size =     8.00 MiB
[llama] resolve_fused_ops: layer 32 is assigned to device D3D12 but Flash Attention is assigned to device CPU (usually due to missing support)
[llama] resolve_fused_ops: Flash Attention not supported, set to disabled
[xllama] d3d12: D3D12_Host buffer 5.8 MiB
[llama] sched_reserve: D3D12_Host compute buffer size =     5.85 MiB
[llama] sched_reserve: graph splits = 12
[xllama] mtp: draft ready, n_max=4 p_min=0.750000 dft_n_batch=6
[xllama] mtp: target nextn head layers=1
[xllama] mtp: split_mtp_weights=0 resident=0 tensors=0
[xllama] session: can_shift=0 (memory_can_shift=0 n_swa=0)
[xllama] session: turn full=1 kv_before=0 pf=11 prompt=11
[xllama] d3d12: D3D12_Host buffer 1.6 MiB
[xllama] d3d12: D3D12_Host buffer 5.7 MiB
[xllama] PHASE_PREFILL n_prompt=11 rows_kept=11 n_ubatch=64 calls=173 matmuls=217 gpu_ms=97.436912
[xllama] d3d12_shape label=session_prefill part=1/3 keys_total=25 | ctx=target phase=prefill t=14 N=8192 K=2560 B=11 thr=64 mm=12 | ctx=target phase=prefill t=12 N=4096 K=2560 B=11 thr=64 mm=24 | ctx=target phase=prefill t=13 N=2560 K=4096 B=11 thr=128 mm=24 | ctx=target phase=prefill t=12 N=9216 K=2560 B=11 thr=64 mm=64 | ctx=target phase=prefill t=14 N=2560 K=9216 B=11 thr=128 mm=16 | ctx=target phase=prefill t=12 N=8192 K=2560 B=11 thr=64 mm=20 | ctx=target phase=prefill t=14 N=1024 K=2560 B=11 thr=64 mm=4 | ctx=target phase=prefill t=12 N=1024 K=2560 B=11 thr=64 mm=12 | ctx=target phase=prefill t=12 N=2560 K=4096 B=11 thr=128 mm=8 | ctx=target phase=prefill t=12 N=2560 K=9216 B=11 thr=128 mm=16 | ctx=target phase=prefill t=14 N=248320 K=2560 B=1 thr=64 mm=1 | ctx=target phase=prefill t=12 N=8192 K=2560 B=6 thr=64 mm=1
[xllama] d3d12_shape label=session_prefill part=2/3 keys_total=25 | ctx=target phase=prefill t=14 N=1024 K=2560 B=6 thr=64 mm=1 | ctx=target phase=prefill t=12 N=1024 K=2560 B=6 thr=64 mm=1 | ctx=target phase=prefill t=12 N=2560 K=4096 B=6 thr=128 mm=1 | ctx=target phase=prefill t=12 N=9216 K=2560 B=6 thr=64 mm=2 | ctx=target phase=prefill t=14 N=2560 K=9216 B=6 thr=128 mm=1 | ctx=target phase=prefill t=14 N=248320 K=2560 B=6 thr=64 mm=1 | ctx=target phase=prefill t=12 N=8192 K=2560 B=5 thr=64 mm=1 | ctx=target phase=prefill t=14 N=1024 K=2560 B=5 thr=64 mm=1 | ctx=target phase=prefill t=12 N=1024 K=2560 B=5 thr=64 mm=1 | ctx=target phase=prefill t=12 N=2560 K=4096 B=5 thr=128 mm=1 | ctx=target phase=prefill t=12 N=9216 K=2560 B=5 thr=64 mm=2 | ctx=target phase=prefill t=14 N=2560 K=9216 B=5 thr=128 mm=1
[xllama] d3d12_shape label=session_prefill part=3/3 keys_total=25 | ctx=target phase=prefill t=14 N=248320 K=2560 B=5 thr=64 mm=1
[xllama] d3d12: D3D12_Host buffer 5.4 MiB
[xllama] EOG after 10 tokens (spec reject) tok=248044 branch=spec-reject
[xllama] VROUND width=5 wall=114.54 d3w=55.16 d3g=43.92 cpu=750.00 reuse=0 accepted=4 gen=10
[xllama] VROUND width=5 wall=111.40 d3w=55.10 d3g=43.87 cpu=656.25 reuse=1 accepted=2 gen=10
[xllama] session generate: n=10 prefill=199.8ms (11 tok) reuse=0 drafted=8 (mtp=8 lookup=0) spec_accept=6 (mtp=6 lookup=0)
[xllama] PHASE total_ms=719.6 prefill_ms=199.8 decode_ms=441.7 accounted_ms=441.3 residual_decode_ms=0.4 load_plus_setup_ms=78.1 draft_ms=38.8 sample_ms=9.0 topprob_ms=32.5 catchup_ms=21.3 verify_ms=225.9 verify_d3w=110.3 verify_d3g=87.8 verify_cpu=1406.2 rounds_split=2 corrective_ms=0.0 classic_decode_ms=104.2 classic_catchup_ms=7.7 lookup_ms=0.0 sample_target_ms=9.5 emit_ms=0.0 maintain_ms=0.0 profile=1
[xllama] d3d12_shape label=session_decode part=1/4 keys_total=43 | ctx=draft phase=draft t=12 N=8192 K=2560 B=1 thr=64 mm=10 | ctx=draft phase=draft t=14 N=1024 K=2560 B=1 thr=64 mm=10 | ctx=draft phase=draft t=12 N=1024 K=2560 B=1 thr=64 mm=10 | ctx=draft phase=draft t=12 N=2560 K=4096 B=1 thr=128 mm=10 | ctx=draft phase=draft t=12 N=9216 K=2560 B=1 thr=64 mm=20 | ctx=draft phase=draft t=14 N=2560 K=9216 B=1 thr=128 mm=10 | ctx=draft phase=draft t=14 N=248320 K=2560 B=1 thr=64 mm=10 | ctx=target phase=classic t=14 N=8192 K=2560 B=1 thr=64 mm=24 | ctx=target phase=classic t=12 N=4096 K=2560 B=1 thr=64 mm=48 | ctx=target phase=classic t=13 N=2560 K=4096 B=1 thr=128 mm=48 | ctx=target phase=classic t=12 N=9216 K=2560 B=1 thr=64 mm=128 | ctx=target phase=classic t=14 N=2560 K=9216 B=1 thr=128 mm=32
[xllama] d3d12_shape label=session_decode part=2/4 keys_total=43 | ctx=target phase=classic t=12 N=8192 K=2560 B=1 thr=64 mm=40 | ctx=target phase=classic t=14 N=1024 K=2560 B=1 thr=64 mm=8 | ctx=target phase=classic t=12 N=1024 K=2560 B=1 thr=64 mm=24 | ctx=target phase=classic t=12 N=2560 K=4096 B=1 thr=128 mm=16 | ctx=target phase=classic t=12 N=2560 K=9216 B=1 thr=128 mm=32 | ctx=target phase=classic t=14 N=248320 K=2560 B=1 thr=64 mm=2 | ctx=draft phase=catchup t=12 N=8192 K=2560 B=1 thr=64 mm=2 | ctx=draft phase=catchup t=14 N=1024 K=2560 B=1 thr=64 mm=2 | ctx=draft phase=catchup t=12 N=1024 K=2560 B=1 thr=64 mm=2 | ctx=draft phase=catchup t=12 N=2560 K=4096 B=1 thr=128 mm=2 | ctx=draft phase=catchup t=12 N=9216 K=2560 B=1 thr=64 mm=4 | ctx=draft phase=catchup t=14 N=2560 K=9216 B=1 thr=128 mm=2
[xllama] d3d12_shape label=session_decode part=3/4 keys_total=43 | ctx=draft phase=catchup t=14 N=248320 K=2560 B=1 thr=64 mm=2 | ctx=target phase=verify t=14 N=8192 K=2560 B=5 thr=64 mm=24 | ctx=target phase=verify t=12 N=4096 K=2560 B=5 thr=64 mm=48 | ctx=target phase=verify t=13 N=2560 K=4096 B=5 thr=128 mm=48 | ctx=target phase=verify t=12 N=9216 K=2560 B=5 thr=64 mm=128 | ctx=target phase=verify t=14 N=2560 K=9216 B=5 thr=128 mm=32 | ctx=target phase=verify t=12 N=8192 K=2560 B=5 thr=64 mm=40 | ctx=target phase=verify t=14 N=1024 K=2560 B=5 thr=64 mm=8 | ctx=target phase=verify t=12 N=1024 K=2560 B=5 thr=64 mm=24 | ctx=target phase=verify t=12 N=2560 K=4096 B=5 thr=128 mm=16 | ctx=target phase=verify t=12 N=2560 K=9216 B=5 thr=128 mm=32 | ctx=target phase=verify t=14 N=248320 K=2560 B=5 thr=64 mm=2
[xllama] d3d12_shape label=session_decode part=4/4 keys_total=43 | ctx=draft phase=catchup t=12 N=8192 K=2560 B=5 thr=64 mm=1 | ctx=draft phase=catchup t=14 N=1024 K=2560 B=5 thr=64 mm=1 | ctx=draft phase=catchup t=12 N=1024 K=2560 B=5 thr=64 mm=1 | ctx=draft phase=catchup t=12 N=2560 K=4096 B=5 thr=128 mm=1 | ctx=draft phase=catchup t=12 N=9216 K=2560 B=5 thr=64 mm=2 | ctx=draft phase=catchup t=14 N=2560 K=9216 B=5 thr=128 mm=1 | ctx=draft phase=catchup t=14 N=248320 K=2560 B=5 thr=64 mm=1
[xllama] MTP_STATS rounds=2 decodes=13 discarded=2 catchup_tok=7 draft_ms=38.8 sample_ms=9.0 topprob_ms=32.5 catchup_ms=21.3 verify_ms=225.9 corrective_ms=0.0
[xllama] TERMGATE scenario=stop@probe arm=ref ok=1 reason=eos n_ids=10 n_ref=-1 parity=-1 first_diff=-1 active=1 drafted=8 rounds=2 lookup=0 ews=0 n_eval=10 eog_tok=248044 eog_branch=spec-reject stop_branch=- stop_round=-1
[xllama] TERMGATE stop_span pieces=10 start=9 stop_len=2 probe_n_eval=10
[xllama] session: KV rewind unsupported (hybrid cache) — full re-prefill (#170): common=10 resident=21 prompt=11
[xllama] session: turn full=1 kv_before=0 pf=11 prompt=11
[xllama] PHASE_PREFILL n_prompt=11 rows_kept=11 n_ubatch=64 calls=173 matmuls=217 gpu_ms=97.463940
[xllama] d3d12_shape label=session_prefill part=1/3 keys_total=25 | ctx=target phase=prefill t=14 N=8192 K=2560 B=11 thr=64 mm=12 | ctx=target phase=prefill t=12 N=4096 K=2560 B=11 thr=64 mm=24 | ctx=target phase=prefill t=13 N=2560 K=4096 B=11 thr=128 mm=24 | ctx=target phase=prefill t=12 N=9216 K=2560 B=11 thr=64 mm=64 | ctx=target phase=prefill t=14 N=2560 K=9216 B=11 thr=128 mm=16 | ctx=target phase=prefill t=12 N=8192 K=2560 B=11 thr=64 mm=20 | ctx=target phase=prefill t=14 N=1024 K=2560 B=11 thr=64 mm=4 | ctx=target phase=prefill t=12 N=1024 K=2560 B=11 thr=64 mm=12 | ctx=target phase=prefill t=12 N=2560 K=4096 B=11 thr=128 mm=8 | ctx=target phase=prefill t=12 N=2560 K=9216 B=11 thr=128 mm=16 | ctx=target phase=prefill t=14 N=248320 K=2560 B=1 thr=64 mm=1 | ctx=target phase=prefill t=12 N=8192 K=2560 B=6 thr=64 mm=1
[xllama] d3d12_shape label=session_prefill part=2/3 keys_total=25 | ctx=target phase=prefill t=14 N=1024 K=2560 B=6 thr=64 mm=1 | ctx=target phase=prefill t=12 N=1024 K=2560 B=6 thr=64 mm=1 | ctx=target phase=prefill t=12 N=2560 K=4096 B=6 thr=128 mm=1 | ctx=target phase=prefill t=12 N=9216 K=2560 B=6 thr=64 mm=2 | ctx=target phase=prefill t=14 N=2560 K=9216 B=6 thr=128 mm=1 | ctx=target phase=prefill t=14 N=248320 K=2560 B=6 thr=64 mm=1 | ctx=target phase=prefill t=12 N=8192 K=2560 B=5 thr=64 mm=1 | ctx=target phase=prefill t=14 N=1024 K=2560 B=5 thr=64 mm=1 | ctx=target phase=prefill t=12 N=1024 K=2560 B=5 thr=64 mm=1 | ctx=target phase=prefill t=12 N=2560 K=4096 B=5 thr=128 mm=1 | ctx=target phase=prefill t=12 N=9216 K=2560 B=5 thr=64 mm=2 | ctx=target phase=prefill t=14 N=2560 K=9216 B=5 thr=128 mm=1
[xllama] d3d12_shape label=session_prefill part=3/3 keys_total=25 | ctx=target phase=prefill t=14 N=248320 K=2560 B=5 thr=64 mm=1
[xllama] VROUND width=5 wall=113.48 d3w=54.92 d3g=43.73 cpu=750.00 reuse=0 accepted=4 gen=10
[xllama] VROUND width=5 wall=111.46 d3w=55.14 d3g=43.82 cpu=656.25 reuse=1 accepted=2 gen=10
[xllama] session generate: n=10 prefill=224.1ms (11 tok) reuse=0 drafted=8 (mtp=8 lookup=0) spec_accept=6 (mtp=6 lookup=0)
[xllama] PHASE total_ms=687.5 prefill_ms=224.1 decode_ms=451.9 accounted_ms=451.6 residual_decode_ms=0.3 load_plus_setup_ms=11.4 draft_ms=43.5 sample_ms=8.3 topprob_ms=31.4 catchup_ms=21.3 verify_ms=224.9 verify_d3w=110.1 verify_d3g=87.5 verify_cpu=1406.2 rounds_split=2 corrective_ms=0.0 classic_decode_ms=113.7 classic_catchup_ms=7.6 lookup_ms=0.0 sample_target_ms=8.5 emit_ms=0.0 maintain_ms=0.0 profile=1
[xllama] d3d12_shape label=session_decode part=1/4 keys_total=43 | ctx=draft phase=draft t=12 N=8192 K=2560 B=1 thr=64 mm=10 | ctx=draft phase=draft t=14 N=1024 K=2560 B=1 thr=64 mm=10 | ctx=draft phase=draft t=12 N=1024 K=2560 B=1 thr=64 mm=10 | ctx=draft phase=draft t=12 N=2560 K=4096 B=1 thr=128 mm=10 | ctx=draft phase=draft t=12 N=9216 K=2560 B=1 thr=64 mm=20 | ctx=draft phase=draft t=14 N=2560 K=9216 B=1 thr=128 mm=10 | ctx=draft phase=draft t=14 N=248320 K=2560 B=1 thr=64 mm=10 | ctx=target phase=classic t=14 N=8192 K=2560 B=1 thr=64 mm=24 | ctx=target phase=classic t=12 N=4096 K=2560 B=1 thr=64 mm=48 | ctx=target phase=classic t=13 N=2560 K=4096 B=1 thr=128 mm=48 | ctx=target phase=classic t=12 N=9216 K=2560 B=1 thr=64 mm=128 | ctx=target phase=classic t=14 N=2560 K=9216 B=1 thr=128 mm=32
[xllama] d3d12_shape label=session_decode part=2/4 keys_total=43 | ctx=target phase=classic t=12 N=8192 K=2560 B=1 thr=64 mm=40 | ctx=target phase=classic t=14 N=1024 K=2560 B=1 thr=64 mm=8 | ctx=target phase=classic t=12 N=1024 K=2560 B=1 thr=64 mm=24 | ctx=target phase=classic t=12 N=2560 K=4096 B=1 thr=128 mm=16 | ctx=target phase=classic t=12 N=2560 K=9216 B=1 thr=128 mm=32 | ctx=target phase=classic t=14 N=248320 K=2560 B=1 thr=64 mm=2 | ctx=draft phase=catchup t=12 N=8192 K=2560 B=1 thr=64 mm=2 | ctx=draft phase=catchup t=14 N=1024 K=2560 B=1 thr=64 mm=2 | ctx=draft phase=catchup t=12 N=1024 K=2560 B=1 thr=64 mm=2 | ctx=draft phase=catchup t=12 N=2560 K=4096 B=1 thr=128 mm=2 | ctx=draft phase=catchup t=12 N=9216 K=2560 B=1 thr=64 mm=4 | ctx=draft phase=catchup t=14 N=2560 K=9216 B=1 thr=128 mm=2
[xllama] d3d12_shape label=session_decode part=3/4 keys_total=43 | ctx=draft phase=catchup t=14 N=248320 K=2560 B=1 thr=64 mm=2 | ctx=target phase=verify t=14 N=8192 K=2560 B=5 thr=64 mm=24 | ctx=target phase=verify t=12 N=4096 K=2560 B=5 thr=64 mm=48 | ctx=target phase=verify t=13 N=2560 K=4096 B=5 thr=128 mm=48 | ctx=target phase=verify t=12 N=9216 K=2560 B=5 thr=64 mm=128 | ctx=target phase=verify t=14 N=2560 K=9216 B=5 thr=128 mm=32 | ctx=target phase=verify t=12 N=8192 K=2560 B=5 thr=64 mm=40 | ctx=target phase=verify t=14 N=1024 K=2560 B=5 thr=64 mm=8 | ctx=target phase=verify t=12 N=1024 K=2560 B=5 thr=64 mm=24 | ctx=target phase=verify t=12 N=2560 K=4096 B=5 thr=128 mm=16 | ctx=target phase=verify t=12 N=2560 K=9216 B=5 thr=128 mm=32 | ctx=target phase=verify t=14 N=248320 K=2560 B=5 thr=64 mm=2
[xllama] d3d12_shape label=session_decode part=4/4 keys_total=43 | ctx=draft phase=catchup t=12 N=8192 K=2560 B=5 thr=64 mm=1 | ctx=draft phase=catchup t=14 N=1024 K=2560 B=5 thr=64 mm=1 | ctx=draft phase=catchup t=12 N=1024 K=2560 B=5 thr=64 mm=1 | ctx=draft phase=catchup t=12 N=2560 K=4096 B=5 thr=128 mm=1 | ctx=draft phase=catchup t=12 N=9216 K=2560 B=5 thr=64 mm=2 | ctx=draft phase=catchup t=14 N=2560 K=9216 B=5 thr=128 mm=1 | ctx=draft phase=catchup t=14 N=248320 K=2560 B=5 thr=64 mm=1
[xllama] MTP_STATS rounds=2 decodes=13 discarded=2 catchup_tok=7 draft_ms=43.5 sample_ms=8.3 topprob_ms=31.4 catchup_ms=21.3 verify_ms=224.9 corrective_ms=0.0
[xllama] session: KV rewind unsupported (hybrid cache) — full re-prefill (#170): common=18 resident=20 prompt=19
[xllama] session: turn full=1 kv_before=0 pf=19 prompt=19
[xllama] PHASE_PREFILL n_prompt=19 rows_kept=19 n_ubatch=64 calls=185 matmuls=233 gpu_ms=164.565614
[xllama] d3d12_shape label=session_prefill part=1/2 keys_total=24 | ctx=target phase=prefill t=14 N=8192 K=2560 B=19 thr=64 mm=12 | ctx=target phase=prefill t=12 N=4096 K=2560 B=19 thr=64 mm=24 | ctx=target phase=prefill t=13 N=2560 K=4096 B=19 thr=128 mm=24 | ctx=target phase=prefill t=12 N=9216 K=2560 B=19 thr=64 mm=64 | ctx=target phase=prefill t=14 N=2560 K=9216 B=19 thr=128 mm=16 | ctx=target phase=prefill t=12 N=8192 K=2560 B=19 thr=64 mm=20 | ctx=target phase=prefill t=14 N=1024 K=2560 B=19 thr=64 mm=4 | ctx=target phase=prefill t=12 N=1024 K=2560 B=19 thr=64 mm=12 | ctx=target phase=prefill t=12 N=2560 K=4096 B=19 thr=128 mm=8 | ctx=target phase=prefill t=12 N=2560 K=9216 B=19 thr=128 mm=16 | ctx=target phase=prefill t=14 N=248320 K=2560 B=1 thr=64 mm=2 | ctx=target phase=prefill t=12 N=8192 K=2560 B=6 thr=64 mm=3
[xllama] d3d12_shape label=session_prefill part=2/2 keys_total=24 | ctx=target phase=prefill t=14 N=1024 K=2560 B=6 thr=64 mm=3 | ctx=target phase=prefill t=12 N=1024 K=2560 B=6 thr=64 mm=3 | ctx=target phase=prefill t=12 N=2560 K=4096 B=6 thr=128 mm=3 | ctx=target phase=prefill t=12 N=9216 K=2560 B=6 thr=64 mm=6 | ctx=target phase=prefill t=14 N=2560 K=9216 B=6 thr=128 mm=3 | ctx=target phase=prefill t=14 N=248320 K=2560 B=6 thr=64 mm=3 | ctx=target phase=prefill t=12 N=8192 K=2560 B=1 thr=64 mm=1 | ctx=target phase=prefill t=14 N=1024 K=2560 B=1 thr=64 mm=1 | ctx=target phase=prefill t=12 N=1024 K=2560 B=1 thr=64 mm=1 | ctx=target phase=prefill t=12 N=2560 K=4096 B=1 thr=128 mm=1 | ctx=target phase=prefill t=12 N=9216 K=2560 B=1 thr=64 mm=2 | ctx=target phase=prefill t=14 N=2560 K=9216 B=1 thr=128 mm=1
[xllama] EOG after 2 tokens (spec reject) tok=248044 branch=spec-reject
[xllama] VROUND width=4 wall=102.42 d3w=46.86 d3g=35.62 cpu=656.25 reuse=0 accepted=1 gen=2
[xllama] session generate: n=2 prefill=309.8ms (19 tok) reuse=0 drafted=3 (mtp=3 lookup=0) spec_accept=1 (mtp=1 lookup=0)
[xllama] PHASE total_ms=463.5 prefill_ms=309.8 decode_ms=140.3 accounted_ms=140.1 residual_decode_ms=0.2 load_plus_setup_ms=13.4 draft_ms=15.4 sample_ms=3.3 topprob_ms=16.3 catchup_ms=0.0 verify_ms=102.4 verify_d3w=46.9 verify_d3g=35.6 verify_cpu=656.2 rounds_split=1 corrective_ms=0.0 classic_decode_ms=0.0 classic_catchup_ms=0.0 lookup_ms=0.0 sample_target_ms=2.7 emit_ms=0.0 maintain_ms=0.0 profile=1
[xllama] d3d12_shape label=session_decode part=1/2 keys_total=18 | ctx=draft phase=draft t=12 N=8192 K=2560 B=1 thr=64 mm=4 | ctx=draft phase=draft t=14 N=1024 K=2560 B=1 thr=64 mm=4 | ctx=draft phase=draft t=12 N=1024 K=2560 B=1 thr=64 mm=4 | ctx=draft phase=draft t=12 N=2560 K=4096 B=1 thr=128 mm=4 | ctx=draft phase=draft t=12 N=9216 K=2560 B=1 thr=64 mm=8 | ctx=draft phase=draft t=14 N=2560 K=9216 B=1 thr=128 mm=4 | ctx=draft phase=draft t=14 N=248320 K=2560 B=1 thr=64 mm=4 | ctx=target phase=verify t=14 N=8192 K=2560 B=4 thr=64 mm=12 | ctx=target phase=verify t=12 N=4096 K=2560 B=4 thr=64 mm=24 | ctx=target phase=verify t=13 N=2560 K=4096 B=4 thr=128 mm=24 | ctx=target phase=verify t=12 N=9216 K=2560 B=4 thr=64 mm=64 | ctx=target phase=verify t=14 N=2560 K=9216 B=4 thr=128 mm=16
[xllama] d3d12_shape label=session_decode part=2/2 keys_total=18 | ctx=target phase=verify t=12 N=8192 K=2560 B=4 thr=64 mm=20 | ctx=target phase=verify t=14 N=1024 K=2560 B=4 thr=64 mm=4 | ctx=target phase=verify t=12 N=1024 K=2560 B=4 thr=64 mm=12 | ctx=target phase=verify t=12 N=2560 K=4096 B=4 thr=128 mm=8 | ctx=target phase=verify t=12 N=2560 K=9216 B=4 thr=128 mm=16 | ctx=target phase=verify t=14 N=248320 K=2560 B=4 thr=64 mm=1
[xllama] MTP_STATS rounds=1 decodes=4 discarded=1 catchup_tok=0 draft_ms=15.4 sample_ms=3.3 topprob_ms=16.3 catchup_ms=0.0 verify_ms=102.4 corrective_ms=0.0
[llama] ~llama_context: D3D12_Host compute buffer size is   5.8489 MiB, matches expectation of   5.8489 MiB
[llama] ~llama_context: D3D12_Host compute buffer size is   0.0000 MiB, matches expectation of   0.0000 MiB
[xllama] d3d12: 2160 graph_compute calls, 2716 matmuls (0 2col), 882.3 ms wall (697.2 ms GPU)
[llama] ~llama_context: D3D12_Host compute buffer size is  63.0027 MiB, matches expectation of  63.0027 MiB
[llama] ~llama_context: D3D12_Host compute buffer size is   0.0000 MiB, matches expectation of   0.0000 MiB
[xllama] d3d12: 0 graph_compute calls, 0 matmuls (0 2col), 0.0 ms wall (0.0 ms GPU)
[xllama] gguf gpu layers: 34 on D3D12
[llama] llama_model_loader: mmap is not supported on this platform
[llama] llama_prepare_model_devices: using device D3D12 (xllama D3D12 compute (Q4_0/Q4_K/Q5_K/Q6_K matmul)) (unknown id) - 4129 MiB free
[llama] load_tensors: layer   0 assigned to device D3D12, is_swa = 0
[llama] load_tensors: layer   1 assigned to device D3D12, is_swa = 0
[llama] load_tensors: layer   2 assigned to device D3D12, is_swa = 0
[llama] load_tensors: layer   3 assigned to device D3D12, is_swa = 0
[llama] load_tensors: layer   4 assigned to device D3D12, is_swa = 0
[llama] load_tensors: layer   5 assigned to device D3D12, is_swa = 0
[llama] load_tensors: layer   6 assigned to device D3D12, is_swa = 0
[llama] load_tensors: layer   7 assigned to device D3D12, is_swa = 0
[llama] load_tensors: layer   8 assigned to device D3D12, is_swa = 0
[llama] load_tensors: layer   9 assigned to device D3D12, is_swa = 0
[llama] load_tensors: layer  10 assigned to device D3D12, is_swa = 0
[llama] load_tensors: layer  11 assigned to device D3D12, is_swa = 0
[llama] load_tensors: layer  12 assigned to device D3D12, is_swa = 0
[llama] load_tensors: layer  13 assigned to device D3D12, is_swa = 0
[llama] load_tensors: layer  14 assigned to device D3D12, is_swa = 0
[llama] load_tensors: layer  15 assigned to device D3D12, is_swa = 0
[llama] load_tensors: layer  16 assigned to device D3D12, is_swa = 0
[llama] load_tensors: layer  17 assigned to device D3D12, is_swa = 0
[llama] load_tensors: layer  18 assigned to device D3D12, is_swa = 0
[llama] load_tensors: layer  19 assigned to device D3D12, is_swa = 0
[llama] load_tensors: layer  20 assigned to device D3D12, is_swa = 0
[llama] load_tensors: layer  21 assigned to device D3D12, is_swa = 0
[llama] load_tensors: layer  22 assigned to device D3D12, is_swa = 0
[llama] load_tensors: layer  23 assigned to device D3D12, is_swa = 0
[llama] load_tensors: layer  24 assigned to device D3D12, is_swa = 0
[llama] load_tensors: layer  25 assigned to device D3D12, is_swa = 0
[llama] load_tensors: layer  26 assigned to device D3D12, is_swa = 0
[llama] load_tensors: layer  27 assigned to device D3D12, is_swa = 0
[llama] load_tensors: layer  28 assigned to device D3D12, is_swa = 0
[llama] load_tensors: layer  29 assigned to device D3D12, is_swa = 0
[llama] load_tensors: layer  30 assigned to device D3D12, is_swa = 0
[llama] load_tensors: layer  31 assigned to device D3D12, is_swa = 0
[llama] load_tensors: layer  32 assigned to device D3D12, is_swa = 0
[llama] load_tensors: layer  33 assigned to device D3D12, is_swa = 0
[llama] model has unused tensor blk.32.attn_norm.weight (size = 10240 bytes) -- ignoring
[llama] model has unused tensor blk.32.post_attention_norm.weight (size = 10240 bytes) -- ignoring
[llama] model has unused tensor blk.32.attn_q.weight (size = 11796480 bytes) -- ignoring
[llama] model has unused tensor blk.32.attn_k.weight (size = 1474560 bytes) -- ignoring
[llama] model has unused tensor blk.32.attn_v.weight (size = 2150400 bytes) -- ignoring
[llama] model has unused tensor blk.32.attn_output.weight (size = 5898240 bytes) -- ignoring
[llama] model has unused tensor blk.32.attn_q_norm.weight (size = 1024 bytes) -- ignoring
[llama] model has unused tensor blk.32.attn_k_norm.weight (size = 1024 bytes) -- ignoring
[llama] model has unused tensor blk.32.ffn_gate.weight (size = 13271040 bytes) -- ignoring
[llama] model has unused tensor blk.32.ffn_down.weight (size = 19353600 bytes) -- ignoring
[llama] model has unused tensor blk.32.ffn_up.weight (size = 13271040 bytes) -- ignoring
[llama] model has unused tensor blk.32.nextn.eh_proj.weight (size = 13926400 bytes) -- ignoring
[llama] model has unused tensor blk.32.nextn.enorm.weight (size = 10240 bytes) -- ignoring
[llama] model has unused tensor blk.32.nextn.hnorm.weight (size = 10240 bytes) -- ignoring
[llama] model has unused tensor blk.32.nextn.shared_head_norm.weight (size = 10240 bytes) -- ignoring
[xllama] d3d12: D3D12_Weights buffer 2597.1 MiB
[llama] load_tensors: offloading output layer to GPU
[llama] load_tensors: offloading 32 repeating layers to GPU
[llama] load_tensors: offloaded 34/34 layers to GPU
[llama] load_tensors:          CPU model buffer size =   515.98 MiB
[llama] load_tensors: D3D12_Weights model buffer size =  2597.13 MiB
[llama] load_all_data: buffer type D3D12_Weights is not the default buffer type for device D3D12 for async uploads
[xllama] Session: GGUF model loaded via llama.cpp (persistent)
[llama] llama_context: D3D12_Host  output buffer size =     0.95 MiB
[llama] llama_kv_cache:        CPU KV buffer size =    64.00 MiB
[llama] llama_memory_recurrent:        CPU RS buffer size =    50.25 MiB
[llama] resolve_fused_ops: layer 3 is assigned to device D3D12 but Flash Attention is assigned to device CPU (usually due to missing support)
[llama] resolve_fused_ops: Flash Attention not supported, set to disabled
[xllama] d3d12: D3D12_Host buffer 63.0 MiB
[llama] sched_reserve: D3D12_Host compute buffer size =    63.00 MiB
[llama] sched_reserve: graph splits = 322
[xllama] session: can_shift=0 (memory_can_shift=0 n_swa=0)
[xllama] session: turn full=1 kv_before=0 pf=19 prompt=19
[xllama] PHASE_PREFILL n_prompt=19 rows_kept=19 n_ubatch=64 calls=161 matmuls=201 gpu_ms=119.830857
[xllama] d3d12_shape label=session_prefill part=1/1 keys_total=11 | ctx=target phase=prefill t=14 N=8192 K=2560 B=19 thr=64 mm=12 | ctx=target phase=prefill t=12 N=4096 K=2560 B=19 thr=64 mm=24 | ctx=target phase=prefill t=13 N=2560 K=4096 B=19 thr=128 mm=24 | ctx=target phase=prefill t=12 N=9216 K=2560 B=19 thr=64 mm=64 | ctx=target phase=prefill t=14 N=2560 K=9216 B=19 thr=128 mm=16 | ctx=target phase=prefill t=12 N=8192 K=2560 B=19 thr=64 mm=20 | ctx=target phase=prefill t=14 N=1024 K=2560 B=19 thr=64 mm=4 | ctx=target phase=prefill t=12 N=1024 K=2560 B=19 thr=64 mm=12 | ctx=target phase=prefill t=12 N=2560 K=4096 B=19 thr=128 mm=8 | ctx=target phase=prefill t=12 N=2560 K=9216 B=19 thr=128 mm=16 | ctx=target phase=prefill t=14 N=248320 K=2560 B=1 thr=64 mm=1
[xllama] EOG after 2 tokens tok=248044 branch=classic
[xllama] session generate: n=2 prefill=276.8ms (19 tok) reuse=0 drafted=0 (mtp=0 lookup=0) spec_accept=0 (mtp=0 lookup=0)
[xllama] PHASE total_ms=419.5 prefill_ms=276.8 decode_ms=107.3 accounted_ms=107.2 residual_decode_ms=0.1 load_plus_setup_ms=35.4 draft_ms=0.0 sample_ms=0.0 topprob_ms=0.0 catchup_ms=0.0 verify_ms=0.0 verify_d3w=0.0 verify_d3g=0.0 verify_cpu=0.0 rounds_split=0 corrective_ms=0.0 classic_decode_ms=104.2 classic_catchup_ms=0.0 lookup_ms=0.0 sample_target_ms=3.0 emit_ms=0.0 maintain_ms=0.0 profile=1
[xllama] d3d12_shape label=session_decode part=1/1 keys_total=11 | ctx=target phase=classic t=14 N=8192 K=2560 B=1 thr=64 mm=24 | ctx=target phase=classic t=12 N=4096 K=2560 B=1 thr=64 mm=48 | ctx=target phase=classic t=13 N=2560 K=4096 B=1 thr=128 mm=48 | ctx=target phase=classic t=12 N=9216 K=2560 B=1 thr=64 mm=128 | ctx=target phase=classic t=14 N=2560 K=9216 B=1 thr=128 mm=32 | ctx=target phase=classic t=12 N=8192 K=2560 B=1 thr=64 mm=40 | ctx=target phase=classic t=14 N=1024 K=2560 B=1 thr=64 mm=8 | ctx=target phase=classic t=12 N=1024 K=2560 B=1 thr=64 mm=24 | ctx=target phase=classic t=12 N=2560 K=4096 B=1 thr=128 mm=16 | ctx=target phase=classic t=12 N=2560 K=9216 B=1 thr=128 mm=32 | ctx=target phase=classic t=14 N=248320 K=2560 B=1 thr=64 mm=2
[llama] ~llama_context: D3D12_Host compute buffer size is  63.0027 MiB, matches expectation of  63.0027 MiB
[llama] ~llama_context: D3D12_Host compute buffer size is   0.0000 MiB, matches expectation of   0.0000 MiB
[xllama] d3d12: 483 graph_compute calls, 603 matmuls (0 2col), 213.2 ms wall (141.9 ms GPU)
[xllama] TERMGATE scenario=stop@run arm=ref ok=1 reason=- n_ids=10 n_ref=-1 parity=1 first_diff=-1 active=1 drafted=8 rounds=2 lookup=0 ews=1 n_eval=10 eog_tok=-1 eog_branch=- stop_branch=spec stop_round=4
[xllama] gguf gpu layers: 34 on D3D12
[llama] llama_model_loader: mmap is not supported on this platform
[llama] llama_prepare_model_devices: using device D3D12 (xllama D3D12 compute (Q4_0/Q4_K/Q5_K/Q6_K matmul)) (unknown id) - 4129 MiB free
[llama] load_tensors: layer   0 assigned to device D3D12, is_swa = 0
[llama] load_tensors: layer   1 assigned to device D3D12, is_swa = 0
[llama] load_tensors: layer   2 assigned to device D3D12, is_swa = 0
[llama] load_tensors: layer   3 assigned to device D3D12, is_swa = 0
[llama] load_tensors: layer   4 assigned to device D3D12, is_swa = 0
[llama] load_tensors: layer   5 assigned to device D3D12, is_swa = 0
[llama] load_tensors: layer   6 assigned to device D3D12, is_swa = 0
[llama] load_tensors: layer   7 assigned to device D3D12, is_swa = 0
[llama] load_tensors: layer   8 assigned to device D3D12, is_swa = 0
[llama] load_tensors: layer   9 assigned to device D3D12, is_swa = 0
[llama] load_tensors: layer  10 assigned to device D3D12, is_swa = 0
[llama] load_tensors: layer  11 assigned to device D3D12, is_swa = 0
[llama] load_tensors: layer  12 assigned to device D3D12, is_swa = 0
[llama] load_tensors: layer  13 assigned to device D3D12, is_swa = 0
[llama] load_tensors: layer  14 assigned to device D3D12, is_swa = 0
[llama] load_tensors: layer  15 assigned to device D3D12, is_swa = 0
[llama] load_tensors: layer  16 assigned to device D3D12, is_swa = 0
[llama] load_tensors: layer  17 assigned to device D3D12, is_swa = 0
[llama] load_tensors: layer  18 assigned to device D3D12, is_swa = 0
[llama] load_tensors: layer  19 assigned to device D3D12, is_swa = 0
[llama] load_tensors: layer  20 assigned to device D3D12, is_swa = 0
[llama] load_tensors: layer  21 assigned to device D3D12, is_swa = 0
[llama] load_tensors: layer  22 assigned to device D3D12, is_swa = 0
[llama] load_tensors: layer  23 assigned to device D3D12, is_swa = 0
[llama] load_tensors: layer  24 assigned to device D3D12, is_swa = 0
[llama] load_tensors: layer  25 assigned to device D3D12, is_swa = 0
[llama] load_tensors: layer  26 assigned to device D3D12, is_swa = 0
[llama] load_tensors: layer  27 assigned to device D3D12, is_swa = 0
[llama] load_tensors: layer  28 assigned to device D3D12, is_swa = 0
[llama] load_tensors: layer  29 assigned to device D3D12, is_swa = 0
[llama] load_tensors: layer  30 assigned to device D3D12, is_swa = 0
[llama] load_tensors: layer  31 assigned to device D3D12, is_swa = 0
[llama] load_tensors: layer  32 assigned to device D3D12, is_swa = 0
[llama] load_tensors: layer  33 assigned to device D3D12, is_swa = 0
[xllama] d3d12: D3D12_Weights buffer 2661.2 MiB
[llama] load_tensors: offloading output layer to GPU
[llama] load_tensors: offloading 32 repeating layers to GPU
[llama] load_tensors: offloaded 34/34 layers to GPU
[llama] load_tensors:          CPU model buffer size =   529.31 MiB
[llama] load_tensors: D3D12_Weights model buffer size =  2661.23 MiB
[llama] load_all_data: buffer type D3D12_Weights is not the default buffer type for device D3D12 for async uploads
[xllama] Session: GGUF model loaded via llama.cpp (persistent)
[xllama] session: speculative n_rs_seq=4
[llama] llama_context: D3D12_Host  output buffer size =     0.95 MiB
[llama] llama_kv_cache:        CPU KV buffer size =    64.00 MiB
[llama] llama_memory_recurrent:        CPU RS buffer size =   251.25 MiB
[llama] resolve_fused_ops: layer 3 is assigned to device D3D12 but Flash Attention is assigned to device CPU (usually due to missing support)
[llama] resolve_fused_ops: Flash Attention not supported, set to disabled
[xllama] d3d12: D3D12_Host buffer 63.0 MiB
[llama] sched_reserve: D3D12_Host compute buffer size =    63.00 MiB
[llama] sched_reserve: graph splits = 322
[llama] llama_context: D3D12_Host  output buffer size =     0.95 MiB
[llama] llama_kv_cache:        CPU KV buffer size =     8.00 MiB
[llama] resolve_fused_ops: layer 32 is assigned to device D3D12 but Flash Attention is assigned to device CPU (usually due to missing support)
[llama] resolve_fused_ops: Flash Attention not supported, set to disabled
[xllama] d3d12: D3D12_Host buffer 5.8 MiB
[llama] sched_reserve: D3D12_Host compute buffer size =     5.85 MiB
[llama] sched_reserve: graph splits = 12
[xllama] mtp: draft ready, n_max=4 p_min=0.750000 dft_n_batch=6
[xllama] mtp: target nextn head layers=1
[xllama] mtp: split_mtp_weights=0 resident=0 tensors=0
[xllama] session: can_shift=0 (memory_can_shift=0 n_swa=0)
[xllama] session: turn full=1 kv_before=0 pf=7 prompt=7
[xllama] d3d12: D3D12_Host buffer 1.6 MiB
[xllama] d3d12: D3D12_Host buffer 5.7 MiB
[xllama] PHASE_PREFILL n_prompt=7 rows_kept=7 n_ubatch=64 calls=173 matmuls=217 gpu_ms=63.628591
[xllama] d3d12_shape label=session_prefill part=1/2 keys_total=24 | ctx=target phase=prefill t=14 N=8192 K=2560 B=7 thr=64 mm=12 | ctx=target phase=prefill t=12 N=4096 K=2560 B=7 thr=64 mm=24 | ctx=target phase=prefill t=13 N=2560 K=4096 B=7 thr=128 mm=24 | ctx=target phase=prefill t=12 N=9216 K=2560 B=7 thr=64 mm=64 | ctx=target phase=prefill t=14 N=2560 K=9216 B=7 thr=128 mm=16 | ctx=target phase=prefill t=12 N=8192 K=2560 B=7 thr=64 mm=20 | ctx=target phase=prefill t=14 N=1024 K=2560 B=7 thr=64 mm=4 | ctx=target phase=prefill t=12 N=1024 K=2560 B=7 thr=64 mm=12 | ctx=target phase=prefill t=12 N=2560 K=4096 B=7 thr=128 mm=8 | ctx=target phase=prefill t=12 N=2560 K=9216 B=7 thr=128 mm=16 | ctx=target phase=prefill t=14 N=248320 K=2560 B=1 thr=64 mm=2 | ctx=target phase=prefill t=12 N=8192 K=2560 B=6 thr=64 mm=1
[xllama] d3d12_shape label=session_prefill part=2/2 keys_total=24 | ctx=target phase=prefill t=14 N=1024 K=2560 B=6 thr=64 mm=1 | ctx=target phase=prefill t=12 N=1024 K=2560 B=6 thr=64 mm=1 | ctx=target phase=prefill t=12 N=2560 K=4096 B=6 thr=128 mm=1 | ctx=target phase=prefill t=12 N=9216 K=2560 B=6 thr=64 mm=2 | ctx=target phase=prefill t=14 N=2560 K=9216 B=6 thr=128 mm=1 | ctx=target phase=prefill t=14 N=248320 K=2560 B=6 thr=64 mm=1 | ctx=target phase=prefill t=12 N=8192 K=2560 B=1 thr=64 mm=1 | ctx=target phase=prefill t=14 N=1024 K=2560 B=1 thr=64 mm=1 | ctx=target phase=prefill t=12 N=1024 K=2560 B=1 thr=64 mm=1 | ctx=target phase=prefill t=12 N=2560 K=4096 B=1 thr=128 mm=1 | ctx=target phase=prefill t=12 N=9216 K=2560 B=1 thr=64 mm=2 | ctx=target phase=prefill t=14 N=2560 K=9216 B=1 thr=128 mm=1
[xllama] d3d12: D3D12_Host buffer 5.4 MiB
[xllama] VROUND width=5 wall=114.42 d3w=54.75 d3g=43.72 cpu=656.25 reuse=0 accepted=0 gen=64
[xllama] VROUND width=5 wall=111.36 d3w=54.94 d3g=43.75 cpu=656.25 reuse=1 accepted=4 gen=64
[xllama] VROUND width=5 wall=110.95 d3w=54.85 d3g=43.67 cpu=656.25 reuse=1 accepted=4 gen=64
[xllama] VROUND width=5 wall=118.79 d3w=62.17 d3g=43.81 cpu=656.25 reuse=1 accepted=3 gen=64
[xllama] VROUND width=2 wall=81.45 d3w=37.82 d3g=19.11 cpu=468.75 reuse=0 accepted=1 gen=64
[xllama] VROUND width=3 wall=86.69 d3w=38.45 d3g=27.39 cpu=562.50 reuse=0 accepted=2 gen=64
[xllama] VROUND width=2 wall=69.87 d3w=29.79 d3g=19.16 cpu=468.75 reuse=0 accepted=1 gen=64
[xllama] VROUND width=5 wall=113.36 d3w=55.06 d3g=43.86 cpu=656.25 reuse=0 accepted=4 gen=64
[xllama] VROUND width=5 wall=111.65 d3w=55.31 d3g=43.84 cpu=656.25 reuse=1 accepted=4 gen=64
[xllama] VROUND width=2 wall=69.29 d3w=29.62 d3g=19.12 cpu=468.75 reuse=0 accepted=1 gen=64
[xllama] VROUND width=3 wall=119.13 d3w=71.07 d3g=27.43 cpu=656.25 reuse=0 accepted=2 gen=64
[xllama] VROUND width=3 wall=87.50 d3w=38.29 d3g=27.38 cpu=468.75 reuse=1 accepted=2 gen=64
[xllama] VROUND width=4 wall=102.69 d3w=46.76 d3g=35.58 cpu=656.25 reuse=0 accepted=3 gen=64
[xllama] VROUND width=5 wall=113.93 d3w=55.02 d3g=43.77 cpu=656.25 reuse=0 accepted=4 gen=64
[xllama] VROUND width=2 wall=69.94 d3w=30.05 d3g=19.11 cpu=468.75 reuse=0 accepted=1 gen=64
[xllama] VROUND width=5 wall=113.25 d3w=55.14 d3g=43.84 cpu=750.00 reuse=0 accepted=4 gen=64
[xllama] VROUND width=4 wall=102.56 d3w=46.81 d3g=35.66 cpu=562.50 reuse=0 accepted=3 gen=64
[xllama] session generate: n=64 prefill=152.9ms (7 tok) reuse=0 drafted=48 (mtp=48 lookup=0) spec_accept=43 (mtp=43 lookup=0)
[xllama] PHASE total_ms=2873.5 prefill_ms=152.9 decode_ms=2643.6 accounted_ms=2641.5 residual_decode_ms=2.1 load_plus_setup_ms=77.1 draft_ms=247.5 sample_ms=50.6 topprob_ms=192.5 catchup_ms=191.4 verify_ms=1696.8 verify_d3w=815.9 verify_d3g=580.2 verify_cpu=10125.0 rounds_split=17 corrective_ms=0.0 classic_decode_ms=209.0 classic_catchup_ms=15.3 lookup_ms=0.0 sample_target_ms=53.5 emit_ms=0.2 maintain_ms=0.0 profile=1
[xllama] d3d12_shape label=session_decode part=1/9 keys_total=97 | ctx=draft phase=draft t=12 N=8192 K=2560 B=1 thr=64 mm=60 | ctx=draft phase=draft t=14 N=1024 K=2560 B=1 thr=64 mm=60 | ctx=draft phase=draft t=12 N=1024 K=2560 B=1 thr=64 mm=60 | ctx=draft phase=draft t=12 N=2560 K=4096 B=1 thr=128 mm=60 | ctx=draft phase=draft t=12 N=9216 K=2560 B=1 thr=64 mm=120 | ctx=draft phase=draft t=14 N=2560 K=9216 B=1 thr=128 mm=60 | ctx=draft phase=draft t=14 N=248320 K=2560 B=1 thr=64 mm=60 | ctx=target phase=classic t=14 N=8192 K=2560 B=1 thr=64 mm=48 | ctx=target phase=classic t=12 N=4096 K=2560 B=1 thr=64 mm=96 | ctx=target phase=classic t=13 N=2560 K=4096 B=1 thr=128 mm=96 | ctx=target phase=classic t=12 N=9216 K=2560 B=1 thr=64 mm=256 | ctx=target phase=classic t=14 N=2560 K=9216 B=1 thr=128 mm=64
[xllama] d3d12_shape label=session_decode part=2/9 keys_total=97 | ctx=target phase=classic t=12 N=8192 K=2560 B=1 thr=64 mm=80 | ctx=target phase=classic t=14 N=1024 K=2560 B=1 thr=64 mm=16 | ctx=target phase=classic t=12 N=1024 K=2560 B=1 thr=64 mm=48 | ctx=target phase=classic t=12 N=2560 K=4096 B=1 thr=128 mm=32 | ctx=target phase=classic t=12 N=2560 K=9216 B=1 thr=128 mm=64 | ctx=target phase=classic t=14 N=248320 K=2560 B=1 thr=64 mm=4 | ctx=draft phase=catchup t=12 N=8192 K=2560 B=1 thr=64 mm=5 | ctx=draft phase=catchup t=14 N=1024 K=2560 B=1 thr=64 mm=5 | ctx=draft phase=catchup t=12 N=1024 K=2560 B=1 thr=64 mm=5 | ctx=draft phase=catchup t=12 N=2560 K=4096 B=1 thr=128 mm=5 | ctx=draft phase=catchup t=12 N=9216 K=2560 B=1 thr=64 mm=10 | ctx=draft phase=catchup t=14 N=2560 K=9216 B=1 thr=128 mm=5
[xllama] d3d12_shape label=session_decode part=3/9 keys_total=97 | ctx=draft phase=catchup t=14 N=248320 K=2560 B=1 thr=64 mm=5 | ctx=target phase=verify t=14 N=8192 K=2560 B=5 thr=64 mm=96 | ctx=target phase=verify t=12 N=4096 K=2560 B=5 thr=64 mm=192 | ctx=target phase=verify t=13 N=2560 K=4096 B=5 thr=128 mm=192 | ctx=target phase=verify t=12 N=9216 K=2560 B=5 thr=64 mm=512 | ctx=target phase=verify t=14 N=2560 K=9216 B=5 thr=128 mm=128 | ctx=target phase=verify t=12 N=8192 K=2560 B=5 thr=64 mm=160 | ctx=target phase=verify t=14 N=1024 K=2560 B=5 thr=64 mm=32 | ctx=target phase=verify t=12 N=1024 K=2560 B=5 thr=64 mm=96 | ctx=target phase=verify t=12 N=2560 K=4096 B=5 thr=128 mm=64 | ctx=target phase=verify t=12 N=2560 K=9216 B=5 thr=128 mm=128 | ctx=target phase=verify t=14 N=248320 K=2560 B=5 thr=64 mm=8
[xllama] d3d12_shape label=session_decode part=4/9 keys_total=97 | ctx=draft phase=catchup t=12 N=8192 K=2560 B=5 thr=64 mm=6 | ctx=draft phase=catchup t=14 N=1024 K=2560 B=5 thr=64 mm=6 | ctx=draft phase=catchup t=12 N=1024 K=2560 B=5 thr=64 mm=6 | ctx=draft phase=catchup t=12 N=2560 K=4096 B=5 thr=128 mm=6 | ctx=draft phase=catchup t=12 N=9216 K=2560 B=5 thr=64 mm=12 | ctx=draft phase=catchup t=14 N=2560 K=9216 B=5 thr=128 mm=6 | ctx=draft phase=catchup t=14 N=248320 K=2560 B=5 thr=64 mm=6 | ctx=draft phase=catchup t=12 N=8192 K=2560 B=4 thr=64 mm=3 | ctx=draft phase=catchup t=14 N=1024 K=2560 B=4 thr=64 mm=3 | ctx=draft phase=catchup t=12 N=1024 K=2560 B=4 thr=64 mm=3 | ctx=draft phase=catchup t=12 N=2560 K=4096 B=4 thr=128 mm=3 | ctx=draft phase=catchup t=12 N=9216 K=2560 B=4 thr=64 mm=6
[xllama] d3d12_shape label=session_decode part=5/9 keys_total=97 | ctx=draft phase=catchup t=14 N=2560 K=9216 B=4 thr=128 mm=3 | ctx=draft phase=catchup t=14 N=248320 K=2560 B=4 thr=64 mm=3 | ctx=target phase=verify t=14 N=8192 K=2560 B=2 thr=64 mm=48 | ctx=target phase=verify t=12 N=4096 K=2560 B=2 thr=64 mm=96 | ctx=target phase=verify t=13 N=2560 K=4096 B=2 thr=128 mm=96 | ctx=target phase=verify t=12 N=9216 K=2560 B=2 thr=64 mm=256 | ctx=target phase=verify t=14 N=2560 K=9216 B=2 thr=128 mm=64 | ctx=target phase=verify t=12 N=8192 K=2560 B=2 thr=64 mm=80 | ctx=target phase=verify t=14 N=1024 K=2560 B=2 thr=64 mm=16 | ctx=target phase=verify t=12 N=1024 K=2560 B=2 thr=64 mm=48 | ctx=target phase=verify t=12 N=2560 K=4096 B=2 thr=128 mm=32 | ctx=target phase=verify t=12 N=2560 K=9216 B=2 thr=128 mm=64
[xllama] d3d12_shape label=session_decode part=6/9 keys_total=97 | ctx=target phase=verify t=14 N=248320 K=2560 B=2 thr=64 mm=4 | ctx=draft phase=catchup t=12 N=8192 K=2560 B=2 thr=64 mm=4 | ctx=draft phase=catchup t=14 N=1024 K=2560 B=2 thr=64 mm=4 | ctx=draft phase=catchup t=12 N=1024 K=2560 B=2 thr=64 mm=4 | ctx=draft phase=catchup t=12 N=2560 K=4096 B=2 thr=128 mm=4 | ctx=draft phase=catchup t=12 N=9216 K=2560 B=2 thr=64 mm=8 | ctx=draft phase=catchup t=14 N=2560 K=9216 B=2 thr=128 mm=4 | ctx=draft phase=catchup t=14 N=248320 K=2560 B=2 thr=64 mm=4 | ctx=target phase=verify t=14 N=8192 K=2560 B=3 thr=64 mm=36 | ctx=target phase=verify t=12 N=4096 K=2560 B=3 thr=64 mm=72 | ctx=target phase=verify t=13 N=2560 K=4096 B=3 thr=128 mm=72 | ctx=target phase=verify t=12 N=9216 K=2560 B=3 thr=64 mm=192
[xllama] d3d12_shape label=session_decode part=7/9 keys_total=97 | ctx=target phase=verify t=14 N=2560 K=9216 B=3 thr=128 mm=48 | ctx=target phase=verify t=12 N=8192 K=2560 B=3 thr=64 mm=60 | ctx=target phase=verify t=14 N=1024 K=2560 B=3 thr=64 mm=12 | ctx=target phase=verify t=12 N=1024 K=2560 B=3 thr=64 mm=36 | ctx=target phase=verify t=12 N=2560 K=4096 B=3 thr=128 mm=24 | ctx=target phase=verify t=12 N=2560 K=9216 B=3 thr=128 mm=48 | ctx=target phase=verify t=14 N=248320 K=2560 B=3 thr=64 mm=3 | ctx=draft phase=catchup t=12 N=8192 K=2560 B=3 thr=64 mm=3 | ctx=draft phase=catchup t=14 N=1024 K=2560 B=3 thr=64 mm=3 | ctx=draft phase=catchup t=12 N=1024 K=2560 B=3 thr=64 mm=3 | ctx=draft phase=catchup t=12 N=2560 K=4096 B=3 thr=128 mm=3 | ctx=draft phase=catchup t=12 N=9216 K=2560 B=3 thr=64 mm=6
[xllama] d3d12_shape label=session_decode part=8/9 keys_total=97 | ctx=draft phase=catchup t=14 N=2560 K=9216 B=3 thr=128 mm=3 | ctx=draft phase=catchup t=14 N=248320 K=2560 B=3 thr=64 mm=3 | ctx=target phase=verify t=14 N=8192 K=2560 B=4 thr=64 mm=24 | ctx=target phase=verify t=12 N=4096 K=2560 B=4 thr=64 mm=48 | ctx=target phase=verify t=13 N=2560 K=4096 B=4 thr=128 mm=48 | ctx=target phase=verify t=12 N=9216 K=2560 B=4 thr=64 mm=128 | ctx=target phase=verify t=14 N=2560 K=9216 B=4 thr=128 mm=32 | ctx=target phase=verify t=12 N=8192 K=2560 B=4 thr=64 mm=40 | ctx=target phase=verify t=14 N=1024 K=2560 B=4 thr=64 mm=8 | ctx=target phase=verify t=12 N=1024 K=2560 B=4 thr=64 mm=24 | ctx=target phase=verify t=12 N=2560 K=4096 B=4 thr=128 mm=16 | ctx=target phase=verify t=12 N=2560 K=9216 B=4 thr=128 mm=32
[xllama] d3d12_shape label=session_decode part=9/9 keys_total=97 | ctx=target phase=verify t=14 N=248320 K=2560 B=4 thr=64 mm=2
[xllama] MTP_STATS rounds=17 decodes=81 discarded=12 catchup_tok=64 draft_ms=247.5 sample_ms=50.6 topprob_ms=192.5 catchup_ms=191.4 verify_ms=1696.8 corrective_ms=0.0
[xllama] TERMGATE eog_probe idx=0 n_eval=64 reason=cap[xllama] TERMGATE scenario=eog@0 arm=ref ok=1 reason=cap n_ids=64 n_ref=-1 parity=-1 first_diff=-1 active=1 drafted=48 rounds=17 lookup=0 ews=0 n_eval=64 eog_tok=-1 eog_branch=- stop_branch=- stop_round=-1
[xllama] session: KV prefix reuse none — resident 71 tok, prompt 1 tok (first mismatch at 0) (#170)
[xllama] session: turn full=1 kv_before=0 pf=1 prompt=1
[xllama] PHASE_PREFILL n_prompt=1 rows_kept=1 n_ubatch=64 calls=167 matmuls=209 gpu_ms=13.365373
[xllama] d3d12_shape label=session_prefill part=1/1 keys_total=11 | ctx=target phase=prefill t=14 N=8192 K=2560 B=1 thr=64 mm=12 | ctx=target phase=prefill t=12 N=4096 K=2560 B=1 thr=64 mm=24 | ctx=target phase=prefill t=13 N=2560 K=4096 B=1 thr=128 mm=24 | ctx=target phase=prefill t=12 N=9216 K=2560 B=1 thr=64 mm=66 | ctx=target phase=prefill t=14 N=2560 K=9216 B=1 thr=128 mm=17 | ctx=target phase=prefill t=12 N=8192 K=2560 B=1 thr=64 mm=21 | ctx=target phase=prefill t=14 N=1024 K=2560 B=1 thr=64 mm=5 | ctx=target phase=prefill t=12 N=1024 K=2560 B=1 thr=64 mm=13 | ctx=target phase=prefill t=12 N=2560 K=4096 B=1 thr=128 mm=9 | ctx=target phase=prefill t=12 N=2560 K=9216 B=1 thr=128 mm=16 | ctx=target phase=prefill t=14 N=248320 K=2560 B=1 thr=64 mm=2
[xllama] VROUND width=2 wall=69.62 d3w=29.71 d3g=19.17 cpu=375.00 reuse=0 accepted=1 gen=64
[xllama] VROUND width=2 wall=69.55 d3w=29.78 d3g=19.12 cpu=468.75 reuse=0 accepted=1 gen=64
[xllama] VROUND width=2 wall=69.76 d3w=29.87 d3g=19.14 cpu=375.00 reuse=0 accepted=1 gen=64
[xllama] VROUND width=2 wall=69.33 d3w=29.80 d3g=19.17 cpu=468.75 reuse=0 accepted=1 gen=64
[xllama] VROUND width=2 wall=67.62 d3w=29.42 d3g=19.08 cpu=468.75 reuse=1 accepted=1 gen=64
[xllama] VROUND width=5 wall=113.27 d3w=54.68 d3g=43.74 cpu=656.25 reuse=0 accepted=4 gen=64
[xllama] VROUND width=2 wall=69.08 d3w=29.45 d3g=19.11 cpu=468.75 reuse=0 accepted=0 gen=64
[xllama] VROUND width=2 wall=75.80 d3w=38.14 d3g=19.20 cpu=468.75 reuse=1 accepted=1 gen=64
[xllama] VROUND width=3 wall=85.98 d3w=38.21 d3g=27.29 cpu=468.75 reuse=0 accepted=2 gen=64
[xllama] VROUND width=2 wall=69.30 d3w=29.66 d3g=19.21 cpu=375.00 reuse=0 accepted=1 gen=64
[xllama] VROUND width=5 wall=113.35 d3w=55.28 d3g=43.83 cpu=656.25 reuse=0 accepted=4 gen=64
[xllama] VROUND width=4 wall=102.76 d3w=46.72 d3g=35.57 cpu=656.25 reuse=0 accepted=3 gen=64
[xllama] VROUND width=3 wall=86.37 d3w=38.32 d3g=27.35 cpu=562.50 reuse=0 accepted=2 gen=64
[xllama] VROUND width=2 wall=69.68 d3w=30.16 d3g=19.11 cpu=375.00 reuse=0 accepted=1 gen=64
[xllama] session generate: n=64 prefill=90.1ms (1 tok) reuse=0 drafted=24 (mtp=24 lookup=0) spec_accept=23 (mtp=23 lookup=0)
[xllama] PHASE total_ms=3310.3 prefill_ms=90.1 decode_ms=3206.7 accounted_ms=3204.1 residual_decode_ms=2.6 load_plus_setup_ms=13.5 draft_ms=239.3 sample_ms=51.9 topprob_ms=99.3 catchup_ms=212.9 verify_ms=1131.5 verify_d3w=509.2 verify_d3g=350.1 verify_cpu=6843.8 rounds_split=14 corrective_ms=0.0 classic_decode_ms=1415.7 classic_catchup_ms=102.3 lookup_ms=0.0 sample_target_ms=53.2 emit_ms=0.1 maintain_ms=0.1 profile=1
[xllama] d3d12_shape label=session_decode part=1/9 keys_total=97 | ctx=draft phase=draft t=12 N=8192 K=2560 B=1 thr=64 mm=62 | ctx=draft phase=draft t=14 N=1024 K=2560 B=1 thr=64 mm=62 | ctx=draft phase=draft t=12 N=1024 K=2560 B=1 thr=64 mm=62 | ctx=draft phase=draft t=12 N=2560 K=4096 B=1 thr=128 mm=62 | ctx=draft phase=draft t=12 N=9216 K=2560 B=1 thr=64 mm=124 | ctx=draft phase=draft t=14 N=2560 K=9216 B=1 thr=128 mm=62 | ctx=draft phase=draft t=14 N=248320 K=2560 B=1 thr=64 mm=62 | ctx=target phase=classic t=14 N=8192 K=2560 B=1 thr=64 mm=324 | ctx=target phase=classic t=12 N=4096 K=2560 B=1 thr=64 mm=648 | ctx=target phase=classic t=13 N=2560 K=4096 B=1 thr=128 mm=648 | ctx=target phase=classic t=12 N=9216 K=2560 B=1 thr=64 mm=1728 | ctx=target phase=classic t=14 N=2560 K=9216 B=1 thr=128 mm=432
[xllama] d3d12_shape label=session_decode part=2/9 keys_total=97 | ctx=target phase=classic t=12 N=8192 K=2560 B=1 thr=64 mm=540 | ctx=target phase=classic t=14 N=1024 K=2560 B=1 thr=64 mm=108 | ctx=target phase=classic t=12 N=1024 K=2560 B=1 thr=64 mm=324 | ctx=target phase=classic t=12 N=2560 K=4096 B=1 thr=128 mm=216 | ctx=target phase=classic t=12 N=2560 K=9216 B=1 thr=128 mm=432 | ctx=target phase=classic t=14 N=248320 K=2560 B=1 thr=64 mm=27 | ctx=draft phase=catchup t=12 N=8192 K=2560 B=1 thr=64 mm=28 | ctx=draft phase=catchup t=14 N=1024 K=2560 B=1 thr=64 mm=28 | ctx=draft phase=catchup t=12 N=1024 K=2560 B=1 thr=64 mm=28 | ctx=draft phase=catchup t=12 N=2560 K=4096 B=1 thr=128 mm=28 | ctx=draft phase=catchup t=12 N=9216 K=2560 B=1 thr=64 mm=56 | ctx=draft phase=catchup t=14 N=2560 K=9216 B=1 thr=128 mm=28
[xllama] d3d12_shape label=session_decode part=3/9 keys_total=97 | ctx=draft phase=catchup t=14 N=248320 K=2560 B=1 thr=64 mm=28 | ctx=target phase=verify t=14 N=8192 K=2560 B=2 thr=64 mm=108 | ctx=target phase=verify t=12 N=4096 K=2560 B=2 thr=64 mm=216 | ctx=target phase=verify t=13 N=2560 K=4096 B=2 thr=128 mm=216 | ctx=target phase=verify t=12 N=9216 K=2560 B=2 thr=64 mm=576 | ctx=target phase=verify t=14 N=2560 K=9216 B=2 thr=128 mm=144 | ctx=target phase=verify t=12 N=8192 K=2560 B=2 thr=64 mm=180 | ctx=target phase=verify t=14 N=1024 K=2560 B=2 thr=64 mm=36 | ctx=target phase=verify t=12 N=1024 K=2560 B=2 thr=64 mm=108 | ctx=target phase=verify t=12 N=2560 K=4096 B=2 thr=128 mm=72 | ctx=target phase=verify t=12 N=2560 K=9216 B=2 thr=128 mm=144 | ctx=target phase=verify t=14 N=248320 K=2560 B=2 thr=64 mm=9
[xllama] d3d12_shape label=session_decode part=4/9 keys_total=97 | ctx=draft phase=catchup t=12 N=8192 K=2560 B=2 thr=64 mm=8 | ctx=draft phase=catchup t=14 N=1024 K=2560 B=2 thr=64 mm=8 | ctx=draft phase=catchup t=12 N=1024 K=2560 B=2 thr=64 mm=8 | ctx=draft phase=catchup t=12 N=2560 K=4096 B=2 thr=128 mm=8 | ctx=draft phase=catchup t=12 N=9216 K=2560 B=2 thr=64 mm=16 | ctx=draft phase=catchup t=14 N=2560 K=9216 B=2 thr=128 mm=8 | ctx=draft phase=catchup t=14 N=248320 K=2560 B=2 thr=64 mm=8 | ctx=target phase=verify t=14 N=8192 K=2560 B=5 thr=64 mm=24 | ctx=target phase=verify t=12 N=4096 K=2560 B=5 thr=64 mm=48 | ctx=target phase=verify t=13 N=2560 K=4096 B=5 thr=128 mm=48 | ctx=target phase=verify t=12 N=9216 K=2560 B=5 thr=64 mm=128 | ctx=target phase=verify t=14 N=2560 K=9216 B=5 thr=128 mm=32
[xllama] d3d12_shape label=session_decode part=5/9 keys_total=97 | ctx=target phase=verify t=12 N=8192 K=2560 B=5 thr=64 mm=40 | ctx=target phase=verify t=14 N=1024 K=2560 B=5 thr=64 mm=8 | ctx=target phase=verify t=12 N=1024 K=2560 B=5 thr=64 mm=24 | ctx=target phase=verify t=12 N=2560 K=4096 B=5 thr=128 mm=16 | ctx=target phase=verify t=12 N=2560 K=9216 B=5 thr=128 mm=32 | ctx=target phase=verify t=14 N=248320 K=2560 B=5 thr=64 mm=2 | ctx=draft phase=catchup t=12 N=8192 K=2560 B=5 thr=64 mm=2 | ctx=draft phase=catchup t=14 N=1024 K=2560 B=5 thr=64 mm=2 | ctx=draft phase=catchup t=12 N=1024 K=2560 B=5 thr=64 mm=2 | ctx=draft phase=catchup t=12 N=2560 K=4096 B=5 thr=128 mm=2 | ctx=draft phase=catchup t=12 N=9216 K=2560 B=5 thr=64 mm=4 | ctx=draft phase=catchup t=14 N=2560 K=9216 B=5 thr=128 mm=2
[xllama] d3d12_shape label=session_decode part=6/9 keys_total=97 | ctx=draft phase=catchup t=14 N=248320 K=2560 B=5 thr=64 mm=2 | ctx=target phase=verify t=14 N=8192 K=2560 B=3 thr=64 mm=24 | ctx=target phase=verify t=12 N=4096 K=2560 B=3 thr=64 mm=48 | ctx=target phase=verify t=13 N=2560 K=4096 B=3 thr=128 mm=48 | ctx=target phase=verify t=12 N=9216 K=2560 B=3 thr=64 mm=128 | ctx=target phase=verify t=14 N=2560 K=9216 B=3 thr=128 mm=32 | ctx=target phase=verify t=12 N=8192 K=2560 B=3 thr=64 mm=40 | ctx=target phase=verify t=14 N=1024 K=2560 B=3 thr=64 mm=8 | ctx=target phase=verify t=12 N=1024 K=2560 B=3 thr=64 mm=24 | ctx=target phase=verify t=12 N=2560 K=4096 B=3 thr=128 mm=16 | ctx=target phase=verify t=12 N=2560 K=9216 B=3 thr=128 mm=32 | ctx=target phase=verify t=14 N=248320 K=2560 B=3 thr=64 mm=2
[xllama] d3d12_shape label=session_decode part=7/9 keys_total=97 | ctx=draft phase=catchup t=12 N=8192 K=2560 B=3 thr=64 mm=2 | ctx=draft phase=catchup t=14 N=1024 K=2560 B=3 thr=64 mm=2 | ctx=draft phase=catchup t=12 N=1024 K=2560 B=3 thr=64 mm=2 | ctx=draft phase=catchup t=12 N=2560 K=4096 B=3 thr=128 mm=2 | ctx=draft phase=catchup t=12 N=9216 K=2560 B=3 thr=64 mm=4 | ctx=draft phase=catchup t=14 N=2560 K=9216 B=3 thr=128 mm=2 | ctx=draft phase=catchup t=14 N=248320 K=2560 B=3 thr=64 mm=2 | ctx=target phase=verify t=14 N=8192 K=2560 B=4 thr=64 mm=12 | ctx=target phase=verify t=12 N=4096 K=2560 B=4 thr=64 mm=24 | ctx=target phase=verify t=13 N=2560 K=4096 B=4 thr=128 mm=24 | ctx=target phase=verify t=12 N=9216 K=2560 B=4 thr=64 mm=64 | ctx=target phase=verify t=14 N=2560 K=9216 B=4 thr=128 mm=16
[xllama] d3d12_shape label=session_decode part=8/9 keys_total=97 | ctx=target phase=verify t=12 N=8192 K=2560 B=4 thr=64 mm=20 | ctx=target phase=verify t=14 N=1024 K=2560 B=4 thr=64 mm=4 | ctx=target phase=verify t=12 N=1024 K=2560 B=4 thr=64 mm=12 | ctx=target phase=verify t=12 N=2560 K=4096 B=4 thr=128 mm=8 | ctx=target phase=verify t=12 N=2560 K=9216 B=4 thr=128 mm=16 | ctx=target phase=verify t=14 N=248320 K=2560 B=4 thr=64 mm=1 | ctx=draft phase=catchup t=12 N=8192 K=2560 B=4 thr=64 mm=1 | ctx=draft phase=catchup t=14 N=1024 K=2560 B=4 thr=64 mm=1 | ctx=draft phase=catchup t=12 N=1024 K=2560 B=4 thr=64 mm=1 | ctx=draft phase=catchup t=12 N=2560 K=4096 B=4 thr=128 mm=1 | ctx=draft phase=catchup t=12 N=9216 K=2560 B=4 thr=64 mm=2 | ctx=draft phase=catchup t=14 N=2560 K=9216 B=4 thr=128 mm=1
[xllama] d3d12_shape label=session_decode part=9/9 keys_total=97 | ctx=draft phase=catchup t=14 N=248320 K=2560 B=4 thr=64 mm=1
[xllama] MTP_STATS rounds=14 decodes=103 discarded=38 catchup_tok=64 draft_ms=239.3 sample_ms=51.9 topprob_ms=99.3 catchup_ms=212.9 verify_ms=1131.5 corrective_ms=0.0
[xllama] TERMGATE eog_probe idx=1 n_eval=64 reason=cap[xllama] TERMGATE scenario=eog@1 arm=ref ok=1 reason=cap n_ids=64 n_ref=-1 parity=-1 first_diff=-1 active=1 drafted=24 rounds=14 lookup=0 ews=0 n_eval=64 eog_tok=-1 eog_branch=- stop_branch=- stop_round=-1
[xllama] session: KV prefix reuse none — resident 65 tok, prompt 4 tok (first mismatch at 0) (#170)
[xllama] session: turn full=1 kv_before=0 pf=4 prompt=4
[xllama] PHASE_PREFILL n_prompt=4 rows_kept=4 n_ubatch=64 calls=167 matmuls=209 gpu_ms=38.283469
[xllama] d3d12_shape label=session_prefill part=1/1 keys_total=12 | ctx=target phase=prefill t=14 N=8192 K=2560 B=4 thr=64 mm=12 | ctx=target phase=prefill t=12 N=4096 K=2560 B=4 thr=64 mm=24 | ctx=target phase=prefill t=13 N=2560 K=4096 B=4 thr=128 mm=24 | ctx=target phase=prefill t=12 N=9216 K=2560 B=4 thr=64 mm=66 | ctx=target phase=prefill t=14 N=2560 K=9216 B=4 thr=128 mm=17 | ctx=target phase=prefill t=12 N=8192 K=2560 B=4 thr=64 mm=21 | ctx=target phase=prefill t=14 N=1024 K=2560 B=4 thr=64 mm=5 | ctx=target phase=prefill t=12 N=1024 K=2560 B=4 thr=64 mm=13 | ctx=target phase=prefill t=12 N=2560 K=4096 B=4 thr=128 mm=9 | ctx=target phase=prefill t=12 N=2560 K=9216 B=4 thr=128 mm=16 | ctx=target phase=prefill t=14 N=248320 K=2560 B=1 thr=64 mm=1 | ctx=target phase=prefill t=14 N=248320 K=2560 B=4 thr=64 mm=1
[xllama] VROUND width=4 wall=102.63 d3w=46.82 d3g=35.57 cpu=656.25 reuse=0 accepted=1 gen=64
[xllama] VROUND width=2 wall=69.17 d3w=29.39 d3g=19.05 cpu=468.75 reuse=0 accepted=1 gen=64
[xllama] VROUND width=2 wall=68.03 d3w=30.15 d3g=19.12 cpu=375.00 reuse=1 accepted=1 gen=64
[xllama] VROUND width=2 wall=69.54 d3w=29.80 d3g=19.14 cpu=375.00 reuse=1 accepted=1 gen=64
[xllama] VROUND width=2 wall=68.00 d3w=29.40 d3g=19.10 cpu=375.00 reuse=1 accepted=1 gen=64
[xllama] VROUND width=2 wall=67.91 d3w=30.06 d3g=19.16 cpu=468.75 reuse=1 accepted=1 gen=64
[xllama] VROUND width=2 wall=67.47 d3w=29.56 d3g=19.14 cpu=375.00 reuse=1 accepted=1 gen=64
[xllama] VROUND width=2 wall=67.73 d3w=29.70 d3g=19.13 cpu=375.00 reuse=1 accepted=1 gen=64
[xllama] VROUND width=2 wall=68.25 d3w=30.26 d3g=19.18 cpu=468.75 reuse=1 accepted=1 gen=64
[xllama] VROUND width=2 wall=68.61 d3w=30.56 d3g=19.16 cpu=468.75 reuse=1 accepted=1 gen=64
[xllama] VROUND width=3 wall=86.61 d3w=38.35 d3g=27.35 cpu=468.75 reuse=0 accepted=2 gen=64
[xllama] VROUND width=2 wall=69.78 d3w=30.01 d3g=19.18 cpu=375.00 reuse=0 accepted=1 gen=64
[xllama] VROUND width=2 wall=68.02 d3w=29.85 d3g=19.03 cpu=468.75 reuse=1 accepted=1 gen=64
[xllama] VROUND width=3 wall=87.72 d3w=39.52 d3g=27.27 cpu=468.75 reuse=0 accepted=2 gen=64
[xllama] VROUND width=2 wall=69.92 d3w=29.60 d3g=19.12 cpu=375.00 reuse=0 accepted=1 gen=64
[xllama] VROUND width=3 wall=85.85 d3w=38.09 d3g=27.38 cpu=562.50 reuse=0 accepted=2 gen=64
[xllama] VROUND width=4 wall=102.86 d3w=46.81 d3g=35.59 cpu=562.50 reuse=0 accepted=3 gen=64
[xllama] VROUND width=3 wall=86.07 d3w=38.32 d3g=27.36 cpu=562.50 reuse=0 accepted=2 gen=64
[xllama] VROUND width=4 wall=102.36 d3w=46.73 d3g=35.60 cpu=562.50 reuse=0 accepted=3 gen=64
[xllama] VROUND width=3 wall=86.24 d3w=38.36 d3g=27.37 cpu=468.75 reuse=0 accepted=2 gen=64
[xllama] VROUND width=2 wall=69.40 d3w=29.69 d3g=19.14 cpu=375.00 reuse=0 accepted=1 gen=64
[xllama] VROUND width=4 wall=102.59 d3w=46.85 d3g=35.55 cpu=562.50 reuse=0 accepted=3 gen=64
[xllama] VROUND width=2 wall=69.51 d3w=29.73 d3g=19.17 cpu=375.00 reuse=0 accepted=1 gen=64
[xllama] VROUND width=2 wall=68.23 d3w=30.24 d3g=19.11 cpu=375.00 reuse=1 accepted=1 gen=64
[xllama] session generate: n=64 prefill=109.9ms (4 tok) reuse=0 drafted=37 (mtp=37 lookup=0) spec_accept=35 (mtp=35 lookup=0)
[xllama] PHASE total_ms=2961.5 prefill_ms=109.9 decode_ms=2838.1 accounted_ms=2835.7 residual_decode_ms=2.4 load_plus_setup_ms=13.5 draft_ms=253.3 sample_ms=53.3 topprob_ms=148.6 catchup_ms=197.3 verify_ms=1872.5 verify_d3w=827.8 verify_d3g=566.0 verify_cpu=10968.8 rounds_split=24 corrective_ms=0.0 classic_decode_ms=257.6 classic_catchup_ms=19.2 lookup_ms=0.0 sample_target_ms=53.0 emit_ms=0.1 maintain_ms=0.0 profile=1
[xllama] d3d12_shape label=session_decode part=1/7 keys_total=79 | ctx=draft phase=draft t=12 N=8192 K=2560 B=1 thr=64 mm=65 | ctx=draft phase=draft t=14 N=1024 K=2560 B=1 thr=64 mm=65 | ctx=draft phase=draft t=12 N=1024 K=2560 B=1 thr=64 mm=65 | ctx=draft phase=draft t=12 N=2560 K=4096 B=1 thr=128 mm=65 | ctx=draft phase=draft t=12 N=9216 K=2560 B=1 thr=64 mm=130 | ctx=draft phase=draft t=14 N=2560 K=9216 B=1 thr=128 mm=65 | ctx=draft phase=draft t=14 N=248320 K=2560 B=1 thr=64 mm=65 | ctx=target phase=classic t=14 N=8192 K=2560 B=1 thr=64 mm=60 | ctx=target phase=classic t=12 N=4096 K=2560 B=1 thr=64 mm=120 | ctx=target phase=classic t=13 N=2560 K=4096 B=1 thr=128 mm=120 | ctx=target phase=classic t=12 N=9216 K=2560 B=1 thr=64 mm=320 | ctx=target phase=classic t=14 N=2560 K=9216 B=1 thr=128 mm=80
[xllama] d3d12_shape label=session_decode part=2/7 keys_total=79 | ctx=target phase=classic t=12 N=8192 K=2560 B=1 thr=64 mm=100 | ctx=target phase=classic t=14 N=1024 K=2560 B=1 thr=64 mm=20 | ctx=target phase=classic t=12 N=1024 K=2560 B=1 thr=64 mm=60 | ctx=target phase=classic t=12 N=2560 K=4096 B=1 thr=128 mm=40 | ctx=target phase=classic t=12 N=2560 K=9216 B=1 thr=128 mm=80 | ctx=target phase=classic t=14 N=248320 K=2560 B=1 thr=64 mm=5 | ctx=draft phase=catchup t=12 N=8192 K=2560 B=1 thr=64 mm=5 | ctx=draft phase=catchup t=14 N=1024 K=2560 B=1 thr=64 mm=5 | ctx=draft phase=catchup t=12 N=1024 K=2560 B=1 thr=64 mm=5 | ctx=draft phase=catchup t=12 N=2560 K=4096 B=1 thr=128 mm=5 | ctx=draft phase=catchup t=12 N=9216 K=2560 B=1 thr=64 mm=10 | ctx=draft phase=catchup t=14 N=2560 K=9216 B=1 thr=128 mm=5
[xllama] d3d12_shape label=session_decode part=3/7 keys_total=79 | ctx=draft phase=catchup t=14 N=248320 K=2560 B=1 thr=64 mm=5 | ctx=target phase=verify t=14 N=8192 K=2560 B=4 thr=64 mm=48 | ctx=target phase=verify t=12 N=4096 K=2560 B=4 thr=64 mm=96 | ctx=target phase=verify t=13 N=2560 K=4096 B=4 thr=128 mm=96 | ctx=target phase=verify t=12 N=9216 K=2560 B=4 thr=64 mm=256 | ctx=target phase=verify t=14 N=2560 K=9216 B=4 thr=128 mm=64 | ctx=target phase=verify t=12 N=8192 K=2560 B=4 thr=64 mm=80 | ctx=target phase=verify t=14 N=1024 K=2560 B=4 thr=64 mm=16 | ctx=target phase=verify t=12 N=1024 K=2560 B=4 thr=64 mm=48 | ctx=target phase=verify t=12 N=2560 K=4096 B=4 thr=128 mm=32 | ctx=target phase=verify t=12 N=2560 K=9216 B=4 thr=128 mm=64 | ctx=target phase=verify t=14 N=248320 K=2560 B=4 thr=64 mm=4
[xllama] d3d12_shape label=session_decode part=4/7 keys_total=79 | ctx=draft phase=catchup t=12 N=8192 K=2560 B=2 thr=64 mm=16 | ctx=draft phase=catchup t=14 N=1024 K=2560 B=2 thr=64 mm=16 | ctx=draft phase=catchup t=12 N=1024 K=2560 B=2 thr=64 mm=16 | ctx=draft phase=catchup t=12 N=2560 K=4096 B=2 thr=128 mm=16 | ctx=draft phase=catchup t=12 N=9216 K=2560 B=2 thr=64 mm=32 | ctx=draft phase=catchup t=14 N=2560 K=9216 B=2 thr=128 mm=16 | ctx=draft phase=catchup t=14 N=248320 K=2560 B=2 thr=64 mm=16 | ctx=target phase=verify t=14 N=8192 K=2560 B=2 thr=64 mm=180 | ctx=target phase=verify t=12 N=4096 K=2560 B=2 thr=64 mm=360 | ctx=target phase=verify t=13 N=2560 K=4096 B=2 thr=128 mm=360 | ctx=target phase=verify t=12 N=9216 K=2560 B=2 thr=64 mm=960 | ctx=target phase=verify t=14 N=2560 K=9216 B=2 thr=128 mm=240
[xllama] d3d12_shape label=session_decode part=5/7 keys_total=79 | ctx=target phase=verify t=12 N=8192 K=2560 B=2 thr=64 mm=300 | ctx=target phase=verify t=14 N=1024 K=2560 B=2 thr=64 mm=60 | ctx=target phase=verify t=12 N=1024 K=2560 B=2 thr=64 mm=180 | ctx=target phase=verify t=12 N=2560 K=4096 B=2 thr=128 mm=120 | ctx=target phase=verify t=12 N=2560 K=9216 B=2 thr=128 mm=240 | ctx=target phase=verify t=14 N=248320 K=2560 B=2 thr=64 mm=15 | ctx=target phase=verify t=14 N=8192 K=2560 B=3 thr=64 mm=60 | ctx=target phase=verify t=12 N=4096 K=2560 B=3 thr=64 mm=120 | ctx=target phase=verify t=13 N=2560 K=4096 B=3 thr=128 mm=120 | ctx=target phase=verify t=12 N=9216 K=2560 B=3 thr=64 mm=320 | ctx=target phase=verify t=14 N=2560 K=9216 B=3 thr=128 mm=80 | ctx=target phase=verify t=12 N=8192 K=2560 B=3 thr=64 mm=100
[xllama] d3d12_shape label=session_decode part=6/7 keys_total=79 | ctx=target phase=verify t=14 N=1024 K=2560 B=3 thr=64 mm=20 | ctx=target phase=verify t=12 N=1024 K=2560 B=3 thr=64 mm=60 | ctx=target phase=verify t=12 N=2560 K=4096 B=3 thr=128 mm=40 | ctx=target phase=verify t=12 N=2560 K=9216 B=3 thr=128 mm=80 | ctx=target phase=verify t=14 N=248320 K=2560 B=3 thr=64 mm=5 | ctx=draft phase=catchup t=12 N=8192 K=2560 B=3 thr=64 mm=5 | ctx=draft phase=catchup t=14 N=1024 K=2560 B=3 thr=64 mm=5 | ctx=draft phase=catchup t=12 N=1024 K=2560 B=3 thr=64 mm=5 | ctx=draft phase=catchup t=12 N=2560 K=4096 B=3 thr=128 mm=5 | ctx=draft phase=catchup t=12 N=9216 K=2560 B=3 thr=64 mm=10 | ctx=draft phase=catchup t=14 N=2560 K=9216 B=3 thr=128 mm=5 | ctx=draft phase=catchup t=14 N=248320 K=2560 B=3 thr=64 mm=5
[xllama] d3d12_shape label=session_decode part=7/7 keys_total=79 | ctx=draft phase=catchup t=12 N=8192 K=2560 B=4 thr=64 mm=3 | ctx=draft phase=catchup t=14 N=1024 K=2560 B=4 thr=64 mm=3 | ctx=draft phase=catchup t=12 N=1024 K=2560 B=4 thr=64 mm=3 | ctx=draft phase=catchup t=12 N=2560 K=4096 B=4 thr=128 mm=3 | ctx=draft phase=catchup t=12 N=9216 K=2560 B=4 thr=64 mm=6 | ctx=draft phase=catchup t=14 N=2560 K=9216 B=4 thr=128 mm=3 | ctx=draft phase=catchup t=14 N=248320 K=2560 B=4 thr=64 mm=3
[xllama] MTP_STATS rounds=24 decodes=94 discarded=28 catchup_tok=64 draft_ms=253.3 sample_ms=53.3 topprob_ms=148.6 catchup_ms=197.3 verify_ms=1872.5 corrective_ms=0.0
[xllama] TERMGATE eog_probe idx=2 n_eval=64 reason=cap[xllama] TERMGATE scenario=eog@2 arm=ref ok=1 reason=cap n_ids=64 n_ref=-1 parity=-1 first_diff=-1 active=1 drafted=37 rounds=24 lookup=0 ews=0 n_eval=64 eog_tok=-1 eog_branch=- stop_branch=- stop_round=-1
[xllama] session: KV prefix reuse none — resident 68 tok, prompt 11 tok (first mismatch at 0) (#170)
[xllama] session: turn full=1 kv_before=0 pf=11 prompt=11
[xllama] PHASE_PREFILL n_prompt=11 rows_kept=11 n_ubatch=64 calls=173 matmuls=217 gpu_ms=97.346687
[xllama] d3d12_shape label=session_prefill part=1/3 keys_total=25 | ctx=target phase=prefill t=14 N=8192 K=2560 B=11 thr=64 mm=12 | ctx=target phase=prefill t=12 N=4096 K=2560 B=11 thr=64 mm=24 | ctx=target phase=prefill t=13 N=2560 K=4096 B=11 thr=128 mm=24 | ctx=target phase=prefill t=12 N=9216 K=2560 B=11 thr=64 mm=64 | ctx=target phase=prefill t=14 N=2560 K=9216 B=11 thr=128 mm=16 | ctx=target phase=prefill t=12 N=8192 K=2560 B=11 thr=64 mm=20 | ctx=target phase=prefill t=14 N=1024 K=2560 B=11 thr=64 mm=4 | ctx=target phase=prefill t=12 N=1024 K=2560 B=11 thr=64 mm=12 | ctx=target phase=prefill t=12 N=2560 K=4096 B=11 thr=128 mm=8 | ctx=target phase=prefill t=12 N=2560 K=9216 B=11 thr=128 mm=16 | ctx=target phase=prefill t=14 N=248320 K=2560 B=1 thr=64 mm=1 | ctx=target phase=prefill t=12 N=8192 K=2560 B=6 thr=64 mm=1
[xllama] d3d12_shape label=session_prefill part=2/3 keys_total=25 | ctx=target phase=prefill t=14 N=1024 K=2560 B=6 thr=64 mm=1 | ctx=target phase=prefill t=12 N=1024 K=2560 B=6 thr=64 mm=1 | ctx=target phase=prefill t=12 N=2560 K=4096 B=6 thr=128 mm=1 | ctx=target phase=prefill t=12 N=9216 K=2560 B=6 thr=64 mm=2 | ctx=target phase=prefill t=14 N=2560 K=9216 B=6 thr=128 mm=1 | ctx=target phase=prefill t=14 N=248320 K=2560 B=6 thr=64 mm=1 | ctx=target phase=prefill t=12 N=8192 K=2560 B=5 thr=64 mm=1 | ctx=target phase=prefill t=14 N=1024 K=2560 B=5 thr=64 mm=1 | ctx=target phase=prefill t=12 N=1024 K=2560 B=5 thr=64 mm=1 | ctx=target phase=prefill t=12 N=2560 K=4096 B=5 thr=128 mm=1 | ctx=target phase=prefill t=12 N=9216 K=2560 B=5 thr=64 mm=2 | ctx=target phase=prefill t=14 N=2560 K=9216 B=5 thr=128 mm=1
[xllama] d3d12_shape label=session_prefill part=3/3 keys_total=25 | ctx=target phase=prefill t=14 N=248320 K=2560 B=5 thr=64 mm=1
[xllama] EOG after 10 tokens (spec reject) tok=248044 branch=spec-reject
[xllama] VROUND width=5 wall=113.77 d3w=55.11 d3g=43.79 cpu=656.25 reuse=0 accepted=4 gen=10
[xllama] VROUND width=5 wall=111.46 d3w=55.24 d3g=43.87 cpu=656.25 reuse=1 accepted=2 gen=10
[xllama] session generate: n=10 prefill=197.6ms (11 tok) reuse=0 drafted=8 (mtp=8 lookup=0) spec_accept=6 (mtp=6 lookup=0)
[xllama] PHASE total_ms=650.2 prefill_ms=197.6 decode_ms=437.8 accounted_ms=437.3 residual_decode_ms=0.4 load_plus_setup_ms=14.8 draft_ms=38.7 sample_ms=8.1 topprob_ms=31.4 catchup_ms=21.1 verify_ms=225.2 verify_d3w=110.4 verify_d3g=87.7 verify_cpu=1312.5 rounds_split=2 corrective_ms=0.0 classic_decode_ms=103.6 classic_catchup_ms=7.5 lookup_ms=0.0 sample_target_ms=9.1 emit_ms=0.0 maintain_ms=0.0 profile=1
[xllama] d3d12_shape label=session_decode part=1/4 keys_total=43 | ctx=draft phase=draft t=12 N=8192 K=2560 B=1 thr=64 mm=10 | ctx=draft phase=draft t=14 N=1024 K=2560 B=1 thr=64 mm=10 | ctx=draft phase=draft t=12 N=1024 K=2560 B=1 thr=64 mm=10 | ctx=draft phase=draft t=12 N=2560 K=4096 B=1 thr=128 mm=10 | ctx=draft phase=draft t=12 N=9216 K=2560 B=1 thr=64 mm=20 | ctx=draft phase=draft t=14 N=2560 K=9216 B=1 thr=128 mm=10 | ctx=draft phase=draft t=14 N=248320 K=2560 B=1 thr=64 mm=10 | ctx=target phase=classic t=14 N=8192 K=2560 B=1 thr=64 mm=24 | ctx=target phase=classic t=12 N=4096 K=2560 B=1 thr=64 mm=48 | ctx=target phase=classic t=13 N=2560 K=4096 B=1 thr=128 mm=48 | ctx=target phase=classic t=12 N=9216 K=2560 B=1 thr=64 mm=128 | ctx=target phase=classic t=14 N=2560 K=9216 B=1 thr=128 mm=32
[xllama] d3d12_shape label=session_decode part=2/4 keys_total=43 | ctx=target phase=classic t=12 N=8192 K=2560 B=1 thr=64 mm=40 | ctx=target phase=classic t=14 N=1024 K=2560 B=1 thr=64 mm=8 | ctx=target phase=classic t=12 N=1024 K=2560 B=1 thr=64 mm=24 | ctx=target phase=classic t=12 N=2560 K=4096 B=1 thr=128 mm=16 | ctx=target phase=classic t=12 N=2560 K=9216 B=1 thr=128 mm=32 | ctx=target phase=classic t=14 N=248320 K=2560 B=1 thr=64 mm=2 | ctx=draft phase=catchup t=12 N=8192 K=2560 B=1 thr=64 mm=2 | ctx=draft phase=catchup t=14 N=1024 K=2560 B=1 thr=64 mm=2 | ctx=draft phase=catchup t=12 N=1024 K=2560 B=1 thr=64 mm=2 | ctx=draft phase=catchup t=12 N=2560 K=4096 B=1 thr=128 mm=2 | ctx=draft phase=catchup t=12 N=9216 K=2560 B=1 thr=64 mm=4 | ctx=draft phase=catchup t=14 N=2560 K=9216 B=1 thr=128 mm=2
[xllama] d3d12_shape label=session_decode part=3/4 keys_total=43 | ctx=draft phase=catchup t=14 N=248320 K=2560 B=1 thr=64 mm=2 | ctx=target phase=verify t=14 N=8192 K=2560 B=5 thr=64 mm=24 | ctx=target phase=verify t=12 N=4096 K=2560 B=5 thr=64 mm=48 | ctx=target phase=verify t=13 N=2560 K=4096 B=5 thr=128 mm=48 | ctx=target phase=verify t=12 N=9216 K=2560 B=5 thr=64 mm=128 | ctx=target phase=verify t=14 N=2560 K=9216 B=5 thr=128 mm=32 | ctx=target phase=verify t=12 N=8192 K=2560 B=5 thr=64 mm=40 | ctx=target phase=verify t=14 N=1024 K=2560 B=5 thr=64 mm=8 | ctx=target phase=verify t=12 N=1024 K=2560 B=5 thr=64 mm=24 | ctx=target phase=verify t=12 N=2560 K=4096 B=5 thr=128 mm=16 | ctx=target phase=verify t=12 N=2560 K=9216 B=5 thr=128 mm=32 | ctx=target phase=verify t=14 N=248320 K=2560 B=5 thr=64 mm=2
[xllama] d3d12_shape label=session_decode part=4/4 keys_total=43 | ctx=draft phase=catchup t=12 N=8192 K=2560 B=5 thr=64 mm=1 | ctx=draft phase=catchup t=14 N=1024 K=2560 B=5 thr=64 mm=1 | ctx=draft phase=catchup t=12 N=1024 K=2560 B=5 thr=64 mm=1 | ctx=draft phase=catchup t=12 N=2560 K=4096 B=5 thr=128 mm=1 | ctx=draft phase=catchup t=12 N=9216 K=2560 B=5 thr=64 mm=2 | ctx=draft phase=catchup t=14 N=2560 K=9216 B=5 thr=128 mm=1 | ctx=draft phase=catchup t=14 N=248320 K=2560 B=5 thr=64 mm=1
[xllama] MTP_STATS rounds=2 decodes=13 discarded=2 catchup_tok=7 draft_ms=38.7 sample_ms=8.1 topprob_ms=31.4 catchup_ms=21.1 verify_ms=225.2 corrective_ms=0.0
[xllama] TERMGATE eog_probe idx=3 n_eval=10 reason=eos[xllama] TERMGATE scenario=eog@3 arm=ref ok=1 reason=eos n_ids=10 n_ref=-1 parity=-1 first_diff=-1 active=1 drafted=8 rounds=2 lookup=0 ews=0 n_eval=10 eog_tok=248044 eog_branch=spec-reject stop_branch=- stop_round=-1
[llama] ~llama_context: D3D12_Host compute buffer size is   5.8489 MiB, matches expectation of   5.8489 MiB
[llama] ~llama_context: D3D12_Host compute buffer size is   0.0000 MiB, matches expectation of   0.0000 MiB
[xllama] d3d12: 17721 graph_compute calls, 22275 matmuls (0 2col), 4385.3 ms wall (3071.2 ms GPU)
[llama] ~llama_context: D3D12_Host compute buffer size is  63.0027 MiB, matches expectation of  63.0027 MiB
[llama] ~llama_context: D3D12_Host compute buffer size is   0.0000 MiB, matches expectation of   0.0000 MiB
[xllama] d3d12: 0 graph_compute calls, 0 matmuls (0 2col), 0.0 ms wall (0.0 ms GPU)
[xllama] termgate done rows=8 fail=- msix=6b3e96d80d687df68b2bd0fe734968cbee6c9bc8b297682370615e63e52747f1
[xllama] termgate-result.csv written
[xllama] headless termgate: done, exiting
[xllama] termgate.flag detected -> headless termination-state gate (diagnostic, never a gate default)
[xllama] headless termgate: starting
[xllama] termgate: termination-state gate (diagnostic)
[xllama] termgate: d3d12twocol.txt='auto' -> kernel variant 2 (prev 0)
[xllama] termgate: cpurepackforcegemv.txt='2' -> repack control scope 2 (all small)
[xllama] termgate: d3d12spinwait.txt='(absent)' -> spin_wait_us=-1 (default unbounded spin)
[xllama] termgate: ggmlprof.txt='(absent)' -> none (default)
[xllama] TERM_GATE_CONFIG arm=cand threads=0 n_ctx=2048 gpu_layers=34 mtp=4 p_min=0.75 twocol=2 repack_scope=2 scenarios=cancel,stop,eog greedy=1 gguf=f3559ed1a2922585
[xllama] gguf gpu layers: 34 on D3D12
[llama] llama_model_loader: mmap is not supported on this platform
[llama] llama_prepare_model_devices: using device D3D12 (xllama D3D12 compute (Q4_0/Q4_K/Q5_K/Q6_K matmul)) (unknown id) - 4129 MiB free
[llama] load_tensors: layer   0 assigned to device D3D12, is_swa = 0
[llama] load_tensors: layer   1 assigned to device D3D12, is_swa = 0
[llama] load_tensors: layer   2 assigned to device D3D12, is_swa = 0
[llama] load_tensors: layer   3 assigned to device D3D12, is_swa = 0
[llama] load_tensors: layer   4 assigned to device D3D12, is_swa = 0
[llama] load_tensors: layer   5 assigned to device D3D12, is_swa = 0
[llama] load_tensors: layer   6 assigned to device D3D12, is_swa = 0
[llama] load_tensors: layer   7 assigned to device D3D12, is_swa = 0
[llama] load_tensors: layer   8 assigned to device D3D12, is_swa = 0
[llama] load_tensors: layer   9 assigned to device D3D12, is_swa = 0
[llama] load_tensors: layer  10 assigned to device D3D12, is_swa = 0
[llama] load_tensors: layer  11 assigned to device D3D12, is_swa = 0
[llama] load_tensors: layer  12 assigned to device D3D12, is_swa = 0
[llama] load_tensors: layer  13 assigned to device D3D12, is_swa = 0
[llama] load_tensors: layer  14 assigned to device D3D12, is_swa = 0
[llama] load_tensors: layer  15 assigned to device D3D12, is_swa = 0
[llama] load_tensors: layer  16 assigned to device D3D12, is_swa = 0
[llama] load_tensors: layer  17 assigned to device D3D12, is_swa = 0
[llama] load_tensors: layer  18 assigned to device D3D12, is_swa = 0
[llama] load_tensors: layer  19 assigned to device D3D12, is_swa = 0
[llama] load_tensors: layer  20 assigned to device D3D12, is_swa = 0
[llama] load_tensors: layer  21 assigned to device D3D12, is_swa = 0
[llama] load_tensors: layer  22 assigned to device D3D12, is_swa = 0
[llama] load_tensors: layer  23 assigned to device D3D12, is_swa = 0
[llama] load_tensors: layer  24 assigned to device D3D12, is_swa = 0
[llama] load_tensors: layer  25 assigned to device D3D12, is_swa = 0
[llama] load_tensors: layer  26 assigned to device D3D12, is_swa = 0
[llama] load_tensors: layer  27 assigned to device D3D12, is_swa = 0
[llama] load_tensors: layer  28 assigned to device D3D12, is_swa = 0
[llama] load_tensors: layer  29 assigned to device D3D12, is_swa = 0
[llama] load_tensors: layer  30 assigned to device D3D12, is_swa = 0
[llama] load_tensors: layer  31 assigned to device D3D12, is_swa = 0
[llama] load_tensors: layer  32 assigned to device D3D12, is_swa = 0
[llama] load_tensors: layer  33 assigned to device D3D12, is_swa = 0
[xllama] d3d12: MUL_MAT refused: f32 2560x32 x [2560,512,1,1] src1=f32 dst=f32
[xllama] d3d12: MUL_MAT refused: q8_0 5120x2560 x [5120,512,1,1] src1=f32 dst=f32
[xllama] d3d12: D3D12_Weights buffer 2661.2 MiB
[llama] load_tensors: offloading output layer to GPU
[llama] load_tensors: offloading 32 repeating layers to GPU
[llama] load_tensors: offloaded 34/34 layers to GPU
[llama] load_tensors:          CPU model buffer size =   529.31 MiB
[llama] load_tensors: D3D12_Weights model buffer size =  2661.23 MiB
[llama] load_all_data: buffer type D3D12_Weights is not the default buffer type for device D3D12 for async uploads
[xllama] Session: GGUF model loaded via llama.cpp (persistent)
[xllama] session: speculative n_rs_seq=4
[llama] llama_context: D3D12_Host  output buffer size =     0.95 MiB
[llama] llama_kv_cache:        CPU KV buffer size =    64.00 MiB
[llama] llama_memory_recurrent:        CPU RS buffer size =   251.25 MiB
[llama] resolve_fused_ops: layer 3 is assigned to device D3D12 but Flash Attention is assigned to device CPU (usually due to missing support)
[llama] resolve_fused_ops: Flash Attention not supported, set to disabled
[xllama] d3d12: D3D12_Host buffer 63.0 MiB
[llama] sched_reserve: D3D12_Host compute buffer size =    63.00 MiB
[llama] sched_reserve: graph splits = 322
[llama] llama_context: D3D12_Host  output buffer size =     0.95 MiB
[llama] llama_kv_cache:        CPU KV buffer size =     8.00 MiB
[llama] resolve_fused_ops: layer 32 is assigned to device D3D12 but Flash Attention is assigned to device CPU (usually due to missing support)
[llama] resolve_fused_ops: Flash Attention not supported, set to disabled
[xllama] d3d12: D3D12_Host buffer 5.8 MiB
[llama] sched_reserve: D3D12_Host compute buffer size =     5.85 MiB
[llama] sched_reserve: graph splits = 12
[xllama] mtp: draft ready, n_max=4 p_min=0.750000 dft_n_batch=6
[xllama] mtp: target nextn head layers=1
[xllama] mtp: split_mtp_weights=0 resident=0 tensors=0
[xllama] session: can_shift=0 (memory_can_shift=0 n_swa=0)
[xllama] session: turn full=1 kv_before=0 pf=10 prompt=10
[xllama] d3d12: D3D12_Host buffer 1.6 MiB
[xllama] d3d12: D3D12_Host buffer 5.7 MiB
[xllama] PHASE_PREFILL n_prompt=10 rows_kept=10 n_ubatch=64 calls=173 matmuls=217 gpu_ms=88.224882
[xllama] d3d12_shape label=session_prefill part=1/3 keys_total=25 | ctx=target phase=prefill t=14 N=8192 K=2560 B=10 thr=64 mm=12 | ctx=target phase=prefill t=12 N=4096 K=2560 B=10 thr=64 mm=24 | ctx=target phase=prefill t=13 N=2560 K=4096 B=10 thr=128 mm=24 | ctx=target phase=prefill t=12 N=9216 K=2560 B=10 thr=64 mm=64 | ctx=target phase=prefill t=14 N=2560 K=9216 B=10 thr=128 mm=16 | ctx=target phase=prefill t=12 N=8192 K=2560 B=10 thr=64 mm=20 | ctx=target phase=prefill t=14 N=1024 K=2560 B=10 thr=64 mm=4 | ctx=target phase=prefill t=12 N=1024 K=2560 B=10 thr=64 mm=12 | ctx=target phase=prefill t=12 N=2560 K=4096 B=10 thr=128 mm=8 | ctx=target phase=prefill t=12 N=2560 K=9216 B=10 thr=128 mm=16 | ctx=target phase=prefill t=14 N=248320 K=2560 B=1 thr=64 mm=1 | ctx=target phase=prefill t=12 N=8192 K=2560 B=6 thr=64 mm=1
[xllama] d3d12_shape label=session_prefill part=2/3 keys_total=25 | ctx=target phase=prefill t=14 N=1024 K=2560 B=6 thr=64 mm=1 | ctx=target phase=prefill t=12 N=1024 K=2560 B=6 thr=64 mm=1 | ctx=target phase=prefill t=12 N=2560 K=4096 B=6 thr=128 mm=1 | ctx=target phase=prefill t=12 N=9216 K=2560 B=6 thr=64 mm=2 | ctx=target phase=prefill t=14 N=2560 K=9216 B=6 thr=128 mm=1 | ctx=target phase=prefill t=14 N=248320 K=2560 B=6 thr=64 mm=1 | ctx=target phase=prefill t=12 N=8192 K=2560 B=4 thr=64 mm=1 | ctx=target phase=prefill t=14 N=1024 K=2560 B=4 thr=64 mm=1 | ctx=target phase=prefill t=12 N=1024 K=2560 B=4 thr=64 mm=1 | ctx=target phase=prefill t=12 N=2560 K=4096 B=4 thr=128 mm=1 | ctx=target phase=prefill t=12 N=9216 K=2560 B=4 thr=64 mm=2 | ctx=target phase=prefill t=14 N=2560 K=9216 B=4 thr=128 mm=1
[xllama] d3d12_shape label=session_prefill part=3/3 keys_total=25 | ctx=target phase=prefill t=14 N=248320 K=2560 B=4 thr=64 mm=1
[xllama] mtp: first draft pos=10 n_embd=2560 n_max=4 row[min,max]=[-35.031185,21.452814] dft_n_batch=6 dft_pos_max=9
[xllama] d3d12: D3D12_Host buffer 5.4 MiB
[xllama] abort: mid-round trim i=3/5 n_generated=6
[xllama] VROUND width=5 wall=110.11 d3w=50.67 d3g=39.25 cpu=656.25 reuse=0 accepted=0 gen=6
[xllama] VROUND width=5 wall=108.84 d3w=50.82 d3g=39.29 cpu=656.25 reuse=0 accepted=2 gen=6
[xllama] session generate: n=6 prefill=237.4ms (10 tok) reuse=0 drafted=8 (mtp=8 lookup=0) spec_accept=2 (mtp=2 lookup=0)
[xllama] PHASE total_ms=757.4 prefill_ms=237.4 decode_ms=431.6 accounted_ms=426.7 residual_decode_ms=4.8 load_plus_setup_ms=88.4 draft_ms=40.8 sample_ms=9.3 topprob_ms=37.8 catchup_ms=8.1 verify_ms=219.0 verify_d3w=101.5 verify_d3g=78.5 verify_cpu=1312.5 rounds_split=2 corrective_ms=53.0 classic_decode_ms=53.5 classic_catchup_ms=3.9 lookup_ms=0.0 sample_target_ms=5.3 emit_ms=0.0 maintain_ms=0.0 profile=1
[xllama] d3d12_shape label=session_decode part=1/4 keys_total=47 | ctx=draft phase=draft t=12 N=8192 K=2560 B=1 thr=64 mm=10 | ctx=draft phase=draft t=14 N=1024 K=2560 B=1 thr=64 mm=10 | ctx=draft phase=draft t=12 N=1024 K=2560 B=1 thr=64 mm=10 | ctx=draft phase=draft t=12 N=2560 K=4096 B=1 thr=128 mm=10 | ctx=draft phase=draft t=12 N=9216 K=2560 B=1 thr=64 mm=20 | ctx=draft phase=draft t=14 N=2560 K=9216 B=1 thr=128 mm=10 | ctx=draft phase=draft t=14 N=248320 K=2560 B=1 thr=64 mm=10 | ctx=target phase=classic t=14 N=8192 K=2560 B=1 thr=64 mm=12 | ctx=target phase=classic t=12 N=4096 K=2560 B=1 thr=64 mm=24 | ctx=target phase=classic t=13 N=2560 K=4096 B=1 thr=128 mm=24 | ctx=target phase=classic t=12 N=9216 K=2560 B=1 thr=64 mm=64 | ctx=target phase=classic t=14 N=2560 K=9216 B=1 thr=128 mm=16
[xllama] d3d12_shape label=session_decode part=2/4 keys_total=47 | ctx=target phase=classic t=12 N=8192 K=2560 B=1 thr=64 mm=20 | ctx=target phase=classic t=14 N=1024 K=2560 B=1 thr=64 mm=4 | ctx=target phase=classic t=12 N=1024 K=2560 B=1 thr=64 mm=12 | ctx=target phase=classic t=12 N=2560 K=4096 B=1 thr=128 mm=8 | ctx=target phase=classic t=12 N=2560 K=9216 B=1 thr=128 mm=16 | ctx=target phase=classic t=14 N=248320 K=2560 B=1 thr=64 mm=1 | ctx=draft phase=catchup t=12 N=8192 K=2560 B=1 thr=64 mm=3 | ctx=draft phase=catchup t=14 N=1024 K=2560 B=1 thr=64 mm=3 | ctx=draft phase=catchup t=12 N=1024 K=2560 B=1 thr=64 mm=3 | ctx=draft phase=catchup t=12 N=2560 K=4096 B=1 thr=128 mm=3 | ctx=draft phase=catchup t=12 N=9216 K=2560 B=1 thr=64 mm=6 | ctx=draft phase=catchup t=14 N=2560 K=9216 B=1 thr=128 mm=3
[xllama] d3d12_shape label=session_decode part=3/4 keys_total=47 | ctx=draft phase=catchup t=14 N=248320 K=2560 B=1 thr=64 mm=3 | ctx=target phase=verify t=14 N=8192 K=2560 B=5 thr=64 mm=24 | ctx=target phase=verify t=12 N=4096 K=2560 B=5 thr=64 mm=48 | ctx=target phase=verify t=13 N=2560 K=4096 B=5 thr=128 mm=48 | ctx=target phase=verify t=12 N=9216 K=2560 B=5 thr=64 mm=128 | ctx=target phase=verify t=14 N=2560 K=9216 B=5 thr=128 mm=32 | ctx=target phase=verify t=12 N=8192 K=2560 B=5 thr=64 mm=40 | ctx=target phase=verify t=14 N=1024 K=2560 B=5 thr=64 mm=8 | ctx=target phase=verify t=12 N=1024 K=2560 B=5 thr=64 mm=24 | ctx=target phase=verify t=12 N=2560 K=4096 B=5 thr=128 mm=16 | ctx=target phase=verify t=12 N=2560 K=9216 B=5 thr=128 mm=32 | ctx=target phase=verify t=14 N=248320 K=2560 B=5 thr=64 mm=2
[xllama] d3d12_shape label=session_decode part=4/4 keys_total=47 | ctx=target phase=decode t=14 N=8192 K=2560 B=1 thr=64 mm=12 | ctx=target phase=decode t=12 N=4096 K=2560 B=1 thr=64 mm=24 | ctx=target phase=decode t=13 N=2560 K=4096 B=1 thr=128 mm=24 | ctx=target phase=decode t=12 N=9216 K=2560 B=1 thr=64 mm=64 | ctx=target phase=decode t=14 N=2560 K=9216 B=1 thr=128 mm=16 | ctx=target phase=decode t=12 N=8192 K=2560 B=1 thr=64 mm=20 | ctx=target phase=decode t=14 N=1024 K=2560 B=1 thr=64 mm=4 | ctx=target phase=decode t=12 N=1024 K=2560 B=1 thr=64 mm=12 | ctx=target phase=decode t=12 N=2560 K=4096 B=1 thr=128 mm=8 | ctx=target phase=decode t=12 N=2560 K=9216 B=1 thr=128 mm=16 | ctx=target phase=decode t=14 N=248320 K=2560 B=1 thr=64 mm=1
[xllama] MTP_STATS rounds=2 decodes=12 discarded=2 catchup_tok=2 draft_ms=40.8 sample_ms=9.3 topprob_ms=37.8 catchup_ms=8.1 verify_ms=219.0 corrective_ms=53.0
[xllama] session: KV rewind unsupported (hybrid cache) — full re-prefill (#170): common=15 resident=16 prompt=16
[xllama] session: turn full=1 kv_before=0 pf=16 prompt=16
[xllama] PHASE_PREFILL n_prompt=16 rows_kept=16 n_ubatch=64 calls=179 matmuls=225 gpu_ms=137.732331
[xllama] d3d12_shape label=session_prefill part=1/3 keys_total=25 | ctx=target phase=prefill t=14 N=8192 K=2560 B=16 thr=64 mm=12 | ctx=target phase=prefill t=12 N=4096 K=2560 B=16 thr=64 mm=24 | ctx=target phase=prefill t=13 N=2560 K=4096 B=16 thr=128 mm=24 | ctx=target phase=prefill t=12 N=9216 K=2560 B=16 thr=64 mm=64 | ctx=target phase=prefill t=14 N=2560 K=9216 B=16 thr=128 mm=16 | ctx=target phase=prefill t=12 N=8192 K=2560 B=16 thr=64 mm=20 | ctx=target phase=prefill t=14 N=1024 K=2560 B=16 thr=64 mm=4 | ctx=target phase=prefill t=12 N=1024 K=2560 B=16 thr=64 mm=12 | ctx=target phase=prefill t=12 N=2560 K=4096 B=16 thr=128 mm=8 | ctx=target phase=prefill t=12 N=2560 K=9216 B=16 thr=128 mm=16 | ctx=target phase=prefill t=14 N=248320 K=2560 B=1 thr=64 mm=1 | ctx=target phase=prefill t=12 N=8192 K=2560 B=6 thr=64 mm=2
[xllama] d3d12_shape label=session_prefill part=2/3 keys_total=25 | ctx=target phase=prefill t=14 N=1024 K=2560 B=6 thr=64 mm=2 | ctx=target phase=prefill t=12 N=1024 K=2560 B=6 thr=64 mm=2 | ctx=target phase=prefill t=12 N=2560 K=4096 B=6 thr=128 mm=2 | ctx=target phase=prefill t=12 N=9216 K=2560 B=6 thr=64 mm=4 | ctx=target phase=prefill t=14 N=2560 K=9216 B=6 thr=128 mm=2 | ctx=target phase=prefill t=14 N=248320 K=2560 B=6 thr=64 mm=2 | ctx=target phase=prefill t=12 N=8192 K=2560 B=4 thr=64 mm=1 | ctx=target phase=prefill t=14 N=1024 K=2560 B=4 thr=64 mm=1 | ctx=target phase=prefill t=12 N=1024 K=2560 B=4 thr=64 mm=1 | ctx=target phase=prefill t=12 N=2560 K=4096 B=4 thr=128 mm=1 | ctx=target phase=prefill t=12 N=9216 K=2560 B=4 thr=64 mm=2 | ctx=target phase=prefill t=14 N=2560 K=9216 B=4 thr=128 mm=1
[xllama] d3d12_shape label=session_prefill part=3/3 keys_total=25 | ctx=target phase=prefill t=14 N=248320 K=2560 B=4 thr=64 mm=1
[xllama] VROUND width=5 wall=152.86 d3w=93.09 d3g=39.34 cpu=937.50 reuse=0 accepted=4 gen=12
[xllama] VROUND width=5 wall=108.32 d3w=50.55 d3g=39.26 cpu=656.25 reuse=1 accepted=4 gen=12
[xllama] VROUND width=2 wall=67.76 d3w=27.87 d3g=16.86 cpu=375.00 reuse=0 accepted=1 gen=12
[xllama] session generate: n=12 prefill=261.3ms (16 tok) reuse=0 drafted=9 (mtp=9 lookup=0) spec_accept=9 (mtp=9 lookup=0)
[xllama] PHASE total_ms=731.2 prefill_ms=261.3 decode_ms=456.2 accounted_ms=455.8 residual_decode_ms=0.4 load_plus_setup_ms=13.7 draft_ms=36.8 sample_ms=7.9 topprob_ms=35.7 catchup_ms=36.0 verify_ms=328.9 verify_d3w=171.5 verify_d3g=95.5 verify_cpu=1968.8 rounds_split=3 corrective_ms=0.0 classic_decode_ms=0.0 classic_catchup_ms=0.0 lookup_ms=0.0 sample_target_ms=10.4 emit_ms=0.0 maintain_ms=0.0 profile=1
[xllama] d3d12_shape label=session_decode part=1/4 keys_total=43 | ctx=draft phase=draft t=12 N=8192 K=2560 B=1 thr=64 mm=9 | ctx=draft phase=draft t=14 N=1024 K=2560 B=1 thr=64 mm=9 | ctx=draft phase=draft t=12 N=1024 K=2560 B=1 thr=64 mm=9 | ctx=draft phase=draft t=12 N=2560 K=4096 B=1 thr=128 mm=9 | ctx=draft phase=draft t=12 N=9216 K=2560 B=1 thr=64 mm=18 | ctx=draft phase=draft t=14 N=2560 K=9216 B=1 thr=128 mm=9 | ctx=draft phase=draft t=14 N=248320 K=2560 B=1 thr=64 mm=9 | ctx=target phase=verify t=14 N=8192 K=2560 B=5 thr=64 mm=24 | ctx=target phase=verify t=12 N=4096 K=2560 B=5 thr=64 mm=48 | ctx=target phase=verify t=13 N=2560 K=4096 B=5 thr=128 mm=48 | ctx=target phase=verify t=12 N=9216 K=2560 B=5 thr=64 mm=128 | ctx=target phase=verify t=14 N=2560 K=9216 B=5 thr=128 mm=32
[xllama] d3d12_shape label=session_decode part=2/4 keys_total=43 | ctx=target phase=verify t=12 N=8192 K=2560 B=5 thr=64 mm=40 | ctx=target phase=verify t=14 N=1024 K=2560 B=5 thr=64 mm=8 | ctx=target phase=verify t=12 N=1024 K=2560 B=5 thr=64 mm=24 | ctx=target phase=verify t=12 N=2560 K=4096 B=5 thr=128 mm=16 | ctx=target phase=verify t=12 N=2560 K=9216 B=5 thr=128 mm=32 | ctx=target phase=verify t=14 N=248320 K=2560 B=5 thr=64 mm=2 | ctx=draft phase=catchup t=12 N=8192 K=2560 B=5 thr=64 mm=2 | ctx=draft phase=catchup t=14 N=1024 K=2560 B=5 thr=64 mm=2 | ctx=draft phase=catchup t=12 N=1024 K=2560 B=5 thr=64 mm=2 | ctx=draft phase=catchup t=12 N=2560 K=4096 B=5 thr=128 mm=2 | ctx=draft phase=catchup t=12 N=9216 K=2560 B=5 thr=64 mm=4 | ctx=draft phase=catchup t=14 N=2560 K=9216 B=5 thr=128 mm=2
[xllama] d3d12_shape label=session_decode part=3/4 keys_total=43 | ctx=draft phase=catchup t=14 N=248320 K=2560 B=5 thr=64 mm=2 | ctx=target phase=verify t=14 N=8192 K=2560 B=2 thr=64 mm=12 | ctx=target phase=verify t=12 N=4096 K=2560 B=2 thr=64 mm=24 | ctx=target phase=verify t=13 N=2560 K=4096 B=2 thr=128 mm=24 | ctx=target phase=verify t=12 N=9216 K=2560 B=2 thr=64 mm=64 | ctx=target phase=verify t=14 N=2560 K=9216 B=2 thr=128 mm=16 | ctx=target phase=verify t=12 N=8192 K=2560 B=2 thr=64 mm=20 | ctx=target phase=verify t=14 N=1024 K=2560 B=2 thr=64 mm=4 | ctx=target phase=verify t=12 N=1024 K=2560 B=2 thr=64 mm=12 | ctx=target phase=verify t=12 N=2560 K=4096 B=2 thr=128 mm=8 | ctx=target phase=verify t=12 N=2560 K=9216 B=2 thr=128 mm=16 | ctx=target phase=verify t=14 N=248320 K=2560 B=2 thr=64 mm=1
[xllama] d3d12_shape label=session_decode part=4/4 keys_total=43 | ctx=draft phase=catchup t=12 N=8192 K=2560 B=2 thr=64 mm=1 | ctx=draft phase=catchup t=14 N=1024 K=2560 B=2 thr=64 mm=1 | ctx=draft phase=catchup t=12 N=1024 K=2560 B=2 thr=64 mm=1 | ctx=draft phase=catchup t=12 N=2560 K=4096 B=2 thr=128 mm=1 | ctx=draft phase=catchup t=12 N=9216 K=2560 B=2 thr=64 mm=2 | ctx=draft phase=catchup t=14 N=2560 K=9216 B=2 thr=128 mm=1 | ctx=draft phase=catchup t=14 N=248320 K=2560 B=2 thr=64 mm=1
[xllama] MTP_STATS rounds=3 decodes=12 discarded=0 catchup_tok=12 draft_ms=36.8 sample_ms=7.9 topprob_ms=35.7 catchup_ms=36.0 verify_ms=328.9 corrective_ms=0.0
[llama] ~llama_context: D3D12_Host compute buffer size is   5.8489 MiB, matches expectation of   5.8489 MiB
[llama] ~llama_context: D3D12_Host compute buffer size is   0.0000 MiB, matches expectation of   0.0000 MiB
[xllama] d3d12: 1629 graph_compute calls, 2049 matmuls (672 2col), 701.1 ms wall (501.4 ms GPU)
[llama] ~llama_context: D3D12_Host compute buffer size is  63.0027 MiB, matches expectation of  63.0027 MiB
[llama] ~llama_context: D3D12_Host compute buffer size is   0.0000 MiB, matches expectation of   0.0000 MiB
[xllama] d3d12: 0 graph_compute calls, 0 matmuls (0 2col), 0.0 ms wall (0.0 ms GPU)
[xllama] gguf gpu layers: 34 on D3D12
[llama] llama_model_loader: mmap is not supported on this platform
[llama] llama_prepare_model_devices: using device D3D12 (xllama D3D12 compute (Q4_0/Q4_K/Q5_K/Q6_K matmul)) (unknown id) - 4129 MiB free
[llama] load_tensors: layer   0 assigned to device D3D12, is_swa = 0
[llama] load_tensors: layer   1 assigned to device D3D12, is_swa = 0
[llama] load_tensors: layer   2 assigned to device D3D12, is_swa = 0
[llama] load_tensors: layer   3 assigned to device D3D12, is_swa = 0
[llama] load_tensors: layer   4 assigned to device D3D12, is_swa = 0
[llama] load_tensors: layer   5 assigned to device D3D12, is_swa = 0
[llama] load_tensors: layer   6 assigned to device D3D12, is_swa = 0
[llama] load_tensors: layer   7 assigned to device D3D12, is_swa = 0
[llama] load_tensors: layer   8 assigned to device D3D12, is_swa = 0
[llama] load_tensors: layer   9 assigned to device D3D12, is_swa = 0
[llama] load_tensors: layer  10 assigned to device D3D12, is_swa = 0
[llama] load_tensors: layer  11 assigned to device D3D12, is_swa = 0
[llama] load_tensors: layer  12 assigned to device D3D12, is_swa = 0
[llama] load_tensors: layer  13 assigned to device D3D12, is_swa = 0
[llama] load_tensors: layer  14 assigned to device D3D12, is_swa = 0
[llama] load_tensors: layer  15 assigned to device D3D12, is_swa = 0
[llama] load_tensors: layer  16 assigned to device D3D12, is_swa = 0
[llama] load_tensors: layer  17 assigned to device D3D12, is_swa = 0
[llama] load_tensors: layer  18 assigned to device D3D12, is_swa = 0
[llama] load_tensors: layer  19 assigned to device D3D12, is_swa = 0
[llama] load_tensors: layer  20 assigned to device D3D12, is_swa = 0
[llama] load_tensors: layer  21 assigned to device D3D12, is_swa = 0
[llama] load_tensors: layer  22 assigned to device D3D12, is_swa = 0
[llama] load_tensors: layer  23 assigned to device D3D12, is_swa = 0
[llama] load_tensors: layer  24 assigned to device D3D12, is_swa = 0
[llama] load_tensors: layer  25 assigned to device D3D12, is_swa = 0
[llama] load_tensors: layer  26 assigned to device D3D12, is_swa = 0
[llama] load_tensors: layer  27 assigned to device D3D12, is_swa = 0
[llama] load_tensors: layer  28 assigned to device D3D12, is_swa = 0
[llama] load_tensors: layer  29 assigned to device D3D12, is_swa = 0
[llama] load_tensors: layer  30 assigned to device D3D12, is_swa = 0
[llama] load_tensors: layer  31 assigned to device D3D12, is_swa = 0
[llama] load_tensors: layer  32 assigned to device D3D12, is_swa = 0
[llama] load_tensors: layer  33 assigned to device D3D12, is_swa = 0
[llama] model has unused tensor blk.32.attn_norm.weight (size = 10240 bytes) -- ignoring
[llama] model has unused tensor blk.32.post_attention_norm.weight (size = 10240 bytes) -- ignoring
[llama] model has unused tensor blk.32.attn_q.weight (size = 11796480 bytes) -- ignoring
[llama] model has unused tensor blk.32.attn_k.weight (size = 1474560 bytes) -- ignoring
[llama] model has unused tensor blk.32.attn_v.weight (size = 2150400 bytes) -- ignoring
[llama] model has unused tensor blk.32.attn_output.weight (size = 5898240 bytes) -- ignoring
[llama] model has unused tensor blk.32.attn_q_norm.weight (size = 1024 bytes) -- ignoring
[llama] model has unused tensor blk.32.attn_k_norm.weight (size = 1024 bytes) -- ignoring
[llama] model has unused tensor blk.32.ffn_gate.weight (size = 13271040 bytes) -- ignoring
[llama] model has unused tensor blk.32.ffn_down.weight (size = 19353600 bytes) -- ignoring
[llama] model has unused tensor blk.32.ffn_up.weight (size = 13271040 bytes) -- ignoring
[llama] model has unused tensor blk.32.nextn.eh_proj.weight (size = 13926400 bytes) -- ignoring
[llama] model has unused tensor blk.32.nextn.enorm.weight (size = 10240 bytes) -- ignoring
[llama] model has unused tensor blk.32.nextn.hnorm.weight (size = 10240 bytes) -- ignoring
[llama] model has unused tensor blk.32.nextn.shared_head_norm.weight (size = 10240 bytes) -- ignoring
[xllama] d3d12: D3D12_Weights buffer 2597.1 MiB
[llama] load_tensors: offloading output layer to GPU
[llama] load_tensors: offloading 32 repeating layers to GPU
[llama] load_tensors: offloaded 34/34 layers to GPU
[llama] load_tensors:          CPU model buffer size =   515.98 MiB
[llama] load_tensors: D3D12_Weights model buffer size =  2597.13 MiB
[llama] load_all_data: buffer type D3D12_Weights is not the default buffer type for device D3D12 for async uploads
[xllama] Session: GGUF model loaded via llama.cpp (persistent)
[llama] llama_context: D3D12_Host  output buffer size =     0.95 MiB
[llama] llama_kv_cache:        CPU KV buffer size =    64.00 MiB
[llama] llama_memory_recurrent:        CPU RS buffer size =    50.25 MiB
[llama] resolve_fused_ops: layer 3 is assigned to device D3D12 but Flash Attention is assigned to device CPU (usually due to missing support)
[llama] resolve_fused_ops: Flash Attention not supported, set to disabled
[xllama] d3d12: D3D12_Host buffer 63.0 MiB
[llama] sched_reserve: D3D12_Host compute buffer size =    63.00 MiB
[llama] sched_reserve: graph splits = 322
[xllama] session: can_shift=0 (memory_can_shift=0 n_swa=0)
[xllama] session: turn full=1 kv_before=0 pf=10 prompt=10
[xllama] PHASE_PREFILL n_prompt=10 rows_kept=10 n_ubatch=64 calls=161 matmuls=201 gpu_ms=67.942336
[xllama] d3d12_shape label=session_prefill part=1/1 keys_total=11 | ctx=target phase=prefill t=14 N=8192 K=2560 B=10 thr=64 mm=12 | ctx=target phase=prefill t=12 N=4096 K=2560 B=10 thr=64 mm=24 | ctx=target phase=prefill t=13 N=2560 K=4096 B=10 thr=128 mm=24 | ctx=target phase=prefill t=12 N=9216 K=2560 B=10 thr=64 mm=64 | ctx=target phase=prefill t=14 N=2560 K=9216 B=10 thr=128 mm=16 | ctx=target phase=prefill t=12 N=8192 K=2560 B=10 thr=64 mm=20 | ctx=target phase=prefill t=14 N=1024 K=2560 B=10 thr=64 mm=4 | ctx=target phase=prefill t=12 N=1024 K=2560 B=10 thr=64 mm=12 | ctx=target phase=prefill t=12 N=2560 K=4096 B=10 thr=128 mm=8 | ctx=target phase=prefill t=12 N=2560 K=9216 B=10 thr=128 mm=16 | ctx=target phase=prefill t=14 N=248320 K=2560 B=1 thr=64 mm=1
[xllama] session generate: n=18 prefill=142.3ms (10 tok) reuse=0 drafted=0 (mtp=0 lookup=0) spec_accept=0 (mtp=0 lookup=0)
[xllama] PHASE total_ms=1129.0 prefill_ms=142.3 decode_ms=950.1 accounted_ms=950.0 residual_decode_ms=0.1 load_plus_setup_ms=36.6 draft_ms=0.0 sample_ms=0.0 topprob_ms=0.0 catchup_ms=0.0 verify_ms=0.0 verify_d3w=0.0 verify_d3g=0.0 verify_cpu=0.0 rounds_split=0 corrective_ms=0.0 classic_decode_ms=933.8 classic_catchup_ms=0.0 lookup_ms=0.0 sample_target_ms=16.1 emit_ms=0.1 maintain_ms=0.0 profile=1
[xllama] d3d12_shape label=session_decode part=1/1 keys_total=11 | ctx=target phase=classic t=14 N=8192 K=2560 B=1 thr=64 mm=216 | ctx=target phase=classic t=12 N=4096 K=2560 B=1 thr=64 mm=432 | ctx=target phase=classic t=13 N=2560 K=4096 B=1 thr=128 mm=432 | ctx=target phase=classic t=12 N=9216 K=2560 B=1 thr=64 mm=1152 | ctx=target phase=classic t=14 N=2560 K=9216 B=1 thr=128 mm=288 | ctx=target phase=classic t=12 N=8192 K=2560 B=1 thr=64 mm=360 | ctx=target phase=classic t=14 N=1024 K=2560 B=1 thr=64 mm=72 | ctx=target phase=classic t=12 N=1024 K=2560 B=1 thr=64 mm=216 | ctx=target phase=classic t=12 N=2560 K=4096 B=1 thr=128 mm=144 | ctx=target phase=classic t=12 N=2560 K=9216 B=1 thr=128 mm=288 | ctx=target phase=classic t=14 N=248320 K=2560 B=1 thr=64 mm=18
[llama] ~llama_context: D3D12_Host compute buffer size is  63.0027 MiB, matches expectation of  63.0027 MiB
[llama] ~llama_context: D3D12_Host compute buffer size is   0.0000 MiB, matches expectation of   0.0000 MiB
[xllama] d3d12: 3059 graph_compute calls, 3819 matmuls (0 2col), 500.9 ms wall (268.8 ms GPU)
[xllama] TERMGATE scenario=cancel@6 arm=cand ok=1 reason=- n_ids=6 n_ref=18 parity=1 first_diff=-1 active=1 drafted=8 rounds=2 lookup=0 ews=0 n_eval=6 eog_tok=-1 eog_branch=- stop_branch=- stop_round=-1
[xllama] gguf gpu layers: 34 on D3D12
[llama] llama_model_loader: mmap is not supported on this platform
[llama] llama_prepare_model_devices: using device D3D12 (xllama D3D12 compute (Q4_0/Q4_K/Q5_K/Q6_K matmul)) (unknown id) - 4129 MiB free
[llama] load_tensors: layer   0 assigned to device D3D12, is_swa = 0
[llama] load_tensors: layer   1 assigned to device D3D12, is_swa = 0
[llama] load_tensors: layer   2 assigned to device D3D12, is_swa = 0
[llama] load_tensors: layer   3 assigned to device D3D12, is_swa = 0
[llama] load_tensors: layer   4 assigned to device D3D12, is_swa = 0
[llama] load_tensors: layer   5 assigned to device D3D12, is_swa = 0
[llama] load_tensors: layer   6 assigned to device D3D12, is_swa = 0
[llama] load_tensors: layer   7 assigned to device D3D12, is_swa = 0
[llama] load_tensors: layer   8 assigned to device D3D12, is_swa = 0
[llama] load_tensors: layer   9 assigned to device D3D12, is_swa = 0
[llama] load_tensors: layer  10 assigned to device D3D12, is_swa = 0
[llama] load_tensors: layer  11 assigned to device D3D12, is_swa = 0
[llama] load_tensors: layer  12 assigned to device D3D12, is_swa = 0
[llama] load_tensors: layer  13 assigned to device D3D12, is_swa = 0
[llama] load_tensors: layer  14 assigned to device D3D12, is_swa = 0
[llama] load_tensors: layer  15 assigned to device D3D12, is_swa = 0
[llama] load_tensors: layer  16 assigned to device D3D12, is_swa = 0
[llama] load_tensors: layer  17 assigned to device D3D12, is_swa = 0
[llama] load_tensors: layer  18 assigned to device D3D12, is_swa = 0
[llama] load_tensors: layer  19 assigned to device D3D12, is_swa = 0
[llama] load_tensors: layer  20 assigned to device D3D12, is_swa = 0
[llama] load_tensors: layer  21 assigned to device D3D12, is_swa = 0
[llama] load_tensors: layer  22 assigned to device D3D12, is_swa = 0
[llama] load_tensors: layer  23 assigned to device D3D12, is_swa = 0
[llama] load_tensors: layer  24 assigned to device D3D12, is_swa = 0
[llama] load_tensors: layer  25 assigned to device D3D12, is_swa = 0
[llama] load_tensors: layer  26 assigned to device D3D12, is_swa = 0
[llama] load_tensors: layer  27 assigned to device D3D12, is_swa = 0
[llama] load_tensors: layer  28 assigned to device D3D12, is_swa = 0
[llama] load_tensors: layer  29 assigned to device D3D12, is_swa = 0
[llama] load_tensors: layer  30 assigned to device D3D12, is_swa = 0
[llama] load_tensors: layer  31 assigned to device D3D12, is_swa = 0
[llama] load_tensors: layer  32 assigned to device D3D12, is_swa = 0
[llama] load_tensors: layer  33 assigned to device D3D12, is_swa = 0
[xllama] d3d12: D3D12_Weights buffer 2661.2 MiB
[llama] load_tensors: offloading output layer to GPU
[llama] load_tensors: offloading 32 repeating layers to GPU
[llama] load_tensors: offloaded 34/34 layers to GPU
[llama] load_tensors:          CPU model buffer size =   529.31 MiB
[llama] load_tensors: D3D12_Weights model buffer size =  2661.23 MiB
[llama] load_all_data: buffer type D3D12_Weights is not the default buffer type for device D3D12 for async uploads
[xllama] Session: GGUF model loaded via llama.cpp (persistent)
[xllama] session: speculative n_rs_seq=4
[llama] llama_context: D3D12_Host  output buffer size =     0.95 MiB
[llama] llama_kv_cache:        CPU KV buffer size =    64.00 MiB
[llama] llama_memory_recurrent:        CPU RS buffer size =   251.25 MiB
[llama] resolve_fused_ops: layer 3 is assigned to device D3D12 but Flash Attention is assigned to device CPU (usually due to missing support)
[llama] resolve_fused_ops: Flash Attention not supported, set to disabled
[xllama] d3d12: D3D12_Host buffer 63.0 MiB
[llama] sched_reserve: D3D12_Host compute buffer size =    63.00 MiB
[llama] sched_reserve: graph splits = 322
[llama] llama_context: D3D12_Host  output buffer size =     0.95 MiB
[llama] llama_kv_cache:        CPU KV buffer size =     8.00 MiB
[llama] resolve_fused_ops: layer 32 is assigned to device D3D12 but Flash Attention is assigned to device CPU (usually due to missing support)
[llama] resolve_fused_ops: Flash Attention not supported, set to disabled
[xllama] d3d12: D3D12_Host buffer 5.8 MiB
[llama] sched_reserve: D3D12_Host compute buffer size =     5.85 MiB
[llama] sched_reserve: graph splits = 12
[xllama] mtp: draft ready, n_max=4 p_min=0.750000 dft_n_batch=6
[xllama] mtp: target nextn head layers=1
[xllama] mtp: split_mtp_weights=0 resident=0 tensors=0
[xllama] session: can_shift=0 (memory_can_shift=0 n_swa=0)
[xllama] session: turn full=1 kv_before=0 pf=10 prompt=10
[xllama] d3d12: D3D12_Host buffer 1.6 MiB
[xllama] d3d12: D3D12_Host buffer 5.7 MiB
[xllama] PHASE_PREFILL n_prompt=10 rows_kept=10 n_ubatch=64 calls=173 matmuls=217 gpu_ms=87.791358
[xllama] d3d12_shape label=session_prefill part=1/3 keys_total=25 | ctx=target phase=prefill t=14 N=8192 K=2560 B=10 thr=64 mm=12 | ctx=target phase=prefill t=12 N=4096 K=2560 B=10 thr=64 mm=24 | ctx=target phase=prefill t=13 N=2560 K=4096 B=10 thr=128 mm=24 | ctx=target phase=prefill t=12 N=9216 K=2560 B=10 thr=64 mm=64 | ctx=target phase=prefill t=14 N=2560 K=9216 B=10 thr=128 mm=16 | ctx=target phase=prefill t=12 N=8192 K=2560 B=10 thr=64 mm=20 | ctx=target phase=prefill t=14 N=1024 K=2560 B=10 thr=64 mm=4 | ctx=target phase=prefill t=12 N=1024 K=2560 B=10 thr=64 mm=12 | ctx=target phase=prefill t=12 N=2560 K=4096 B=10 thr=128 mm=8 | ctx=target phase=prefill t=12 N=2560 K=9216 B=10 thr=128 mm=16 | ctx=target phase=prefill t=14 N=248320 K=2560 B=1 thr=64 mm=1 | ctx=target phase=prefill t=12 N=8192 K=2560 B=6 thr=64 mm=1
[xllama] d3d12_shape label=session_prefill part=2/3 keys_total=25 | ctx=target phase=prefill t=14 N=1024 K=2560 B=6 thr=64 mm=1 | ctx=target phase=prefill t=12 N=1024 K=2560 B=6 thr=64 mm=1 | ctx=target phase=prefill t=12 N=2560 K=4096 B=6 thr=128 mm=1 | ctx=target phase=prefill t=12 N=9216 K=2560 B=6 thr=64 mm=2 | ctx=target phase=prefill t=14 N=2560 K=9216 B=6 thr=128 mm=1 | ctx=target phase=prefill t=14 N=248320 K=2560 B=6 thr=64 mm=1 | ctx=target phase=prefill t=12 N=8192 K=2560 B=4 thr=64 mm=1 | ctx=target phase=prefill t=14 N=1024 K=2560 B=4 thr=64 mm=1 | ctx=target phase=prefill t=12 N=1024 K=2560 B=4 thr=64 mm=1 | ctx=target phase=prefill t=12 N=2560 K=4096 B=4 thr=128 mm=1 | ctx=target phase=prefill t=12 N=9216 K=2560 B=4 thr=64 mm=2 | ctx=target phase=prefill t=14 N=2560 K=9216 B=4 thr=128 mm=1
[xllama] d3d12_shape label=session_prefill part=3/3 keys_total=25 | ctx=target phase=prefill t=14 N=248320 K=2560 B=4 thr=64 mm=1
[xllama] d3d12: D3D12_Host buffer 5.4 MiB
[xllama] abort: mid-round trim i=1/4 n_generated=13
[xllama] VROUND width=5 wall=110.41 d3w=50.54 d3g=39.21 cpu=656.25 reuse=0 accepted=0 gen=13
[xllama] VROUND width=5 wall=109.27 d3w=50.62 d3g=39.17 cpu=656.25 reuse=0 accepted=4 gen=13
[xllama] VROUND width=4 wall=113.99 d3w=54.23 d3g=35.27 cpu=750.00 reuse=0 accepted=3 gen=13
[xllama] VROUND width=4 wall=101.68 d3w=46.55 d3g=35.24 cpu=562.50 reuse=1 accepted=0 gen=13
[xllama] session generate: n=13 prefill=187.7ms (10 tok) reuse=0 drafted=14 (mtp=14 lookup=0) spec_accept=7 (mtp=7 lookup=0)
[xllama] PHASE total_ms=1024.9 prefill_ms=187.7 decode_ms=759.5 accounted_ms=755.0 residual_decode_ms=4.5 load_plus_setup_ms=77.7 draft_ms=88.1 sample_ms=15.9 topprob_ms=60.4 catchup_ms=36.4 verify_ms=435.4 verify_d3w=201.9 verify_d3g=148.9 verify_cpu=2625.0 rounds_split=4 corrective_ms=53.8 classic_decode_ms=53.6 classic_catchup_ms=4.0 lookup_ms=0.0 sample_target_ms=11.4 emit_ms=0.1 maintain_ms=0.0 profile=1
[xllama] d3d12_shape label=session_decode part=1/6 keys_total=72 | ctx=draft phase=draft t=12 N=8192 K=2560 B=1 thr=64 mm=18 | ctx=draft phase=draft t=14 N=1024 K=2560 B=1 thr=64 mm=18 | ctx=draft phase=draft t=12 N=1024 K=2560 B=1 thr=64 mm=18 | ctx=draft phase=draft t=12 N=2560 K=4096 B=1 thr=128 mm=18 | ctx=draft phase=draft t=12 N=9216 K=2560 B=1 thr=64 mm=36 | ctx=draft phase=draft t=14 N=2560 K=9216 B=1 thr=128 mm=18 | ctx=draft phase=draft t=14 N=248320 K=2560 B=1 thr=64 mm=18 | ctx=target phase=classic t=14 N=8192 K=2560 B=1 thr=64 mm=12 | ctx=target phase=classic t=12 N=4096 K=2560 B=1 thr=64 mm=24 | ctx=target phase=classic t=13 N=2560 K=4096 B=1 thr=128 mm=24 | ctx=target phase=classic t=12 N=9216 K=2560 B=1 thr=64 mm=64 | ctx=target phase=classic t=14 N=2560 K=9216 B=1 thr=128 mm=16
[xllama] d3d12_shape label=session_decode part=2/6 keys_total=72 | ctx=target phase=classic t=12 N=8192 K=2560 B=1 thr=64 mm=20 | ctx=target phase=classic t=14 N=1024 K=2560 B=1 thr=64 mm=4 | ctx=target phase=classic t=12 N=1024 K=2560 B=1 thr=64 mm=12 | ctx=target phase=classic t=12 N=2560 K=4096 B=1 thr=128 mm=8 | ctx=target phase=classic t=12 N=2560 K=9216 B=1 thr=128 mm=16 | ctx=target phase=classic t=14 N=248320 K=2560 B=1 thr=64 mm=1 | ctx=draft phase=catchup t=12 N=8192 K=2560 B=1 thr=64 mm=3 | ctx=draft phase=catchup t=14 N=1024 K=2560 B=1 thr=64 mm=3 | ctx=draft phase=catchup t=12 N=1024 K=2560 B=1 thr=64 mm=3 | ctx=draft phase=catchup t=12 N=2560 K=4096 B=1 thr=128 mm=3 | ctx=draft phase=catchup t=12 N=9216 K=2560 B=1 thr=64 mm=6 | ctx=draft phase=catchup t=14 N=2560 K=9216 B=1 thr=128 mm=3
[xllama] d3d12_shape label=session_decode part=3/6 keys_total=72 | ctx=draft phase=catchup t=14 N=248320 K=2560 B=1 thr=64 mm=3 | ctx=target phase=verify t=14 N=8192 K=2560 B=5 thr=64 mm=24 | ctx=target phase=verify t=12 N=4096 K=2560 B=5 thr=64 mm=48 | ctx=target phase=verify t=13 N=2560 K=4096 B=5 thr=128 mm=48 | ctx=target phase=verify t=12 N=9216 K=2560 B=5 thr=64 mm=128 | ctx=target phase=verify t=14 N=2560 K=9216 B=5 thr=128 mm=32 | ctx=target phase=verify t=12 N=8192 K=2560 B=5 thr=64 mm=40 | ctx=target phase=verify t=14 N=1024 K=2560 B=5 thr=64 mm=8 | ctx=target phase=verify t=12 N=1024 K=2560 B=5 thr=64 mm=24 | ctx=target phase=verify t=12 N=2560 K=4096 B=5 thr=128 mm=16 | ctx=target phase=verify t=12 N=2560 K=9216 B=5 thr=128 mm=32 | ctx=target phase=verify t=14 N=248320 K=2560 B=5 thr=64 mm=2
[xllama] d3d12_shape label=session_decode part=4/6 keys_total=72 | ctx=target phase=decode t=14 N=8192 K=2560 B=1 thr=64 mm=12 | ctx=target phase=decode t=12 N=4096 K=2560 B=1 thr=64 mm=24 | ctx=target phase=decode t=13 N=2560 K=4096 B=1 thr=128 mm=24 | ctx=target phase=decode t=12 N=9216 K=2560 B=1 thr=64 mm=64 | ctx=target phase=decode t=14 N=2560 K=9216 B=1 thr=128 mm=16 | ctx=target phase=decode t=12 N=8192 K=2560 B=1 thr=64 mm=20 | ctx=target phase=decode t=14 N=1024 K=2560 B=1 thr=64 mm=4 | ctx=target phase=decode t=12 N=1024 K=2560 B=1 thr=64 mm=12 | ctx=target phase=decode t=12 N=2560 K=4096 B=1 thr=128 mm=8 | ctx=target phase=decode t=12 N=2560 K=9216 B=1 thr=128 mm=16 | ctx=target phase=decode t=14 N=248320 K=2560 B=1 thr=64 mm=1 | ctx=draft phase=catchup t=12 N=8192 K=2560 B=5 thr=64 mm=1
[xllama] d3d12_shape label=session_decode part=5/6 keys_total=72 | ctx=draft phase=catchup t=14 N=1024 K=2560 B=5 thr=64 mm=1 | ctx=draft phase=catchup t=12 N=1024 K=2560 B=5 thr=64 mm=1 | ctx=draft phase=catchup t=12 N=2560 K=4096 B=5 thr=128 mm=1 | ctx=draft phase=catchup t=12 N=9216 K=2560 B=5 thr=64 mm=2 | ctx=draft phase=catchup t=14 N=2560 K=9216 B=5 thr=128 mm=1 | ctx=draft phase=catchup t=14 N=248320 K=2560 B=5 thr=64 mm=1 | ctx=target phase=verify t=14 N=8192 K=2560 B=4 thr=64 mm=24 | ctx=target phase=verify t=12 N=4096 K=2560 B=4 thr=64 mm=48 | ctx=target phase=verify t=13 N=2560 K=4096 B=4 thr=128 mm=48 | ctx=target phase=verify t=12 N=9216 K=2560 B=4 thr=64 mm=128 | ctx=target phase=verify t=14 N=2560 K=9216 B=4 thr=128 mm=32 | ctx=target phase=verify t=12 N=8192 K=2560 B=4 thr=64 mm=40
[xllama] d3d12_shape label=session_decode part=6/6 keys_total=72 | ctx=target phase=verify t=14 N=1024 K=2560 B=4 thr=64 mm=8 | ctx=target phase=verify t=12 N=1024 K=2560 B=4 thr=64 mm=24 | ctx=target phase=verify t=12 N=2560 K=4096 B=4 thr=128 mm=16 | ctx=target phase=verify t=12 N=2560 K=9216 B=4 thr=128 mm=32 | ctx=target phase=verify t=14 N=248320 K=2560 B=4 thr=64 mm=2 | ctx=draft phase=catchup t=12 N=8192 K=2560 B=4 thr=64 mm=1 | ctx=draft phase=catchup t=14 N=1024 K=2560 B=4 thr=64 mm=1 | ctx=draft phase=catchup t=12 N=1024 K=2560 B=4 thr=64 mm=1 | ctx=draft phase=catchup t=12 N=2560 K=4096 B=4 thr=128 mm=1 | ctx=draft phase=catchup t=12 N=9216 K=2560 B=4 thr=64 mm=2 | ctx=draft phase=catchup t=14 N=2560 K=9216 B=4 thr=128 mm=1 | ctx=draft phase=catchup t=14 N=248320 K=2560 B=4 thr=64 mm=1
[xllama] MTP_STATS rounds=4 decodes=22 discarded=4 catchup_tok=11 draft_ms=88.1 sample_ms=15.9 topprob_ms=60.4 catchup_ms=36.4 verify_ms=435.4 corrective_ms=53.8
[xllama] session: KV rewind unsupported (hybrid cache) — full re-prefill (#170): common=22 resident=23 prompt=23
[xllama] session: turn full=1 kv_before=0 pf=23 prompt=23
[xllama] PHASE_PREFILL n_prompt=23 rows_kept=23 n_ubatch=64 calls=185 matmuls=233 gpu_ms=195.888561
[xllama] d3d12_shape label=session_prefill part=1/3 keys_total=25 | ctx=target phase=prefill t=14 N=8192 K=2560 B=23 thr=64 mm=12 | ctx=target phase=prefill t=12 N=4096 K=2560 B=23 thr=64 mm=24 | ctx=target phase=prefill t=13 N=2560 K=4096 B=23 thr=128 mm=24 | ctx=target phase=prefill t=12 N=9216 K=2560 B=23 thr=64 mm=64 | ctx=target phase=prefill t=14 N=2560 K=9216 B=23 thr=128 mm=16 | ctx=target phase=prefill t=12 N=8192 K=2560 B=23 thr=64 mm=20 | ctx=target phase=prefill t=14 N=1024 K=2560 B=23 thr=64 mm=4 | ctx=target phase=prefill t=12 N=1024 K=2560 B=23 thr=64 mm=12 | ctx=target phase=prefill t=12 N=2560 K=4096 B=23 thr=128 mm=8 | ctx=target phase=prefill t=12 N=2560 K=9216 B=23 thr=128 mm=16 | ctx=target phase=prefill t=14 N=248320 K=2560 B=1 thr=64 mm=1 | ctx=target phase=prefill t=12 N=8192 K=2560 B=6 thr=64 mm=3
[xllama] d3d12_shape label=session_prefill part=2/3 keys_total=25 | ctx=target phase=prefill t=14 N=1024 K=2560 B=6 thr=64 mm=3 | ctx=target phase=prefill t=12 N=1024 K=2560 B=6 thr=64 mm=3 | ctx=target phase=prefill t=12 N=2560 K=4096 B=6 thr=128 mm=3 | ctx=target phase=prefill t=12 N=9216 K=2560 B=6 thr=64 mm=6 | ctx=target phase=prefill t=14 N=2560 K=9216 B=6 thr=128 mm=3 | ctx=target phase=prefill t=14 N=248320 K=2560 B=6 thr=64 mm=3 | ctx=target phase=prefill t=12 N=8192 K=2560 B=5 thr=64 mm=1 | ctx=target phase=prefill t=14 N=1024 K=2560 B=5 thr=64 mm=1 | ctx=target phase=prefill t=12 N=1024 K=2560 B=5 thr=64 mm=1 | ctx=target phase=prefill t=12 N=2560 K=4096 B=5 thr=128 mm=1 | ctx=target phase=prefill t=12 N=9216 K=2560 B=5 thr=64 mm=2 | ctx=target phase=prefill t=14 N=2560 K=9216 B=5 thr=128 mm=1
[xllama] d3d12_shape label=session_prefill part=3/3 keys_total=25 | ctx=target phase=prefill t=14 N=248320 K=2560 B=5 thr=64 mm=1
[xllama] VROUND width=3 wall=84.69 d3w=36.53 d3g=25.51 cpu=468.75 reuse=0 accepted=2 gen=12
[xllama] VROUND width=5 wall=109.28 d3w=50.84 d3g=39.22 cpu=656.25 reuse=0 accepted=4 gen=12
[xllama] VROUND width=4 wall=129.47 d3w=70.97 d3g=35.20 cpu=750.00 reuse=0 accepted=3 gen=12
[xllama] session generate: n=12 prefill=357.8ms (23 tok) reuse=0 drafted=9 (mtp=9 lookup=0) spec_accept=9 (mtp=9 lookup=0)
[xllama] PHASE total_ms=828.3 prefill_ms=357.8 decode_ms=455.1 accounted_ms=454.8 residual_decode_ms=0.3 load_plus_setup_ms=15.4 draft_ms=41.0 sample_ms=8.5 topprob_ms=36.0 catchup_ms=36.1 verify_ms=323.4 verify_d3w=158.3 verify_d3g=99.9 verify_cpu=1875.0 rounds_split=3 corrective_ms=0.0 classic_decode_ms=0.0 classic_catchup_ms=0.0 lookup_ms=0.0 sample_target_ms=9.9 emit_ms=0.0 maintain_ms=0.0 profile=1
[xllama] d3d12_shape label=session_decode part=1/6 keys_total=61 | ctx=draft phase=draft t=12 N=8192 K=2560 B=1 thr=64 mm=10 | ctx=draft phase=draft t=14 N=1024 K=2560 B=1 thr=64 mm=10 | ctx=draft phase=draft t=12 N=1024 K=2560 B=1 thr=64 mm=10 | ctx=draft phase=draft t=12 N=2560 K=4096 B=1 thr=128 mm=10 | ctx=draft phase=draft t=12 N=9216 K=2560 B=1 thr=64 mm=20 | ctx=draft phase=draft t=14 N=2560 K=9216 B=1 thr=128 mm=10 | ctx=draft phase=draft t=14 N=248320 K=2560 B=1 thr=64 mm=10 | ctx=target phase=verify t=14 N=8192 K=2560 B=3 thr=64 mm=12 | ctx=target phase=verify t=12 N=4096 K=2560 B=3 thr=64 mm=24 | ctx=target phase=verify t=13 N=2560 K=4096 B=3 thr=128 mm=24 | ctx=target phase=verify t=12 N=9216 K=2560 B=3 thr=64 mm=64 | ctx=target phase=verify t=14 N=2560 K=9216 B=3 thr=128 mm=16
[xllama] d3d12_shape label=session_decode part=2/6 keys_total=61 | ctx=target phase=verify t=12 N=8192 K=2560 B=3 thr=64 mm=20 | ctx=target phase=verify t=14 N=1024 K=2560 B=3 thr=64 mm=4 | ctx=target phase=verify t=12 N=1024 K=2560 B=3 thr=64 mm=12 | ctx=target phase=verify t=12 N=2560 K=4096 B=3 thr=128 mm=8 | ctx=target phase=verify t=12 N=2560 K=9216 B=3 thr=128 mm=16 | ctx=target phase=verify t=14 N=248320 K=2560 B=3 thr=64 mm=1 | ctx=draft phase=catchup t=12 N=8192 K=2560 B=3 thr=64 mm=1 | ctx=draft phase=catchup t=14 N=1024 K=2560 B=3 thr=64 mm=1 | ctx=draft phase=catchup t=12 N=1024 K=2560 B=3 thr=64 mm=1 | ctx=draft phase=catchup t=12 N=2560 K=4096 B=3 thr=128 mm=1 | ctx=draft phase=catchup t=12 N=9216 K=2560 B=3 thr=64 mm=2 | ctx=draft phase=catchup t=14 N=2560 K=9216 B=3 thr=128 mm=1
[xllama] d3d12_shape label=session_decode part=3/6 keys_total=61 | ctx=draft phase=catchup t=14 N=248320 K=2560 B=3 thr=64 mm=1 | ctx=target phase=verify t=14 N=8192 K=2560 B=5 thr=64 mm=12 | ctx=target phase=verify t=12 N=4096 K=2560 B=5 thr=64 mm=24 | ctx=target phase=verify t=13 N=2560 K=4096 B=5 thr=128 mm=24 | ctx=target phase=verify t=12 N=9216 K=2560 B=5 thr=64 mm=64 | ctx=target phase=verify t=14 N=2560 K=9216 B=5 thr=128 mm=16 | ctx=target phase=verify t=12 N=8192 K=2560 B=5 thr=64 mm=20 | ctx=target phase=verify t=14 N=1024 K=2560 B=5 thr=64 mm=4 | ctx=target phase=verify t=12 N=1024 K=2560 B=5 thr=64 mm=12 | ctx=target phase=verify t=12 N=2560 K=4096 B=5 thr=128 mm=8 | ctx=target phase=verify t=12 N=2560 K=9216 B=5 thr=128 mm=16 | ctx=target phase=verify t=14 N=248320 K=2560 B=5 thr=64 mm=1
[xllama] d3d12_shape label=session_decode part=4/6 keys_total=61 | ctx=draft phase=catchup t=12 N=8192 K=2560 B=5 thr=64 mm=1 | ctx=draft phase=catchup t=14 N=1024 K=2560 B=5 thr=64 mm=1 | ctx=draft phase=catchup t=12 N=1024 K=2560 B=5 thr=64 mm=1 | ctx=draft phase=catchup t=12 N=2560 K=4096 B=5 thr=128 mm=1 | ctx=draft phase=catchup t=12 N=9216 K=2560 B=5 thr=64 mm=2 | ctx=draft phase=catchup t=14 N=2560 K=9216 B=5 thr=128 mm=1 | ctx=draft phase=catchup t=14 N=248320 K=2560 B=5 thr=64 mm=1 | ctx=target phase=verify t=14 N=8192 K=2560 B=4 thr=64 mm=12 | ctx=target phase=verify t=12 N=4096 K=2560 B=4 thr=64 mm=24 | ctx=target phase=verify t=13 N=2560 K=4096 B=4 thr=128 mm=24 | ctx=target phase=verify t=12 N=9216 K=2560 B=4 thr=64 mm=64 | ctx=target phase=verify t=14 N=2560 K=9216 B=4 thr=128 mm=16
[xllama] d3d12_shape label=session_decode part=5/6 keys_total=61 | ctx=target phase=verify t=12 N=8192 K=2560 B=4 thr=64 mm=20 | ctx=target phase=verify t=14 N=1024 K=2560 B=4 thr=64 mm=4 | ctx=target phase=verify t=12 N=1024 K=2560 B=4 thr=64 mm=12 | ctx=target phase=verify t=12 N=2560 K=4096 B=4 thr=128 mm=8 | ctx=target phase=verify t=12 N=2560 K=9216 B=4 thr=128 mm=16 | ctx=target phase=verify t=14 N=248320 K=2560 B=4 thr=64 mm=1 | ctx=draft phase=catchup t=12 N=8192 K=2560 B=4 thr=64 mm=1 | ctx=draft phase=catchup t=14 N=1024 K=2560 B=4 thr=64 mm=1 | ctx=draft phase=catchup t=12 N=1024 K=2560 B=4 thr=64 mm=1 | ctx=draft phase=catchup t=12 N=2560 K=4096 B=4 thr=128 mm=1 | ctx=draft phase=catchup t=12 N=9216 K=2560 B=4 thr=64 mm=2 | ctx=draft phase=catchup t=14 N=2560 K=9216 B=4 thr=128 mm=1
[xllama] d3d12_shape label=session_decode part=6/6 keys_total=61 | ctx=draft phase=catchup t=14 N=248320 K=2560 B=4 thr=64 mm=1
[xllama] MTP_STATS rounds=3 decodes=13 discarded=1 catchup_tok=12 draft_ms=41.0 sample_ms=8.5 topprob_ms=36.0 catchup_ms=36.1 verify_ms=323.4 corrective_ms=0.0
[llama] ~llama_context: D3D12_Host compute buffer size is   5.8489 MiB, matches expectation of   5.8489 MiB
[llama] ~llama_context: D3D12_Host compute buffer size is   0.0000 MiB, matches expectation of   0.0000 MiB
[xllama] d3d12: 2023 graph_compute calls, 2547 matmuls (544 2col), 868.6 ms wall (675.9 ms GPU)
[llama] ~llama_context: D3D12_Host compute buffer size is  63.0027 MiB, matches expectation of  63.0027 MiB
[llama] ~llama_context: D3D12_Host compute buffer size is   0.0000 MiB, matches expectation of   0.0000 MiB
[xllama] d3d12: 0 graph_compute calls, 0 matmuls (0 2col), 0.0 ms wall (0.0 ms GPU)
[xllama] gguf gpu layers: 34 on D3D12
[llama] llama_model_loader: mmap is not supported on this platform
[llama] llama_prepare_model_devices: using device D3D12 (xllama D3D12 compute (Q4_0/Q4_K/Q5_K/Q6_K matmul)) (unknown id) - 4129 MiB free
[llama] load_tensors: layer   0 assigned to device D3D12, is_swa = 0
[llama] load_tensors: layer   1 assigned to device D3D12, is_swa = 0
[llama] load_tensors: layer   2 assigned to device D3D12, is_swa = 0
[llama] load_tensors: layer   3 assigned to device D3D12, is_swa = 0
[llama] load_tensors: layer   4 assigned to device D3D12, is_swa = 0
[llama] load_tensors: layer   5 assigned to device D3D12, is_swa = 0
[llama] load_tensors: layer   6 assigned to device D3D12, is_swa = 0
[llama] load_tensors: layer   7 assigned to device D3D12, is_swa = 0
[llama] load_tensors: layer   8 assigned to device D3D12, is_swa = 0
[llama] load_tensors: layer   9 assigned to device D3D12, is_swa = 0
[llama] load_tensors: layer  10 assigned to device D3D12, is_swa = 0
[llama] load_tensors: layer  11 assigned to device D3D12, is_swa = 0
[llama] load_tensors: layer  12 assigned to device D3D12, is_swa = 0
[llama] load_tensors: layer  13 assigned to device D3D12, is_swa = 0
[llama] load_tensors: layer  14 assigned to device D3D12, is_swa = 0
[llama] load_tensors: layer  15 assigned to device D3D12, is_swa = 0
[llama] load_tensors: layer  16 assigned to device D3D12, is_swa = 0
[llama] load_tensors: layer  17 assigned to device D3D12, is_swa = 0
[llama] load_tensors: layer  18 assigned to device D3D12, is_swa = 0
[llama] load_tensors: layer  19 assigned to device D3D12, is_swa = 0
[llama] load_tensors: layer  20 assigned to device D3D12, is_swa = 0
[llama] load_tensors: layer  21 assigned to device D3D12, is_swa = 0
[llama] load_tensors: layer  22 assigned to device D3D12, is_swa = 0
[llama] load_tensors: layer  23 assigned to device D3D12, is_swa = 0
[llama] load_tensors: layer  24 assigned to device D3D12, is_swa = 0
[llama] load_tensors: layer  25 assigned to device D3D12, is_swa = 0
[llama] load_tensors: layer  26 assigned to device D3D12, is_swa = 0
[llama] load_tensors: layer  27 assigned to device D3D12, is_swa = 0
[llama] load_tensors: layer  28 assigned to device D3D12, is_swa = 0
[llama] load_tensors: layer  29 assigned to device D3D12, is_swa = 0
[llama] load_tensors: layer  30 assigned to device D3D12, is_swa = 0
[llama] load_tensors: layer  31 assigned to device D3D12, is_swa = 0
[llama] load_tensors: layer  32 assigned to device D3D12, is_swa = 0
[llama] load_tensors: layer  33 assigned to device D3D12, is_swa = 0
[llama] model has unused tensor blk.32.attn_norm.weight (size = 10240 bytes) -- ignoring
[llama] model has unused tensor blk.32.post_attention_norm.weight (size = 10240 bytes) -- ignoring
[llama] model has unused tensor blk.32.attn_q.weight (size = 11796480 bytes) -- ignoring
[llama] model has unused tensor blk.32.attn_k.weight (size = 1474560 bytes) -- ignoring
[llama] model has unused tensor blk.32.attn_v.weight (size = 2150400 bytes) -- ignoring
[llama] model has unused tensor blk.32.attn_output.weight (size = 5898240 bytes) -- ignoring
[llama] model has unused tensor blk.32.attn_q_norm.weight (size = 1024 bytes) -- ignoring
[llama] model has unused tensor blk.32.attn_k_norm.weight (size = 1024 bytes) -- ignoring
[llama] model has unused tensor blk.32.ffn_gate.weight (size = 13271040 bytes) -- ignoring
[llama] model has unused tensor blk.32.ffn_down.weight (size = 19353600 bytes) -- ignoring
[llama] model has unused tensor blk.32.ffn_up.weight (size = 13271040 bytes) -- ignoring
[llama] model has unused tensor blk.32.nextn.eh_proj.weight (size = 13926400 bytes) -- ignoring
[llama] model has unused tensor blk.32.nextn.enorm.weight (size = 10240 bytes) -- ignoring
[llama] model has unused tensor blk.32.nextn.hnorm.weight (size = 10240 bytes) -- ignoring
[llama] model has unused tensor blk.32.nextn.shared_head_norm.weight (size = 10240 bytes) -- ignoring
[xllama] d3d12: D3D12_Weights buffer 2597.1 MiB
[llama] load_tensors: offloading output layer to GPU
[llama] load_tensors: offloading 32 repeating layers to GPU
[llama] load_tensors: offloaded 34/34 layers to GPU
[llama] load_tensors:          CPU model buffer size =   515.98 MiB
[llama] load_tensors: D3D12_Weights model buffer size =  2597.13 MiB
[llama] load_all_data: buffer type D3D12_Weights is not the default buffer type for device D3D12 for async uploads
[xllama] Session: GGUF model loaded via llama.cpp (persistent)
[llama] llama_context: D3D12_Host  output buffer size =     0.95 MiB
[llama] llama_kv_cache:        CPU KV buffer size =    64.00 MiB
[llama] llama_memory_recurrent:        CPU RS buffer size =    50.25 MiB
[llama] resolve_fused_ops: layer 3 is assigned to device D3D12 but Flash Attention is assigned to device CPU (usually due to missing support)
[llama] resolve_fused_ops: Flash Attention not supported, set to disabled
[xllama] d3d12: D3D12_Host buffer 63.0 MiB
[llama] sched_reserve: D3D12_Host compute buffer size =    63.00 MiB
[llama] sched_reserve: graph splits = 322
[xllama] session: can_shift=0 (memory_can_shift=0 n_swa=0)
[xllama] session: turn full=1 kv_before=0 pf=10 prompt=10
[xllama] PHASE_PREFILL n_prompt=10 rows_kept=10 n_ubatch=64 calls=161 matmuls=201 gpu_ms=68.130286
[xllama] d3d12_shape label=session_prefill part=1/1 keys_total=11 | ctx=target phase=prefill t=14 N=8192 K=2560 B=10 thr=64 mm=12 | ctx=target phase=prefill t=12 N=4096 K=2560 B=10 thr=64 mm=24 | ctx=target phase=prefill t=13 N=2560 K=4096 B=10 thr=128 mm=24 | ctx=target phase=prefill t=12 N=9216 K=2560 B=10 thr=64 mm=64 | ctx=target phase=prefill t=14 N=2560 K=9216 B=10 thr=128 mm=16 | ctx=target phase=prefill t=12 N=8192 K=2560 B=10 thr=64 mm=20 | ctx=target phase=prefill t=14 N=1024 K=2560 B=10 thr=64 mm=4 | ctx=target phase=prefill t=12 N=1024 K=2560 B=10 thr=64 mm=12 | ctx=target phase=prefill t=12 N=2560 K=4096 B=10 thr=128 mm=8 | ctx=target phase=prefill t=12 N=2560 K=9216 B=10 thr=128 mm=16 | ctx=target phase=prefill t=14 N=248320 K=2560 B=1 thr=64 mm=1
[xllama] session generate: n=25 prefill=216.5ms (10 tok) reuse=0 drafted=0 (mtp=0 lookup=0) spec_accept=0 (mtp=0 lookup=0)
[xllama] PHASE total_ms=1573.1 prefill_ms=216.5 decode_ms=1319.9 accounted_ms=1319.8 residual_decode_ms=0.1 load_plus_setup_ms=36.7 draft_ms=0.0 sample_ms=0.0 topprob_ms=0.0 catchup_ms=0.0 verify_ms=0.0 verify_d3w=0.0 verify_d3g=0.0 verify_cpu=0.0 rounds_split=0 corrective_ms=0.0 classic_decode_ms=1297.8 classic_catchup_ms=0.0 lookup_ms=0.0 sample_target_ms=21.8 emit_ms=0.1 maintain_ms=0.0 profile=1
[xllama] d3d12_shape label=session_decode part=1/1 keys_total=11 | ctx=target phase=classic t=14 N=8192 K=2560 B=1 thr=64 mm=300 | ctx=target phase=classic t=12 N=4096 K=2560 B=1 thr=64 mm=600 | ctx=target phase=classic t=13 N=2560 K=4096 B=1 thr=128 mm=600 | ctx=target phase=classic t=12 N=9216 K=2560 B=1 thr=64 mm=1600 | ctx=target phase=classic t=14 N=2560 K=9216 B=1 thr=128 mm=400 | ctx=target phase=classic t=12 N=8192 K=2560 B=1 thr=64 mm=500 | ctx=target phase=classic t=14 N=1024 K=2560 B=1 thr=64 mm=100 | ctx=target phase=classic t=12 N=1024 K=2560 B=1 thr=64 mm=300 | ctx=target phase=classic t=12 N=2560 K=4096 B=1 thr=128 mm=200 | ctx=target phase=classic t=12 N=2560 K=9216 B=1 thr=128 mm=400 | ctx=target phase=classic t=14 N=248320 K=2560 B=1 thr=64 mm=25
[llama] ~llama_context: D3D12_Host compute buffer size is  63.0027 MiB, matches expectation of  63.0027 MiB
[llama] ~llama_context: D3D12_Host compute buffer size is   0.0000 MiB, matches expectation of   0.0000 MiB
[xllama] d3d12: 4186 graph_compute calls, 5226 matmuls (0 2col), 731.8 ms wall (347.8 ms GPU)
[xllama] TERMGATE scenario=cancel@13 arm=cand ok=1 reason=- n_ids=13 n_ref=25 parity=1 first_diff=-1 active=1 drafted=14 rounds=4 lookup=0 ews=0 n_eval=13 eog_tok=-1 eog_branch=- stop_branch=- stop_round=-1
[xllama] gguf gpu layers: 34 on D3D12
[llama] llama_model_loader: mmap is not supported on this platform
[llama] llama_prepare_model_devices: using device D3D12 (xllama D3D12 compute (Q4_0/Q4_K/Q5_K/Q6_K matmul)) (unknown id) - 4129 MiB free
[llama] load_tensors: layer   0 assigned to device D3D12, is_swa = 0
[llama] load_tensors: layer   1 assigned to device D3D12, is_swa = 0
[llama] load_tensors: layer   2 assigned to device D3D12, is_swa = 0
[llama] load_tensors: layer   3 assigned to device D3D12, is_swa = 0
[llama] load_tensors: layer   4 assigned to device D3D12, is_swa = 0
[llama] load_tensors: layer   5 assigned to device D3D12, is_swa = 0
[llama] load_tensors: layer   6 assigned to device D3D12, is_swa = 0
[llama] load_tensors: layer   7 assigned to device D3D12, is_swa = 0
[llama] load_tensors: layer   8 assigned to device D3D12, is_swa = 0
[llama] load_tensors: layer   9 assigned to device D3D12, is_swa = 0
[llama] load_tensors: layer  10 assigned to device D3D12, is_swa = 0
[llama] load_tensors: layer  11 assigned to device D3D12, is_swa = 0
[llama] load_tensors: layer  12 assigned to device D3D12, is_swa = 0
[llama] load_tensors: layer  13 assigned to device D3D12, is_swa = 0
[llama] load_tensors: layer  14 assigned to device D3D12, is_swa = 0
[llama] load_tensors: layer  15 assigned to device D3D12, is_swa = 0
[llama] load_tensors: layer  16 assigned to device D3D12, is_swa = 0
[llama] load_tensors: layer  17 assigned to device D3D12, is_swa = 0
[llama] load_tensors: layer  18 assigned to device D3D12, is_swa = 0
[llama] load_tensors: layer  19 assigned to device D3D12, is_swa = 0
[llama] load_tensors: layer  20 assigned to device D3D12, is_swa = 0
[llama] load_tensors: layer  21 assigned to device D3D12, is_swa = 0
[llama] load_tensors: layer  22 assigned to device D3D12, is_swa = 0
[llama] load_tensors: layer  23 assigned to device D3D12, is_swa = 0
[llama] load_tensors: layer  24 assigned to device D3D12, is_swa = 0
[llama] load_tensors: layer  25 assigned to device D3D12, is_swa = 0
[llama] load_tensors: layer  26 assigned to device D3D12, is_swa = 0
[llama] load_tensors: layer  27 assigned to device D3D12, is_swa = 0
[llama] load_tensors: layer  28 assigned to device D3D12, is_swa = 0
[llama] load_tensors: layer  29 assigned to device D3D12, is_swa = 0
[llama] load_tensors: layer  30 assigned to device D3D12, is_swa = 0
[llama] load_tensors: layer  31 assigned to device D3D12, is_swa = 0
[llama] load_tensors: layer  32 assigned to device D3D12, is_swa = 0
[llama] load_tensors: layer  33 assigned to device D3D12, is_swa = 0
[xllama] d3d12: D3D12_Weights buffer 2661.2 MiB
[llama] load_tensors: offloading output layer to GPU
[llama] load_tensors: offloading 32 repeating layers to GPU
[llama] load_tensors: offloaded 34/34 layers to GPU
[llama] load_tensors:          CPU model buffer size =   529.31 MiB
[llama] load_tensors: D3D12_Weights model buffer size =  2661.23 MiB
[llama] load_all_data: buffer type D3D12_Weights is not the default buffer type for device D3D12 for async uploads
[xllama] Session: GGUF model loaded via llama.cpp (persistent)
[xllama] session: speculative n_rs_seq=4
[llama] llama_context: D3D12_Host  output buffer size =     0.95 MiB
[llama] llama_kv_cache:        CPU KV buffer size =    64.00 MiB
[llama] llama_memory_recurrent:        CPU RS buffer size =   251.25 MiB
[llama] resolve_fused_ops: layer 3 is assigned to device D3D12 but Flash Attention is assigned to device CPU (usually due to missing support)
[llama] resolve_fused_ops: Flash Attention not supported, set to disabled
[xllama] d3d12: D3D12_Host buffer 63.0 MiB
[llama] sched_reserve: D3D12_Host compute buffer size =    63.00 MiB
[llama] sched_reserve: graph splits = 322
[llama] llama_context: D3D12_Host  output buffer size =     0.95 MiB
[llama] llama_kv_cache:        CPU KV buffer size =     8.00 MiB
[llama] resolve_fused_ops: layer 32 is assigned to device D3D12 but Flash Attention is assigned to device CPU (usually due to missing support)
[llama] resolve_fused_ops: Flash Attention not supported, set to disabled
[xllama] d3d12: D3D12_Host buffer 5.8 MiB
[llama] sched_reserve: D3D12_Host compute buffer size =     5.85 MiB
[llama] sched_reserve: graph splits = 12
[xllama] mtp: draft ready, n_max=4 p_min=0.750000 dft_n_batch=6
[xllama] mtp: target nextn head layers=1
[xllama] mtp: split_mtp_weights=0 resident=0 tensors=0
[xllama] session: can_shift=0 (memory_can_shift=0 n_swa=0)
[xllama] session: turn full=1 kv_before=0 pf=11 prompt=11
[xllama] d3d12: D3D12_Host buffer 1.6 MiB
[xllama] d3d12: D3D12_Host buffer 5.7 MiB
[xllama] PHASE_PREFILL n_prompt=11 rows_kept=11 n_ubatch=64 calls=173 matmuls=217 gpu_ms=96.152020
[xllama] d3d12_shape label=session_prefill part=1/3 keys_total=25 | ctx=target phase=prefill t=14 N=8192 K=2560 B=11 thr=64 mm=12 | ctx=target phase=prefill t=12 N=4096 K=2560 B=11 thr=64 mm=24 | ctx=target phase=prefill t=13 N=2560 K=4096 B=11 thr=128 mm=24 | ctx=target phase=prefill t=12 N=9216 K=2560 B=11 thr=64 mm=64 | ctx=target phase=prefill t=14 N=2560 K=9216 B=11 thr=128 mm=16 | ctx=target phase=prefill t=12 N=8192 K=2560 B=11 thr=64 mm=20 | ctx=target phase=prefill t=14 N=1024 K=2560 B=11 thr=64 mm=4 | ctx=target phase=prefill t=12 N=1024 K=2560 B=11 thr=64 mm=12 | ctx=target phase=prefill t=12 N=2560 K=4096 B=11 thr=128 mm=8 | ctx=target phase=prefill t=12 N=2560 K=9216 B=11 thr=128 mm=16 | ctx=target phase=prefill t=14 N=248320 K=2560 B=1 thr=64 mm=1 | ctx=target phase=prefill t=12 N=8192 K=2560 B=6 thr=64 mm=1
[xllama] d3d12_shape label=session_prefill part=2/3 keys_total=25 | ctx=target phase=prefill t=14 N=1024 K=2560 B=6 thr=64 mm=1 | ctx=target phase=prefill t=12 N=1024 K=2560 B=6 thr=64 mm=1 | ctx=target phase=prefill t=12 N=2560 K=4096 B=6 thr=128 mm=1 | ctx=target phase=prefill t=12 N=9216 K=2560 B=6 thr=64 mm=2 | ctx=target phase=prefill t=14 N=2560 K=9216 B=6 thr=128 mm=1 | ctx=target phase=prefill t=14 N=248320 K=2560 B=6 thr=64 mm=1 | ctx=target phase=prefill t=12 N=8192 K=2560 B=5 thr=64 mm=1 | ctx=target phase=prefill t=14 N=1024 K=2560 B=5 thr=64 mm=1 | ctx=target phase=prefill t=12 N=1024 K=2560 B=5 thr=64 mm=1 | ctx=target phase=prefill t=12 N=2560 K=4096 B=5 thr=128 mm=1 | ctx=target phase=prefill t=12 N=9216 K=2560 B=5 thr=64 mm=2 | ctx=target phase=prefill t=14 N=2560 K=9216 B=5 thr=128 mm=1
[xllama] d3d12_shape label=session_prefill part=3/3 keys_total=25 | ctx=target phase=prefill t=14 N=248320 K=2560 B=5 thr=64 mm=1
[xllama] d3d12: D3D12_Host buffer 5.4 MiB
[xllama] EOG after 10 tokens (spec reject) tok=248044 branch=spec-reject
[xllama] VROUND width=5 wall=110.87 d3w=50.85 d3g=39.15 cpu=656.25 reuse=0 accepted=4 gen=10
[xllama] VROUND width=5 wall=141.63 d3w=82.30 d3g=39.27 cpu=843.75 reuse=1 accepted=2 gen=10
[xllama] session generate: n=10 prefill=199.2ms (11 tok) reuse=0 drafted=8 (mtp=8 lookup=0) spec_accept=6 (mtp=6 lookup=0)
[xllama] PHASE total_ms=748.1 prefill_ms=199.2 decode_ms=471.2 accounted_ms=470.8 residual_decode_ms=0.4 load_plus_setup_ms=77.6 draft_ms=40.8 sample_ms=9.0 topprob_ms=31.1 catchup_ms=22.4 verify_ms=252.5 verify_d3w=133.2 verify_d3g=78.4 verify_cpu=1500.0 rounds_split=2 corrective_ms=0.0 classic_decode_ms=105.3 classic_catchup_ms=8.1 lookup_ms=0.0 sample_target_ms=9.7 emit_ms=0.0 maintain_ms=0.0 profile=1
[xllama] d3d12_shape label=session_decode part=1/4 keys_total=43 | ctx=draft phase=draft t=12 N=8192 K=2560 B=1 thr=64 mm=10 | ctx=draft phase=draft t=14 N=1024 K=2560 B=1 thr=64 mm=10 | ctx=draft phase=draft t=12 N=1024 K=2560 B=1 thr=64 mm=10 | ctx=draft phase=draft t=12 N=2560 K=4096 B=1 thr=128 mm=10 | ctx=draft phase=draft t=12 N=9216 K=2560 B=1 thr=64 mm=20 | ctx=draft phase=draft t=14 N=2560 K=9216 B=1 thr=128 mm=10 | ctx=draft phase=draft t=14 N=248320 K=2560 B=1 thr=64 mm=10 | ctx=target phase=classic t=14 N=8192 K=2560 B=1 thr=64 mm=24 | ctx=target phase=classic t=12 N=4096 K=2560 B=1 thr=64 mm=48 | ctx=target phase=classic t=13 N=2560 K=4096 B=1 thr=128 mm=48 | ctx=target phase=classic t=12 N=9216 K=2560 B=1 thr=64 mm=128 | ctx=target phase=classic t=14 N=2560 K=9216 B=1 thr=128 mm=32
[xllama] d3d12_shape label=session_decode part=2/4 keys_total=43 | ctx=target phase=classic t=12 N=8192 K=2560 B=1 thr=64 mm=40 | ctx=target phase=classic t=14 N=1024 K=2560 B=1 thr=64 mm=8 | ctx=target phase=classic t=12 N=1024 K=2560 B=1 thr=64 mm=24 | ctx=target phase=classic t=12 N=2560 K=4096 B=1 thr=128 mm=16 | ctx=target phase=classic t=12 N=2560 K=9216 B=1 thr=128 mm=32 | ctx=target phase=classic t=14 N=248320 K=2560 B=1 thr=64 mm=2 | ctx=draft phase=catchup t=12 N=8192 K=2560 B=1 thr=64 mm=2 | ctx=draft phase=catchup t=14 N=1024 K=2560 B=1 thr=64 mm=2 | ctx=draft phase=catchup t=12 N=1024 K=2560 B=1 thr=64 mm=2 | ctx=draft phase=catchup t=12 N=2560 K=4096 B=1 thr=128 mm=2 | ctx=draft phase=catchup t=12 N=9216 K=2560 B=1 thr=64 mm=4 | ctx=draft phase=catchup t=14 N=2560 K=9216 B=1 thr=128 mm=2
[xllama] d3d12_shape label=session_decode part=3/4 keys_total=43 | ctx=draft phase=catchup t=14 N=248320 K=2560 B=1 thr=64 mm=2 | ctx=target phase=verify t=14 N=8192 K=2560 B=5 thr=64 mm=24 | ctx=target phase=verify t=12 N=4096 K=2560 B=5 thr=64 mm=48 | ctx=target phase=verify t=13 N=2560 K=4096 B=5 thr=128 mm=48 | ctx=target phase=verify t=12 N=9216 K=2560 B=5 thr=64 mm=128 | ctx=target phase=verify t=14 N=2560 K=9216 B=5 thr=128 mm=32 | ctx=target phase=verify t=12 N=8192 K=2560 B=5 thr=64 mm=40 | ctx=target phase=verify t=14 N=1024 K=2560 B=5 thr=64 mm=8 | ctx=target phase=verify t=12 N=1024 K=2560 B=5 thr=64 mm=24 | ctx=target phase=verify t=12 N=2560 K=4096 B=5 thr=128 mm=16 | ctx=target phase=verify t=12 N=2560 K=9216 B=5 thr=128 mm=32 | ctx=target phase=verify t=14 N=248320 K=2560 B=5 thr=64 mm=2
[xllama] d3d12_shape label=session_decode part=4/4 keys_total=43 | ctx=draft phase=catchup t=12 N=8192 K=2560 B=5 thr=64 mm=1 | ctx=draft phase=catchup t=14 N=1024 K=2560 B=5 thr=64 mm=1 | ctx=draft phase=catchup t=12 N=1024 K=2560 B=5 thr=64 mm=1 | ctx=draft phase=catchup t=12 N=2560 K=4096 B=5 thr=128 mm=1 | ctx=draft phase=catchup t=12 N=9216 K=2560 B=5 thr=64 mm=2 | ctx=draft phase=catchup t=14 N=2560 K=9216 B=5 thr=128 mm=1 | ctx=draft phase=catchup t=14 N=248320 K=2560 B=5 thr=64 mm=1
[xllama] MTP_STATS rounds=2 decodes=13 discarded=2 catchup_tok=7 draft_ms=40.8 sample_ms=9.0 topprob_ms=31.1 catchup_ms=22.4 verify_ms=252.5 corrective_ms=0.0
[xllama] TERMGATE scenario=stop@probe arm=cand ok=1 reason=eos n_ids=10 n_ref=-1 parity=-1 first_diff=-1 active=1 drafted=8 rounds=2 lookup=0 ews=0 n_eval=10 eog_tok=248044 eog_branch=spec-reject stop_branch=- stop_round=-1
[xllama] TERMGATE stop_span pieces=10 start=9 stop_len=2 probe_n_eval=10
[xllama] session: KV rewind unsupported (hybrid cache) — full re-prefill (#170): common=10 resident=21 prompt=11
[xllama] session: turn full=1 kv_before=0 pf=11 prompt=11
[xllama] PHASE_PREFILL n_prompt=11 rows_kept=11 n_ubatch=64 calls=173 matmuls=217 gpu_ms=95.870677
[xllama] d3d12_shape label=session_prefill part=1/3 keys_total=25 | ctx=target phase=prefill t=14 N=8192 K=2560 B=11 thr=64 mm=12 | ctx=target phase=prefill t=12 N=4096 K=2560 B=11 thr=64 mm=24 | ctx=target phase=prefill t=13 N=2560 K=4096 B=11 thr=128 mm=24 | ctx=target phase=prefill t=12 N=9216 K=2560 B=11 thr=64 mm=64 | ctx=target phase=prefill t=14 N=2560 K=9216 B=11 thr=128 mm=16 | ctx=target phase=prefill t=12 N=8192 K=2560 B=11 thr=64 mm=20 | ctx=target phase=prefill t=14 N=1024 K=2560 B=11 thr=64 mm=4 | ctx=target phase=prefill t=12 N=1024 K=2560 B=11 thr=64 mm=12 | ctx=target phase=prefill t=12 N=2560 K=4096 B=11 thr=128 mm=8 | ctx=target phase=prefill t=12 N=2560 K=9216 B=11 thr=128 mm=16 | ctx=target phase=prefill t=14 N=248320 K=2560 B=1 thr=64 mm=1 | ctx=target phase=prefill t=12 N=8192 K=2560 B=6 thr=64 mm=1
[xllama] d3d12_shape label=session_prefill part=2/3 keys_total=25 | ctx=target phase=prefill t=14 N=1024 K=2560 B=6 thr=64 mm=1 | ctx=target phase=prefill t=12 N=1024 K=2560 B=6 thr=64 mm=1 | ctx=target phase=prefill t=12 N=2560 K=4096 B=6 thr=128 mm=1 | ctx=target phase=prefill t=12 N=9216 K=2560 B=6 thr=64 mm=2 | ctx=target phase=prefill t=14 N=2560 K=9216 B=6 thr=128 mm=1 | ctx=target phase=prefill t=14 N=248320 K=2560 B=6 thr=64 mm=1 | ctx=target phase=prefill t=12 N=8192 K=2560 B=5 thr=64 mm=1 | ctx=target phase=prefill t=14 N=1024 K=2560 B=5 thr=64 mm=1 | ctx=target phase=prefill t=12 N=1024 K=2560 B=5 thr=64 mm=1 | ctx=target phase=prefill t=12 N=2560 K=4096 B=5 thr=128 mm=1 | ctx=target phase=prefill t=12 N=9216 K=2560 B=5 thr=64 mm=2 | ctx=target phase=prefill t=14 N=2560 K=9216 B=5 thr=128 mm=1
[xllama] d3d12_shape label=session_prefill part=3/3 keys_total=25 | ctx=target phase=prefill t=14 N=248320 K=2560 B=5 thr=64 mm=1
[xllama] VROUND width=5 wall=109.15 d3w=50.40 d3g=39.21 cpu=656.25 reuse=0 accepted=4 gen=10
[xllama] VROUND width=5 wall=107.13 d3w=50.47 d3g=39.19 cpu=656.25 reuse=1 accepted=2 gen=10
[xllama] session generate: n=10 prefill=196.9ms (11 tok) reuse=0 drafted=8 (mtp=8 lookup=0) spec_accept=6 (mtp=6 lookup=0)
[xllama] PHASE total_ms=648.8 prefill_ms=196.9 decode_ms=432.5 accounted_ms=432.2 residual_decode_ms=0.3 load_plus_setup_ms=19.3 draft_ms=41.0 sample_ms=8.1 topprob_ms=29.8 catchup_ms=22.4 verify_ms=216.3 verify_d3w=100.9 verify_d3g=78.4 verify_cpu=1312.5 rounds_split=2 corrective_ms=0.0 classic_decode_ms=106.6 classic_catchup_ms=8.0 lookup_ms=0.0 sample_target_ms=8.1 emit_ms=0.0 maintain_ms=0.0 profile=1
[xllama] d3d12_shape label=session_decode part=1/4 keys_total=43 | ctx=draft phase=draft t=12 N=8192 K=2560 B=1 thr=64 mm=10 | ctx=draft phase=draft t=14 N=1024 K=2560 B=1 thr=64 mm=10 | ctx=draft phase=draft t=12 N=1024 K=2560 B=1 thr=64 mm=10 | ctx=draft phase=draft t=12 N=2560 K=4096 B=1 thr=128 mm=10 | ctx=draft phase=draft t=12 N=9216 K=2560 B=1 thr=64 mm=20 | ctx=draft phase=draft t=14 N=2560 K=9216 B=1 thr=128 mm=10 | ctx=draft phase=draft t=14 N=248320 K=2560 B=1 thr=64 mm=10 | ctx=target phase=classic t=14 N=8192 K=2560 B=1 thr=64 mm=24 | ctx=target phase=classic t=12 N=4096 K=2560 B=1 thr=64 mm=48 | ctx=target phase=classic t=13 N=2560 K=4096 B=1 thr=128 mm=48 | ctx=target phase=classic t=12 N=9216 K=2560 B=1 thr=64 mm=128 | ctx=target phase=classic t=14 N=2560 K=9216 B=1 thr=128 mm=32
[xllama] d3d12_shape label=session_decode part=2/4 keys_total=43 | ctx=target phase=classic t=12 N=8192 K=2560 B=1 thr=64 mm=40 | ctx=target phase=classic t=14 N=1024 K=2560 B=1 thr=64 mm=8 | ctx=target phase=classic t=12 N=1024 K=2560 B=1 thr=64 mm=24 | ctx=target phase=classic t=12 N=2560 K=4096 B=1 thr=128 mm=16 | ctx=target phase=classic t=12 N=2560 K=9216 B=1 thr=128 mm=32 | ctx=target phase=classic t=14 N=248320 K=2560 B=1 thr=64 mm=2 | ctx=draft phase=catchup t=12 N=8192 K=2560 B=1 thr=64 mm=2 | ctx=draft phase=catchup t=14 N=1024 K=2560 B=1 thr=64 mm=2 | ctx=draft phase=catchup t=12 N=1024 K=2560 B=1 thr=64 mm=2 | ctx=draft phase=catchup t=12 N=2560 K=4096 B=1 thr=128 mm=2 | ctx=draft phase=catchup t=12 N=9216 K=2560 B=1 thr=64 mm=4 | ctx=draft phase=catchup t=14 N=2560 K=9216 B=1 thr=128 mm=2
[xllama] d3d12_shape label=session_decode part=3/4 keys_total=43 | ctx=draft phase=catchup t=14 N=248320 K=2560 B=1 thr=64 mm=2 | ctx=target phase=verify t=14 N=8192 K=2560 B=5 thr=64 mm=24 | ctx=target phase=verify t=12 N=4096 K=2560 B=5 thr=64 mm=48 | ctx=target phase=verify t=13 N=2560 K=4096 B=5 thr=128 mm=48 | ctx=target phase=verify t=12 N=9216 K=2560 B=5 thr=64 mm=128 | ctx=target phase=verify t=14 N=2560 K=9216 B=5 thr=128 mm=32 | ctx=target phase=verify t=12 N=8192 K=2560 B=5 thr=64 mm=40 | ctx=target phase=verify t=14 N=1024 K=2560 B=5 thr=64 mm=8 | ctx=target phase=verify t=12 N=1024 K=2560 B=5 thr=64 mm=24 | ctx=target phase=verify t=12 N=2560 K=4096 B=5 thr=128 mm=16 | ctx=target phase=verify t=12 N=2560 K=9216 B=5 thr=128 mm=32 | ctx=target phase=verify t=14 N=248320 K=2560 B=5 thr=64 mm=2
[xllama] d3d12_shape label=session_decode part=4/4 keys_total=43 | ctx=draft phase=catchup t=12 N=8192 K=2560 B=5 thr=64 mm=1 | ctx=draft phase=catchup t=14 N=1024 K=2560 B=5 thr=64 mm=1 | ctx=draft phase=catchup t=12 N=1024 K=2560 B=5 thr=64 mm=1 | ctx=draft phase=catchup t=12 N=2560 K=4096 B=5 thr=128 mm=1 | ctx=draft phase=catchup t=12 N=9216 K=2560 B=5 thr=64 mm=2 | ctx=draft phase=catchup t=14 N=2560 K=9216 B=5 thr=128 mm=1 | ctx=draft phase=catchup t=14 N=248320 K=2560 B=5 thr=64 mm=1
[xllama] MTP_STATS rounds=2 decodes=13 discarded=2 catchup_tok=7 draft_ms=41.0 sample_ms=8.1 topprob_ms=29.8 catchup_ms=22.4 verify_ms=216.3 corrective_ms=0.0
[xllama] session: KV rewind unsupported (hybrid cache) — full re-prefill (#170): common=18 resident=20 prompt=19
[xllama] session: turn full=1 kv_before=0 pf=19 prompt=19
[xllama] PHASE_PREFILL n_prompt=19 rows_kept=19 n_ubatch=64 calls=185 matmuls=233 gpu_ms=163.225744
[xllama] d3d12_shape label=session_prefill part=1/2 keys_total=24 | ctx=target phase=prefill t=14 N=8192 K=2560 B=19 thr=64 mm=12 | ctx=target phase=prefill t=12 N=4096 K=2560 B=19 thr=64 mm=24 | ctx=target phase=prefill t=13 N=2560 K=4096 B=19 thr=128 mm=24 | ctx=target phase=prefill t=12 N=9216 K=2560 B=19 thr=64 mm=64 | ctx=target phase=prefill t=14 N=2560 K=9216 B=19 thr=128 mm=16 | ctx=target phase=prefill t=12 N=8192 K=2560 B=19 thr=64 mm=20 | ctx=target phase=prefill t=14 N=1024 K=2560 B=19 thr=64 mm=4 | ctx=target phase=prefill t=12 N=1024 K=2560 B=19 thr=64 mm=12 | ctx=target phase=prefill t=12 N=2560 K=4096 B=19 thr=128 mm=8 | ctx=target phase=prefill t=12 N=2560 K=9216 B=19 thr=128 mm=16 | ctx=target phase=prefill t=14 N=248320 K=2560 B=1 thr=64 mm=2 | ctx=target phase=prefill t=12 N=8192 K=2560 B=6 thr=64 mm=3
[xllama] d3d12_shape label=session_prefill part=2/2 keys_total=24 | ctx=target phase=prefill t=14 N=1024 K=2560 B=6 thr=64 mm=3 | ctx=target phase=prefill t=12 N=1024 K=2560 B=6 thr=64 mm=3 | ctx=target phase=prefill t=12 N=2560 K=4096 B=6 thr=128 mm=3 | ctx=target phase=prefill t=12 N=9216 K=2560 B=6 thr=64 mm=6 | ctx=target phase=prefill t=14 N=2560 K=9216 B=6 thr=128 mm=3 | ctx=target phase=prefill t=14 N=248320 K=2560 B=6 thr=64 mm=3 | ctx=target phase=prefill t=12 N=8192 K=2560 B=1 thr=64 mm=1 | ctx=target phase=prefill t=14 N=1024 K=2560 B=1 thr=64 mm=1 | ctx=target phase=prefill t=12 N=1024 K=2560 B=1 thr=64 mm=1 | ctx=target phase=prefill t=12 N=2560 K=4096 B=1 thr=128 mm=1 | ctx=target phase=prefill t=12 N=9216 K=2560 B=1 thr=64 mm=2 | ctx=target phase=prefill t=14 N=2560 K=9216 B=1 thr=128 mm=1
[xllama] EOG after 2 tokens (spec reject) tok=248044 branch=spec-reject
[xllama] VROUND width=4 wall=105.86 d3w=46.34 d3g=35.05 cpu=656.25 reuse=0 accepted=1 gen=2
[xllama] session generate: n=2 prefill=331.6ms (19 tok) reuse=0 drafted=3 (mtp=3 lookup=0) spec_accept=1 (mtp=1 lookup=0)
[xllama] PHASE total_ms=486.0 prefill_ms=331.6 decode_ms=143.1 accounted_ms=142.9 residual_decode_ms=0.2 load_plus_setup_ms=11.3 draft_ms=16.2 sample_ms=3.3 topprob_ms=14.7 catchup_ms=0.0 verify_ms=105.9 verify_d3w=46.3 verify_d3g=35.0 verify_cpu=656.2 rounds_split=1 corrective_ms=0.0 classic_decode_ms=0.0 classic_catchup_ms=0.0 lookup_ms=0.0 sample_target_ms=2.9 emit_ms=0.0 maintain_ms=0.0 profile=1
[xllama] d3d12_shape label=session_decode part=1/2 keys_total=18 | ctx=draft phase=draft t=12 N=8192 K=2560 B=1 thr=64 mm=4 | ctx=draft phase=draft t=14 N=1024 K=2560 B=1 thr=64 mm=4 | ctx=draft phase=draft t=12 N=1024 K=2560 B=1 thr=64 mm=4 | ctx=draft phase=draft t=12 N=2560 K=4096 B=1 thr=128 mm=4 | ctx=draft phase=draft t=12 N=9216 K=2560 B=1 thr=64 mm=8 | ctx=draft phase=draft t=14 N=2560 K=9216 B=1 thr=128 mm=4 | ctx=draft phase=draft t=14 N=248320 K=2560 B=1 thr=64 mm=4 | ctx=target phase=verify t=14 N=8192 K=2560 B=4 thr=64 mm=12 | ctx=target phase=verify t=12 N=4096 K=2560 B=4 thr=64 mm=24 | ctx=target phase=verify t=13 N=2560 K=4096 B=4 thr=128 mm=24 | ctx=target phase=verify t=12 N=9216 K=2560 B=4 thr=64 mm=64 | ctx=target phase=verify t=14 N=2560 K=9216 B=4 thr=128 mm=16
[xllama] d3d12_shape label=session_decode part=2/2 keys_total=18 | ctx=target phase=verify t=12 N=8192 K=2560 B=4 thr=64 mm=20 | ctx=target phase=verify t=14 N=1024 K=2560 B=4 thr=64 mm=4 | ctx=target phase=verify t=12 N=1024 K=2560 B=4 thr=64 mm=12 | ctx=target phase=verify t=12 N=2560 K=4096 B=4 thr=128 mm=8 | ctx=target phase=verify t=12 N=2560 K=9216 B=4 thr=128 mm=16 | ctx=target phase=verify t=14 N=248320 K=2560 B=4 thr=64 mm=1
[xllama] MTP_STATS rounds=1 decodes=4 discarded=1 catchup_tok=0 draft_ms=16.2 sample_ms=3.3 topprob_ms=14.7 catchup_ms=0.0 verify_ms=105.9 corrective_ms=0.0
[llama] ~llama_context: D3D12_Host compute buffer size is   5.8489 MiB, matches expectation of   5.8489 MiB
[llama] ~llama_context: D3D12_Host compute buffer size is   0.0000 MiB, matches expectation of   0.0000 MiB
[xllama] d3d12: 2160 graph_compute calls, 2716 matmuls (544 2col), 885.6 ms wall (680.3 ms GPU)
[llama] ~llama_context: D3D12_Host compute buffer size is  63.0027 MiB, matches expectation of  63.0027 MiB
[llama] ~llama_context: D3D12_Host compute buffer size is   0.0000 MiB, matches expectation of   0.0000 MiB
[xllama] d3d12: 0 graph_compute calls, 0 matmuls (0 2col), 0.0 ms wall (0.0 ms GPU)
[xllama] gguf gpu layers: 34 on D3D12
[llama] llama_model_loader: mmap is not supported on this platform
[llama] llama_prepare_model_devices: using device D3D12 (xllama D3D12 compute (Q4_0/Q4_K/Q5_K/Q6_K matmul)) (unknown id) - 4129 MiB free
[llama] load_tensors: layer   0 assigned to device D3D12, is_swa = 0
[llama] load_tensors: layer   1 assigned to device D3D12, is_swa = 0
[llama] load_tensors: layer   2 assigned to device D3D12, is_swa = 0
[llama] load_tensors: layer   3 assigned to device D3D12, is_swa = 0
[llama] load_tensors: layer   4 assigned to device D3D12, is_swa = 0
[llama] load_tensors: layer   5 assigned to device D3D12, is_swa = 0
[llama] load_tensors: layer   6 assigned to device D3D12, is_swa = 0
[llama] load_tensors: layer   7 assigned to device D3D12, is_swa = 0
[llama] load_tensors: layer   8 assigned to device D3D12, is_swa = 0
[llama] load_tensors: layer   9 assigned to device D3D12, is_swa = 0
[llama] load_tensors: layer  10 assigned to device D3D12, is_swa = 0
[llama] load_tensors: layer  11 assigned to device D3D12, is_swa = 0
[llama] load_tensors: layer  12 assigned to device D3D12, is_swa = 0
[llama] load_tensors: layer  13 assigned to device D3D12, is_swa = 0
[llama] load_tensors: layer  14 assigned to device D3D12, is_swa = 0
[llama] load_tensors: layer  15 assigned to device D3D12, is_swa = 0
[llama] load_tensors: layer  16 assigned to device D3D12, is_swa = 0
[llama] load_tensors: layer  17 assigned to device D3D12, is_swa = 0
[llama] load_tensors: layer  18 assigned to device D3D12, is_swa = 0
[llama] load_tensors: layer  19 assigned to device D3D12, is_swa = 0
[llama] load_tensors: layer  20 assigned to device D3D12, is_swa = 0
[llama] load_tensors: layer  21 assigned to device D3D12, is_swa = 0
[llama] load_tensors: layer  22 assigned to device D3D12, is_swa = 0
[llama] load_tensors: layer  23 assigned to device D3D12, is_swa = 0
[llama] load_tensors: layer  24 assigned to device D3D12, is_swa = 0
[llama] load_tensors: layer  25 assigned to device D3D12, is_swa = 0
[llama] load_tensors: layer  26 assigned to device D3D12, is_swa = 0
[llama] load_tensors: layer  27 assigned to device D3D12, is_swa = 0
[llama] load_tensors: layer  28 assigned to device D3D12, is_swa = 0
[llama] load_tensors: layer  29 assigned to device D3D12, is_swa = 0
[llama] load_tensors: layer  30 assigned to device D3D12, is_swa = 0
[llama] load_tensors: layer  31 assigned to device D3D12, is_swa = 0
[llama] load_tensors: layer  32 assigned to device D3D12, is_swa = 0
[llama] load_tensors: layer  33 assigned to device D3D12, is_swa = 0
[llama] model has unused tensor blk.32.attn_norm.weight (size = 10240 bytes) -- ignoring
[llama] model has unused tensor blk.32.post_attention_norm.weight (size = 10240 bytes) -- ignoring
[llama] model has unused tensor blk.32.attn_q.weight (size = 11796480 bytes) -- ignoring
[llama] model has unused tensor blk.32.attn_k.weight (size = 1474560 bytes) -- ignoring
[llama] model has unused tensor blk.32.attn_v.weight (size = 2150400 bytes) -- ignoring
[llama] model has unused tensor blk.32.attn_output.weight (size = 5898240 bytes) -- ignoring
[llama] model has unused tensor blk.32.attn_q_norm.weight (size = 1024 bytes) -- ignoring
[llama] model has unused tensor blk.32.attn_k_norm.weight (size = 1024 bytes) -- ignoring
[llama] model has unused tensor blk.32.ffn_gate.weight (size = 13271040 bytes) -- ignoring
[llama] model has unused tensor blk.32.ffn_down.weight (size = 19353600 bytes) -- ignoring
[llama] model has unused tensor blk.32.ffn_up.weight (size = 13271040 bytes) -- ignoring
[llama] model has unused tensor blk.32.nextn.eh_proj.weight (size = 13926400 bytes) -- ignoring
[llama] model has unused tensor blk.32.nextn.enorm.weight (size = 10240 bytes) -- ignoring
[llama] model has unused tensor blk.32.nextn.hnorm.weight (size = 10240 bytes) -- ignoring
[llama] model has unused tensor blk.32.nextn.shared_head_norm.weight (size = 10240 bytes) -- ignoring
[xllama] d3d12: D3D12_Weights buffer 2597.1 MiB
[llama] load_tensors: offloading output layer to GPU
[llama] load_tensors: offloading 32 repeating layers to GPU
[llama] load_tensors: offloaded 34/34 layers to GPU
[llama] load_tensors:          CPU model buffer size =   515.98 MiB
[llama] load_tensors: D3D12_Weights model buffer size =  2597.13 MiB
[llama] load_all_data: buffer type D3D12_Weights is not the default buffer type for device D3D12 for async uploads
[xllama] Session: GGUF model loaded via llama.cpp (persistent)
[llama] llama_context: D3D12_Host  output buffer size =     0.95 MiB
[llama] llama_kv_cache:        CPU KV buffer size =    64.00 MiB
[llama] llama_memory_recurrent:        CPU RS buffer size =    50.25 MiB
[llama] resolve_fused_ops: layer 3 is assigned to device D3D12 but Flash Attention is assigned to device CPU (usually due to missing support)
[llama] resolve_fused_ops: Flash Attention not supported, set to disabled
[xllama] d3d12: D3D12_Host buffer 63.0 MiB
[llama] sched_reserve: D3D12_Host compute buffer size =    63.00 MiB
[llama] sched_reserve: graph splits = 322
[xllama] session: can_shift=0 (memory_can_shift=0 n_swa=0)
[xllama] session: turn full=1 kv_before=0 pf=19 prompt=19
[xllama] PHASE_PREFILL n_prompt=19 rows_kept=19 n_ubatch=64 calls=161 matmuls=201 gpu_ms=124.293253
[xllama] d3d12_shape label=session_prefill part=1/1 keys_total=11 | ctx=target phase=prefill t=14 N=8192 K=2560 B=19 thr=64 mm=12 | ctx=target phase=prefill t=12 N=4096 K=2560 B=19 thr=64 mm=24 | ctx=target phase=prefill t=13 N=2560 K=4096 B=19 thr=128 mm=24 | ctx=target phase=prefill t=12 N=9216 K=2560 B=19 thr=64 mm=64 | ctx=target phase=prefill t=14 N=2560 K=9216 B=19 thr=128 mm=16 | ctx=target phase=prefill t=12 N=8192 K=2560 B=19 thr=64 mm=20 | ctx=target phase=prefill t=14 N=1024 K=2560 B=19 thr=64 mm=4 | ctx=target phase=prefill t=12 N=1024 K=2560 B=19 thr=64 mm=12 | ctx=target phase=prefill t=12 N=2560 K=4096 B=19 thr=128 mm=8 | ctx=target phase=prefill t=12 N=2560 K=9216 B=19 thr=128 mm=16 | ctx=target phase=prefill t=14 N=248320 K=2560 B=1 thr=64 mm=1
[xllama] EOG after 2 tokens tok=248044 branch=classic
[xllama] session generate: n=2 prefill=242.2ms (19 tok) reuse=0 drafted=0 (mtp=0 lookup=0) spec_accept=0 (mtp=0 lookup=0)
[xllama] PHASE total_ms=383.5 prefill_ms=242.2 decode_ms=104.1 accounted_ms=104.0 residual_decode_ms=0.1 load_plus_setup_ms=37.2 draft_ms=0.0 sample_ms=0.0 topprob_ms=0.0 catchup_ms=0.0 verify_ms=0.0 verify_d3w=0.0 verify_d3g=0.0 verify_cpu=0.0 rounds_split=0 corrective_ms=0.0 classic_decode_ms=101.0 classic_catchup_ms=0.0 lookup_ms=0.0 sample_target_ms=2.9 emit_ms=0.0 maintain_ms=0.0 profile=1
[xllama] d3d12_shape label=session_decode part=1/1 keys_total=11 | ctx=target phase=classic t=14 N=8192 K=2560 B=1 thr=64 mm=24 | ctx=target phase=classic t=12 N=4096 K=2560 B=1 thr=64 mm=48 | ctx=target phase=classic t=13 N=2560 K=4096 B=1 thr=128 mm=48 | ctx=target phase=classic t=12 N=9216 K=2560 B=1 thr=64 mm=128 | ctx=target phase=classic t=14 N=2560 K=9216 B=1 thr=128 mm=32 | ctx=target phase=classic t=12 N=8192 K=2560 B=1 thr=64 mm=40 | ctx=target phase=classic t=14 N=1024 K=2560 B=1 thr=64 mm=8 | ctx=target phase=classic t=12 N=1024 K=2560 B=1 thr=64 mm=24 | ctx=target phase=classic t=12 N=2560 K=4096 B=1 thr=128 mm=16 | ctx=target phase=classic t=12 N=2560 K=9216 B=1 thr=128 mm=32 | ctx=target phase=classic t=14 N=248320 K=2560 B=1 thr=64 mm=2
[llama] ~llama_context: D3D12_Host compute buffer size is  63.0027 MiB, matches expectation of  63.0027 MiB
[llama] ~llama_context: D3D12_Host compute buffer size is   0.0000 MiB, matches expectation of   0.0000 MiB
[xllama] d3d12: 483 graph_compute calls, 603 matmuls (0 2col), 179.5 ms wall (146.5 ms GPU)
[xllama] TERMGATE scenario=stop@run arm=cand ok=1 reason=- n_ids=10 n_ref=-1 parity=1 first_diff=-1 active=1 drafted=8 rounds=2 lookup=0 ews=1 n_eval=10 eog_tok=-1 eog_branch=- stop_branch=spec stop_round=4
[xllama] gguf gpu layers: 34 on D3D12
[llama] llama_model_loader: mmap is not supported on this platform
[llama] llama_prepare_model_devices: using device D3D12 (xllama D3D12 compute (Q4_0/Q4_K/Q5_K/Q6_K matmul)) (unknown id) - 4129 MiB free
[llama] load_tensors: layer   0 assigned to device D3D12, is_swa = 0
[llama] load_tensors: layer   1 assigned to device D3D12, is_swa = 0
[llama] load_tensors: layer   2 assigned to device D3D12, is_swa = 0
[llama] load_tensors: layer   3 assigned to device D3D12, is_swa = 0
[llama] load_tensors: layer   4 assigned to device D3D12, is_swa = 0
[llama] load_tensors: layer   5 assigned to device D3D12, is_swa = 0
[llama] load_tensors: layer   6 assigned to device D3D12, is_swa = 0
[llama] load_tensors: layer   7 assigned to device D3D12, is_swa = 0
[llama] load_tensors: layer   8 assigned to device D3D12, is_swa = 0
[llama] load_tensors: layer   9 assigned to device D3D12, is_swa = 0
[llama] load_tensors: layer  10 assigned to device D3D12, is_swa = 0
[llama] load_tensors: layer  11 assigned to device D3D12, is_swa = 0
[llama] load_tensors: layer  12 assigned to device D3D12, is_swa = 0
[llama] load_tensors: layer  13 assigned to device D3D12, is_swa = 0
[llama] load_tensors: layer  14 assigned to device D3D12, is_swa = 0
[llama] load_tensors: layer  15 assigned to device D3D12, is_swa = 0
[llama] load_tensors: layer  16 assigned to device D3D12, is_swa = 0
[llama] load_tensors: layer  17 assigned to device D3D12, is_swa = 0
[llama] load_tensors: layer  18 assigned to device D3D12, is_swa = 0
[llama] load_tensors: layer  19 assigned to device D3D12, is_swa = 0
[llama] load_tensors: layer  20 assigned to device D3D12, is_swa = 0
[llama] load_tensors: layer  21 assigned to device D3D12, is_swa = 0
[llama] load_tensors: layer  22 assigned to device D3D12, is_swa = 0
[llama] load_tensors: layer  23 assigned to device D3D12, is_swa = 0
[llama] load_tensors: layer  24 assigned to device D3D12, is_swa = 0
[llama] load_tensors: layer  25 assigned to device D3D12, is_swa = 0
[llama] load_tensors: layer  26 assigned to device D3D12, is_swa = 0
[llama] load_tensors: layer  27 assigned to device D3D12, is_swa = 0
[llama] load_tensors: layer  28 assigned to device D3D12, is_swa = 0
[llama] load_tensors: layer  29 assigned to device D3D12, is_swa = 0
[llama] load_tensors: layer  30 assigned to device D3D12, is_swa = 0
[llama] load_tensors: layer  31 assigned to device D3D12, is_swa = 0
[llama] load_tensors: layer  32 assigned to device D3D12, is_swa = 0
[llama] load_tensors: layer  33 assigned to device D3D12, is_swa = 0
[xllama] d3d12: D3D12_Weights buffer 2661.2 MiB
[llama] load_tensors: offloading output layer to GPU
[llama] load_tensors: offloading 32 repeating layers to GPU
[llama] load_tensors: offloaded 34/34 layers to GPU
[llama] load_tensors:          CPU model buffer size =   529.31 MiB
[llama] load_tensors: D3D12_Weights model buffer size =  2661.23 MiB
[llama] load_all_data: buffer type D3D12_Weights is not the default buffer type for device D3D12 for async uploads
[xllama] Session: GGUF model loaded via llama.cpp (persistent)
[xllama] session: speculative n_rs_seq=4
[llama] llama_context: D3D12_Host  output buffer size =     0.95 MiB
[llama] llama_kv_cache:        CPU KV buffer size =    64.00 MiB
[llama] llama_memory_recurrent:        CPU RS buffer size =   251.25 MiB
[llama] resolve_fused_ops: layer 3 is assigned to device D3D12 but Flash Attention is assigned to device CPU (usually due to missing support)
[llama] resolve_fused_ops: Flash Attention not supported, set to disabled
[xllama] d3d12: D3D12_Host buffer 63.0 MiB
[llama] sched_reserve: D3D12_Host compute buffer size =    63.00 MiB
[llama] sched_reserve: graph splits = 322
[llama] llama_context: D3D12_Host  output buffer size =     0.95 MiB
[llama] llama_kv_cache:        CPU KV buffer size =     8.00 MiB
[llama] resolve_fused_ops: layer 32 is assigned to device D3D12 but Flash Attention is assigned to device CPU (usually due to missing support)
[llama] resolve_fused_ops: Flash Attention not supported, set to disabled
[xllama] d3d12: D3D12_Host buffer 5.8 MiB
[llama] sched_reserve: D3D12_Host compute buffer size =     5.85 MiB
[llama] sched_reserve: graph splits = 12
[xllama] mtp: draft ready, n_max=4 p_min=0.750000 dft_n_batch=6
[xllama] mtp: target nextn head layers=1
[xllama] mtp: split_mtp_weights=0 resident=0 tensors=0
[xllama] session: can_shift=0 (memory_can_shift=0 n_swa=0)
[xllama] session: turn full=1 kv_before=0 pf=7 prompt=7
[xllama] d3d12: D3D12_Host buffer 1.6 MiB
[xllama] d3d12: D3D12_Host buffer 5.7 MiB
[xllama] PHASE_PREFILL n_prompt=7 rows_kept=7 n_ubatch=64 calls=173 matmuls=217 gpu_ms=62.970466
[xllama] d3d12_shape label=session_prefill part=1/2 keys_total=24 | ctx=target phase=prefill t=14 N=8192 K=2560 B=7 thr=64 mm=12 | ctx=target phase=prefill t=12 N=4096 K=2560 B=7 thr=64 mm=24 | ctx=target phase=prefill t=13 N=2560 K=4096 B=7 thr=128 mm=24 | ctx=target phase=prefill t=12 N=9216 K=2560 B=7 thr=64 mm=64 | ctx=target phase=prefill t=14 N=2560 K=9216 B=7 thr=128 mm=16 | ctx=target phase=prefill t=12 N=8192 K=2560 B=7 thr=64 mm=20 | ctx=target phase=prefill t=14 N=1024 K=2560 B=7 thr=64 mm=4 | ctx=target phase=prefill t=12 N=1024 K=2560 B=7 thr=64 mm=12 | ctx=target phase=prefill t=12 N=2560 K=4096 B=7 thr=128 mm=8 | ctx=target phase=prefill t=12 N=2560 K=9216 B=7 thr=128 mm=16 | ctx=target phase=prefill t=14 N=248320 K=2560 B=1 thr=64 mm=2 | ctx=target phase=prefill t=12 N=8192 K=2560 B=6 thr=64 mm=1
[xllama] d3d12_shape label=session_prefill part=2/2 keys_total=24 | ctx=target phase=prefill t=14 N=1024 K=2560 B=6 thr=64 mm=1 | ctx=target phase=prefill t=12 N=1024 K=2560 B=6 thr=64 mm=1 | ctx=target phase=prefill t=12 N=2560 K=4096 B=6 thr=128 mm=1 | ctx=target phase=prefill t=12 N=9216 K=2560 B=6 thr=64 mm=2 | ctx=target phase=prefill t=14 N=2560 K=9216 B=6 thr=128 mm=1 | ctx=target phase=prefill t=14 N=248320 K=2560 B=6 thr=64 mm=1 | ctx=target phase=prefill t=12 N=8192 K=2560 B=1 thr=64 mm=1 | ctx=target phase=prefill t=14 N=1024 K=2560 B=1 thr=64 mm=1 | ctx=target phase=prefill t=12 N=1024 K=2560 B=1 thr=64 mm=1 | ctx=target phase=prefill t=12 N=2560 K=4096 B=1 thr=128 mm=1 | ctx=target phase=prefill t=12 N=9216 K=2560 B=1 thr=64 mm=2 | ctx=target phase=prefill t=14 N=2560 K=9216 B=1 thr=128 mm=1
[xllama] d3d12: D3D12_Host buffer 5.4 MiB
[xllama] VROUND width=5 wall=110.67 d3w=50.51 d3g=39.17 cpu=656.25 reuse=0 accepted=0 gen=64
[xllama] VROUND width=5 wall=107.67 d3w=50.73 d3g=39.18 cpu=656.25 reuse=1 accepted=4 gen=64
[xllama] VROUND width=5 wall=142.59 d3w=82.57 d3g=39.32 cpu=843.75 reuse=1 accepted=4 gen=64
[xllama] VROUND width=5 wall=109.19 d3w=50.97 d3g=39.27 cpu=656.25 reuse=1 accepted=3 gen=64
[xllama] VROUND width=2 wall=68.29 d3w=27.84 d3g=16.99 cpu=468.75 reuse=0 accepted=1 gen=64
[xllama] VROUND width=3 wall=85.00 d3w=36.50 d3g=25.48 cpu=468.75 reuse=0 accepted=2 gen=64
[xllama] VROUND width=2 wall=67.91 d3w=27.72 d3g=16.89 cpu=375.00 reuse=0 accepted=1 gen=64
[xllama] VROUND width=5 wall=109.08 d3w=50.59 d3g=39.13 cpu=656.25 reuse=0 accepted=4 gen=64
[xllama] VROUND width=5 wall=107.03 d3w=50.48 d3g=39.22 cpu=656.25 reuse=1 accepted=4 gen=64
[xllama] VROUND width=2 wall=69.86 d3w=27.64 d3g=16.86 cpu=375.00 reuse=0 accepted=1 gen=64
[xllama] VROUND width=3 wall=85.15 d3w=36.92 d3g=25.64 cpu=562.50 reuse=0 accepted=2 gen=64
[xllama] VROUND width=3 wall=83.10 d3w=36.52 d3g=25.57 cpu=468.75 reuse=1 accepted=2 gen=64
[xllama] VROUND width=4 wall=102.49 d3w=46.41 d3g=35.15 cpu=656.25 reuse=0 accepted=3 gen=64
[xllama] VROUND width=5 wall=109.66 d3w=50.57 d3g=39.16 cpu=656.25 reuse=0 accepted=4 gen=64
[xllama] VROUND width=2 wall=68.20 d3w=27.72 d3g=16.86 cpu=375.00 reuse=0 accepted=1 gen=64
[xllama] VROUND width=5 wall=109.11 d3w=50.56 d3g=39.21 cpu=656.25 reuse=0 accepted=4 gen=64
[xllama] VROUND width=4 wall=122.69 d3w=63.94 d3g=35.28 cpu=656.25 reuse=0 accepted=3 gen=64
[xllama] session generate: n=64 prefill=151.3ms (7 tok) reuse=0 drafted=48 (mtp=48 lookup=0) spec_accept=43 (mtp=43 lookup=0)
[xllama] PHASE total_ms=2881.5 prefill_ms=151.3 decode_ms=2652.1 accounted_ms=2650.1 residual_decode_ms=2.0 load_plus_setup_ms=78.1 draft_ms=257.4 sample_ms=50.7 topprob_ms=187.3 catchup_ms=198.4 verify_ms=1657.7 verify_d3w=768.2 verify_d3g=528.4 verify_cpu=9843.8 rounds_split=17 corrective_ms=0.0 classic_decode_ms=245.1 classic_catchup_ms=16.5 lookup_ms=0.0 sample_target_ms=53.3 emit_ms=0.1 maintain_ms=0.0 profile=1
[xllama] d3d12_shape label=session_decode part=1/9 keys_total=97 | ctx=draft phase=draft t=12 N=8192 K=2560 B=1 thr=64 mm=60 | ctx=draft phase=draft t=14 N=1024 K=2560 B=1 thr=64 mm=60 | ctx=draft phase=draft t=12 N=1024 K=2560 B=1 thr=64 mm=60 | ctx=draft phase=draft t=12 N=2560 K=4096 B=1 thr=128 mm=60 | ctx=draft phase=draft t=12 N=9216 K=2560 B=1 thr=64 mm=120 | ctx=draft phase=draft t=14 N=2560 K=9216 B=1 thr=128 mm=60 | ctx=draft phase=draft t=14 N=248320 K=2560 B=1 thr=64 mm=60 | ctx=target phase=classic t=14 N=8192 K=2560 B=1 thr=64 mm=48 | ctx=target phase=classic t=12 N=4096 K=2560 B=1 thr=64 mm=96 | ctx=target phase=classic t=13 N=2560 K=4096 B=1 thr=128 mm=96 | ctx=target phase=classic t=12 N=9216 K=2560 B=1 thr=64 mm=256 | ctx=target phase=classic t=14 N=2560 K=9216 B=1 thr=128 mm=64
[xllama] d3d12_shape label=session_decode part=2/9 keys_total=97 | ctx=target phase=classic t=12 N=8192 K=2560 B=1 thr=64 mm=80 | ctx=target phase=classic t=14 N=1024 K=2560 B=1 thr=64 mm=16 | ctx=target phase=classic t=12 N=1024 K=2560 B=1 thr=64 mm=48 | ctx=target phase=classic t=12 N=2560 K=4096 B=1 thr=128 mm=32 | ctx=target phase=classic t=12 N=2560 K=9216 B=1 thr=128 mm=64 | ctx=target phase=classic t=14 N=248320 K=2560 B=1 thr=64 mm=4 | ctx=draft phase=catchup t=12 N=8192 K=2560 B=1 thr=64 mm=5 | ctx=draft phase=catchup t=14 N=1024 K=2560 B=1 thr=64 mm=5 | ctx=draft phase=catchup t=12 N=1024 K=2560 B=1 thr=64 mm=5 | ctx=draft phase=catchup t=12 N=2560 K=4096 B=1 thr=128 mm=5 | ctx=draft phase=catchup t=12 N=9216 K=2560 B=1 thr=64 mm=10 | ctx=draft phase=catchup t=14 N=2560 K=9216 B=1 thr=128 mm=5
[xllama] d3d12_shape label=session_decode part=3/9 keys_total=97 | ctx=draft phase=catchup t=14 N=248320 K=2560 B=1 thr=64 mm=5 | ctx=target phase=verify t=14 N=8192 K=2560 B=5 thr=64 mm=96 | ctx=target phase=verify t=12 N=4096 K=2560 B=5 thr=64 mm=192 | ctx=target phase=verify t=13 N=2560 K=4096 B=5 thr=128 mm=192 | ctx=target phase=verify t=12 N=9216 K=2560 B=5 thr=64 mm=512 | ctx=target phase=verify t=14 N=2560 K=9216 B=5 thr=128 mm=128 | ctx=target phase=verify t=12 N=8192 K=2560 B=5 thr=64 mm=160 | ctx=target phase=verify t=14 N=1024 K=2560 B=5 thr=64 mm=32 | ctx=target phase=verify t=12 N=1024 K=2560 B=5 thr=64 mm=96 | ctx=target phase=verify t=12 N=2560 K=4096 B=5 thr=128 mm=64 | ctx=target phase=verify t=12 N=2560 K=9216 B=5 thr=128 mm=128 | ctx=target phase=verify t=14 N=248320 K=2560 B=5 thr=64 mm=8
[xllama] d3d12_shape label=session_decode part=4/9 keys_total=97 | ctx=draft phase=catchup t=12 N=8192 K=2560 B=5 thr=64 mm=6 | ctx=draft phase=catchup t=14 N=1024 K=2560 B=5 thr=64 mm=6 | ctx=draft phase=catchup t=12 N=1024 K=2560 B=5 thr=64 mm=6 | ctx=draft phase=catchup t=12 N=2560 K=4096 B=5 thr=128 mm=6 | ctx=draft phase=catchup t=12 N=9216 K=2560 B=5 thr=64 mm=12 | ctx=draft phase=catchup t=14 N=2560 K=9216 B=5 thr=128 mm=6 | ctx=draft phase=catchup t=14 N=248320 K=2560 B=5 thr=64 mm=6 | ctx=draft phase=catchup t=12 N=8192 K=2560 B=4 thr=64 mm=3 | ctx=draft phase=catchup t=14 N=1024 K=2560 B=4 thr=64 mm=3 | ctx=draft phase=catchup t=12 N=1024 K=2560 B=4 thr=64 mm=3 | ctx=draft phase=catchup t=12 N=2560 K=4096 B=4 thr=128 mm=3 | ctx=draft phase=catchup t=12 N=9216 K=2560 B=4 thr=64 mm=6
[xllama] d3d12_shape label=session_decode part=5/9 keys_total=97 | ctx=draft phase=catchup t=14 N=2560 K=9216 B=4 thr=128 mm=3 | ctx=draft phase=catchup t=14 N=248320 K=2560 B=4 thr=64 mm=3 | ctx=target phase=verify t=14 N=8192 K=2560 B=2 thr=64 mm=48 | ctx=target phase=verify t=12 N=4096 K=2560 B=2 thr=64 mm=96 | ctx=target phase=verify t=13 N=2560 K=4096 B=2 thr=128 mm=96 | ctx=target phase=verify t=12 N=9216 K=2560 B=2 thr=64 mm=256 | ctx=target phase=verify t=14 N=2560 K=9216 B=2 thr=128 mm=64 | ctx=target phase=verify t=12 N=8192 K=2560 B=2 thr=64 mm=80 | ctx=target phase=verify t=14 N=1024 K=2560 B=2 thr=64 mm=16 | ctx=target phase=verify t=12 N=1024 K=2560 B=2 thr=64 mm=48 | ctx=target phase=verify t=12 N=2560 K=4096 B=2 thr=128 mm=32 | ctx=target phase=verify t=12 N=2560 K=9216 B=2 thr=128 mm=64
[xllama] d3d12_shape label=session_decode part=6/9 keys_total=97 | ctx=target phase=verify t=14 N=248320 K=2560 B=2 thr=64 mm=4 | ctx=draft phase=catchup t=12 N=8192 K=2560 B=2 thr=64 mm=4 | ctx=draft phase=catchup t=14 N=1024 K=2560 B=2 thr=64 mm=4 | ctx=draft phase=catchup t=12 N=1024 K=2560 B=2 thr=64 mm=4 | ctx=draft phase=catchup t=12 N=2560 K=4096 B=2 thr=128 mm=4 | ctx=draft phase=catchup t=12 N=9216 K=2560 B=2 thr=64 mm=8 | ctx=draft phase=catchup t=14 N=2560 K=9216 B=2 thr=128 mm=4 | ctx=draft phase=catchup t=14 N=248320 K=2560 B=2 thr=64 mm=4 | ctx=target phase=verify t=14 N=8192 K=2560 B=3 thr=64 mm=36 | ctx=target phase=verify t=12 N=4096 K=2560 B=3 thr=64 mm=72 | ctx=target phase=verify t=13 N=2560 K=4096 B=3 thr=128 mm=72 | ctx=target phase=verify t=12 N=9216 K=2560 B=3 thr=64 mm=192
[xllama] d3d12_shape label=session_decode part=7/9 keys_total=97 | ctx=target phase=verify t=14 N=2560 K=9216 B=3 thr=128 mm=48 | ctx=target phase=verify t=12 N=8192 K=2560 B=3 thr=64 mm=60 | ctx=target phase=verify t=14 N=1024 K=2560 B=3 thr=64 mm=12 | ctx=target phase=verify t=12 N=1024 K=2560 B=3 thr=64 mm=36 | ctx=target phase=verify t=12 N=2560 K=4096 B=3 thr=128 mm=24 | ctx=target phase=verify t=12 N=2560 K=9216 B=3 thr=128 mm=48 | ctx=target phase=verify t=14 N=248320 K=2560 B=3 thr=64 mm=3 | ctx=draft phase=catchup t=12 N=8192 K=2560 B=3 thr=64 mm=3 | ctx=draft phase=catchup t=14 N=1024 K=2560 B=3 thr=64 mm=3 | ctx=draft phase=catchup t=12 N=1024 K=2560 B=3 thr=64 mm=3 | ctx=draft phase=catchup t=12 N=2560 K=4096 B=3 thr=128 mm=3 | ctx=draft phase=catchup t=12 N=9216 K=2560 B=3 thr=64 mm=6
[xllama] d3d12_shape label=session_decode part=8/9 keys_total=97 | ctx=draft phase=catchup t=14 N=2560 K=9216 B=3 thr=128 mm=3 | ctx=draft phase=catchup t=14 N=248320 K=2560 B=3 thr=64 mm=3 | ctx=target phase=verify t=14 N=8192 K=2560 B=4 thr=64 mm=24 | ctx=target phase=verify t=12 N=4096 K=2560 B=4 thr=64 mm=48 | ctx=target phase=verify t=13 N=2560 K=4096 B=4 thr=128 mm=48 | ctx=target phase=verify t=12 N=9216 K=2560 B=4 thr=64 mm=128 | ctx=target phase=verify t=14 N=2560 K=9216 B=4 thr=128 mm=32 | ctx=target phase=verify t=12 N=8192 K=2560 B=4 thr=64 mm=40 | ctx=target phase=verify t=14 N=1024 K=2560 B=4 thr=64 mm=8 | ctx=target phase=verify t=12 N=1024 K=2560 B=4 thr=64 mm=24 | ctx=target phase=verify t=12 N=2560 K=4096 B=4 thr=128 mm=16 | ctx=target phase=verify t=12 N=2560 K=9216 B=4 thr=128 mm=32
[xllama] d3d12_shape label=session_decode part=9/9 keys_total=97 | ctx=target phase=verify t=14 N=248320 K=2560 B=4 thr=64 mm=2
[xllama] MTP_STATS rounds=17 decodes=81 discarded=12 catchup_tok=64 draft_ms=257.4 sample_ms=50.7 topprob_ms=187.3 catchup_ms=198.4 verify_ms=1657.7 corrective_ms=0.0
[xllama] TERMGATE eog_probe idx=0 n_eval=64 reason=cap[xllama] TERMGATE scenario=eog@0 arm=cand ok=1 reason=cap n_ids=64 n_ref=-1 parity=-1 first_diff=-1 active=1 drafted=48 rounds=17 lookup=0 ews=0 n_eval=64 eog_tok=-1 eog_branch=- stop_branch=- stop_round=-1
[xllama] session: KV prefix reuse none — resident 71 tok, prompt 1 tok (first mismatch at 0) (#170)
[xllama] session: turn full=1 kv_before=0 pf=1 prompt=1
[xllama] PHASE_PREFILL n_prompt=1 rows_kept=1 n_ubatch=64 calls=167 matmuls=209 gpu_ms=13.400261
[xllama] d3d12_shape label=session_prefill part=1/1 keys_total=11 | ctx=target phase=prefill t=14 N=8192 K=2560 B=1 thr=64 mm=12 | ctx=target phase=prefill t=12 N=4096 K=2560 B=1 thr=64 mm=24 | ctx=target phase=prefill t=13 N=2560 K=4096 B=1 thr=128 mm=24 | ctx=target phase=prefill t=12 N=9216 K=2560 B=1 thr=64 mm=66 | ctx=target phase=prefill t=14 N=2560 K=9216 B=1 thr=128 mm=17 | ctx=target phase=prefill t=12 N=8192 K=2560 B=1 thr=64 mm=21 | ctx=target phase=prefill t=14 N=1024 K=2560 B=1 thr=64 mm=5 | ctx=target phase=prefill t=12 N=1024 K=2560 B=1 thr=64 mm=13 | ctx=target phase=prefill t=12 N=2560 K=4096 B=1 thr=128 mm=9 | ctx=target phase=prefill t=12 N=2560 K=9216 B=1 thr=128 mm=16 | ctx=target phase=prefill t=14 N=248320 K=2560 B=1 thr=64 mm=2
[xllama] VROUND width=2 wall=68.28 d3w=28.04 d3g=16.84 cpu=375.00 reuse=0 accepted=1 gen=64
[xllama] VROUND width=2 wall=68.02 d3w=27.65 d3g=16.85 cpu=468.75 reuse=0 accepted=1 gen=64
[xllama] VROUND width=2 wall=67.58 d3w=27.31 d3g=16.90 cpu=375.00 reuse=0 accepted=1 gen=64
[xllama] VROUND width=2 wall=68.24 d3w=27.95 d3g=16.92 cpu=375.00 reuse=0 accepted=1 gen=64
[xllama] VROUND width=2 wall=65.94 d3w=27.65 d3g=16.95 cpu=375.00 reuse=1 accepted=1 gen=64
[xllama] VROUND width=5 wall=112.35 d3w=53.99 d3g=39.29 cpu=656.25 reuse=0 accepted=4 gen=64
[xllama] VROUND width=2 wall=67.91 d3w=27.74 d3g=16.97 cpu=375.00 reuse=0 accepted=0 gen=64
[xllama] VROUND width=2 wall=66.11 d3w=27.64 d3g=16.95 cpu=468.75 reuse=1 accepted=1 gen=64
[xllama] VROUND width=3 wall=85.20 d3w=36.62 d3g=25.61 cpu=468.75 reuse=0 accepted=2 gen=64
[xllama] VROUND width=2 wall=68.18 d3w=27.89 d3g=16.88 cpu=375.00 reuse=0 accepted=1 gen=64
[xllama] VROUND width=5 wall=109.27 d3w=50.57 d3g=39.23 cpu=656.25 reuse=0 accepted=4 gen=64
[xllama] VROUND width=4 wall=109.74 d3w=53.53 d3g=35.12 cpu=656.25 reuse=0 accepted=3 gen=64
[xllama] VROUND width=3 wall=85.01 d3w=36.63 d3g=25.48 cpu=468.75 reuse=0 accepted=2 gen=64
[xllama] VROUND width=2 wall=68.04 d3w=27.68 d3g=16.88 cpu=468.75 reuse=0 accepted=1 gen=64
[xllama] session generate: n=64 prefill=59.1ms (1 tok) reuse=0 drafted=24 (mtp=24 lookup=0) spec_accept=23 (mtp=23 lookup=0)
[xllama] PHASE total_ms=3296.5 prefill_ms=59.1 decode_ms=3220.6 accounted_ms=3218.0 residual_decode_ms=2.6 load_plus_setup_ms=16.8 draft_ms=253.3 sample_ms=51.5 topprob_ms=96.7 catchup_ms=229.7 verify_ms=1109.9 verify_d3w=480.9 verify_d3g=316.9 verify_cpu=6562.5 rounds_split=14 corrective_ms=0.0 classic_decode_ms=1422.9 classic_catchup_ms=112.7 lookup_ms=0.0 sample_target_ms=53.9 emit_ms=0.1 maintain_ms=0.1 profile=1
[xllama] d3d12_shape label=session_decode part=1/9 keys_total=97 | ctx=draft phase=draft t=12 N=8192 K=2560 B=1 thr=64 mm=62 | ctx=draft phase=draft t=14 N=1024 K=2560 B=1 thr=64 mm=62 | ctx=draft phase=draft t=12 N=1024 K=2560 B=1 thr=64 mm=62 | ctx=draft phase=draft t=12 N=2560 K=4096 B=1 thr=128 mm=62 | ctx=draft phase=draft t=12 N=9216 K=2560 B=1 thr=64 mm=124 | ctx=draft phase=draft t=14 N=2560 K=9216 B=1 thr=128 mm=62 | ctx=draft phase=draft t=14 N=248320 K=2560 B=1 thr=64 mm=62 | ctx=target phase=classic t=14 N=8192 K=2560 B=1 thr=64 mm=324 | ctx=target phase=classic t=12 N=4096 K=2560 B=1 thr=64 mm=648 | ctx=target phase=classic t=13 N=2560 K=4096 B=1 thr=128 mm=648 | ctx=target phase=classic t=12 N=9216 K=2560 B=1 thr=64 mm=1728 | ctx=target phase=classic t=14 N=2560 K=9216 B=1 thr=128 mm=432
[xllama] d3d12_shape label=session_decode part=2/9 keys_total=97 | ctx=target phase=classic t=12 N=8192 K=2560 B=1 thr=64 mm=540 | ctx=target phase=classic t=14 N=1024 K=2560 B=1 thr=64 mm=108 | ctx=target phase=classic t=12 N=1024 K=2560 B=1 thr=64 mm=324 | ctx=target phase=classic t=12 N=2560 K=4096 B=1 thr=128 mm=216 | ctx=target phase=classic t=12 N=2560 K=9216 B=1 thr=128 mm=432 | ctx=target phase=classic t=14 N=248320 K=2560 B=1 thr=64 mm=27 | ctx=draft phase=catchup t=12 N=8192 K=2560 B=1 thr=64 mm=28 | ctx=draft phase=catchup t=14 N=1024 K=2560 B=1 thr=64 mm=28 | ctx=draft phase=catchup t=12 N=1024 K=2560 B=1 thr=64 mm=28 | ctx=draft phase=catchup t=12 N=2560 K=4096 B=1 thr=128 mm=28 | ctx=draft phase=catchup t=12 N=9216 K=2560 B=1 thr=64 mm=56 | ctx=draft phase=catchup t=14 N=2560 K=9216 B=1 thr=128 mm=28
[xllama] d3d12_shape label=session_decode part=3/9 keys_total=97 | ctx=draft phase=catchup t=14 N=248320 K=2560 B=1 thr=64 mm=28 | ctx=target phase=verify t=14 N=8192 K=2560 B=2 thr=64 mm=108 | ctx=target phase=verify t=12 N=4096 K=2560 B=2 thr=64 mm=216 | ctx=target phase=verify t=13 N=2560 K=4096 B=2 thr=128 mm=216 | ctx=target phase=verify t=12 N=9216 K=2560 B=2 thr=64 mm=576 | ctx=target phase=verify t=14 N=2560 K=9216 B=2 thr=128 mm=144 | ctx=target phase=verify t=12 N=8192 K=2560 B=2 thr=64 mm=180 | ctx=target phase=verify t=14 N=1024 K=2560 B=2 thr=64 mm=36 | ctx=target phase=verify t=12 N=1024 K=2560 B=2 thr=64 mm=108 | ctx=target phase=verify t=12 N=2560 K=4096 B=2 thr=128 mm=72 | ctx=target phase=verify t=12 N=2560 K=9216 B=2 thr=128 mm=144 | ctx=target phase=verify t=14 N=248320 K=2560 B=2 thr=64 mm=9
[xllama] d3d12_shape label=session_decode part=4/9 keys_total=97 | ctx=draft phase=catchup t=12 N=8192 K=2560 B=2 thr=64 mm=8 | ctx=draft phase=catchup t=14 N=1024 K=2560 B=2 thr=64 mm=8 | ctx=draft phase=catchup t=12 N=1024 K=2560 B=2 thr=64 mm=8 | ctx=draft phase=catchup t=12 N=2560 K=4096 B=2 thr=128 mm=8 | ctx=draft phase=catchup t=12 N=9216 K=2560 B=2 thr=64 mm=16 | ctx=draft phase=catchup t=14 N=2560 K=9216 B=2 thr=128 mm=8 | ctx=draft phase=catchup t=14 N=248320 K=2560 B=2 thr=64 mm=8 | ctx=target phase=verify t=14 N=8192 K=2560 B=5 thr=64 mm=24 | ctx=target phase=verify t=12 N=4096 K=2560 B=5 thr=64 mm=48 | ctx=target phase=verify t=13 N=2560 K=4096 B=5 thr=128 mm=48 | ctx=target phase=verify t=12 N=9216 K=2560 B=5 thr=64 mm=128 | ctx=target phase=verify t=14 N=2560 K=9216 B=5 thr=128 mm=32
[xllama] d3d12_shape label=session_decode part=5/9 keys_total=97 | ctx=target phase=verify t=12 N=8192 K=2560 B=5 thr=64 mm=40 | ctx=target phase=verify t=14 N=1024 K=2560 B=5 thr=64 mm=8 | ctx=target phase=verify t=12 N=1024 K=2560 B=5 thr=64 mm=24 | ctx=target phase=verify t=12 N=2560 K=4096 B=5 thr=128 mm=16 | ctx=target phase=verify t=12 N=2560 K=9216 B=5 thr=128 mm=32 | ctx=target phase=verify t=14 N=248320 K=2560 B=5 thr=64 mm=2 | ctx=draft phase=catchup t=12 N=8192 K=2560 B=5 thr=64 mm=2 | ctx=draft phase=catchup t=14 N=1024 K=2560 B=5 thr=64 mm=2 | ctx=draft phase=catchup t=12 N=1024 K=2560 B=5 thr=64 mm=2 | ctx=draft phase=catchup t=12 N=2560 K=4096 B=5 thr=128 mm=2 | ctx=draft phase=catchup t=12 N=9216 K=2560 B=5 thr=64 mm=4 | ctx=draft phase=catchup t=14 N=2560 K=9216 B=5 thr=128 mm=2
[xllama] d3d12_shape label=session_decode part=6/9 keys_total=97 | ctx=draft phase=catchup t=14 N=248320 K=2560 B=5 thr=64 mm=2 | ctx=target phase=verify t=14 N=8192 K=2560 B=3 thr=64 mm=24 | ctx=target phase=verify t=12 N=4096 K=2560 B=3 thr=64 mm=48 | ctx=target phase=verify t=13 N=2560 K=4096 B=3 thr=128 mm=48 | ctx=target phase=verify t=12 N=9216 K=2560 B=3 thr=64 mm=128 | ctx=target phase=verify t=14 N=2560 K=9216 B=3 thr=128 mm=32 | ctx=target phase=verify t=12 N=8192 K=2560 B=3 thr=64 mm=40 | ctx=target phase=verify t=14 N=1024 K=2560 B=3 thr=64 mm=8 | ctx=target phase=verify t=12 N=1024 K=2560 B=3 thr=64 mm=24 | ctx=target phase=verify t=12 N=2560 K=4096 B=3 thr=128 mm=16 | ctx=target phase=verify t=12 N=2560 K=9216 B=3 thr=128 mm=32 | ctx=target phase=verify t=14 N=248320 K=2560 B=3 thr=64 mm=2
[xllama] d3d12_shape label=session_decode part=7/9 keys_total=97 | ctx=draft phase=catchup t=12 N=8192 K=2560 B=3 thr=64 mm=2 | ctx=draft phase=catchup t=14 N=1024 K=2560 B=3 thr=64 mm=2 | ctx=draft phase=catchup t=12 N=1024 K=2560 B=3 thr=64 mm=2 | ctx=draft phase=catchup t=12 N=2560 K=4096 B=3 thr=128 mm=2 | ctx=draft phase=catchup t=12 N=9216 K=2560 B=3 thr=64 mm=4 | ctx=draft phase=catchup t=14 N=2560 K=9216 B=3 thr=128 mm=2 | ctx=draft phase=catchup t=14 N=248320 K=2560 B=3 thr=64 mm=2 | ctx=target phase=verify t=14 N=8192 K=2560 B=4 thr=64 mm=12 | ctx=target phase=verify t=12 N=4096 K=2560 B=4 thr=64 mm=24 | ctx=target phase=verify t=13 N=2560 K=4096 B=4 thr=128 mm=24 | ctx=target phase=verify t=12 N=9216 K=2560 B=4 thr=64 mm=64 | ctx=target phase=verify t=14 N=2560 K=9216 B=4 thr=128 mm=16
[xllama] d3d12_shape label=session_decode part=8/9 keys_total=97 | ctx=target phase=verify t=12 N=8192 K=2560 B=4 thr=64 mm=20 | ctx=target phase=verify t=14 N=1024 K=2560 B=4 thr=64 mm=4 | ctx=target phase=verify t=12 N=1024 K=2560 B=4 thr=64 mm=12 | ctx=target phase=verify t=12 N=2560 K=4096 B=4 thr=128 mm=8 | ctx=target phase=verify t=12 N=2560 K=9216 B=4 thr=128 mm=16 | ctx=target phase=verify t=14 N=248320 K=2560 B=4 thr=64 mm=1 | ctx=draft phase=catchup t=12 N=8192 K=2560 B=4 thr=64 mm=1 | ctx=draft phase=catchup t=14 N=1024 K=2560 B=4 thr=64 mm=1 | ctx=draft phase=catchup t=12 N=1024 K=2560 B=4 thr=64 mm=1 | ctx=draft phase=catchup t=12 N=2560 K=4096 B=4 thr=128 mm=1 | ctx=draft phase=catchup t=12 N=9216 K=2560 B=4 thr=64 mm=2 | ctx=draft phase=catchup t=14 N=2560 K=9216 B=4 thr=128 mm=1
[xllama] d3d12_shape label=session_decode part=9/9 keys_total=97 | ctx=draft phase=catchup t=14 N=248320 K=2560 B=4 thr=64 mm=1
[xllama] MTP_STATS rounds=14 decodes=103 discarded=38 catchup_tok=64 draft_ms=253.3 sample_ms=51.5 topprob_ms=96.7 catchup_ms=229.7 verify_ms=1109.9 corrective_ms=0.0
[xllama] TERMGATE eog_probe idx=1 n_eval=64 reason=cap[xllama] TERMGATE scenario=eog@1 arm=cand ok=1 reason=cap n_ids=64 n_ref=-1 parity=-1 first_diff=-1 active=1 drafted=24 rounds=14 lookup=0 ews=0 n_eval=64 eog_tok=-1 eog_branch=- stop_branch=- stop_round=-1
[xllama] session: KV prefix reuse none — resident 65 tok, prompt 4 tok (first mismatch at 0) (#170)
[xllama] session: turn full=1 kv_before=0 pf=4 prompt=4
[xllama] PHASE_PREFILL n_prompt=4 rows_kept=4 n_ubatch=64 calls=167 matmuls=209 gpu_ms=38.204912
[xllama] d3d12_shape label=session_prefill part=1/1 keys_total=12 | ctx=target phase=prefill t=14 N=8192 K=2560 B=4 thr=64 mm=12 | ctx=target phase=prefill t=12 N=4096 K=2560 B=4 thr=64 mm=24 | ctx=target phase=prefill t=13 N=2560 K=4096 B=4 thr=128 mm=24 | ctx=target phase=prefill t=12 N=9216 K=2560 B=4 thr=64 mm=66 | ctx=target phase=prefill t=14 N=2560 K=9216 B=4 thr=128 mm=17 | ctx=target phase=prefill t=12 N=8192 K=2560 B=4 thr=64 mm=21 | ctx=target phase=prefill t=14 N=1024 K=2560 B=4 thr=64 mm=5 | ctx=target phase=prefill t=12 N=1024 K=2560 B=4 thr=64 mm=13 | ctx=target phase=prefill t=12 N=2560 K=4096 B=4 thr=128 mm=9 | ctx=target phase=prefill t=12 N=2560 K=9216 B=4 thr=128 mm=16 | ctx=target phase=prefill t=14 N=248320 K=2560 B=1 thr=64 mm=1 | ctx=target phase=prefill t=14 N=248320 K=2560 B=4 thr=64 mm=1
[xllama] VROUND width=4 wall=103.77 d3w=47.07 d3g=35.21 cpu=656.25 reuse=0 accepted=1 gen=64
[xllama] VROUND width=2 wall=68.81 d3w=28.14 d3g=16.93 cpu=437.50 reuse=0 accepted=1 gen=64
[xllama] VROUND width=2 wall=66.69 d3w=28.10 d3g=16.97 cpu=468.75 reuse=1 accepted=1 gen=64
[xllama] VROUND width=2 wall=65.98 d3w=27.49 d3g=16.86 cpu=375.00 reuse=1 accepted=1 gen=64
[xllama] VROUND width=2 wall=66.05 d3w=27.49 d3g=16.87 cpu=375.00 reuse=1 accepted=1 gen=64
[xllama] VROUND width=2 wall=66.21 d3w=27.60 d3g=16.95 cpu=468.75 reuse=1 accepted=1 gen=64
[xllama] VROUND width=2 wall=66.13 d3w=27.81 d3g=16.84 cpu=375.00 reuse=1 accepted=1 gen=64
[xllama] VROUND width=2 wall=66.66 d3w=28.09 d3g=16.87 cpu=375.00 reuse=1 accepted=1 gen=64
[xllama] VROUND width=2 wall=66.00 d3w=27.66 d3g=16.97 cpu=468.75 reuse=1 accepted=1 gen=64
[xllama] VROUND width=2 wall=66.74 d3w=28.12 d3g=16.93 cpu=375.00 reuse=1 accepted=1 gen=64
[xllama] VROUND width=3 wall=84.89 d3w=36.51 d3g=25.49 cpu=562.50 reuse=0 accepted=2 gen=64
[xllama] VROUND width=2 wall=68.29 d3w=27.97 d3g=17.02 cpu=468.75 reuse=0 accepted=1 gen=64
[xllama] VROUND width=2 wall=66.00 d3w=27.57 d3g=16.95 cpu=375.00 reuse=1 accepted=1 gen=64
[xllama] VROUND width=3 wall=85.21 d3w=36.89 d3g=25.55 cpu=562.50 reuse=0 accepted=2 gen=64
[xllama] VROUND width=2 wall=68.08 d3w=27.96 d3g=16.94 cpu=468.75 reuse=0 accepted=1 gen=64
[xllama] VROUND width=3 wall=84.91 d3w=36.65 d3g=25.46 cpu=468.75 reuse=0 accepted=2 gen=64
[xllama] VROUND width=4 wall=102.32 d3w=46.42 d3g=35.03 cpu=656.25 reuse=0 accepted=3 gen=64
[xllama] VROUND width=3 wall=85.13 d3w=36.79 d3g=25.57 cpu=468.75 reuse=0 accepted=2 gen=64
[xllama] VROUND width=4 wall=102.41 d3w=46.51 d3g=35.11 cpu=656.25 reuse=0 accepted=3 gen=64
[xllama] VROUND width=3 wall=85.45 d3w=36.89 d3g=25.60 cpu=562.50 reuse=0 accepted=2 gen=64
[xllama] VROUND width=2 wall=68.53 d3w=27.88 d3g=16.87 cpu=468.75 reuse=0 accepted=1 gen=64
[xllama] VROUND width=4 wall=102.40 d3w=46.53 d3g=35.27 cpu=656.25 reuse=0 accepted=3 gen=64
[xllama] VROUND width=2 wall=67.88 d3w=27.57 d3g=16.88 cpu=375.00 reuse=0 accepted=1 gen=64
[xllama] VROUND width=2 wall=65.85 d3w=27.48 d3g=16.90 cpu=375.00 reuse=1 accepted=1 gen=64
[xllama] session generate: n=64 prefill=110.6ms (4 tok) reuse=0 drafted=37 (mtp=37 lookup=0) spec_accept=35 (mtp=35 lookup=0)
[xllama] PHASE total_ms=2964.4 prefill_ms=110.6 decode_ms=2837.6 accounted_ms=2835.2 residual_decode_ms=2.4 load_plus_setup_ms=16.2 draft_ms=267.2 sample_ms=55.3 topprob_ms=146.8 catchup_ms=210.1 verify_ms=1840.4 verify_d3w=787.2 verify_d3g=522.1 verify_cpu=11500.0 rounds_split=24 corrective_ms=0.0 classic_decode_ms=261.1 classic_catchup_ms=20.4 lookup_ms=0.0 sample_target_ms=54.1 emit_ms=0.1 maintain_ms=0.0 profile=1
[xllama] d3d12_shape label=session_decode part=1/7 keys_total=79 | ctx=draft phase=draft t=12 N=8192 K=2560 B=1 thr=64 mm=65 | ctx=draft phase=draft t=14 N=1024 K=2560 B=1 thr=64 mm=65 | ctx=draft phase=draft t=12 N=1024 K=2560 B=1 thr=64 mm=65 | ctx=draft phase=draft t=12 N=2560 K=4096 B=1 thr=128 mm=65 | ctx=draft phase=draft t=12 N=9216 K=2560 B=1 thr=64 mm=130 | ctx=draft phase=draft t=14 N=2560 K=9216 B=1 thr=128 mm=65 | ctx=draft phase=draft t=14 N=248320 K=2560 B=1 thr=64 mm=65 | ctx=target phase=classic t=14 N=8192 K=2560 B=1 thr=64 mm=60 | ctx=target phase=classic t=12 N=4096 K=2560 B=1 thr=64 mm=120 | ctx=target phase=classic t=13 N=2560 K=4096 B=1 thr=128 mm=120 | ctx=target phase=classic t=12 N=9216 K=2560 B=1 thr=64 mm=320 | ctx=target phase=classic t=14 N=2560 K=9216 B=1 thr=128 mm=80
[xllama] d3d12_shape label=session_decode part=2/7 keys_total=79 | ctx=target phase=classic t=12 N=8192 K=2560 B=1 thr=64 mm=100 | ctx=target phase=classic t=14 N=1024 K=2560 B=1 thr=64 mm=20 | ctx=target phase=classic t=12 N=1024 K=2560 B=1 thr=64 mm=60 | ctx=target phase=classic t=12 N=2560 K=4096 B=1 thr=128 mm=40 | ctx=target phase=classic t=12 N=2560 K=9216 B=1 thr=128 mm=80 | ctx=target phase=classic t=14 N=248320 K=2560 B=1 thr=64 mm=5 | ctx=draft phase=catchup t=12 N=8192 K=2560 B=1 thr=64 mm=5 | ctx=draft phase=catchup t=14 N=1024 K=2560 B=1 thr=64 mm=5 | ctx=draft phase=catchup t=12 N=1024 K=2560 B=1 thr=64 mm=5 | ctx=draft phase=catchup t=12 N=2560 K=4096 B=1 thr=128 mm=5 | ctx=draft phase=catchup t=12 N=9216 K=2560 B=1 thr=64 mm=10 | ctx=draft phase=catchup t=14 N=2560 K=9216 B=1 thr=128 mm=5
[xllama] d3d12_shape label=session_decode part=3/7 keys_total=79 | ctx=draft phase=catchup t=14 N=248320 K=2560 B=1 thr=64 mm=5 | ctx=target phase=verify t=14 N=8192 K=2560 B=4 thr=64 mm=48 | ctx=target phase=verify t=12 N=4096 K=2560 B=4 thr=64 mm=96 | ctx=target phase=verify t=13 N=2560 K=4096 B=4 thr=128 mm=96 | ctx=target phase=verify t=12 N=9216 K=2560 B=4 thr=64 mm=256 | ctx=target phase=verify t=14 N=2560 K=9216 B=4 thr=128 mm=64 | ctx=target phase=verify t=12 N=8192 K=2560 B=4 thr=64 mm=80 | ctx=target phase=verify t=14 N=1024 K=2560 B=4 thr=64 mm=16 | ctx=target phase=verify t=12 N=1024 K=2560 B=4 thr=64 mm=48 | ctx=target phase=verify t=12 N=2560 K=4096 B=4 thr=128 mm=32 | ctx=target phase=verify t=12 N=2560 K=9216 B=4 thr=128 mm=64 | ctx=target phase=verify t=14 N=248320 K=2560 B=4 thr=64 mm=4
[xllama] d3d12_shape label=session_decode part=4/7 keys_total=79 | ctx=draft phase=catchup t=12 N=8192 K=2560 B=2 thr=64 mm=16 | ctx=draft phase=catchup t=14 N=1024 K=2560 B=2 thr=64 mm=16 | ctx=draft phase=catchup t=12 N=1024 K=2560 B=2 thr=64 mm=16 | ctx=draft phase=catchup t=12 N=2560 K=4096 B=2 thr=128 mm=16 | ctx=draft phase=catchup t=12 N=9216 K=2560 B=2 thr=64 mm=32 | ctx=draft phase=catchup t=14 N=2560 K=9216 B=2 thr=128 mm=16 | ctx=draft phase=catchup t=14 N=248320 K=2560 B=2 thr=64 mm=16 | ctx=target phase=verify t=14 N=8192 K=2560 B=2 thr=64 mm=180 | ctx=target phase=verify t=12 N=4096 K=2560 B=2 thr=64 mm=360 | ctx=target phase=verify t=13 N=2560 K=4096 B=2 thr=128 mm=360 | ctx=target phase=verify t=12 N=9216 K=2560 B=2 thr=64 mm=960 | ctx=target phase=verify t=14 N=2560 K=9216 B=2 thr=128 mm=240
[xllama] d3d12_shape label=session_decode part=5/7 keys_total=79 | ctx=target phase=verify t=12 N=8192 K=2560 B=2 thr=64 mm=300 | ctx=target phase=verify t=14 N=1024 K=2560 B=2 thr=64 mm=60 | ctx=target phase=verify t=12 N=1024 K=2560 B=2 thr=64 mm=180 | ctx=target phase=verify t=12 N=2560 K=4096 B=2 thr=128 mm=120 | ctx=target phase=verify t=12 N=2560 K=9216 B=2 thr=128 mm=240 | ctx=target phase=verify t=14 N=248320 K=2560 B=2 thr=64 mm=15 | ctx=target phase=verify t=14 N=8192 K=2560 B=3 thr=64 mm=60 | ctx=target phase=verify t=12 N=4096 K=2560 B=3 thr=64 mm=120 | ctx=target phase=verify t=13 N=2560 K=4096 B=3 thr=128 mm=120 | ctx=target phase=verify t=12 N=9216 K=2560 B=3 thr=64 mm=320 | ctx=target phase=verify t=14 N=2560 K=9216 B=3 thr=128 mm=80 | ctx=target phase=verify t=12 N=8192 K=2560 B=3 thr=64 mm=100
[xllama] d3d12_shape label=session_decode part=6/7 keys_total=79 | ctx=target phase=verify t=14 N=1024 K=2560 B=3 thr=64 mm=20 | ctx=target phase=verify t=12 N=1024 K=2560 B=3 thr=64 mm=60 | ctx=target phase=verify t=12 N=2560 K=4096 B=3 thr=128 mm=40 | ctx=target phase=verify t=12 N=2560 K=9216 B=3 thr=128 mm=80 | ctx=target phase=verify t=14 N=248320 K=2560 B=3 thr=64 mm=5 | ctx=draft phase=catchup t=12 N=8192 K=2560 B=3 thr=64 mm=5 | ctx=draft phase=catchup t=14 N=1024 K=2560 B=3 thr=64 mm=5 | ctx=draft phase=catchup t=12 N=1024 K=2560 B=3 thr=64 mm=5 | ctx=draft phase=catchup t=12 N=2560 K=4096 B=3 thr=128 mm=5 | ctx=draft phase=catchup t=12 N=9216 K=2560 B=3 thr=64 mm=10 | ctx=draft phase=catchup t=14 N=2560 K=9216 B=3 thr=128 mm=5 | ctx=draft phase=catchup t=14 N=248320 K=2560 B=3 thr=64 mm=5
[xllama] d3d12_shape label=session_decode part=7/7 keys_total=79 | ctx=draft phase=catchup t=12 N=8192 K=2560 B=4 thr=64 mm=3 | ctx=draft phase=catchup t=14 N=1024 K=2560 B=4 thr=64 mm=3 | ctx=draft phase=catchup t=12 N=1024 K=2560 B=4 thr=64 mm=3 | ctx=draft phase=catchup t=12 N=2560 K=4096 B=4 thr=128 mm=3 | ctx=draft phase=catchup t=12 N=9216 K=2560 B=4 thr=64 mm=6 | ctx=draft phase=catchup t=14 N=2560 K=9216 B=4 thr=128 mm=3 | ctx=draft phase=catchup t=14 N=248320 K=2560 B=4 thr=64 mm=3
[xllama] MTP_STATS rounds=24 decodes=94 discarded=28 catchup_tok=64 draft_ms=267.2 sample_ms=55.3 topprob_ms=146.8 catchup_ms=210.1 verify_ms=1840.4 corrective_ms=0.0
[xllama] TERMGATE eog_probe idx=2 n_eval=64 reason=cap[xllama] TERMGATE scenario=eog@2 arm=cand ok=1 reason=cap n_ids=64 n_ref=-1 parity=-1 first_diff=-1 active=1 drafted=37 rounds=24 lookup=0 ews=0 n_eval=64 eog_tok=-1 eog_branch=- stop_branch=- stop_round=-1
[xllama] session: KV prefix reuse none — resident 68 tok, prompt 11 tok (first mismatch at 0) (#170)
[xllama] session: turn full=1 kv_before=0 pf=11 prompt=11
[xllama] PHASE_PREFILL n_prompt=11 rows_kept=11 n_ubatch=64 calls=173 matmuls=217 gpu_ms=96.136982
[xllama] d3d12_shape label=session_prefill part=1/3 keys_total=25 | ctx=target phase=prefill t=14 N=8192 K=2560 B=11 thr=64 mm=12 | ctx=target phase=prefill t=12 N=4096 K=2560 B=11 thr=64 mm=24 | ctx=target phase=prefill t=13 N=2560 K=4096 B=11 thr=128 mm=24 | ctx=target phase=prefill t=12 N=9216 K=2560 B=11 thr=64 mm=64 | ctx=target phase=prefill t=14 N=2560 K=9216 B=11 thr=128 mm=16 | ctx=target phase=prefill t=12 N=8192 K=2560 B=11 thr=64 mm=20 | ctx=target phase=prefill t=14 N=1024 K=2560 B=11 thr=64 mm=4 | ctx=target phase=prefill t=12 N=1024 K=2560 B=11 thr=64 mm=12 | ctx=target phase=prefill t=12 N=2560 K=4096 B=11 thr=128 mm=8 | ctx=target phase=prefill t=12 N=2560 K=9216 B=11 thr=128 mm=16 | ctx=target phase=prefill t=14 N=248320 K=2560 B=1 thr=64 mm=1 | ctx=target phase=prefill t=12 N=8192 K=2560 B=6 thr=64 mm=1
[xllama] d3d12_shape label=session_prefill part=2/3 keys_total=25 | ctx=target phase=prefill t=14 N=1024 K=2560 B=6 thr=64 mm=1 | ctx=target phase=prefill t=12 N=1024 K=2560 B=6 thr=64 mm=1 | ctx=target phase=prefill t=12 N=2560 K=4096 B=6 thr=128 mm=1 | ctx=target phase=prefill t=12 N=9216 K=2560 B=6 thr=64 mm=2 | ctx=target phase=prefill t=14 N=2560 K=9216 B=6 thr=128 mm=1 | ctx=target phase=prefill t=14 N=248320 K=2560 B=6 thr=64 mm=1 | ctx=target phase=prefill t=12 N=8192 K=2560 B=5 thr=64 mm=1 | ctx=target phase=prefill t=14 N=1024 K=2560 B=5 thr=64 mm=1 | ctx=target phase=prefill t=12 N=1024 K=2560 B=5 thr=64 mm=1 | ctx=target phase=prefill t=12 N=2560 K=4096 B=5 thr=128 mm=1 | ctx=target phase=prefill t=12 N=9216 K=2560 B=5 thr=64 mm=2 | ctx=target phase=prefill t=14 N=2560 K=9216 B=5 thr=128 mm=1
[xllama] d3d12_shape label=session_prefill part=3/3 keys_total=25 | ctx=target phase=prefill t=14 N=248320 K=2560 B=5 thr=64 mm=1
[xllama] EOG after 10 tokens (spec reject) tok=248044 branch=spec-reject
[xllama] VROUND width=5 wall=109.32 d3w=50.74 d3g=39.30 cpu=656.25 reuse=0 accepted=4 gen=10
[xllama] VROUND width=5 wall=107.52 d3w=50.80 d3g=39.21 cpu=656.25 reuse=1 accepted=2 gen=10
[xllama] session generate: n=10 prefill=197.6ms (11 tok) reuse=0 drafted=8 (mtp=8 lookup=0) spec_accept=6 (mtp=6 lookup=0)
[xllama] PHASE total_ms=643.6 prefill_ms=197.6 decode_ms=434.2 accounted_ms=433.7 residual_decode_ms=0.4 load_plus_setup_ms=11.9 draft_ms=40.9 sample_ms=8.5 topprob_ms=31.1 catchup_ms=22.5 verify_ms=216.8 verify_d3w=101.5 verify_d3g=78.5 verify_cpu=1312.5 rounds_split=2 corrective_ms=0.0 classic_decode_ms=104.7 classic_catchup_ms=8.0 lookup_ms=0.0 sample_target_ms=9.1 emit_ms=0.0 maintain_ms=0.0 profile=1
[xllama] d3d12_shape label=session_decode part=1/4 keys_total=43 | ctx=draft phase=draft t=12 N=8192 K=2560 B=1 thr=64 mm=10 | ctx=draft phase=draft t=14 N=1024 K=2560 B=1 thr=64 mm=10 | ctx=draft phase=draft t=12 N=1024 K=2560 B=1 thr=64 mm=10 | ctx=draft phase=draft t=12 N=2560 K=4096 B=1 thr=128 mm=10 | ctx=draft phase=draft t=12 N=9216 K=2560 B=1 thr=64 mm=20 | ctx=draft phase=draft t=14 N=2560 K=9216 B=1 thr=128 mm=10 | ctx=draft phase=draft t=14 N=248320 K=2560 B=1 thr=64 mm=10 | ctx=target phase=classic t=14 N=8192 K=2560 B=1 thr=64 mm=24 | ctx=target phase=classic t=12 N=4096 K=2560 B=1 thr=64 mm=48 | ctx=target phase=classic t=13 N=2560 K=4096 B=1 thr=128 mm=48 | ctx=target phase=classic t=12 N=9216 K=2560 B=1 thr=64 mm=128 | ctx=target phase=classic t=14 N=2560 K=9216 B=1 thr=128 mm=32
[xllama] d3d12_shape label=session_decode part=2/4 keys_total=43 | ctx=target phase=classic t=12 N=8192 K=2560 B=1 thr=64 mm=40 | ctx=target phase=classic t=14 N=1024 K=2560 B=1 thr=64 mm=8 | ctx=target phase=classic t=12 N=1024 K=2560 B=1 thr=64 mm=24 | ctx=target phase=classic t=12 N=2560 K=4096 B=1 thr=128 mm=16 | ctx=target phase=classic t=12 N=2560 K=9216 B=1 thr=128 mm=32 | ctx=target phase=classic t=14 N=248320 K=2560 B=1 thr=64 mm=2 | ctx=draft phase=catchup t=12 N=8192 K=2560 B=1 thr=64 mm=2 | ctx=draft phase=catchup t=14 N=1024 K=2560 B=1 thr=64 mm=2 | ctx=draft phase=catchup t=12 N=1024 K=2560 B=1 thr=64 mm=2 | ctx=draft phase=catchup t=12 N=2560 K=4096 B=1 thr=128 mm=2 | ctx=draft phase=catchup t=12 N=9216 K=2560 B=1 thr=64 mm=4 | ctx=draft phase=catchup t=14 N=2560 K=9216 B=1 thr=128 mm=2
[xllama] d3d12_shape label=session_decode part=3/4 keys_total=43 | ctx=draft phase=catchup t=14 N=248320 K=2560 B=1 thr=64 mm=2 | ctx=target phase=verify t=14 N=8192 K=2560 B=5 thr=64 mm=24 | ctx=target phase=verify t=12 N=4096 K=2560 B=5 thr=64 mm=48 | ctx=target phase=verify t=13 N=2560 K=4096 B=5 thr=128 mm=48 | ctx=target phase=verify t=12 N=9216 K=2560 B=5 thr=64 mm=128 | ctx=target phase=verify t=14 N=2560 K=9216 B=5 thr=128 mm=32 | ctx=target phase=verify t=12 N=8192 K=2560 B=5 thr=64 mm=40 | ctx=target phase=verify t=14 N=1024 K=2560 B=5 thr=64 mm=8 | ctx=target phase=verify t=12 N=1024 K=2560 B=5 thr=64 mm=24 | ctx=target phase=verify t=12 N=2560 K=4096 B=5 thr=128 mm=16 | ctx=target phase=verify t=12 N=2560 K=9216 B=5 thr=128 mm=32 | ctx=target phase=verify t=14 N=248320 K=2560 B=5 thr=64 mm=2
[xllama] d3d12_shape label=session_decode part=4/4 keys_total=43 | ctx=draft phase=catchup t=12 N=8192 K=2560 B=5 thr=64 mm=1 | ctx=draft phase=catchup t=14 N=1024 K=2560 B=5 thr=64 mm=1 | ctx=draft phase=catchup t=12 N=1024 K=2560 B=5 thr=64 mm=1 | ctx=draft phase=catchup t=12 N=2560 K=4096 B=5 thr=128 mm=1 | ctx=draft phase=catchup t=12 N=9216 K=2560 B=5 thr=64 mm=2 | ctx=draft phase=catchup t=14 N=2560 K=9216 B=5 thr=128 mm=1 | ctx=draft phase=catchup t=14 N=248320 K=2560 B=5 thr=64 mm=1
[xllama] MTP_STATS rounds=2 decodes=13 discarded=2 catchup_tok=7 draft_ms=40.9 sample_ms=8.5 topprob_ms=31.1 catchup_ms=22.5 verify_ms=216.8 corrective_ms=0.0
[xllama] TERMGATE eog_probe idx=3 n_eval=10 reason=eos[xllama] TERMGATE scenario=eog@3 arm=cand ok=1 reason=eos n_ids=10 n_ref=-1 parity=-1 first_diff=-1 active=1 drafted=8 rounds=2 lookup=0 ews=0 n_eval=10 eog_tok=248044 eog_branch=spec-reject stop_branch=- stop_round=-1
[llama] ~llama_context: D3D12_Host compute buffer size is   5.8489 MiB, matches expectation of   5.8489 MiB
[llama] ~llama_context: D3D12_Host compute buffer size is   0.0000 MiB, matches expectation of   0.0000 MiB
[xllama] d3d12: 17721 graph_compute calls, 22275 matmuls (6792 2col), 4322.0 ms wall (2999.4 ms GPU)
[llama] ~llama_context: D3D12_Host compute buffer size is  63.0027 MiB, matches expectation of  63.0027 MiB
[llama] ~llama_context: D3D12_Host compute buffer size is   0.0000 MiB, matches expectation of   0.0000 MiB
[xllama] d3d12: 0 graph_compute calls, 0 matmuls (0 2col), 0.0 ms wall (0.0 ms GPU)
[xllama] termgate done rows=8 fail=- msix=6b3e96d80d687df68b2bd0fe734968cbee6c9bc8b297682370615e63e52747f1
[xllama] termgate-result.csv written
[xllama] headless termgate: done, exiting
06:17:59.594 [xllama] App::App()
06:17:59.698 [xllama] App::App() complete
06:17:59.773 [xllama] App::OnLaunched
06:17:59.773 [xllama] building MainPageController
06:17:59.807 [xllama] MainPageController built
[xllama] EnsureModel: begin 'lfm25-350m'
06:17:59.811 [xllama] MainPageController init done
06:17:59.812 [xllama] Window.Content set
06:17:59.812 [xllama] Window activated
[manifest] merging LocalState\manifest.json override (per-entry)
[xllama] EnsureModel: 'lfm25-350m' already provisioned
06:17:59.824 [caprec] AppRecordingManager present=0 GraphicsCaptureSession present=1
06:17:59.824 [mic] AudioGraph present=1 MediaCapture present=1 (presence is not permission — see uwp-constraints.md)
[gcprobe] session_present=1 item_present=1 viable=0 encoder=0 presence_error=0 duration_us=28
06:17:59.824 [xllama] api.flag detected -> starting LAN HTTP endpoint
[manifest] merging LocalState\manifest.json override (per-entry)
[xllama] api: listening on 0.0.0.0:11434 (OpenAI-compat /v1/chat/completions)
[xllama] gguf gpu layers: 34 on D3D12
[llama] llama_model_loader: mmap is not supported on this platform
[llama] llama_prepare_model_devices: using device D3D12 (xllama D3D12 compute (Q4_0/Q4_K/Q5_K/Q6_K matmul)) (unknown id) - 4121 MiB free
[llama] load_tensors: layer   0 assigned to device D3D12, is_swa = 0
[llama] load_tensors: layer   1 assigned to device D3D12, is_swa = 0
[llama] load_tensors: layer   2 assigned to device D3D12, is_swa = 0
[llama] load_tensors: layer   3 assigned to device D3D12, is_swa = 0
[llama] load_tensors: layer   4 assigned to device D3D12, is_swa = 0
[llama] load_tensors: layer   5 assigned to device D3D12, is_swa = 0
[llama] load_tensors: layer   6 assigned to device D3D12, is_swa = 0
[llama] load_tensors: layer   7 assigned to device D3D12, is_swa = 0
[llama] load_tensors: layer   8 assigned to device D3D12, is_swa = 0
[llama] load_tensors: layer   9 assigned to device D3D12, is_swa = 0
[llama] load_tensors: layer  10 assigned to device D3D12, is_swa = 0
[llama] load_tensors: layer  11 assigned to device D3D12, is_swa = 0
[llama] load_tensors: layer  12 assigned to device D3D12, is_swa = 0
[llama] load_tensors: layer  13 assigned to device D3D12, is_swa = 0
[llama] load_tensors: layer  14 assigned to device D3D12, is_swa = 0
[llama] load_tensors: layer  15 assigned to device D3D12, is_swa = 0
[llama] load_tensors: layer  16 assigned to device D3D12, is_swa = 0
[xllama] d3d12: D3D12_Weights buffer 206.6 MiB
[llama] load_tensors: offloading output layer to GPU
[llama] load_tensors: offloading 15 repeating layers to GPU
[llama] load_tensors: offloaded 17/17 layers to GPU
[llama] load_tensors:          CPU model buffer size =    52.75 MiB
[llama] load_tensors: D3D12_Weights model buffer size =   206.65 MiB
[llama] load_all_data: buffer type D3D12_Weights is not the default buffer type for device D3D12 for async uploads
[xllama] Session: GGUF model loaded via llama.cpp (persistent)
[manifest] merging LocalState\manifest.json override (per-entry)
[llama] llama_context: D3D12_Host  output buffer size =     0.25 MiB
[llama] llama_kv_cache:        CPU KV buffer size =    24.00 MiB
[llama] llama_memory_recurrent:        CPU RS buffer size =     0.08 MiB
[llama] resolve_fused_ops: layer 2 is assigned to device D3D12 but Flash Attention is assigned to device CPU (usually due to missing support)
[llama] resolve_fused_ops: Flash Attention not supported, set to disabled
[xllama] d3d12: D3D12_Host buffer 132.0 MiB
[llama] sched_reserve: D3D12_Host compute buffer size =   132.00 MiB
[llama] sched_reserve: graph splits = 142
[xllama] session: can_shift=1 (memory_can_shift=1 n_swa=0)
[xllama] session: turn full=1 kv_before=0 pf=29 prompt=29
[xllama] PHASE_PREFILL n_prompt=29 rows_kept=29 n_ubatch=512 calls=71 matmuls=93 gpu_ms=10.811830
[xllama] d3d12_shape label=session_prefill part=1/1 keys_total=8 | ctx=target phase=prefill t=2 N=3072 K=1024 B=29 thr=64 mm=10 | ctx=target phase=prefill t=2 N=1024 K=1024 B=29 thr=64 mm=22 | ctx=target phase=prefill t=2 N=4608 K=1024 B=29 thr=64 mm=30 | ctx=target phase=prefill t=2 N=1024 K=4608 B=29 thr=128 mm=15 | ctx=target phase=prefill t=2 N=512 K=1024 B=29 thr=64 mm=12 | ctx=target phase=prefill t=2 N=4608 K=1024 B=1 thr=64 mm=2 | ctx=target phase=prefill t=2 N=1024 K=4608 B=1 thr=128 mm=1 | ctx=target phase=prefill t=14 N=65536 K=1024 B=1 thr=64 mm=1
[xllama] EOG after 2 tokens tok=7 branch=classic
[xllama] session generate: n=2 prefill=32.6ms (29 tok) reuse=0 drafted=0 (mtp=0 lookup=0) spec_accept=0 (mtp=0 lookup=0)
[xllama] PHASE total_ms=76.7 prefill_ms=32.6 decode_ms=16.2 accounted_ms=15.7 residual_decode_ms=0.5 load_plus_setup_ms=27.8 draft_ms=0.0 sample_ms=0.0 topprob_ms=0.0 catchup_ms=0.0 verify_ms=0.0 verify_d3w=0.0 verify_d3g=0.0 verify_cpu=0.0 rounds_split=0 corrective_ms=0.0 classic_decode_ms=15.0 classic_catchup_ms=0.0 lookup_ms=0.0 sample_target_ms=0.7 emit_ms=0.0 maintain_ms=0.0 profile=1
[xllama] d3d12_shape label=session_decode part=1/1 keys_total=6 | ctx=target phase=classic t=2 N=3072 K=1024 B=1 thr=64 mm=20 | ctx=target phase=classic t=2 N=1024 K=1024 B=1 thr=64 mm=44 | ctx=target phase=classic t=2 N=4608 K=1024 B=1 thr=64 mm=64 | ctx=target phase=classic t=2 N=1024 K=4608 B=1 thr=128 mm=32 | ctx=target phase=classic t=2 N=512 K=1024 B=1 thr=64 mm=24 | ctx=target phase=classic t=14 N=65536 K=1024 B=1 thr=64 mm=2
[xllama] session: KV rewind unsupported (hybrid cache) — full re-prefill (#170): common=28 resident=31 prompt=29
[xllama] session: turn full=1 kv_before=0 pf=29 prompt=29
[xllama] PHASE_PREFILL n_prompt=29 rows_kept=29 n_ubatch=512 calls=71 matmuls=93 gpu_ms=10.753925
[xllama] d3d12_shape label=session_prefill part=1/1 keys_total=8 | ctx=target phase=prefill t=2 N=3072 K=1024 B=29 thr=64 mm=10 | ctx=target phase=prefill t=2 N=1024 K=1024 B=29 thr=64 mm=22 | ctx=target phase=prefill t=2 N=4608 K=1024 B=29 thr=64 mm=30 | ctx=target phase=prefill t=2 N=1024 K=4608 B=29 thr=128 mm=15 | ctx=target phase=prefill t=2 N=512 K=1024 B=29 thr=64 mm=12 | ctx=target phase=prefill t=2 N=4608 K=1024 B=1 thr=64 mm=2 | ctx=target phase=prefill t=2 N=1024 K=4608 B=1 thr=128 mm=1 | ctx=target phase=prefill t=14 N=65536 K=1024 B=1 thr=64 mm=1
[xllama] EOG after 2 tokens tok=7 branch=classic
[xllama] session generate: n=2 prefill=27.4ms (29 tok) reuse=0 drafted=0 (mtp=0 lookup=0) spec_accept=0 (mtp=0 lookup=0)
[xllama] PHASE total_ms=45.7 prefill_ms=27.4 decode_ms=15.9 accounted_ms=15.8 residual_decode_ms=0.1 load_plus_setup_ms=2.4 draft_ms=0.0 sample_ms=0.0 topprob_ms=0.0 catchup_ms=0.0 verify_ms=0.0 verify_d3w=0.0 verify_d3g=0.0 verify_cpu=0.0 rounds_split=0 corrective_ms=0.0 classic_decode_ms=15.2 classic_catchup_ms=0.0 lookup_ms=0.0 sample_target_ms=0.6 emit_ms=0.0 maintain_ms=0.0 profile=1
[xllama] d3d12_shape label=session_decode part=1/1 keys_total=6 | ctx=target phase=classic t=2 N=3072 K=1024 B=1 thr=64 mm=20 | ctx=target phase=classic t=2 N=1024 K=1024 B=1 thr=64 mm=44 | ctx=target phase=classic t=2 N=4608 K=1024 B=1 thr=64 mm=64 | ctx=target phase=classic t=2 N=1024 K=4608 B=1 thr=128 mm=32 | ctx=target phase=classic t=2 N=512 K=1024 B=1 thr=64 mm=24 | ctx=target phase=classic t=14 N=65536 K=1024 B=1 thr=64 mm=2
[xllama] session: KV rewind unsupported (hybrid cache) — full re-prefill (#170): common=28 resident=31 prompt=29
[xllama] session: turn full=1 kv_before=0 pf=29 prompt=29
[xllama] PHASE_PREFILL n_prompt=29 rows_kept=29 n_ubatch=512 calls=71 matmuls=93 gpu_ms=10.827028
[xllama] d3d12_shape label=session_prefill part=1/1 keys_total=8 | ctx=target phase=prefill t=2 N=3072 K=1024 B=29 thr=64 mm=10 | ctx=target phase=prefill t=2 N=1024 K=1024 B=29 thr=64 mm=22 | ctx=target phase=prefill t=2 N=4608 K=1024 B=29 thr=64 mm=30 | ctx=target phase=prefill t=2 N=1024 K=4608 B=29 thr=128 mm=15 | ctx=target phase=prefill t=2 N=512 K=1024 B=29 thr=64 mm=12 | ctx=target phase=prefill t=2 N=4608 K=1024 B=1 thr=64 mm=2 | ctx=target phase=prefill t=2 N=1024 K=4608 B=1 thr=128 mm=1 | ctx=target phase=prefill t=14 N=65536 K=1024 B=1 thr=64 mm=1
[xllama] EOG after 2 tokens tok=7 branch=classic
[xllama] session generate: n=2 prefill=27.9ms (29 tok) reuse=0 drafted=0 (mtp=0 lookup=0) spec_accept=0 (mtp=0 lookup=0)
[xllama] PHASE total_ms=46.6 prefill_ms=27.9 decode_ms=16.4 accounted_ms=16.3 residual_decode_ms=0.1 load_plus_setup_ms=2.3 draft_ms=0.0 sample_ms=0.0 topprob_ms=0.0 catchup_ms=0.0 verify_ms=0.0 verify_d3w=0.0 verify_d3g=0.0 verify_cpu=0.0 rounds_split=0 corrective_ms=0.0 classic_decode_ms=15.7 classic_catchup_ms=0.0 lookup_ms=0.0 sample_target_ms=0.6 emit_ms=0.0 maintain_ms=0.0 profile=1
[xllama] d3d12_shape label=session_decode part=1/1 keys_total=6 | ctx=target phase=classic t=2 N=3072 K=1024 B=1 thr=64 mm=20 | ctx=target phase=classic t=2 N=1024 K=1024 B=1 thr=64 mm=44 | ctx=target phase=classic t=2 N=4608 K=1024 B=1 thr=64 mm=64 | ctx=target phase=classic t=2 N=1024 K=4608 B=1 thr=128 mm=32 | ctx=target phase=classic t=2 N=512 K=1024 B=1 thr=64 mm=24 | ctx=target phase=classic t=14 N=65536 K=1024 B=1 thr=64 mm=2
07:33:52.125 [xllama] App::App()
07:33:52.178 [xllama] App::App() complete
07:33:52.263 [xllama] App::OnLaunched
[xllama] startup: d3d12twocol.txt='(absent)' -> kernel variant 0 (prev 0)
[xllama] startup: cpurepackforcegemv.txt='(absent)' -> repack control off (baseline)
[xllama] startup profile: twocol='(absent=default)' repack='(absent=default)' (immutable for this process lifetime; restart the app to change)
07:33:52.264 [xllama] building MainPageController
07:33:52.279 [xllama] MainPageController built
[xllama] EnsureModel: begin 'lfm25-350m'
07:33:52.281 [xllama] MainPageController init done
07:33:52.281 [xllama] Window.Content set
07:33:52.281 [xllama] Window activated
07:33:52.283 [caprec] AppRecordingManager present=0 GraphicsCaptureSession present=1
07:33:52.284 [mic] AudioGraph present=1 MediaCapture present=1 (presence is not permission — see uwp-constraints.md)
[gcprobe] session_present=1 item_present=1 viable=0 encoder=0 presence_error=0 duration_us=51
07:33:52.285 [xllama] api.flag detected -> starting LAN HTTP endpoint
[manifest] merging LocalState\manifest.json override (per-entry)
[xllama] EnsureModel: 'lfm25-350m' already provisioned
[xllama] api: listening on 0.0.0.0:11434 (OpenAI-compat /v1/chat/completions)
[manifest] merging LocalState\manifest.json override (per-entry)
[xllama] session config: model=qwen35-4b-mtp mtp=0 depth=4 pmin=0.75 n_ctx=2048 n_batch=64 n_ubatch=64 gpu=34 kv_q8=0
[xllama] gguf gpu layers: 34 on D3D12
[llama] llama_model_loader: mmap is not supported on this platform
[llama] llama_prepare_model_devices: using device D3D12 (xllama D3D12 compute (Q4_0/Q4_K/Q5_K/Q6_K matmul)) (unknown id) - 4122 MiB free
[llama] load_tensors: layer   0 assigned to device D3D12, is_swa = 0
[llama] load_tensors: layer   1 assigned to device D3D12, is_swa = 0
[llama] load_tensors: layer   2 assigned to device D3D12, is_swa = 0
[llama] load_tensors: layer   3 assigned to device D3D12, is_swa = 0
[llama] load_tensors: layer   4 assigned to device D3D12, is_swa = 0
[llama] load_tensors: layer   5 assigned to device D3D12, is_swa = 0
[llama] load_tensors: layer   6 assigned to device D3D12, is_swa = 0
[llama] load_tensors: layer   7 assigned to device D3D12, is_swa = 0
[llama] load_tensors: layer   8 assigned to device D3D12, is_swa = 0
[llama] load_tensors: layer   9 assigned to device D3D12, is_swa = 0
[llama] load_tensors: layer  10 assigned to device D3D12, is_swa = 0
[llama] load_tensors: layer  11 assigned to device D3D12, is_swa = 0
[llama] load_tensors: layer  12 assigned to device D3D12, is_swa = 0
[llama] load_tensors: layer  13 assigned to device D3D12, is_swa = 0
[llama] load_tensors: layer  14 assigned to device D3D12, is_swa = 0
[llama] load_tensors: layer  15 assigned to device D3D12, is_swa = 0
[llama] load_tensors: layer  16 assigned to device D3D12, is_swa = 0
[llama] load_tensors: layer  17 assigned to device D3D12, is_swa = 0
[llama] load_tensors: layer  18 assigned to device D3D12, is_swa = 0
[llama] load_tensors: layer  19 assigned to device D3D12, is_swa = 0
[llama] load_tensors: layer  20 assigned to device D3D12, is_swa = 0
[llama] load_tensors: layer  21 assigned to device D3D12, is_swa = 0
[llama] load_tensors: layer  22 assigned to device D3D12, is_swa = 0
[llama] load_tensors: layer  23 assigned to device D3D12, is_swa = 0
[llama] load_tensors: layer  24 assigned to device D3D12, is_swa = 0
[llama] load_tensors: layer  25 assigned to device D3D12, is_swa = 0
[llama] load_tensors: layer  26 assigned to device D3D12, is_swa = 0
[llama] load_tensors: layer  27 assigned to device D3D12, is_swa = 0
[llama] load_tensors: layer  28 assigned to device D3D12, is_swa = 0
[llama] load_tensors: layer  29 assigned to device D3D12, is_swa = 0
[llama] load_tensors: layer  30 assigned to device D3D12, is_swa = 0
[llama] load_tensors: layer  31 assigned to device D3D12, is_swa = 0
[llama] load_tensors: layer  32 assigned to device D3D12, is_swa = 0
[llama] load_tensors: layer  33 assigned to device D3D12, is_swa = 0
[xllama] d3d12: MUL_MAT refused: f32 2560x32 x [2560,512,1,1] src1=f32 dst=f32
[llama] model has unused tensor blk.32.attn_norm.weight (size = 10240 bytes) -- ignoring
[llama] model has unused tensor blk.32.post_attention_norm.weight (size = 10240 bytes) -- ignoring
[llama] model has unused tensor blk.32.attn_q.weight (size = 11796480 bytes) -- ignoring
[llama] model has unused tensor blk.32.attn_k.weight (size = 1474560 bytes) -- ignoring
[llama] model has unused tensor blk.32.attn_v.weight (size = 2150400 bytes) -- ignoring
[llama] model has unused tensor blk.32.attn_output.weight (size = 5898240 bytes) -- ignoring
[llama] model has unused tensor blk.32.attn_q_norm.weight (size = 1024 bytes) -- ignoring
[llama] model has unused tensor blk.32.attn_k_norm.weight (size = 1024 bytes) -- ignoring
[llama] model has unused tensor blk.32.ffn_gate.weight (size = 13271040 bytes) -- ignoring
[llama] model has unused tensor blk.32.ffn_down.weight (size = 19353600 bytes) -- ignoring
[llama] model has unused tensor blk.32.ffn_up.weight (size = 13271040 bytes) -- ignoring
[llama] model has unused tensor blk.32.nextn.eh_proj.weight (size = 13926400 bytes) -- ignoring
[llama] model has unused tensor blk.32.nextn.enorm.weight (size = 10240 bytes) -- ignoring
[llama] model has unused tensor blk.32.nextn.hnorm.weight (size = 10240 bytes) -- ignoring
[llama] model has unused tensor blk.32.nextn.shared_head_norm.weight (size = 10240 bytes) -- ignoring
[xllama] d3d12: D3D12_Weights buffer 2597.1 MiB
[llama] load_tensors: offloading output layer to GPU
[llama] load_tensors: offloading 32 repeating layers to GPU
[llama] load_tensors: offloaded 34/34 layers to GPU
[llama] load_tensors:          CPU model buffer size =   515.98 MiB
[llama] load_tensors: D3D12_Weights model buffer size =  2597.13 MiB
[llama] load_all_data: buffer type D3D12_Weights is not the default buffer type for device D3D12 for async uploads
[xllama] Session: GGUF model loaded via llama.cpp (persistent)
[llama] llama_context: D3D12_Host  output buffer size =     0.95 MiB
[llama] llama_kv_cache:        CPU KV buffer size =    64.00 MiB
[llama] llama_memory_recurrent:        CPU RS buffer size =    50.25 MiB
[llama] resolve_fused_ops: layer 3 is assigned to device D3D12 but Flash Attention is assigned to device CPU (usually due to missing support)
[llama] resolve_fused_ops: Flash Attention not supported, set to disabled
[xllama] d3d12: D3D12_Host buffer 63.0 MiB
[llama] sched_reserve: D3D12_Host compute buffer size =    63.00 MiB
[llama] sched_reserve: graph splits = 322
[xllama] session: can_shift=0 (memory_can_shift=0 n_swa=0)
[xllama] session: turn full=1 kv_before=0 pf=31 prompt=31
[xllama] PHASE_PREFILL n_prompt=31 rows_kept=31 n_ubatch=64 calls=161 matmuls=201 gpu_ms=201.907890
[xllama] d3d12_shape label=session_prefill part=1/1 keys_total=11 | ctx=target phase=prefill t=14 N=8192 K=2560 B=31 thr=64 mm=12 | ctx=target phase=prefill t=12 N=4096 K=2560 B=31 thr=64 mm=24 | ctx=target phase=prefill t=13 N=2560 K=4096 B=31 thr=128 mm=24 | ctx=target phase=prefill t=12 N=9216 K=2560 B=31 thr=64 mm=64 | ctx=target phase=prefill t=14 N=2560 K=9216 B=31 thr=128 mm=16 | ctx=target phase=prefill t=12 N=8192 K=2560 B=31 thr=64 mm=20 | ctx=target phase=prefill t=14 N=1024 K=2560 B=31 thr=64 mm=4 | ctx=target phase=prefill t=12 N=1024 K=2560 B=31 thr=64 mm=12 | ctx=target phase=prefill t=12 N=2560 K=4096 B=31 thr=128 mm=8 | ctx=target phase=prefill t=12 N=2560 K=9216 B=31 thr=128 mm=16 | ctx=target phase=prefill t=14 N=248320 K=2560 B=1 thr=64 mm=1
[xllama] EOG after 2 tokens tok=248046 branch=classic
[xllama] session generate: n=2 prefill=374.1ms (31 tok) reuse=0 drafted=0 (mtp=0 lookup=0) spec_accept=0 (mtp=0 lookup=0)
[xllama] PHASE total_ms=526.5 prefill_ms=374.1 decode_ms=104.4 accounted_ms=104.0 residual_decode_ms=0.4 load_plus_setup_ms=47.9 draft_ms=0.0 sample_ms=0.0 topprob_ms=0.0 catchup_ms=0.0 verify_ms=0.0 verify_d3w=0.0 verify_d3g=0.0 verify_cpu=0.0 rounds_split=0 corrective_ms=0.0 classic_decode_ms=101.3 classic_catchup_ms=0.0 lookup_ms=0.0 sample_target_ms=2.7 emit_ms=0.0 maintain_ms=0.0 profile=1
[xllama] d3d12_shape label=session_decode part=1/1 keys_total=11 | ctx=target phase=classic t=14 N=8192 K=2560 B=1 thr=64 mm=24 | ctx=target phase=classic t=12 N=4096 K=2560 B=1 thr=64 mm=48 | ctx=target phase=classic t=13 N=2560 K=4096 B=1 thr=128 mm=48 | ctx=target phase=classic t=12 N=9216 K=2560 B=1 thr=64 mm=128 | ctx=target phase=classic t=14 N=2560 K=9216 B=1 thr=128 mm=32 | ctx=target phase=classic t=12 N=8192 K=2560 B=1 thr=64 mm=40 | ctx=target phase=classic t=14 N=1024 K=2560 B=1 thr=64 mm=8 | ctx=target phase=classic t=12 N=1024 K=2560 B=1 thr=64 mm=24 | ctx=target phase=classic t=12 N=2560 K=4096 B=1 thr=128 mm=16 | ctx=target phase=classic t=12 N=2560 K=9216 B=1 thr=128 mm=32 | ctx=target phase=classic t=14 N=248320 K=2560 B=1 thr=64 mm=2
[manifest] merging LocalState\manifest.json override (per-entry)
[llama] ~llama_context: D3D12_Host compute buffer size is  63.0027 MiB, matches expectation of  63.0027 MiB
[llama] ~llama_context: D3D12_Host compute buffer size is   0.0000 MiB, matches expectation of   0.0000 MiB
[xllama] d3d12: 483 graph_compute calls, 603 matmuls (0 2col), 259.4 ms wall (224.2 ms GPU)
[xllama] session config: model=lfm25-350m mtp=0 depth=4 pmin=0.75 n_ctx=2048 n_batch=64 n_ubatch=64 gpu=34 kv_q8=0
[xllama] gguf gpu layers: 34 on D3D12
[llama] llama_model_loader: mmap is not supported on this platform
[llama] llama_prepare_model_devices: using device D3D12 (xllama D3D12 compute (Q4_0/Q4_K/Q5_K/Q6_K matmul)) (unknown id) - 4122 MiB free
[llama] load_tensors: layer   0 assigned to device D3D12, is_swa = 0
[llama] load_tensors: layer   1 assigned to device D3D12, is_swa = 0
[llama] load_tensors: layer   2 assigned to device D3D12, is_swa = 0
[llama] load_tensors: layer   3 assigned to device D3D12, is_swa = 0
[llama] load_tensors: layer   4 assigned to device D3D12, is_swa = 0
[llama] load_tensors: layer   5 assigned to device D3D12, is_swa = 0
[llama] load_tensors: layer   6 assigned to device D3D12, is_swa = 0
[llama] load_tensors: layer   7 assigned to device D3D12, is_swa = 0
[llama] load_tensors: layer   8 assigned to device D3D12, is_swa = 0
[llama] load_tensors: layer   9 assigned to device D3D12, is_swa = 0
[llama] load_tensors: layer  10 assigned to device D3D12, is_swa = 0
[llama] load_tensors: layer  11 assigned to device D3D12, is_swa = 0
[llama] load_tensors: layer  12 assigned to device D3D12, is_swa = 0
[llama] load_tensors: layer  13 assigned to device D3D12, is_swa = 0
[llama] load_tensors: layer  14 assigned to device D3D12, is_swa = 0
[llama] load_tensors: layer  15 assigned to device D3D12, is_swa = 0
[llama] load_tensors: layer  16 assigned to device D3D12, is_swa = 0
[xllama] d3d12: D3D12_Weights buffer 206.6 MiB
[llama] load_tensors: offloading output layer to GPU
[llama] load_tensors: offloading 15 repeating layers to GPU
[llama] load_tensors: offloaded 17/17 layers to GPU
[llama] load_tensors:          CPU model buffer size =    52.75 MiB
[llama] load_tensors: D3D12_Weights model buffer size =   206.65 MiB
[llama] load_all_data: buffer type D3D12_Weights is not the default buffer type for device D3D12 for async uploads
[xllama] Session: GGUF model loaded via llama.cpp (persistent)
[xllama] session config: model=qwen35-4b-mtp mtp=0 depth=4 pmin=0.75 n_ctx=2048 n_batch=64 n_ubatch=64 gpu=34 kv_q8=0
[xllama] gguf gpu layers: 34 on D3D12
[llama] llama_model_loader: mmap is not supported on this platform
[llama] llama_prepare_model_devices: using device D3D12 (xllama D3D12 compute (Q4_0/Q4_K/Q5_K/Q6_K matmul)) (unknown id) - 4122 MiB free
[llama] load_tensors: layer   0 assigned to device D3D12, is_swa = 0
[llama] load_tensors: layer   1 assigned to device D3D12, is_swa = 0
[llama] load_tensors: layer   2 assigned to device D3D12, is_swa = 0
[llama] load_tensors: layer   3 assigned to device D3D12, is_swa = 0
[llama] load_tensors: layer   4 assigned to device D3D12, is_swa = 0
[llama] load_tensors: layer   5 assigned to device D3D12, is_swa = 0
[llama] load_tensors: layer   6 assigned to device D3D12, is_swa = 0
[llama] load_tensors: layer   7 assigned to device D3D12, is_swa = 0
[llama] load_tensors: layer   8 assigned to device D3D12, is_swa = 0
[llama] load_tensors: layer   9 assigned to device D3D12, is_swa = 0
[llama] load_tensors: layer  10 assigned to device D3D12, is_swa = 0
[llama] load_tensors: layer  11 assigned to device D3D12, is_swa = 0
[llama] load_tensors: layer  12 assigned to device D3D12, is_swa = 0
[llama] load_tensors: layer  13 assigned to device D3D12, is_swa = 0
[llama] load_tensors: layer  14 assigned to device D3D12, is_swa = 0
[llama] load_tensors: layer  15 assigned to device D3D12, is_swa = 0
[llama] load_tensors: layer  16 assigned to device D3D12, is_swa = 0
[llama] load_tensors: layer  17 assigned to device D3D12, is_swa = 0
[llama] load_tensors: layer  18 assigned to device D3D12, is_swa = 0
[llama] load_tensors: layer  19 assigned to device D3D12, is_swa = 0
[llama] load_tensors: layer  20 assigned to device D3D12, is_swa = 0
[llama] load_tensors: layer  21 assigned to device D3D12, is_swa = 0
[llama] load_tensors: layer  22 assigned to device D3D12, is_swa = 0
[llama] load_tensors: layer  23 assigned to device D3D12, is_swa = 0
[llama] load_tensors: layer  24 assigned to device D3D12, is_swa = 0
[llama] load_tensors: layer  25 assigned to device D3D12, is_swa = 0
[llama] load_tensors: layer  26 assigned to device D3D12, is_swa = 0
[llama] load_tensors: layer  27 assigned to device D3D12, is_swa = 0
[llama] load_tensors: layer  28 assigned to device D3D12, is_swa = 0
[llama] load_tensors: layer  29 assigned to device D3D12, is_swa = 0
[llama] load_tensors: layer  30 assigned to device D3D12, is_swa = 0
[llama] load_tensors: layer  31 assigned to device D3D12, is_swa = 0
[llama] load_tensors: layer  32 assigned to device D3D12, is_swa = 0
[llama] load_tensors: layer  33 assigned to device D3D12, is_swa = 0
[llama] model has unused tensor blk.32.attn_norm.weight (size = 10240 bytes) -- ignoring
[llama] model has unused tensor blk.32.post_attention_norm.weight (size = 10240 bytes) -- ignoring
[llama] model has unused tensor blk.32.attn_q.weight (size = 11796480 bytes) -- ignoring
[llama] model has unused tensor blk.32.attn_k.weight (size = 1474560 bytes) -- ignoring
[llama] model has unused tensor blk.32.attn_v.weight (size = 2150400 bytes) -- ignoring
[llama] model has unused tensor blk.32.attn_output.weight (size = 5898240 bytes) -- ignoring
[llama] model has unused tensor blk.32.attn_q_norm.weight (size = 1024 bytes) -- ignoring
[llama] model has unused tensor blk.32.attn_k_norm.weight (size = 1024 bytes) -- ignoring
[llama] model has unused tensor blk.32.ffn_gate.weight (size = 13271040 bytes) -- ignoring
[llama] model has unused tensor blk.32.ffn_down.weight (size = 19353600 bytes) -- ignoring
[llama] model has unused tensor blk.32.ffn_up.weight (size = 13271040 bytes) -- ignoring
[llama] model has unused tensor blk.32.nextn.eh_proj.weight (size = 13926400 bytes) -- ignoring
[llama] model has unused tensor blk.32.nextn.enorm.weight (size = 10240 bytes) -- ignoring
[llama] model has unused tensor blk.32.nextn.hnorm.weight (size = 10240 bytes) -- ignoring
[llama] model has unused tensor blk.32.nextn.shared_head_norm.weight (size = 10240 bytes) -- ignoring
[xllama] d3d12: D3D12_Weights buffer 2597.1 MiB
[llama] load_tensors: offloading output layer to GPU
[llama] load_tensors: offloading 32 repeating layers to GPU
[llama] load_tensors: offloaded 34/34 layers to GPU
[llama] load_tensors:          CPU model buffer size =   515.98 MiB
[llama] load_tensors: D3D12_Weights model buffer size =  2597.13 MiB
[llama] load_all_data: buffer type D3D12_Weights is not the default buffer type for device D3D12 for async uploads
[xllama] Session: GGUF model loaded via llama.cpp (persistent)
[llama] llama_context: D3D12_Host  output buffer size =     0.95 MiB
[llama] llama_kv_cache:        CPU KV buffer size =    64.00 MiB
[llama] llama_memory_recurrent:        CPU RS buffer size =    50.25 MiB
[llama] resolve_fused_ops: layer 3 is assigned to device D3D12 but Flash Attention is assigned to device CPU (usually due to missing support)
[llama] resolve_fused_ops: Flash Attention not supported, set to disabled
[xllama] d3d12: D3D12_Host buffer 63.0 MiB
[llama] sched_reserve: D3D12_Host compute buffer size =    63.00 MiB
[llama] sched_reserve: graph splits = 322
[xllama] session: can_shift=0 (memory_can_shift=0 n_swa=0)
[xllama] session: turn full=1 kv_before=0 pf=31 prompt=31
[xllama] PHASE_PREFILL n_prompt=31 rows_kept=31 n_ubatch=64 calls=161 matmuls=201 gpu_ms=192.673243
[xllama] d3d12_shape label=session_prefill part=1/1 keys_total=11 | ctx=target phase=prefill t=14 N=8192 K=2560 B=31 thr=64 mm=12 | ctx=target phase=prefill t=12 N=4096 K=2560 B=31 thr=64 mm=24 | ctx=target phase=prefill t=13 N=2560 K=4096 B=31 thr=128 mm=24 | ctx=target phase=prefill t=12 N=9216 K=2560 B=31 thr=64 mm=64 | ctx=target phase=prefill t=14 N=2560 K=9216 B=31 thr=128 mm=16 | ctx=target phase=prefill t=12 N=8192 K=2560 B=31 thr=64 mm=20 | ctx=target phase=prefill t=14 N=1024 K=2560 B=31 thr=64 mm=4 | ctx=target phase=prefill t=12 N=1024 K=2560 B=31 thr=64 mm=12 | ctx=target phase=prefill t=12 N=2560 K=4096 B=31 thr=128 mm=8 | ctx=target phase=prefill t=12 N=2560 K=9216 B=31 thr=128 mm=16 | ctx=target phase=prefill t=14 N=248320 K=2560 B=1 thr=64 mm=1
[xllama] EOG after 2 tokens tok=248046 branch=classic
[xllama] session generate: n=2 prefill=361.7ms (31 tok) reuse=0 drafted=0 (mtp=0 lookup=0) spec_accept=0 (mtp=0 lookup=0)
[xllama] PHASE total_ms=502.4 prefill_ms=361.7 decode_ms=103.4 accounted_ms=103.3 residual_decode_ms=0.1 load_plus_setup_ms=37.3 draft_ms=0.0 sample_ms=0.0 topprob_ms=0.0 catchup_ms=0.0 verify_ms=0.0 verify_d3w=0.0 verify_d3g=0.0 verify_cpu=0.0 rounds_split=0 corrective_ms=0.0 classic_decode_ms=100.1 classic_catchup_ms=0.0 lookup_ms=0.0 sample_target_ms=3.2 emit_ms=0.0 maintain_ms=0.0 profile=1
[xllama] d3d12_shape label=session_decode part=1/1 keys_total=11 | ctx=target phase=classic t=14 N=8192 K=2560 B=1 thr=64 mm=24 | ctx=target phase=classic t=12 N=4096 K=2560 B=1 thr=64 mm=48 | ctx=target phase=classic t=13 N=2560 K=4096 B=1 thr=128 mm=48 | ctx=target phase=classic t=12 N=9216 K=2560 B=1 thr=64 mm=128 | ctx=target phase=classic t=14 N=2560 K=9216 B=1 thr=128 mm=32 | ctx=target phase=classic t=12 N=8192 K=2560 B=1 thr=64 mm=40 | ctx=target phase=classic t=14 N=1024 K=2560 B=1 thr=64 mm=8 | ctx=target phase=classic t=12 N=1024 K=2560 B=1 thr=64 mm=24 | ctx=target phase=classic t=12 N=2560 K=4096 B=1 thr=128 mm=16 | ctx=target phase=classic t=12 N=2560 K=9216 B=1 thr=128 mm=32 | ctx=target phase=classic t=14 N=248320 K=2560 B=1 thr=64 mm=2
[xllama] session: KV rewind unsupported (hybrid cache) — full re-prefill (#170): common=30 resident=33 prompt=31
[xllama] session: turn full=1 kv_before=0 pf=31 prompt=31
[xllama] PHASE_PREFILL n_prompt=31 rows_kept=31 n_ubatch=64 calls=161 matmuls=201 gpu_ms=193.208902
[xllama] d3d12_shape label=session_prefill part=1/1 keys_total=11 | ctx=target phase=prefill t=14 N=8192 K=2560 B=31 thr=64 mm=12 | ctx=target phase=prefill t=12 N=4096 K=2560 B=31 thr=64 mm=24 | ctx=target phase=prefill t=13 N=2560 K=4096 B=31 thr=128 mm=24 | ctx=target phase=prefill t=12 N=9216 K=2560 B=31 thr=64 mm=64 | ctx=target phase=prefill t=14 N=2560 K=9216 B=31 thr=128 mm=16 | ctx=target phase=prefill t=12 N=8192 K=2560 B=31 thr=64 mm=20 | ctx=target phase=prefill t=14 N=1024 K=2560 B=31 thr=64 mm=4 | ctx=target phase=prefill t=12 N=1024 K=2560 B=31 thr=64 mm=12 | ctx=target phase=prefill t=12 N=2560 K=4096 B=31 thr=128 mm=8 | ctx=target phase=prefill t=12 N=2560 K=9216 B=31 thr=128 mm=16 | ctx=target phase=prefill t=14 N=248320 K=2560 B=1 thr=64 mm=1
[xllama] EOG after 2 tokens tok=248046 branch=classic
[xllama] session generate: n=2 prefill=397.5ms (31 tok) reuse=0 drafted=0 (mtp=0 lookup=0) spec_accept=0 (mtp=0 lookup=0)
[xllama] PHASE total_ms=508.3 prefill_ms=397.5 decode_ms=106.9 accounted_ms=106.8 residual_decode_ms=0.1 load_plus_setup_ms=3.9 draft_ms=0.0 sample_ms=0.0 topprob_ms=0.0 catchup_ms=0.0 verify_ms=0.0 verify_d3w=0.0 verify_d3g=0.0 verify_cpu=0.0 rounds_split=0 corrective_ms=0.0 classic_decode_ms=104.0 classic_catchup_ms=0.0 lookup_ms=0.0 sample_target_ms=2.8 emit_ms=0.0 maintain_ms=0.0 profile=1
[xllama] d3d12_shape label=session_decode part=1/1 keys_total=11 | ctx=target phase=classic t=14 N=8192 K=2560 B=1 thr=64 mm=24 | ctx=target phase=classic t=12 N=4096 K=2560 B=1 thr=64 mm=48 | ctx=target phase=classic t=13 N=2560 K=4096 B=1 thr=128 mm=48 | ctx=target phase=classic t=12 N=9216 K=2560 B=1 thr=64 mm=128 | ctx=target phase=classic t=14 N=2560 K=9216 B=1 thr=128 mm=32 | ctx=target phase=classic t=12 N=8192 K=2560 B=1 thr=64 mm=40 | ctx=target phase=classic t=14 N=1024 K=2560 B=1 thr=64 mm=8 | ctx=target phase=classic t=12 N=1024 K=2560 B=1 thr=64 mm=24 | ctx=target phase=classic t=12 N=2560 K=4096 B=1 thr=128 mm=16 | ctx=target phase=classic t=12 N=2560 K=9216 B=1 thr=128 mm=32 | ctx=target phase=classic t=14 N=248320 K=2560 B=1 thr=64 mm=2
07:35:23.927 [xllama] App::App()
07:35:24.008 [xllama] App::App() complete
07:35:24.068 [xllama] App::OnLaunched
[xllama] startup: d3d12twocol.txt='auto' -> kernel variant 2 (prev 0)
[xllama] startup: cpurepackforcegemv.txt='2' -> repack control scope 2 (all small)
[xllama] startup profile: twocol='auto' repack='2' (immutable for this process lifetime; restart the app to change)
07:35:24.070 [xllama] building MainPageController
07:35:24.081 [xllama] MainPageController built
[xllama] EnsureModel: begin 'lfm25-350m'
07:35:24.082 [xllama] MainPageController init done
07:35:24.083 [xllama] Window.Content set
07:35:24.083 [xllama] Window activated
07:35:24.086 [caprec] AppRecordingManager present=0 GraphicsCaptureSession present=1
07:35:24.086 [mic] AudioGraph present=1 MediaCapture present=1 (presence is not permission — see uwp-constraints.md)
[gcprobe] session_present=1 item_present=1 viable=0 encoder=0 presence_error=0 duration_us=147
07:35:24.087 [xllama] api.flag detected -> starting LAN HTTP endpoint
[manifest] merging LocalState\manifest.json override (per-entry)
[xllama] EnsureModel: 'lfm25-350m' already provisioned
[xllama] api: listening on 0.0.0.0:11434 (OpenAI-compat /v1/chat/completions)
[manifest] merging LocalState\manifest.json override (per-entry)
[xllama] ini mtp REJECTED: model 'lfm25-350m' is not the exact selected qwen35-4b-mtp -> MTP OFF
[xllama] session config REJECTED: startup scope2 profile is active: only qwen35-4b-mtp may load; restart the app with the default profile (remove d3d12twocol.txt/cpurepackforcegemv.txt) to load other models
[xllama] session preload failed (non-fatal): startup scope2 profile is active: only qwen35-4b-mtp may load; restart the app with the default profile (remove d3d12twocol.txt/cpurepackforcegemv.txt) to load other models
[manifest] merging LocalState\manifest.json override (per-entry)
[xllama] session config: model=qwen35-4b-mtp mtp=1 depth=4 pmin=0.75 n_ctx=2048 n_batch=64 n_ubatch=64 gpu=34 kv_q8=0
[xllama] gguf gpu layers: 34 on D3D12
[llama] llama_model_loader: mmap is not supported on this platform
[llama] llama_prepare_model_devices: using device D3D12 (xllama D3D12 compute (Q4_0/Q4_K/Q5_K/Q6_K matmul)) (unknown id) - 4121 MiB free
[llama] load_tensors: layer   0 assigned to device D3D12, is_swa = 0
[llama] load_tensors: layer   1 assigned to device D3D12, is_swa = 0
[llama] load_tensors: layer   2 assigned to device D3D12, is_swa = 0
[llama] load_tensors: layer   3 assigned to device D3D12, is_swa = 0
[llama] load_tensors: layer   4 assigned to device D3D12, is_swa = 0
[llama] load_tensors: layer   5 assigned to device D3D12, is_swa = 0
[llama] load_tensors: layer   6 assigned to device D3D12, is_swa = 0
[llama] load_tensors: layer   7 assigned to device D3D12, is_swa = 0
[llama] load_tensors: layer   8 assigned to device D3D12, is_swa = 0
[llama] load_tensors: layer   9 assigned to device D3D12, is_swa = 0
[llama] load_tensors: layer  10 assigned to device D3D12, is_swa = 0
[llama] load_tensors: layer  11 assigned to device D3D12, is_swa = 0
[llama] load_tensors: layer  12 assigned to device D3D12, is_swa = 0
[llama] load_tensors: layer  13 assigned to device D3D12, is_swa = 0
[llama] load_tensors: layer  14 assigned to device D3D12, is_swa = 0
[llama] load_tensors: layer  15 assigned to device D3D12, is_swa = 0
[llama] load_tensors: layer  16 assigned to device D3D12, is_swa = 0
[llama] load_tensors: layer  17 assigned to device D3D12, is_swa = 0
[llama] load_tensors: layer  18 assigned to device D3D12, is_swa = 0
[llama] load_tensors: layer  19 assigned to device D3D12, is_swa = 0
[llama] load_tensors: layer  20 assigned to device D3D12, is_swa = 0
[llama] load_tensors: layer  21 assigned to device D3D12, is_swa = 0
[llama] load_tensors: layer  22 assigned to device D3D12, is_swa = 0
[llama] load_tensors: layer  23 assigned to device D3D12, is_swa = 0
[llama] load_tensors: layer  24 assigned to device D3D12, is_swa = 0
[llama] load_tensors: layer  25 assigned to device D3D12, is_swa = 0
[llama] load_tensors: layer  26 assigned to device D3D12, is_swa = 0
[llama] load_tensors: layer  27 assigned to device D3D12, is_swa = 0
[llama] load_tensors: layer  28 assigned to device D3D12, is_swa = 0
[llama] load_tensors: layer  29 assigned to device D3D12, is_swa = 0
[llama] load_tensors: layer  30 assigned to device D3D12, is_swa = 0
[llama] load_tensors: layer  31 assigned to device D3D12, is_swa = 0
[llama] load_tensors: layer  32 assigned to device D3D12, is_swa = 0
[llama] load_tensors: layer  33 assigned to device D3D12, is_swa = 0
[xllama] d3d12: MUL_MAT refused: f32 2560x32 x [2560,512,1,1] src1=f32 dst=f32
[xllama] d3d12: MUL_MAT refused: q8_0 5120x2560 x [5120,512,1,1] src1=f32 dst=f32
[xllama] d3d12: D3D12_Weights buffer 2661.2 MiB
[llama] load_tensors: offloading output layer to GPU
[llama] load_tensors: offloading 32 repeating layers to GPU
[llama] load_tensors: offloaded 34/34 layers to GPU
[llama] load_tensors:          CPU model buffer size =   529.31 MiB
[llama] load_tensors: D3D12_Weights model buffer size =  2661.23 MiB
[llama] load_all_data: buffer type D3D12_Weights is not the default buffer type for device D3D12 for async uploads
[xllama] Session: GGUF model loaded via llama.cpp (persistent)
[xllama] session: speculative n_rs_seq=4
[llama] llama_context: D3D12_Host  output buffer size =     0.95 MiB
[llama] llama_kv_cache:        CPU KV buffer size =    64.00 MiB
[llama] llama_memory_recurrent:        CPU RS buffer size =   251.25 MiB
[llama] resolve_fused_ops: layer 3 is assigned to device D3D12 but Flash Attention is assigned to device CPU (usually due to missing support)
[llama] resolve_fused_ops: Flash Attention not supported, set to disabled
[xllama] d3d12: D3D12_Host buffer 63.0 MiB
[llama] sched_reserve: D3D12_Host compute buffer size =    63.00 MiB
[llama] sched_reserve: graph splits = 322
[llama] llama_context: D3D12_Host  output buffer size =     0.95 MiB
[llama] llama_kv_cache:        CPU KV buffer size =     8.00 MiB
[llama] resolve_fused_ops: layer 32 is assigned to device D3D12 but Flash Attention is assigned to device CPU (usually due to missing support)
[llama] resolve_fused_ops: Flash Attention not supported, set to disabled
[xllama] d3d12: D3D12_Host buffer 5.8 MiB
[llama] sched_reserve: D3D12_Host compute buffer size =     5.85 MiB
[llama] sched_reserve: graph splits = 12
[xllama] mtp: draft ready, n_max=4 p_min=0.750000 dft_n_batch=6
[xllama] mtp: target nextn head layers=1
[xllama] mtp: split_mtp_weights=0 resident=0 tensors=0
[xllama] session: can_shift=0 (memory_can_shift=0 n_swa=0)
[xllama] session: turn full=1 kv_before=0 pf=31 prompt=31
[xllama] d3d12: D3D12_Host buffer 1.6 MiB
[xllama] d3d12: D3D12_Host buffer 5.7 MiB
[xllama] PHASE_PREFILL n_prompt=31 rows_kept=31 n_ubatch=64 calls=197 matmuls=249 gpu_ms=265.338306
[xllama] d3d12_shape label=session_prefill part=1/2 keys_total=24 | ctx=target phase=prefill t=14 N=8192 K=2560 B=31 thr=64 mm=12 | ctx=target phase=prefill t=12 N=4096 K=2560 B=31 thr=64 mm=24 | ctx=target phase=prefill t=13 N=2560 K=4096 B=31 thr=128 mm=24 | ctx=target phase=prefill t=12 N=9216 K=2560 B=31 thr=64 mm=64 | ctx=target phase=prefill t=14 N=2560 K=9216 B=31 thr=128 mm=16 | ctx=target phase=prefill t=12 N=8192 K=2560 B=31 thr=64 mm=20 | ctx=target phase=prefill t=14 N=1024 K=2560 B=31 thr=64 mm=4 | ctx=target phase=prefill t=12 N=1024 K=2560 B=31 thr=64 mm=12 | ctx=target phase=prefill t=12 N=2560 K=4096 B=31 thr=128 mm=8 | ctx=target phase=prefill t=12 N=2560 K=9216 B=31 thr=128 mm=16 | ctx=target phase=prefill t=14 N=248320 K=2560 B=1 thr=64 mm=2 | ctx=target phase=prefill t=12 N=8192 K=2560 B=6 thr=64 mm=5
[xllama] d3d12_shape label=session_prefill part=2/2 keys_total=24 | ctx=target phase=prefill t=14 N=1024 K=2560 B=6 thr=64 mm=5 | ctx=target phase=prefill t=12 N=1024 K=2560 B=6 thr=64 mm=5 | ctx=target phase=prefill t=12 N=2560 K=4096 B=6 thr=128 mm=5 | ctx=target phase=prefill t=12 N=9216 K=2560 B=6 thr=64 mm=10 | ctx=target phase=prefill t=14 N=2560 K=9216 B=6 thr=128 mm=5 | ctx=target phase=prefill t=14 N=248320 K=2560 B=6 thr=64 mm=5 | ctx=target phase=prefill t=12 N=8192 K=2560 B=1 thr=64 mm=1 | ctx=target phase=prefill t=14 N=1024 K=2560 B=1 thr=64 mm=1 | ctx=target phase=prefill t=12 N=1024 K=2560 B=1 thr=64 mm=1 | ctx=target phase=prefill t=12 N=2560 K=4096 B=1 thr=128 mm=1 | ctx=target phase=prefill t=12 N=9216 K=2560 B=1 thr=64 mm=2 | ctx=target phase=prefill t=14 N=2560 K=9216 B=1 thr=128 mm=1
[xllama] mtp: first draft pos=31 n_embd=2560 n_max=4 row[min,max]=[-29.647661,19.546034] dft_n_batch=6 dft_pos_max=30
[xllama] d3d12: D3D12_Host buffer 2.5 MiB
[xllama] EOG after 2 tokens tok=248046 branch=classic
[xllama] VROUND width=2 wall=71.03 d3w=27.44 d3g=16.82 cpu=468.75 reuse=0 accepted=1 gen=2
[xllama] session generate: n=2 prefill=512.9ms (31 tok) reuse=0 drafted=1 (mtp=1 lookup=0) spec_accept=1 (mtp=1 lookup=0)
[xllama] PHASE total_ms=693.0 prefill_ms=512.9 decode_ms=97.5 accounted_ms=96.8 residual_decode_ms=0.7 load_plus_setup_ms=82.6 draft_ms=7.9 sample_ms=1.8 topprob_ms=7.1 catchup_ms=6.3 verify_ms=71.0 verify_d3w=27.4 verify_d3g=16.8 verify_cpu=468.8 rounds_split=1 corrective_ms=0.0 classic_decode_ms=0.0 classic_catchup_ms=0.0 lookup_ms=0.0 sample_target_ms=2.5 emit_ms=0.0 maintain_ms=0.0 profile=1
[xllama] d3d12_shape label=session_decode part=1/3 keys_total=25 | ctx=draft phase=draft t=12 N=8192 K=2560 B=1 thr=64 mm=2 | ctx=draft phase=draft t=14 N=1024 K=2560 B=1 thr=64 mm=2 | ctx=draft phase=draft t=12 N=1024 K=2560 B=1 thr=64 mm=2 | ctx=draft phase=draft t=12 N=2560 K=4096 B=1 thr=128 mm=2 | ctx=draft phase=draft t=12 N=9216 K=2560 B=1 thr=64 mm=4 | ctx=draft phase=draft t=14 N=2560 K=9216 B=1 thr=128 mm=2 | ctx=draft phase=draft t=14 N=248320 K=2560 B=1 thr=64 mm=2 | ctx=target phase=verify t=14 N=8192 K=2560 B=2 thr=64 mm=12 | ctx=target phase=verify t=12 N=4096 K=2560 B=2 thr=64 mm=24 | ctx=target phase=verify t=13 N=2560 K=4096 B=2 thr=128 mm=24 | ctx=target phase=verify t=12 N=9216 K=2560 B=2 thr=64 mm=64 | ctx=target phase=verify t=14 N=2560 K=9216 B=2 thr=128 mm=16
[xllama] d3d12_shape label=session_decode part=2/3 keys_total=25 | ctx=target phase=verify t=12 N=8192 K=2560 B=2 thr=64 mm=20 | ctx=target phase=verify t=14 N=1024 K=2560 B=2 thr=64 mm=4 | ctx=target phase=verify t=12 N=1024 K=2560 B=2 thr=64 mm=12 | ctx=target phase=verify t=12 N=2560 K=4096 B=2 thr=128 mm=8 | ctx=target phase=verify t=12 N=2560 K=9216 B=2 thr=128 mm=16 | ctx=target phase=verify t=14 N=248320 K=2560 B=2 thr=64 mm=1 | ctx=draft phase=catchup t=12 N=8192 K=2560 B=2 thr=64 mm=1 | ctx=draft phase=catchup t=14 N=1024 K=2560 B=2 thr=64 mm=1 | ctx=draft phase=catchup t=12 N=1024 K=2560 B=2 thr=64 mm=1 | ctx=draft phase=catchup t=12 N=2560 K=4096 B=2 thr=128 mm=1 | ctx=draft phase=catchup t=12 N=9216 K=2560 B=2 thr=64 mm=2 | ctx=draft phase=catchup t=14 N=2560 K=9216 B=2 thr=128 mm=1
[xllama] d3d12_shape label=session_decode part=3/3 keys_total=25 | ctx=draft phase=catchup t=14 N=248320 K=2560 B=2 thr=64 mm=1
[xllama] MTP_STATS rounds=1 decodes=3 discarded=1 catchup_tok=2 draft_ms=7.9 sample_ms=1.8 topprob_ms=7.1 catchup_ms=6.3 verify_ms=71.0 corrective_ms=0.0
[xllama] session: KV prefix reuse — kept 30 of 31 tokens (#170)
[xllama] mtp: draft mirror cannot carry the reused prefix; full re-prefill so the catch-up rebuilds it
[xllama] session: turn full=1 kv_before=0 pf=31 prompt=31
[xllama] PHASE_PREFILL n_prompt=31 rows_kept=31 n_ubatch=64 calls=197 matmuls=249 gpu_ms=266.162647
[xllama] d3d12_shape label=session_prefill part=1/2 keys_total=24 | ctx=target phase=prefill t=14 N=8192 K=2560 B=31 thr=64 mm=12 | ctx=target phase=prefill t=12 N=4096 K=2560 B=31 thr=64 mm=24 | ctx=target phase=prefill t=13 N=2560 K=4096 B=31 thr=128 mm=24 | ctx=target phase=prefill t=12 N=9216 K=2560 B=31 thr=64 mm=64 | ctx=target phase=prefill t=14 N=2560 K=9216 B=31 thr=128 mm=16 | ctx=target phase=prefill t=12 N=8192 K=2560 B=31 thr=64 mm=20 | ctx=target phase=prefill t=14 N=1024 K=2560 B=31 thr=64 mm=4 | ctx=target phase=prefill t=12 N=1024 K=2560 B=31 thr=64 mm=12 | ctx=target phase=prefill t=12 N=2560 K=4096 B=31 thr=128 mm=8 | ctx=target phase=prefill t=12 N=2560 K=9216 B=31 thr=128 mm=16 | ctx=target phase=prefill t=14 N=248320 K=2560 B=1 thr=64 mm=2 | ctx=target phase=prefill t=12 N=8192 K=2560 B=6 thr=64 mm=5
[xllama] d3d12_shape label=session_prefill part=2/2 keys_total=24 | ctx=target phase=prefill t=14 N=1024 K=2560 B=6 thr=64 mm=5 | ctx=target phase=prefill t=12 N=1024 K=2560 B=6 thr=64 mm=5 | ctx=target phase=prefill t=12 N=2560 K=4096 B=6 thr=128 mm=5 | ctx=target phase=prefill t=12 N=9216 K=2560 B=6 thr=64 mm=10 | ctx=target phase=prefill t=14 N=2560 K=9216 B=6 thr=128 mm=5 | ctx=target phase=prefill t=14 N=248320 K=2560 B=6 thr=64 mm=5 | ctx=target phase=prefill t=12 N=8192 K=2560 B=1 thr=64 mm=1 | ctx=target phase=prefill t=14 N=1024 K=2560 B=1 thr=64 mm=1 | ctx=target phase=prefill t=12 N=1024 K=2560 B=1 thr=64 mm=1 | ctx=target phase=prefill t=12 N=2560 K=4096 B=1 thr=128 mm=1 | ctx=target phase=prefill t=12 N=9216 K=2560 B=1 thr=64 mm=2 | ctx=target phase=prefill t=14 N=2560 K=9216 B=1 thr=128 mm=1
[xllama] EOG after 2 tokens tok=248046 branch=classic
[xllama] VROUND width=2 wall=67.79 d3w=27.88 d3g=16.75 cpu=468.75 reuse=0 accepted=1 gen=2
[xllama] session generate: n=2 prefill=469.0ms (31 tok) reuse=0 drafted=1 (mtp=1 lookup=0) spec_accept=1 (mtp=1 lookup=0)
[xllama] PHASE total_ms=578.3 prefill_ms=469.0 decode_ms=92.4 accounted_ms=92.2 residual_decode_ms=0.2 load_plus_setup_ms=16.8 draft_ms=8.0 sample_ms=1.5 topprob_ms=6.3 catchup_ms=6.5 verify_ms=67.8 verify_d3w=27.9 verify_d3g=16.7 verify_cpu=468.8 rounds_split=1 corrective_ms=0.0 classic_decode_ms=0.0 classic_catchup_ms=0.0 lookup_ms=0.0 sample_target_ms=2.3 emit_ms=0.0 maintain_ms=0.0 profile=1
[xllama] d3d12_shape label=session_decode part=1/3 keys_total=25 | ctx=draft phase=draft t=12 N=8192 K=2560 B=1 thr=64 mm=2 | ctx=draft phase=draft t=14 N=1024 K=2560 B=1 thr=64 mm=2 | ctx=draft phase=draft t=12 N=1024 K=2560 B=1 thr=64 mm=2 | ctx=draft phase=draft t=12 N=2560 K=4096 B=1 thr=128 mm=2 | ctx=draft phase=draft t=12 N=9216 K=2560 B=1 thr=64 mm=4 | ctx=draft phase=draft t=14 N=2560 K=9216 B=1 thr=128 mm=2 | ctx=draft phase=draft t=14 N=248320 K=2560 B=1 thr=64 mm=2 | ctx=target phase=verify t=14 N=8192 K=2560 B=2 thr=64 mm=12 | ctx=target phase=verify t=12 N=4096 K=2560 B=2 thr=64 mm=24 | ctx=target phase=verify t=13 N=2560 K=4096 B=2 thr=128 mm=24 | ctx=target phase=verify t=12 N=9216 K=2560 B=2 thr=64 mm=64 | ctx=target phase=verify t=14 N=2560 K=9216 B=2 thr=128 mm=16
[xllama] d3d12_shape label=session_decode part=2/3 keys_total=25 | ctx=target phase=verify t=12 N=8192 K=2560 B=2 thr=64 mm=20 | ctx=target phase=verify t=14 N=1024 K=2560 B=2 thr=64 mm=4 | ctx=target phase=verify t=12 N=1024 K=2560 B=2 thr=64 mm=12 | ctx=target phase=verify t=12 N=2560 K=4096 B=2 thr=128 mm=8 | ctx=target phase=verify t=12 N=2560 K=9216 B=2 thr=128 mm=16 | ctx=target phase=verify t=14 N=248320 K=2560 B=2 thr=64 mm=1 | ctx=draft phase=catchup t=12 N=8192 K=2560 B=2 thr=64 mm=1 | ctx=draft phase=catchup t=14 N=1024 K=2560 B=2 thr=64 mm=1 | ctx=draft phase=catchup t=12 N=1024 K=2560 B=2 thr=64 mm=1 | ctx=draft phase=catchup t=12 N=2560 K=4096 B=2 thr=128 mm=1 | ctx=draft phase=catchup t=12 N=9216 K=2560 B=2 thr=64 mm=2 | ctx=draft phase=catchup t=14 N=2560 K=9216 B=2 thr=128 mm=1
[xllama] d3d12_shape label=session_decode part=3/3 keys_total=25 | ctx=draft phase=catchup t=14 N=248320 K=2560 B=2 thr=64 mm=1
[xllama] MTP_STATS rounds=1 decodes=3 discarded=1 catchup_tok=2 draft_ms=8.0 sample_ms=1.5 topprob_ms=6.3 catchup_ms=6.5 verify_ms=67.8 corrective_ms=0.0
[xllama] session: KV prefix reuse — kept 30 of 31 tokens (#170)
[xllama] mtp: draft mirror cannot carry the reused prefix; full re-prefill so the catch-up rebuilds it
[xllama] session: turn full=1 kv_before=0 pf=31 prompt=31
[xllama] PHASE_PREFILL n_prompt=31 rows_kept=31 n_ubatch=64 calls=197 matmuls=249 gpu_ms=265.851228
[xllama] d3d12_shape label=session_prefill part=1/2 keys_total=24 | ctx=target phase=prefill t=14 N=8192 K=2560 B=31 thr=64 mm=12 | ctx=target phase=prefill t=12 N=4096 K=2560 B=31 thr=64 mm=24 | ctx=target phase=prefill t=13 N=2560 K=4096 B=31 thr=128 mm=24 | ctx=target phase=prefill t=12 N=9216 K=2560 B=31 thr=64 mm=64 | ctx=target phase=prefill t=14 N=2560 K=9216 B=31 thr=128 mm=16 | ctx=target phase=prefill t=12 N=8192 K=2560 B=31 thr=64 mm=20 | ctx=target phase=prefill t=14 N=1024 K=2560 B=31 thr=64 mm=4 | ctx=target phase=prefill t=12 N=1024 K=2560 B=31 thr=64 mm=12 | ctx=target phase=prefill t=12 N=2560 K=4096 B=31 thr=128 mm=8 | ctx=target phase=prefill t=12 N=2560 K=9216 B=31 thr=128 mm=16 | ctx=target phase=prefill t=14 N=248320 K=2560 B=1 thr=64 mm=2 | ctx=target phase=prefill t=12 N=8192 K=2560 B=6 thr=64 mm=5
[xllama] d3d12_shape label=session_prefill part=2/2 keys_total=24 | ctx=target phase=prefill t=14 N=1024 K=2560 B=6 thr=64 mm=5 | ctx=target phase=prefill t=12 N=1024 K=2560 B=6 thr=64 mm=5 | ctx=target phase=prefill t=12 N=2560 K=4096 B=6 thr=128 mm=5 | ctx=target phase=prefill t=12 N=9216 K=2560 B=6 thr=64 mm=10 | ctx=target phase=prefill t=14 N=2560 K=9216 B=6 thr=128 mm=5 | ctx=target phase=prefill t=14 N=248320 K=2560 B=6 thr=64 mm=5 | ctx=target phase=prefill t=12 N=8192 K=2560 B=1 thr=64 mm=1 | ctx=target phase=prefill t=14 N=1024 K=2560 B=1 thr=64 mm=1 | ctx=target phase=prefill t=12 N=1024 K=2560 B=1 thr=64 mm=1 | ctx=target phase=prefill t=12 N=2560 K=4096 B=1 thr=128 mm=1 | ctx=target phase=prefill t=12 N=9216 K=2560 B=1 thr=64 mm=2 | ctx=target phase=prefill t=14 N=2560 K=9216 B=1 thr=128 mm=1
[xllama] EOG after 2 tokens tok=248046 branch=classic
[xllama] VROUND width=2 wall=67.89 d3w=27.59 d3g=16.87 cpu=375.00 reuse=0 accepted=1 gen=2
[xllama] session generate: n=2 prefill=499.8ms (31 tok) reuse=0 drafted=1 (mtp=1 lookup=0) spec_accept=1 (mtp=1 lookup=0)
[xllama] PHASE total_ms=602.9 prefill_ms=499.8 decode_ms=92.3 accounted_ms=92.1 residual_decode_ms=0.2 load_plus_setup_ms=10.8 draft_ms=8.0 sample_ms=1.5 topprob_ms=5.9 catchup_ms=6.3 verify_ms=67.9 verify_d3w=27.6 verify_d3g=16.9 verify_cpu=375.0 rounds_split=1 corrective_ms=0.0 classic_decode_ms=0.0 classic_catchup_ms=0.0 lookup_ms=0.0 sample_target_ms=2.5 emit_ms=0.0 maintain_ms=0.0 profile=1
[xllama] d3d12_shape label=session_decode part=1/3 keys_total=25 | ctx=draft phase=draft t=12 N=8192 K=2560 B=1 thr=64 mm=2 | ctx=draft phase=draft t=14 N=1024 K=2560 B=1 thr=64 mm=2 | ctx=draft phase=draft t=12 N=1024 K=2560 B=1 thr=64 mm=2 | ctx=draft phase=draft t=12 N=2560 K=4096 B=1 thr=128 mm=2 | ctx=draft phase=draft t=12 N=9216 K=2560 B=1 thr=64 mm=4 | ctx=draft phase=draft t=14 N=2560 K=9216 B=1 thr=128 mm=2 | ctx=draft phase=draft t=14 N=248320 K=2560 B=1 thr=64 mm=2 | ctx=target phase=verify t=14 N=8192 K=2560 B=2 thr=64 mm=12 | ctx=target phase=verify t=12 N=4096 K=2560 B=2 thr=64 mm=24 | ctx=target phase=verify t=13 N=2560 K=4096 B=2 thr=128 mm=24 | ctx=target phase=verify t=12 N=9216 K=2560 B=2 thr=64 mm=64 | ctx=target phase=verify t=14 N=2560 K=9216 B=2 thr=128 mm=16
[xllama] d3d12_shape label=session_decode part=2/3 keys_total=25 | ctx=target phase=verify t=12 N=8192 K=2560 B=2 thr=64 mm=20 | ctx=target phase=verify t=14 N=1024 K=2560 B=2 thr=64 mm=4 | ctx=target phase=verify t=12 N=1024 K=2560 B=2 thr=64 mm=12 | ctx=target phase=verify t=12 N=2560 K=4096 B=2 thr=128 mm=8 | ctx=target phase=verify t=12 N=2560 K=9216 B=2 thr=128 mm=16 | ctx=target phase=verify t=14 N=248320 K=2560 B=2 thr=64 mm=1 | ctx=draft phase=catchup t=12 N=8192 K=2560 B=2 thr=64 mm=1 | ctx=draft phase=catchup t=14 N=1024 K=2560 B=2 thr=64 mm=1 | ctx=draft phase=catchup t=12 N=1024 K=2560 B=2 thr=64 mm=1 | ctx=draft phase=catchup t=12 N=2560 K=4096 B=2 thr=128 mm=1 | ctx=draft phase=catchup t=12 N=9216 K=2560 B=2 thr=64 mm=2 | ctx=draft phase=catchup t=14 N=2560 K=9216 B=2 thr=128 mm=1
[xllama] d3d12_shape label=session_decode part=3/3 keys_total=25 | ctx=draft phase=catchup t=14 N=248320 K=2560 B=2 thr=64 mm=1
[xllama] MTP_STATS rounds=1 decodes=3 discarded=1 catchup_tok=2 draft_ms=8.0 sample_ms=1.5 topprob_ms=5.9 catchup_ms=6.3 verify_ms=67.9 corrective_ms=0.0
[xllama] ini mtp REJECTED: model 'qwen35-4b' is not the exact selected qwen35-4b-mtp -> MTP OFF
[llama] ~llama_context: D3D12_Host compute buffer size is   5.8489 MiB, matches expectation of   5.8489 MiB
[llama] ~llama_context: D3D12_Host compute buffer size is   0.0000 MiB, matches expectation of   0.0000 MiB
[xllama] d3d12: 1128 graph_compute calls, 1422 matmuls (408 2col), 1025.1 ms wall (873.6 ms GPU)
[llama] ~llama_context: D3D12_Host compute buffer size is  63.0027 MiB, matches expectation of  63.0027 MiB
[llama] ~llama_context: D3D12_Host compute buffer size is   0.0000 MiB, matches expectation of   0.0000 MiB
[xllama] d3d12: 0 graph_compute calls, 0 matmuls (0 2col), 0.0 ms wall (0.0 ms GPU)
[xllama] session config REJECTED: startup scope2 profile is active: only qwen35-4b-mtp may load; restart the app with the default profile (remove d3d12twocol.txt/cpurepackforcegemv.txt) to load other models
[xllama] session config: model=qwen35-4b-mtp mtp=1 depth=4 pmin=0.75 n_ctx=2048 n_batch=64 n_ubatch=64 gpu=34 kv_q8=0
[xllama] gguf gpu layers: 34 on D3D12
[llama] llama_model_loader: mmap is not supported on this platform
[llama] llama_prepare_model_devices: using device D3D12 (xllama D3D12 compute (Q4_0/Q4_K/Q5_K/Q6_K matmul)) (unknown id) - 4121 MiB free
[llama] load_tensors: layer   0 assigned to device D3D12, is_swa = 0
[llama] load_tensors: layer   1 assigned to device D3D12, is_swa = 0
[llama] load_tensors: layer   2 assigned to device D3D12, is_swa = 0
[llama] load_tensors: layer   3 assigned to device D3D12, is_swa = 0
[llama] load_tensors: layer   4 assigned to device D3D12, is_swa = 0
[llama] load_tensors: layer   5 assigned to device D3D12, is_swa = 0
[llama] load_tensors: layer   6 assigned to device D3D12, is_swa = 0
[llama] load_tensors: layer   7 assigned to device D3D12, is_swa = 0
[llama] load_tensors: layer   8 assigned to device D3D12, is_swa = 0
[llama] load_tensors: layer   9 assigned to device D3D12, is_swa = 0
[llama] load_tensors: layer  10 assigned to device D3D12, is_swa = 0
[llama] load_tensors: layer  11 assigned to device D3D12, is_swa = 0
[llama] load_tensors: layer  12 assigned to device D3D12, is_swa = 0
[llama] load_tensors: layer  13 assigned to device D3D12, is_swa = 0
[llama] load_tensors: layer  14 assigned to device D3D12, is_swa = 0
[llama] load_tensors: layer  15 assigned to device D3D12, is_swa = 0
[llama] load_tensors: layer  16 assigned to device D3D12, is_swa = 0
[llama] load_tensors: layer  17 assigned to device D3D12, is_swa = 0
[llama] load_tensors: layer  18 assigned to device D3D12, is_swa = 0
[llama] load_tensors: layer  19 assigned to device D3D12, is_swa = 0
[llama] load_tensors: layer  20 assigned to device D3D12, is_swa = 0
[llama] load_tensors: layer  21 assigned to device D3D12, is_swa = 0
[llama] load_tensors: layer  22 assigned to device D3D12, is_swa = 0
[llama] load_tensors: layer  23 assigned to device D3D12, is_swa = 0
[llama] load_tensors: layer  24 assigned to device D3D12, is_swa = 0
[llama] load_tensors: layer  25 assigned to device D3D12, is_swa = 0
[llama] load_tensors: layer  26 assigned to device D3D12, is_swa = 0
[llama] load_tensors: layer  27 assigned to device D3D12, is_swa = 0
[llama] load_tensors: layer  28 assigned to device D3D12, is_swa = 0
[llama] load_tensors: layer  29 assigned to device D3D12, is_swa = 0
[llama] load_tensors: layer  30 assigned to device D3D12, is_swa = 0
[llama] load_tensors: layer  31 assigned to device D3D12, is_swa = 0
[llama] load_tensors: layer  32 assigned to device D3D12, is_swa = 0
[llama] load_tensors: layer  33 assigned to device D3D12, is_swa = 0
[xllama] d3d12: D3D12_Weights buffer 2661.2 MiB
[llama] load_tensors: offloading output layer to GPU
[llama] load_tensors: offloading 32 repeating layers to GPU
[llama] load_tensors: offloaded 34/34 layers to GPU
[llama] load_tensors:          CPU model buffer size =   529.31 MiB
[llama] load_tensors: D3D12_Weights model buffer size =  2661.23 MiB
[llama] load_all_data: buffer type D3D12_Weights is not the default buffer type for device D3D12 for async uploads
[xllama] Session: GGUF model loaded via llama.cpp (persistent)
[xllama] session: speculative n_rs_seq=4
[llama] llama_context: D3D12_Host  output buffer size =     0.95 MiB
[llama] llama_kv_cache:        CPU KV buffer size =    64.00 MiB
[llama] llama_memory_recurrent:        CPU RS buffer size =   251.25 MiB
[llama] resolve_fused_ops: layer 3 is assigned to device D3D12 but Flash Attention is assigned to device CPU (usually due to missing support)
[llama] resolve_fused_ops: Flash Attention not supported, set to disabled
[xllama] d3d12: D3D12_Host buffer 63.0 MiB
[llama] sched_reserve: D3D12_Host compute buffer size =    63.00 MiB
[llama] sched_reserve: graph splits = 322
[llama] llama_context: D3D12_Host  output buffer size =     0.95 MiB
[llama] llama_kv_cache:        CPU KV buffer size =     8.00 MiB
[llama] resolve_fused_ops: layer 32 is assigned to device D3D12 but Flash Attention is assigned to device CPU (usually due to missing support)
[llama] resolve_fused_ops: Flash Attention not supported, set to disabled
[xllama] d3d12: D3D12_Host buffer 5.8 MiB
[llama] sched_reserve: D3D12_Host compute buffer size =     5.85 MiB
[llama] sched_reserve: graph splits = 12
[xllama] mtp: draft ready, n_max=4 p_min=0.750000 dft_n_batch=6
[xllama] mtp: target nextn head layers=1
[xllama] mtp: split_mtp_weights=0 resident=0 tensors=0
[xllama] session: can_shift=0 (memory_can_shift=0 n_swa=0)
[xllama] session: turn full=1 kv_before=0 pf=30 prompt=30
[xllama] d3d12: D3D12_Host buffer 1.6 MiB
[xllama] d3d12: D3D12_Host buffer 5.7 MiB
[xllama] PHASE_PREFILL n_prompt=30 rows_kept=30 n_ubatch=64 calls=191 matmuls=241 gpu_ms=255.083469
[xllama] d3d12_shape label=session_prefill part=1/2 keys_total=18 | ctx=target phase=prefill t=14 N=8192 K=2560 B=30 thr=64 mm=12 | ctx=target phase=prefill t=12 N=4096 K=2560 B=30 thr=64 mm=24 | ctx=target phase=prefill t=13 N=2560 K=4096 B=30 thr=128 mm=24 | ctx=target phase=prefill t=12 N=9216 K=2560 B=30 thr=64 mm=64 | ctx=target phase=prefill t=14 N=2560 K=9216 B=30 thr=128 mm=16 | ctx=target phase=prefill t=12 N=8192 K=2560 B=30 thr=64 mm=20 | ctx=target phase=prefill t=14 N=1024 K=2560 B=30 thr=64 mm=4 | ctx=target phase=prefill t=12 N=1024 K=2560 B=30 thr=64 mm=12 | ctx=target phase=prefill t=12 N=2560 K=4096 B=30 thr=128 mm=8 | ctx=target phase=prefill t=12 N=2560 K=9216 B=30 thr=128 mm=16 | ctx=target phase=prefill t=14 N=248320 K=2560 B=1 thr=64 mm=1 | ctx=target phase=prefill t=12 N=8192 K=2560 B=6 thr=64 mm=5
[xllama] d3d12_shape label=session_prefill part=2/2 keys_total=18 | ctx=target phase=prefill t=14 N=1024 K=2560 B=6 thr=64 mm=5 | ctx=target phase=prefill t=12 N=1024 K=2560 B=6 thr=64 mm=5 | ctx=target phase=prefill t=12 N=2560 K=4096 B=6 thr=128 mm=5 | ctx=target phase=prefill t=12 N=9216 K=2560 B=6 thr=64 mm=10 | ctx=target phase=prefill t=14 N=2560 K=9216 B=6 thr=128 mm=5 | ctx=target phase=prefill t=14 N=248320 K=2560 B=6 thr=64 mm=5
[xllama] d3d12: D3D12_Host buffer 5.4 MiB
[xllama] EOG after 1 tokens (spec) tok=248046 branch=spec
[xllama] VROUND width=5 wall=156.85 d3w=93.83 d3g=39.26 cpu=937.50 reuse=0 accepted=1 gen=1
[xllama] session generate: n=1 prefill=448.2ms (30 tok) reuse=0 drafted=4 (mtp=4 lookup=0) spec_accept=1 (mtp=1 lookup=0)
[xllama] PHASE total_ms=724.4 prefill_ms=448.2 decode_ms=198.9 accounted_ms=198.7 residual_decode_ms=0.2 load_plus_setup_ms=77.2 draft_ms=16.5 sample_ms=3.8 topprob_ms=16.2 catchup_ms=0.0 verify_ms=156.8 verify_d3w=93.8 verify_d3g=39.3 verify_cpu=937.5 rounds_split=1 corrective_ms=0.0 classic_decode_ms=0.0 classic_catchup_ms=0.0 lookup_ms=0.0 sample_target_ms=5.3 emit_ms=0.0 maintain_ms=0.0 profile=1
[xllama] d3d12_shape label=session_decode part=1/2 keys_total=18 | ctx=draft phase=draft t=12 N=8192 K=2560 B=1 thr=64 mm=4 | ctx=draft phase=draft t=14 N=1024 K=2560 B=1 thr=64 mm=4 | ctx=draft phase=draft t=12 N=1024 K=2560 B=1 thr=64 mm=4 | ctx=draft phase=draft t=12 N=2560 K=4096 B=1 thr=128 mm=4 | ctx=draft phase=draft t=12 N=9216 K=2560 B=1 thr=64 mm=8 | ctx=draft phase=draft t=14 N=2560 K=9216 B=1 thr=128 mm=4 | ctx=draft phase=draft t=14 N=248320 K=2560 B=1 thr=64 mm=4 | ctx=target phase=verify t=14 N=8192 K=2560 B=5 thr=64 mm=12 | ctx=target phase=verify t=12 N=4096 K=2560 B=5 thr=64 mm=24 | ctx=target phase=verify t=13 N=2560 K=4096 B=5 thr=128 mm=24 | ctx=target phase=verify t=12 N=9216 K=2560 B=5 thr=64 mm=64 | ctx=target phase=verify t=14 N=2560 K=9216 B=5 thr=128 mm=16
[xllama] d3d12_shape label=session_decode part=2/2 keys_total=18 | ctx=target phase=verify t=12 N=8192 K=2560 B=5 thr=64 mm=20 | ctx=target phase=verify t=14 N=1024 K=2560 B=5 thr=64 mm=4 | ctx=target phase=verify t=12 N=1024 K=2560 B=5 thr=64 mm=12 | ctx=target phase=verify t=12 N=2560 K=4096 B=5 thr=128 mm=8 | ctx=target phase=verify t=12 N=2560 K=9216 B=5 thr=128 mm=16 | ctx=target phase=verify t=14 N=248320 K=2560 B=5 thr=64 mm=1
[xllama] MTP_STATS rounds=1 decodes=4 discarded=0 catchup_tok=0 draft_ms=16.5 sample_ms=3.8 topprob_ms=16.2 catchup_ms=0.0 verify_ms=156.8 corrective_ms=0.0
[xllama] session: KV rewind unsupported (hybrid cache) — full re-prefill (#170): common=15 resident=31 prompt=36
[xllama] session: turn full=1 kv_before=0 pf=36 prompt=36
[xllama] PHASE_PREFILL n_prompt=36 rows_kept=36 n_ubatch=64 calls=197 matmuls=249 gpu_ms=305.223058
[xllama] d3d12_shape label=session_prefill part=1/2 keys_total=18 | ctx=target phase=prefill t=14 N=8192 K=2560 B=36 thr=64 mm=12 | ctx=target phase=prefill t=12 N=4096 K=2560 B=36 thr=64 mm=24 | ctx=target phase=prefill t=13 N=2560 K=4096 B=36 thr=128 mm=24 | ctx=target phase=prefill t=12 N=9216 K=2560 B=36 thr=64 mm=64 | ctx=target phase=prefill t=14 N=2560 K=9216 B=36 thr=128 mm=16 | ctx=target phase=prefill t=12 N=8192 K=2560 B=36 thr=64 mm=20 | ctx=target phase=prefill t=14 N=1024 K=2560 B=36 thr=64 mm=4 | ctx=target phase=prefill t=12 N=1024 K=2560 B=36 thr=64 mm=12 | ctx=target phase=prefill t=12 N=2560 K=4096 B=36 thr=128 mm=8 | ctx=target phase=prefill t=12 N=2560 K=9216 B=36 thr=128 mm=16 | ctx=target phase=prefill t=14 N=248320 K=2560 B=1 thr=64 mm=1 | ctx=target phase=prefill t=12 N=8192 K=2560 B=6 thr=64 mm=6
[xllama] d3d12_shape label=session_prefill part=2/2 keys_total=18 | ctx=target phase=prefill t=14 N=1024 K=2560 B=6 thr=64 mm=6 | ctx=target phase=prefill t=12 N=1024 K=2560 B=6 thr=64 mm=6 | ctx=target phase=prefill t=12 N=2560 K=4096 B=6 thr=128 mm=6 | ctx=target phase=prefill t=12 N=9216 K=2560 B=6 thr=64 mm=12 | ctx=target phase=prefill t=14 N=2560 K=9216 B=6 thr=128 mm=6 | ctx=target phase=prefill t=14 N=248320 K=2560 B=6 thr=64 mm=6
[xllama] VROUND width=3 wall=83.97 d3w=36.60 d3g=25.55 cpu=468.75 reuse=0 accepted=2 gen=400
[xllama] VROUND width=2 wall=68.05 d3w=28.25 d3g=16.85 cpu=468.75 reuse=0 accepted=1 gen=400
[xllama] VROUND width=3 wall=84.12 d3w=36.88 d3g=25.51 cpu=468.75 reuse=0 accepted=2 gen=400
[xllama] VROUND width=2 wall=67.95 d3w=27.95 d3g=16.92 cpu=468.75 reuse=0 accepted=1 gen=400
[xllama] VROUND width=2 wall=67.38 d3w=27.61 d3g=16.91 cpu=453.12 reuse=0 accepted=1 gen=400
[xllama] VROUND width=2 wall=65.71 d3w=27.70 d3g=16.88 cpu=468.75 reuse=1 accepted=0 gen=400
[xllama] VROUND width=4 wall=135.09 d3w=77.32 d3g=35.38 cpu=843.75 reuse=0 accepted=0 gen=400
[xllama] VROUND width=2 wall=66.65 d3w=26.98 d3g=16.85 cpu=468.75 reuse=0 accepted=1 gen=400
[xllama] VROUND width=2 wall=66.35 d3w=27.96 d3g=16.89 cpu=375.00 reuse=1 accepted=1 gen=400
[xllama] VROUND width=2 wall=65.73 d3w=27.64 d3g=16.85 cpu=375.00 reuse=1 accepted=1 gen=400
[xllama] VROUND width=2 wall=67.89 d3w=27.96 d3g=16.85 cpu=375.00 reuse=0 accepted=1 gen=400
[xllama] VROUND width=2 wall=67.68 d3w=27.80 d3g=16.88 cpu=375.00 reuse=0 accepted=0 gen=400
[xllama] VROUND width=3 wall=83.96 d3w=36.67 d3g=25.63 cpu=468.75 reuse=0 accepted=2 gen=400
[xllama] VROUND width=2 wall=67.52 d3w=27.80 d3g=16.93 cpu=375.00 reuse=0 accepted=1 gen=400
[xllama] VROUND width=2 wall=67.75 d3w=28.01 d3g=16.86 cpu=468.75 reuse=0 accepted=1 gen=400
[xllama] VROUND width=2 wall=67.61 d3w=27.57 d3g=16.87 cpu=468.75 reuse=0 accepted=1 gen=400
[xllama] VROUND width=2 wall=67.58 d3w=27.82 d3g=16.87 cpu=375.00 reuse=0 accepted=1 gen=400
[xllama] VROUND width=2 wall=68.06 d3w=27.98 d3g=16.89 cpu=375.00 reuse=0 accepted=1 gen=400
[xllama] VROUND width=2 wall=65.66 d3w=27.69 d3g=16.94 cpu=375.00 reuse=1 accepted=0 gen=400
[xllama] VROUND width=2 wall=67.82 d3w=27.82 d3g=16.85 cpu=375.00 reuse=0 accepted=1 gen=400
[xllama] VROUND width=2 wall=65.60 d3w=27.81 d3g=17.01 cpu=375.00 reuse=1 accepted=1 gen=400
[xllama] VROUND width=3 wall=90.22 d3w=41.52 d3g=25.46 cpu=562.50 reuse=0 accepted=0 gen=400
[xllama] VROUND width=3 wall=84.26 d3w=36.86 d3g=25.59 cpu=562.50 reuse=0 accepted=2 gen=400
[xllama] VROUND width=2 wall=67.47 d3w=27.58 d3g=16.85 cpu=468.75 reuse=0 accepted=0 gen=400
[xllama] VROUND width=2 wall=67.64 d3w=27.67 d3g=16.94 cpu=468.75 reuse=0 accepted=1 gen=400
[xllama] VROUND width=2 wall=65.61 d3w=27.63 d3g=16.85 cpu=375.00 reuse=1 accepted=1 gen=400
[xllama] VROUND width=2 wall=67.62 d3w=27.74 d3g=16.86 cpu=375.00 reuse=0 accepted=1 gen=400
[xllama] VROUND width=2 wall=65.68 d3w=27.77 d3g=16.93 cpu=375.00 reuse=1 accepted=0 gen=400
[xllama] VROUND width=4 wall=102.64 d3w=47.08 d3g=35.31 cpu=562.50 reuse=0 accepted=3 gen=400
[xllama] VROUND width=2 wall=67.93 d3w=28.09 d3g=16.85 cpu=375.00 reuse=0 accepted=1 gen=400
[xllama] VROUND width=3 wall=84.12 d3w=36.69 d3g=25.49 cpu=468.75 reuse=0 accepted=2 gen=400
[xllama] VROUND width=2 wall=67.80 d3w=27.85 d3g=16.87 cpu=453.12 reuse=0 accepted=1 gen=400
[xllama] VROUND width=2 wall=65.52 d3w=27.82 d3g=17.01 cpu=375.00 reuse=1 accepted=1 gen=400
[xllama] VROUND width=4 wall=101.70 d3w=46.49 d3g=35.09 cpu=562.50 reuse=0 accepted=3 gen=400
[xllama] VROUND width=2 wall=67.28 d3w=27.87 d3g=16.95 cpu=375.00 reuse=0 accepted=1 gen=400
[xllama] VROUND width=2 wall=67.94 d3w=28.31 d3g=17.00 cpu=375.00 reuse=0 accepted=0 gen=400
[xllama] VROUND width=3 wall=84.70 d3w=37.50 d3g=25.59 cpu=562.50 reuse=0 accepted=2 gen=400
[xllama] VROUND width=2 wall=67.72 d3w=27.91 d3g=16.93 cpu=375.00 reuse=0 accepted=1 gen=400
[xllama] VROUND width=2 wall=67.63 d3w=27.79 d3g=16.85 cpu=375.00 reuse=0 accepted=1 gen=400
[xllama] VROUND width=3 wall=83.82 d3w=36.62 d3g=25.53 cpu=562.50 reuse=0 accepted=2 gen=400
[xllama] VROUND width=2 wall=67.53 d3w=27.68 d3g=16.89 cpu=375.00 reuse=0 accepted=1 gen=400
[xllama] VROUND width=2 wall=67.70 d3w=27.80 d3g=16.94 cpu=375.00 reuse=0 accepted=1 gen=400
[xllama] VROUND width=3 wall=84.64 d3w=37.21 d3g=25.53 cpu=562.50 reuse=0 accepted=0 gen=400
[xllama] VROUND width=2 wall=68.03 d3w=28.25 d3g=16.95 cpu=468.75 reuse=0 accepted=1 gen=400
[xllama] VROUND width=3 wall=83.93 d3w=36.63 d3g=25.46 cpu=468.75 reuse=0 accepted=0 gen=400
[xllama] VROUND width=2 wall=67.82 d3w=28.26 d3g=16.93 cpu=375.00 reuse=0 accepted=1 gen=400
[xllama] VROUND width=2 wall=67.67 d3w=27.80 d3g=16.86 cpu=375.00 reuse=0 accepted=1 gen=400
[xllama] VROUND width=2 wall=67.84 d3w=28.01 d3g=16.90 cpu=468.75 reuse=0 accepted=1 gen=400
[xllama] VROUND width=2 wall=66.07 d3w=27.96 d3g=16.88 cpu=468.75 reuse=1 accepted=1 gen=400
[xllama] VROUND width=2 wall=67.69 d3w=27.86 d3g=16.86 cpu=468.75 reuse=0 accepted=1 gen=400
[xllama] VROUND width=2 wall=67.76 d3w=27.97 d3g=16.89 cpu=375.00 reuse=0 accepted=1 gen=400
[xllama] VROUND width=3 wall=83.82 d3w=36.73 d3g=25.44 cpu=562.50 reuse=0 accepted=2 gen=400
[xllama] VROUND width=2 wall=67.45 d3w=27.73 d3g=16.94 cpu=375.00 reuse=0 accepted=1 gen=400
[xllama] VROUND width=3 wall=84.54 d3w=37.29 d3g=25.44 cpu=562.50 reuse=0 accepted=2 gen=400
[xllama] VROUND width=2 wall=67.87 d3w=27.99 d3g=16.87 cpu=375.00 reuse=0 accepted=1 gen=400
[xllama] VROUND width=3 wall=84.08 d3w=36.68 d3g=25.54 cpu=562.50 reuse=0 accepted=2 gen=400
[xllama] VROUND width=3 wall=84.49 d3w=36.96 d3g=25.49 cpu=562.50 reuse=0 accepted=2 gen=400
[xllama] VROUND width=4 wall=106.71 d3w=47.13 d3g=35.26 cpu=656.25 reuse=0 accepted=3 gen=400
[xllama] VROUND width=2 wall=71.68 d3w=28.16 d3g=16.85 cpu=468.75 reuse=0 accepted=1 gen=400
[xllama] VROUND width=2 wall=71.63 d3w=28.25 d3g=16.87 cpu=375.00 reuse=0 accepted=1 gen=400
[xllama] VROUND width=2 wall=69.25 d3w=27.72 d3g=16.87 cpu=468.75 reuse=1 accepted=1 gen=400
[xllama] VROUND width=2 wall=69.74 d3w=28.32 d3g=16.95 cpu=468.75 reuse=1 accepted=1 gen=400
[xllama] VROUND width=2 wall=69.46 d3w=28.20 d3g=16.94 cpu=468.75 reuse=1 accepted=1 gen=400
[xllama] VROUND width=2 wall=71.69 d3w=28.30 d3g=16.97 cpu=468.75 reuse=0 accepted=1 gen=400
[xllama] VROUND width=2 wall=70.71 d3w=27.59 d3g=16.85 cpu=375.00 reuse=0 accepted=1 gen=400
[xllama] VROUND width=2 wall=69.35 d3w=27.60 d3g=16.88 cpu=468.75 reuse=1 accepted=1 gen=400
[xllama] VROUND width=2 wall=69.13 d3w=27.58 d3g=17.00 cpu=468.75 reuse=1 accepted=1 gen=400
[xllama] VROUND width=2 wall=71.36 d3w=27.93 d3g=16.97 cpu=375.00 reuse=0 accepted=1 gen=400
[xllama] VROUND width=2 wall=71.26 d3w=27.83 d3g=16.97 cpu=375.00 reuse=0 accepted=1 gen=400
[xllama] VROUND width=2 wall=69.69 d3w=28.16 d3g=16.90 cpu=468.75 reuse=1 accepted=0 gen=400
[xllama] VROUND width=3 wall=88.57 d3w=36.94 d3g=25.65 cpu=562.50 reuse=0 accepted=2 gen=400
[xllama] VROUND width=3 wall=88.80 d3w=37.44 d3g=25.59 cpu=562.50 reuse=0 accepted=2 gen=400
[xllama] VROUND width=2 wall=71.15 d3w=27.67 d3g=16.83 cpu=375.00 reuse=0 accepted=1 gen=400
[xllama] VROUND width=2 wall=71.40 d3w=28.03 d3g=16.85 cpu=468.75 reuse=0 accepted=1 gen=400
[xllama] VROUND width=2 wall=70.72 d3w=27.50 d3g=16.85 cpu=468.75 reuse=0 accepted=1 gen=400
[xllama] VROUND width=2 wall=69.14 d3w=27.66 d3g=16.86 cpu=468.75 reuse=1 accepted=1 gen=400
[xllama] VROUND width=2 wall=69.86 d3w=28.38 d3g=16.94 cpu=468.75 reuse=1 accepted=0 gen=400
[xllama] VROUND width=3 wall=88.05 d3w=36.71 d3g=25.45 cpu=468.75 reuse=0 accepted=2 gen=400
[xllama] VROUND width=2 wall=71.13 d3w=27.67 d3g=16.94 cpu=375.00 reuse=0 accepted=1 gen=400
[xllama] VROUND width=2 wall=71.20 d3w=27.43 d3g=16.91 cpu=375.00 reuse=0 accepted=1 gen=400
[xllama] VROUND width=2 wall=71.84 d3w=28.24 d3g=16.86 cpu=375.00 reuse=0 accepted=1 gen=400
[xllama] VROUND width=2 wall=69.31 d3w=27.67 d3g=16.98 cpu=375.00 reuse=1 accepted=1 gen=400
[xllama] VROUND width=3 wall=88.53 d3w=37.01 d3g=25.50 cpu=562.50 reuse=0 accepted=1 gen=400
[xllama] VROUND width=2 wall=72.14 d3w=28.56 d3g=16.85 cpu=375.00 reuse=0 accepted=1 gen=400
[xllama] VROUND width=2 wall=71.01 d3w=27.57 d3g=16.83 cpu=375.00 reuse=0 accepted=1 gen=400
[xllama] VROUND width=2 wall=70.07 d3w=28.67 d3g=16.86 cpu=468.75 reuse=1 accepted=1 gen=400
[xllama] VROUND width=2 wall=69.40 d3w=27.78 d3g=16.83 cpu=468.75 reuse=1 accepted=1 gen=400
[xllama] VROUND width=2 wall=71.56 d3w=28.11 d3g=16.84 cpu=468.75 reuse=0 accepted=1 gen=400
[xllama] VROUND width=3 wall=88.13 d3w=37.07 d3g=25.65 cpu=468.75 reuse=0 accepted=2 gen=400
[xllama] VROUND width=2 wall=71.35 d3w=28.12 d3g=16.81 cpu=468.75 reuse=0 accepted=1 gen=400
[xllama] VROUND width=2 wall=71.70 d3w=28.53 d3g=16.84 cpu=468.75 reuse=0 accepted=1 gen=400
[xllama] VROUND width=3 wall=88.55 d3w=37.33 d3g=25.58 cpu=562.50 reuse=0 accepted=2 gen=400
[xllama] VROUND width=2 wall=71.02 d3w=28.00 d3g=16.86 cpu=375.00 reuse=0 accepted=1 gen=400
[xllama] VROUND width=2 wall=69.14 d3w=27.59 d3g=16.97 cpu=468.75 reuse=1 accepted=1 gen=400
[xllama] VROUND width=2 wall=69.41 d3w=27.49 d3g=16.91 cpu=468.75 reuse=1 accepted=1 gen=400
[xllama] VROUND width=2 wall=71.53 d3w=28.30 d3g=16.88 cpu=468.75 reuse=0 accepted=1 gen=400
[xllama] VROUND width=2 wall=70.79 d3w=27.31 d3g=16.86 cpu=468.75 reuse=0 accepted=1 gen=400
[xllama] VROUND width=2 wall=71.70 d3w=28.31 d3g=16.84 cpu=468.75 reuse=0 accepted=1 gen=400
[xllama] VROUND width=2 wall=71.08 d3w=27.62 d3g=16.83 cpu=468.75 reuse=0 accepted=1 gen=400
[xllama] VROUND width=2 wall=71.87 d3w=28.57 d3g=16.83 cpu=468.75 reuse=0 accepted=1 gen=400
[xllama] VROUND width=2 wall=70.75 d3w=27.46 d3g=16.86 cpu=375.00 reuse=0 accepted=1 gen=400
[xllama] VROUND width=2 wall=69.30 d3w=27.71 d3g=16.94 cpu=468.75 reuse=1 accepted=1 gen=400
[xllama] VROUND width=3 wall=88.99 d3w=37.26 d3g=25.58 cpu=562.50 reuse=0 accepted=2 gen=400
[xllama] VROUND width=2 wall=71.69 d3w=28.02 d3g=16.95 cpu=375.00 reuse=0 accepted=1 gen=400
[xllama] VROUND width=2 wall=71.14 d3w=28.01 d3g=16.86 cpu=375.00 reuse=0 accepted=1 gen=400
[xllama] VROUND width=2 wall=68.98 d3w=27.47 d3g=17.00 cpu=375.00 reuse=1 accepted=1 gen=400
[xllama] VROUND width=2 wall=69.32 d3w=27.79 d3g=16.91 cpu=375.00 reuse=1 accepted=1 gen=400
[xllama] session generate: n=400 prefill=524.9ms (36 tok) reuse=0 drafted=136 (mtp=136 lookup=0) spec_accept=118 (mtp=118 lookup=0)
[xllama] PHASE total_ms=23149.2 prefill_ms=524.9 decode_ms=22608.2 accounted_ms=22546.4 residual_decode_ms=61.9 load_plus_setup_ms=16.1 draft_ms=1819.9 sample_ms=345.7 topprob_ms=603.4 catchup_ms=1483.3 verify_ms=7906.4 verify_d3w=3285.2 verify_d3g=2062.6 verify_cpu=48156.2 rounds_split=107 corrective_ms=598.1 classic_decode_ms=8830.7 classic_catchup_ms=704.8 lookup_ms=0.0 sample_target_ms=957.6 emit_ms=0.9 maintain_ms=0.5 profile=1
[xllama] d3d12_shape label=session_decode part=1/8 keys_total=90 | ctx=draft phase=draft t=12 N=8192 K=2560 B=1 thr=64 mm=417 | ctx=draft phase=draft t=14 N=1024 K=2560 B=1 thr=64 mm=417 | ctx=draft phase=draft t=12 N=1024 K=2560 B=1 thr=64 mm=417 | ctx=draft phase=draft t=12 N=2560 K=4096 B=1 thr=128 mm=417 | ctx=draft phase=draft t=12 N=9216 K=2560 B=1 thr=64 mm=834 | ctx=draft phase=draft t=14 N=2560 K=9216 B=1 thr=128 mm=417 | ctx=draft phase=draft t=14 N=248320 K=2560 B=1 thr=64 mm=417 | ctx=target phase=classic t=14 N=8192 K=2560 B=1 thr=64 mm=1968 | ctx=target phase=classic t=12 N=4096 K=2560 B=1 thr=64 mm=3936 | ctx=target phase=classic t=13 N=2560 K=4096 B=1 thr=128 mm=3936 | ctx=target phase=classic t=12 N=9216 K=2560 B=1 thr=64 mm=10496 | ctx=target phase=classic t=14 N=2560 K=9216 B=1 thr=128 mm=2624
[xllama] d3d12_shape label=session_decode part=2/8 keys_total=90 | ctx=target phase=classic t=12 N=8192 K=2560 B=1 thr=64 mm=3280 | ctx=target phase=classic t=14 N=1024 K=2560 B=1 thr=64 mm=656 | ctx=target phase=classic t=12 N=1024 K=2560 B=1 thr=64 mm=1968 | ctx=target phase=classic t=12 N=2560 K=4096 B=1 thr=128 mm=1312 | ctx=target phase=classic t=12 N=2560 K=9216 B=1 thr=128 mm=2624 | ctx=target phase=classic t=14 N=248320 K=2560 B=1 thr=64 mm=164 | ctx=draft phase=catchup t=12 N=8192 K=2560 B=1 thr=64 mm=187 | ctx=draft phase=catchup t=14 N=1024 K=2560 B=1 thr=64 mm=187 | ctx=draft phase=catchup t=12 N=1024 K=2560 B=1 thr=64 mm=187 | ctx=draft phase=catchup t=12 N=2560 K=4096 B=1 thr=128 mm=187 | ctx=draft phase=catchup t=12 N=9216 K=2560 B=1 thr=64 mm=374 | ctx=draft phase=catchup t=14 N=2560 K=9216 B=1 thr=128 mm=187
[xllama] d3d12_shape label=session_decode part=3/8 keys_total=90 | ctx=draft phase=catchup t=14 N=248320 K=2560 B=1 thr=64 mm=187 | ctx=target phase=verify t=14 N=8192 K=2560 B=3 thr=64 mm=252 | ctx=target phase=verify t=12 N=4096 K=2560 B=3 thr=64 mm=504 | ctx=target phase=verify t=13 N=2560 K=4096 B=3 thr=128 mm=504 | ctx=target phase=verify t=12 N=9216 K=2560 B=3 thr=64 mm=1344 | ctx=target phase=verify t=14 N=2560 K=9216 B=3 thr=128 mm=336 | ctx=target phase=verify t=12 N=8192 K=2560 B=3 thr=64 mm=420 | ctx=target phase=verify t=14 N=1024 K=2560 B=3 thr=64 mm=84 | ctx=target phase=verify t=12 N=1024 K=2560 B=3 thr=64 mm=252 | ctx=target phase=verify t=12 N=2560 K=4096 B=3 thr=128 mm=168 | ctx=target phase=verify t=12 N=2560 K=9216 B=3 thr=128 mm=336 | ctx=target phase=verify t=14 N=248320 K=2560 B=3 thr=64 mm=21
[xllama] d3d12_shape label=session_decode part=4/8 keys_total=90 | ctx=draft phase=catchup t=12 N=8192 K=2560 B=3 thr=64 mm=17 | ctx=draft phase=catchup t=14 N=1024 K=2560 B=3 thr=64 mm=17 | ctx=draft phase=catchup t=12 N=1024 K=2560 B=3 thr=64 mm=17 | ctx=draft phase=catchup t=12 N=2560 K=4096 B=3 thr=128 mm=17 | ctx=draft phase=catchup t=12 N=9216 K=2560 B=3 thr=64 mm=34 | ctx=draft phase=catchup t=14 N=2560 K=9216 B=3 thr=128 mm=17 | ctx=draft phase=catchup t=14 N=248320 K=2560 B=3 thr=64 mm=17 | ctx=target phase=verify t=14 N=8192 K=2560 B=2 thr=64 mm=984 | ctx=target phase=verify t=12 N=4096 K=2560 B=2 thr=64 mm=1968 | ctx=target phase=verify t=13 N=2560 K=4096 B=2 thr=128 mm=1968 | ctx=target phase=verify t=12 N=9216 K=2560 B=2 thr=64 mm=5248 | ctx=target phase=verify t=14 N=2560 K=9216 B=2 thr=128 mm=1312
[xllama] d3d12_shape label=session_decode part=5/8 keys_total=90 | ctx=target phase=verify t=12 N=8192 K=2560 B=2 thr=64 mm=1640 | ctx=target phase=verify t=14 N=1024 K=2560 B=2 thr=64 mm=328 | ctx=target phase=verify t=12 N=1024 K=2560 B=2 thr=64 mm=984 | ctx=target phase=verify t=12 N=2560 K=4096 B=2 thr=128 mm=656 | ctx=target phase=verify t=12 N=2560 K=9216 B=2 thr=128 mm=1312 | ctx=target phase=verify t=14 N=248320 K=2560 B=2 thr=64 mm=82 | ctx=draft phase=catchup t=12 N=8192 K=2560 B=2 thr=64 mm=75 | ctx=draft phase=catchup t=14 N=1024 K=2560 B=2 thr=64 mm=75 | ctx=draft phase=catchup t=12 N=1024 K=2560 B=2 thr=64 mm=75 | ctx=draft phase=catchup t=12 N=2560 K=4096 B=2 thr=128 mm=75 | ctx=draft phase=catchup t=12 N=9216 K=2560 B=2 thr=64 mm=150 | ctx=draft phase=catchup t=14 N=2560 K=9216 B=2 thr=128 mm=75
[xllama] d3d12_shape label=session_decode part=6/8 keys_total=90 | ctx=draft phase=catchup t=14 N=248320 K=2560 B=2 thr=64 mm=75 | ctx=target phase=verify t=14 N=8192 K=2560 B=4 thr=64 mm=48 | ctx=target phase=verify t=12 N=4096 K=2560 B=4 thr=64 mm=96 | ctx=target phase=verify t=13 N=2560 K=4096 B=4 thr=128 mm=96 | ctx=target phase=verify t=12 N=9216 K=2560 B=4 thr=64 mm=256 | ctx=target phase=verify t=14 N=2560 K=9216 B=4 thr=128 mm=64 | ctx=target phase=verify t=12 N=8192 K=2560 B=4 thr=64 mm=80 | ctx=target phase=verify t=14 N=1024 K=2560 B=4 thr=64 mm=16 | ctx=target phase=verify t=12 N=1024 K=2560 B=4 thr=64 mm=48 | ctx=target phase=verify t=12 N=2560 K=4096 B=4 thr=128 mm=32 | ctx=target phase=verify t=12 N=2560 K=9216 B=4 thr=128 mm=64 | ctx=target phase=verify t=14 N=248320 K=2560 B=4 thr=64 mm=4
[xllama] d3d12_shape label=session_decode part=7/8 keys_total=90 | ctx=target phase=decode t=14 N=8192 K=2560 B=1 thr=64 mm=132 | ctx=target phase=decode t=12 N=4096 K=2560 B=1 thr=64 mm=264 | ctx=target phase=decode t=13 N=2560 K=4096 B=1 thr=128 mm=264 | ctx=target phase=decode t=12 N=9216 K=2560 B=1 thr=64 mm=704 | ctx=target phase=decode t=14 N=2560 K=9216 B=1 thr=128 mm=176 | ctx=target phase=decode t=12 N=8192 K=2560 B=1 thr=64 mm=220 | ctx=target phase=decode t=14 N=1024 K=2560 B=1 thr=64 mm=44 | ctx=target phase=decode t=12 N=1024 K=2560 B=1 thr=64 mm=132 | ctx=target phase=decode t=12 N=2560 K=4096 B=1 thr=128 mm=88 | ctx=target phase=decode t=12 N=2560 K=9216 B=1 thr=128 mm=176 | ctx=target phase=decode t=14 N=248320 K=2560 B=1 thr=64 mm=11 | ctx=draft phase=catchup t=12 N=8192 K=2560 B=4 thr=64 mm=3
[xllama] d3d12_shape label=session_decode part=8/8 keys_total=90 | ctx=draft phase=catchup t=14 N=1024 K=2560 B=4 thr=64 mm=3 | ctx=draft phase=catchup t=12 N=1024 K=2560 B=4 thr=64 mm=3 | ctx=draft phase=catchup t=12 N=2560 K=4096 B=4 thr=128 mm=3 | ctx=draft phase=catchup t=12 N=9216 K=2560 B=4 thr=64 mm=6 | ctx=draft phase=catchup t=14 N=2560 K=9216 B=4 thr=128 mm=3 | ctx=draft phase=catchup t=14 N=248320 K=2560 B=4 thr=64 mm=3
[xllama] MTP_STATS rounds=107 decodes=688 discarded=281 catchup_tok=389 draft_ms=1819.9 sample_ms=345.7 topprob_ms=603.4 catchup_ms=1483.3 verify_ms=7906.4 corrective_ms=598.1
[xllama] session: KV rewind unsupported (hybrid cache) — full re-prefill (#170): common=15 resident=436 prompt=26
[xllama] session: turn full=1 kv_before=0 pf=26 prompt=26
[xllama] PHASE_PREFILL n_prompt=26 rows_kept=26 n_ubatch=64 calls=191 matmuls=241 gpu_ms=221.531589
[xllama] d3d12_shape label=session_prefill part=1/3 keys_total=25 | ctx=target phase=prefill t=14 N=8192 K=2560 B=26 thr=64 mm=12 | ctx=target phase=prefill t=12 N=4096 K=2560 B=26 thr=64 mm=24 | ctx=target phase=prefill t=13 N=2560 K=4096 B=26 thr=128 mm=24 | ctx=target phase=prefill t=12 N=9216 K=2560 B=26 thr=64 mm=64 | ctx=target phase=prefill t=14 N=2560 K=9216 B=26 thr=128 mm=16 | ctx=target phase=prefill t=12 N=8192 K=2560 B=26 thr=64 mm=20 | ctx=target phase=prefill t=14 N=1024 K=2560 B=26 thr=64 mm=4 | ctx=target phase=prefill t=12 N=1024 K=2560 B=26 thr=64 mm=12 | ctx=target phase=prefill t=12 N=2560 K=4096 B=26 thr=128 mm=8 | ctx=target phase=prefill t=12 N=2560 K=9216 B=26 thr=128 mm=16 | ctx=target phase=prefill t=14 N=248320 K=2560 B=1 thr=64 mm=1 | ctx=target phase=prefill t=12 N=8192 K=2560 B=6 thr=64 mm=4
[xllama] d3d12_shape label=session_prefill part=2/3 keys_total=25 | ctx=target phase=prefill t=14 N=1024 K=2560 B=6 thr=64 mm=4 | ctx=target phase=prefill t=12 N=1024 K=2560 B=6 thr=64 mm=4 | ctx=target phase=prefill t=12 N=2560 K=4096 B=6 thr=128 mm=4 | ctx=target phase=prefill t=12 N=9216 K=2560 B=6 thr=64 mm=8 | ctx=target phase=prefill t=14 N=2560 K=9216 B=6 thr=128 mm=4 | ctx=target phase=prefill t=14 N=248320 K=2560 B=6 thr=64 mm=4 | ctx=target phase=prefill t=12 N=8192 K=2560 B=2 thr=64 mm=1 | ctx=target phase=prefill t=14 N=1024 K=2560 B=2 thr=64 mm=1 | ctx=target phase=prefill t=12 N=1024 K=2560 B=2 thr=64 mm=1 | ctx=target phase=prefill t=12 N=2560 K=4096 B=2 thr=128 mm=1 | ctx=target phase=prefill t=12 N=9216 K=2560 B=2 thr=64 mm=2 | ctx=target phase=prefill t=14 N=2560 K=9216 B=2 thr=128 mm=1
[xllama] d3d12_shape label=session_prefill part=3/3 keys_total=25 | ctx=target phase=prefill t=14 N=248320 K=2560 B=2 thr=64 mm=1
[xllama] EOG after 1 tokens (spec) tok=248046 branch=spec
[xllama] VROUND width=5 wall=108.28 d3w=50.68 d3g=39.28 cpu=656.25 reuse=0 accepted=1 gen=1
[xllama] session generate: n=1 prefill=399.6ms (26 tok) reuse=0 drafted=4 (mtp=4 lookup=0) spec_accept=1 (mtp=1 lookup=0)
[xllama] PHASE total_ms=563.6 prefill_ms=399.6 decode_ms=149.4 accounted_ms=149.3 residual_decode_ms=0.2 load_plus_setup_ms=14.5 draft_ms=17.0 sample_ms=3.3 topprob_ms=15.8 catchup_ms=0.0 verify_ms=108.3 verify_d3w=50.7 verify_d3g=39.3 verify_cpu=656.2 rounds_split=1 corrective_ms=0.0 classic_decode_ms=0.0 classic_catchup_ms=0.0 lookup_ms=0.0 sample_target_ms=4.8 emit_ms=0.0 maintain_ms=0.0 profile=1
[xllama] d3d12_shape label=session_decode part=1/2 keys_total=18 | ctx=draft phase=draft t=12 N=8192 K=2560 B=1 thr=64 mm=4 | ctx=draft phase=draft t=14 N=1024 K=2560 B=1 thr=64 mm=4 | ctx=draft phase=draft t=12 N=1024 K=2560 B=1 thr=64 mm=4 | ctx=draft phase=draft t=12 N=2560 K=4096 B=1 thr=128 mm=4 | ctx=draft phase=draft t=12 N=9216 K=2560 B=1 thr=64 mm=8 | ctx=draft phase=draft t=14 N=2560 K=9216 B=1 thr=128 mm=4 | ctx=draft phase=draft t=14 N=248320 K=2560 B=1 thr=64 mm=4 | ctx=target phase=verify t=14 N=8192 K=2560 B=5 thr=64 mm=12 | ctx=target phase=verify t=12 N=4096 K=2560 B=5 thr=64 mm=24 | ctx=target phase=verify t=13 N=2560 K=4096 B=5 thr=128 mm=24 | ctx=target phase=verify t=12 N=9216 K=2560 B=5 thr=64 mm=64 | ctx=target phase=verify t=14 N=2560 K=9216 B=5 thr=128 mm=16
[xllama] d3d12_shape label=session_decode part=2/2 keys_total=18 | ctx=target phase=verify t=12 N=8192 K=2560 B=5 thr=64 mm=20 | ctx=target phase=verify t=14 N=1024 K=2560 B=5 thr=64 mm=4 | ctx=target phase=verify t=12 N=1024 K=2560 B=5 thr=64 mm=12 | ctx=target phase=verify t=12 N=2560 K=4096 B=5 thr=128 mm=8 | ctx=target phase=verify t=12 N=2560 K=9216 B=5 thr=128 mm=16 | ctx=target phase=verify t=14 N=248320 K=2560 B=5 thr=64 mm=1
[xllama] MTP_STATS rounds=1 decodes=4 discarded=0 catchup_tok=0 draft_ms=17.0 sample_ms=3.3 topprob_ms=15.8 catchup_ms=0.0 verify_ms=108.3 corrective_ms=0.0
