[xllama] bench.flag detected -> headless bench mode
[xllama] headless bench: starting
[xllama] main_loop: cpurepackforcegemv.txt='2' -> repack control scope 2 (all small)
[xllama] main_loop: d3d12spinwait.txt='(absent)' -> spin_wait_us=-1 (default unbounded spin)
[xllama] main_loop: ggmlprof.txt='(absent)' -> none (default)
[xllama] bench: d3d12twocol.txt='auto' -> kernel variant 2 (prev 0)
[xllama] bench: prompt.txt 374 bytes
[xllama] bench model: qwen35-4b-mtp
[xllama] bench prompt: <|im_start|>system
You are a helpful AI assistant.<|im_end|>
<|im_start|>user
Me...
[xllama] bench tokens sidecar: bench-tokens-1.txt
[xllama] bench sampling: greedy=1 seed=1 temp=0.80 top_p=0.90 top_k=40
[xllama] gguf gpu layers: 28 on D3D12
[llama] llama_model_loader: mmap is not supported on this platform
[llama] llama_prepare_model_devices: using device D3D12 (xllama D3D12 compute (Q4_0/Q4_K/Q5_K/Q6_K matmul)) (unknown id) - 4129 MiB free
[llama] load_tensors: layer   6 assigned to device D3D12, is_swa = 0
[llama] load_tensors: layer   7 assigned to device D3D12, is_swa = 0
[llama] load_tensors: layer   8 assigned to device D3D12, is_swa = 0
[llama] load_tensors: layer   9 assigned to device D3D12, is_swa = 0
[llama] load_tensors: layer  10 assigned to device D3D12, is_swa = 0
[llama] load_tensors: layer  11 assigned to device D3D12, is_swa = 0
[llama] load_tensors: layer  12 assigned to device D3D12, is_swa = 0
[llama] load_tensors: layer  13 assigned to device D3D12, is_swa = 0
[llama] load_tensors: layer  14 assigned to device D3D12, is_swa = 0
[llama] load_tensors: layer  15 assigned to device D3D12, is_swa = 0
[llama] load_tensors: layer  16 assigned to device D3D12, is_swa = 0
[llama] load_tensors: layer  17 assigned to device D3D12, is_swa = 0
[llama] load_tensors: layer  18 assigned to device D3D12, is_swa = 0
[llama] load_tensors: layer  19 assigned to device D3D12, is_swa = 0
[llama] load_tensors: layer  20 assigned to device D3D12, is_swa = 0
[llama] load_tensors: layer  21 assigned to device D3D12, is_swa = 0
[llama] load_tensors: layer  22 assigned to device D3D12, is_swa = 0
[llama] load_tensors: layer  23 assigned to device D3D12, is_swa = 0
[llama] load_tensors: layer  24 assigned to device D3D12, is_swa = 0
[llama] load_tensors: layer  25 assigned to device D3D12, is_swa = 0
[llama] load_tensors: layer  26 assigned to device D3D12, is_swa = 0
[llama] load_tensors: layer  27 assigned to device D3D12, is_swa = 0
[llama] load_tensors: layer  28 assigned to device D3D12, is_swa = 0
[llama] load_tensors: layer  29 assigned to device D3D12, is_swa = 0
[llama] load_tensors: layer  30 assigned to device D3D12, is_swa = 0
[llama] load_tensors: layer  31 assigned to device D3D12, is_swa = 0
[llama] load_tensors: layer  32 assigned to device D3D12, is_swa = 0
[llama] load_tensors: layer  33 assigned to device D3D12, is_swa = 0
[xllama] d3d12: MUL_MAT refused: f32 2560x32 x [2560,512,1,1] src1=f32 dst=f32
[xllama] d3d12: MUL_MAT refused: q8_0 5120x2560 x [5120,512,1,1] src1=f32 dst=f32
[xllama] d3d12: D3D12_Weights buffer 2255.7 MiB
[llama] load_tensors: offloading output layer to GPU
[llama] load_tensors: offloading 27 repeating layers to GPU
[llama] load_tensors: offloaded 28/34 layers to GPU
[llama] load_tensors:          CPU model buffer size =   688.79 MiB
[llama] load_tensors:   CPU_REPACK model buffer size =   246.09 MiB
[llama] load_tensors: D3D12_Weights model buffer size =  2255.66 MiB
[llama] load_all_data: buffer type D3D12_Weights is not the default buffer type for device D3D12 for async uploads
[xllama] model loaded
[xllama] gpu-mem post-load: current=2273MB budget=4147MB
[xllama] speculative: target n_rs_seq=4 n_ubatch=512
[llama] llama_context: D3D12_Host  output buffer size =     0.95 MiB
[llama] llama_kv_cache:        CPU KV buffer size =    64.00 MiB
[llama] llama_memory_recurrent:        CPU RS buffer size =   251.25 MiB
[llama] resolve_fused_ops: layer 7 is assigned to device D3D12 but Flash Attention is assigned to device CPU (usually due to missing support)
[llama] resolve_fused_ops: Flash Attention not supported, set to disabled
[xllama] d3d12: D3D12_Host buffer 504.0 MiB
[llama] sched_reserve: D3D12_Host compute buffer size =   504.02 MiB
[llama] sched_reserve: graph splits = 262
[llama] llama_context: D3D12_Host  output buffer size =     0.95 MiB
[llama] llama_kv_cache:        CPU KV buffer size =     8.00 MiB
[llama] resolve_fused_ops: layer 32 is assigned to device D3D12 but Flash Attention is assigned to device CPU (usually due to missing support)
[llama] resolve_fused_ops: Flash Attention not supported, set to disabled
[xllama] d3d12: D3D12_Host buffer 5.8 MiB
[llama] sched_reserve: D3D12_Host compute buffer size =     5.85 MiB
[llama] sched_reserve: graph splits = 12
[xllama] mtp: draft ready, n_max=4 p_min=0.750000 dft_n_batch=6
[xllama] mtp: target nextn head layers=1
[xllama] mtp: split_mtp_weights=0 resident=0 tensors=0
[xllama] prompt tokens: 119
[xllama] d3d12: D3D12_Host buffer 20.9 MiB
[xllama] d3d12: D3D12_Host buffer 5.7 MiB
[xllama] mtp: first draft pos=119 n_embd=2560 n_max=4 row[min,max]=[-25.693439,21.764423] dft_n_batch=6 dft_pos_max=118
[llama] [xllama] repack ctrl scope=2 M=4096 K=2560 nrows=1 quant=scalar-all compute=gemv-all forced=1
[llama] [xllama] repack ctrl scope=2 M=9216 K=2560 nrows=1 quant=scalar-all compute=gemv-all forced=1
[llama] [xllama] repack ctrl scope=2 M=9216 K=2560 nrows=1 quant=scalar-all compute=gemv-all forced=1
[llama] [xllama] repack ctrl scope=2 M=4096 K=2560 nrows=1 quant=scalar-all compute=gemv-all forced=1
[llama] [xllama] repack ctrl scope=2 M=9216 K=2560 nrows=1 quant=scalar-all compute=gemv-all forced=1
[llama] [xllama] repack ctrl scope=2 M=9216 K=2560 nrows=1 quant=scalar-all compute=gemv-all forced=1
[llama] [xllama] repack ctrl scope=2 M=4096 K=2560 nrows=1 quant=scalar-all compute=gemv-all forced=1
[llama] [xllama] repack ctrl scope=2 M=9216 K=2560 nrows=1 quant=scalar-all compute=gemv-all forced=1
[llama] [xllama] repack ctrl scope=2 M=9216 K=2560 nrows=1 quant=scalar-all compute=gemv-all forced=1
[llama] [xllama] repack ctrl scope=2 M=8192 K=2560 nrows=1 quant=scalar-all compute=gemv-all forced=1
[llama] [xllama] repack ctrl scope=2 M=1024 K=2560 nrows=1 quant=scalar-all compute=gemv-all forced=1
[llama] [xllama] repack ctrl scope=2 M=2560 K=4096 nrows=1 quant=scalar-all compute=gemv-all forced=1
[llama] [xllama] repack ctrl scope=2 M=9216 K=2560 nrows=1 quant=scalar-all compute=gemv-all forced=1
[llama] [xllama] repack ctrl scope=2 M=9216 K=2560 nrows=1 quant=scalar-all compute=gemv-all forced=1
[llama] [xllama] repack ctrl scope=2 M=8192 K=2560 nrows=1 quant=scalar-all compute=gemv-all forced=1
[llama] [xllama] repack ctrl scope=2 M=4096 K=2560 nrows=1 quant=scalar-all compute=gemv-all forced=1
[xllama] d3d12: D3D12_Host buffer 21.9 MiB
[xllama] done: load=4846ms prompt=55.2 tok/s decode=15.6 tok/s peak=4272MB drafted=4 spec_accept=4
[xllama] MTP_STATS rounds=4 decodes=27 discarded=11 catchup_tok=16 draft_ms=0.0 sample_ms=0.0 topprob_ms=0.0 catchup_ms=0.0 verify_ms=0.0 corrective_ms=0.0
[xllama] output: len=100 fnv1a=aa93a109a9e6b691
[xllama] tokens dumped to Q:\Users\UserMgr1\AppData\Local\Packages\GianlucaMazza.xllama_pj67f1fcj4n14\LocalState\bench-tokens-1.txt
[llama] ~llama_context: D3D12_Host compute buffer size is   5.8489 MiB, matches expectation of   5.8489 MiB
[llama] ~llama_context: D3D12_Host compute buffer size is   0.0000 MiB, matches expectation of   0.0000 MiB
[xllama] d3d12: 1985 graph_compute calls, 2508 matmuls (456 2col), 1182.9 ms wall (1000.8 ms GPU)
[llama] ~llama_context: D3D12_Host compute buffer size is 504.0198 MiB, matches expectation of 504.0198 MiB
[llama] ~llama_context: D3D12_Host compute buffer size is   0.0000 MiB, matches expectation of   0.0000 MiB
[xllama] d3d12: 0 graph_compute calls, 0 matmuls (0 2col), 0.0 ms wall (0.0 ms GPU)
[xllama] MTP_ACTIVE n_drafted=4 n_spec_accepted=4
[xllama] bench-result.csv written
[xllama] headless bench: done, exiting
[xllama] bench.flag detected -> headless bench mode
[xllama] headless bench: starting
[xllama] main_loop: cpurepackforcegemv.txt='2' -> repack control scope 2 (all small)
[xllama] main_loop: d3d12spinwait.txt='(absent)' -> spin_wait_us=-1 (default unbounded spin)
[xllama] main_loop: ggmlprof.txt='(absent)' -> none (default)
[xllama] bench: d3d12twocol.txt='auto' -> kernel variant 2 (prev 0)
[xllama] bench: prompt.txt 374 bytes
[xllama] bench model: qwen35-4b-mtp
[xllama] bench prompt: <|im_start|>system
You are a helpful AI assistant.<|im_end|>
<|im_start|>user
Me...
[xllama] bench tokens sidecar: bench-tokens-1.txt
[xllama] bench sampling: greedy=1 seed=1 temp=0.80 top_p=0.90 top_k=40
[xllama] gguf gpu layers: 28 on D3D12
[llama] llama_model_loader: mmap is not supported on this platform
[llama] llama_prepare_model_devices: using device D3D12 (xllama D3D12 compute (Q4_0/Q4_K/Q5_K/Q6_K matmul)) (unknown id) - 4129 MiB free
[llama] load_tensors: layer   6 assigned to device D3D12, is_swa = 0
[llama] load_tensors: layer   7 assigned to device D3D12, is_swa = 0
[llama] load_tensors: layer   8 assigned to device D3D12, is_swa = 0
[llama] load_tensors: layer   9 assigned to device D3D12, is_swa = 0
[llama] load_tensors: layer  10 assigned to device D3D12, is_swa = 0
[llama] load_tensors: layer  11 assigned to device D3D12, is_swa = 0
[llama] load_tensors: layer  12 assigned to device D3D12, is_swa = 0
[llama] load_tensors: layer  13 assigned to device D3D12, is_swa = 0
[llama] load_tensors: layer  14 assigned to device D3D12, is_swa = 0
[llama] load_tensors: layer  15 assigned to device D3D12, is_swa = 0
[llama] load_tensors: layer  16 assigned to device D3D12, is_swa = 0
[llama] load_tensors: layer  17 assigned to device D3D12, is_swa = 0
[llama] load_tensors: layer  18 assigned to device D3D12, is_swa = 0
[llama] load_tensors: layer  19 assigned to device D3D12, is_swa = 0
[llama] load_tensors: layer  20 assigned to device D3D12, is_swa = 0
[llama] load_tensors: layer  21 assigned to device D3D12, is_swa = 0
[llama] load_tensors: layer  22 assigned to device D3D12, is_swa = 0
[llama] load_tensors: layer  23 assigned to device D3D12, is_swa = 0
[llama] load_tensors: layer  24 assigned to device D3D12, is_swa = 0
[llama] load_tensors: layer  25 assigned to device D3D12, is_swa = 0
[llama] load_tensors: layer  26 assigned to device D3D12, is_swa = 0
[llama] load_tensors: layer  27 assigned to device D3D12, is_swa = 0
[llama] load_tensors: layer  28 assigned to device D3D12, is_swa = 0
[llama] load_tensors: layer  29 assigned to device D3D12, is_swa = 0
[llama] load_tensors: layer  30 assigned to device D3D12, is_swa = 0
[llama] load_tensors: layer  31 assigned to device D3D12, is_swa = 0
[llama] load_tensors: layer  32 assigned to device D3D12, is_swa = 0
[llama] load_tensors: layer  33 assigned to device D3D12, is_swa = 0
[xllama] d3d12: MUL_MAT refused: f32 2560x32 x [2560,512,1,1] src1=f32 dst=f32
[xllama] d3d12: MUL_MAT refused: q8_0 5120x2560 x [5120,512,1,1] src1=f32 dst=f32
[xllama] d3d12: D3D12_Weights buffer 2255.7 MiB
[llama] load_tensors: offloading output layer to GPU
[llama] load_tensors: offloading 27 repeating layers to GPU
[llama] load_tensors: offloaded 28/34 layers to GPU
[llama] load_tensors:          CPU model buffer size =   688.79 MiB
[llama] load_tensors:   CPU_REPACK model buffer size =   246.09 MiB
[llama] load_tensors: D3D12_Weights model buffer size =  2255.66 MiB
[llama] load_all_data: buffer type D3D12_Weights is not the default buffer type for device D3D12 for async uploads
[xllama] model loaded
[xllama] gpu-mem post-load: current=2273MB budget=4147MB
[xllama] speculative: target n_rs_seq=4 n_ubatch=512
[xllama] offload_kqv=1 (host knob; default 0 = forced off)
[llama] llama_context: D3D12_Host  output buffer size =     0.95 MiB
[llama] llama_kv_cache: layer   7: dev = D3D12
[llama] llama_kv_cache: layer  11: dev = D3D12
[llama] llama_kv_cache: layer  15: dev = D3D12
[llama] llama_kv_cache: layer  19: dev = D3D12
[llama] llama_kv_cache: layer  23: dev = D3D12
[llama] llama_kv_cache: layer  27: dev = D3D12
[llama] llama_kv_cache: layer  31: dev = D3D12
[llama] llama_kv_cache:        CPU KV buffer size =     8.00 MiB
[xllama] d3d12: D3D12_Host buffer 56.0 MiB
[llama] llama_kv_cache: D3D12_Host KV buffer size =    56.00 MiB
[llama] llama_memory_recurrent, layer   6: dev = D3D12
[llama] llama_memory_recurrent, layer   8: dev = D3D12
[llama] llama_memory_recurrent, layer   9: dev = D3D12
[llama] llama_memory_recurrent, layer  10: dev = D3D12
[llama] llama_memory_recurrent, layer  12: dev = D3D12
[llama] llama_memory_recurrent, layer  13: dev = D3D12
[llama] llama_memory_recurrent, layer  14: dev = D3D12
[llama] llama_memory_recurrent, layer  16: dev = D3D12
[llama] llama_memory_recurrent, layer  17: dev = D3D12
[llama] llama_memory_recurrent, layer  18: dev = D3D12
[llama] llama_memory_recurrent, layer  20: dev = D3D12
[llama] llama_memory_recurrent, layer  21: dev = D3D12
[llama] llama_memory_recurrent, layer  22: dev = D3D12
[llama] llama_memory_recurrent, layer  24: dev = D3D12
[llama] llama_memory_recurrent, layer  25: dev = D3D12
[llama] llama_memory_recurrent, layer  26: dev = D3D12
[llama] llama_memory_recurrent, layer  28: dev = D3D12
[llama] llama_memory_recurrent, layer  29: dev = D3D12
[llama] llama_memory_recurrent, layer  30: dev = D3D12
[llama] llama_memory_recurrent:        CPU RS buffer size =    52.34 MiB
[xllama] d3d12: D3D12_Host buffer 198.9 MiB
[llama] llama_memory_recurrent: D3D12_Host RS buffer size =   198.91 MiB
[llama] resolve_fused_ops: layer 7 is assigned to device D3D12 but Flash Attention is assigned to device CPU (usually due to missing support)
[llama] resolve_fused_ops: Flash Attention not supported, set to disabled
[xllama] d3d12: D3D12_Host buffer 504.0 MiB
[llama] sched_reserve: D3D12_Host compute buffer size =   504.02 MiB
[llama] sched_reserve: graph splits = 262
[llama] llama_context: D3D12_Host  output buffer size =     0.95 MiB
[llama] llama_kv_cache: layer  32: dev = D3D12
[xllama] d3d12: D3D12_Host buffer 8.0 MiB
[llama] llama_kv_cache: D3D12_Host KV buffer size =     8.00 MiB
[llama] resolve_fused_ops: layer 32 is assigned to device D3D12 but Flash Attention is assigned to device CPU (usually due to missing support)
[llama] resolve_fused_ops: Flash Attention not supported, set to disabled
[xllama] d3d12: D3D12_Host buffer 5.8 MiB
[llama] sched_reserve: D3D12_Host compute buffer size =     5.85 MiB
[llama] sched_reserve: graph splits = 12
[xllama] mtp: draft ready, n_max=4 p_min=0.750000 dft_n_batch=6
[xllama] mtp: target nextn head layers=1
[xllama] mtp: split_mtp_weights=0 resident=0 tensors=0
[xllama] prompt tokens: 119
[xllama] d3d12: D3D12_Host buffer 20.9 MiB
[xllama] d3d12: D3D12_Host buffer 5.7 MiB
[xllama] mtp: first draft pos=119 n_embd=2560 n_max=4 row[min,max]=[-25.693439,21.764423] dft_n_batch=6 dft_pos_max=118
[llama] [xllama] repack ctrl scope=2 M=4096 K=2560 nrows=1 quant=scalar-all compute=gemv-all forced=1
[llama] [xllama] repack ctrl scope=2 M=9216 K=2560 nrows=1 quant=scalar-all compute=gemv-all forced=1
[llama] [xllama] repack ctrl scope=2 M=9216 K=2560 nrows=1 quant=scalar-all compute=gemv-all forced=1
[llama] [xllama] repack ctrl scope=2 M=4096 K=2560 nrows=1 quant=scalar-all compute=gemv-all forced=1
[llama] [xllama] repack ctrl scope=2 M=9216 K=2560 nrows=1 quant=scalar-all compute=gemv-all forced=1
[llama] [xllama] repack ctrl scope=2 M=9216 K=2560 nrows=1 quant=scalar-all compute=gemv-all forced=1
[llama] [xllama] repack ctrl scope=2 M=4096 K=2560 nrows=1 quant=scalar-all compute=gemv-all forced=1
[llama] [xllama] repack ctrl scope=2 M=9216 K=2560 nrows=1 quant=scalar-all compute=gemv-all forced=1
[llama] [xllama] repack ctrl scope=2 M=9216 K=2560 nrows=1 quant=scalar-all compute=gemv-all forced=1
[llama] [xllama] repack ctrl scope=2 M=8192 K=2560 nrows=1 quant=scalar-all compute=gemv-all forced=1
[llama] [xllama] repack ctrl scope=2 M=1024 K=2560 nrows=1 quant=scalar-all compute=gemv-all forced=1
[llama] [xllama] repack ctrl scope=2 M=2560 K=4096 nrows=1 quant=scalar-all compute=gemv-all forced=1
[llama] [xllama] repack ctrl scope=2 M=9216 K=2560 nrows=1 quant=scalar-all compute=gemv-all forced=1
[llama] [xllama] repack ctrl scope=2 M=9216 K=2560 nrows=1 quant=scalar-all compute=gemv-all forced=1
[llama] [xllama] repack ctrl scope=2 M=8192 K=2560 nrows=1 quant=scalar-all compute=gemv-all forced=1
[llama] [xllama] repack ctrl scope=2 M=4096 K=2560 nrows=1 quant=scalar-all compute=gemv-all forced=1
[xllama] d3d12: D3D12_Host buffer 21.9 MiB
[xllama] done: load=4813ms prompt=55.8 tok/s decode=15.9 tok/s peak=4273MB drafted=4 spec_accept=4
[xllama] MTP_STATS rounds=4 decodes=27 discarded=11 catchup_tok=16 draft_ms=0.0 sample_ms=0.0 topprob_ms=0.0 catchup_ms=0.0 verify_ms=0.0 corrective_ms=0.0
[xllama] output: len=100 fnv1a=aa93a109a9e6b691
[xllama] tokens dumped to Q:\Users\UserMgr1\AppData\Local\Packages\GianlucaMazza.xllama_pj67f1fcj4n14\LocalState\bench-tokens-1.txt
[llama] ~llama_context: D3D12_Host compute buffer size is   5.8489 MiB, matches expectation of   5.8489 MiB
[llama] ~llama_context: D3D12_Host compute buffer size is   0.0000 MiB, matches expectation of   0.0000 MiB
[xllama] d3d12: 1985 graph_compute calls, 2508 matmuls (456 2col), 1165.6 ms wall (1003.4 ms GPU)
[llama] ~llama_context: D3D12_Host compute buffer size is 504.0198 MiB, matches expectation of 504.0198 MiB
[llama] ~llama_context: D3D12_Host compute buffer size is   0.0000 MiB, matches expectation of   0.0000 MiB
[xllama] d3d12: 0 graph_compute calls, 0 matmuls (0 2col), 0.0 ms wall (0.0 ms GPU)
[xllama] MTP_ACTIVE n_drafted=4 n_spec_accepted=4
[xllama] bench-result.csv written
[xllama] headless bench: done, exiting
[xllama] bench.flag detected -> headless bench mode
[xllama] headless bench: starting
[xllama] main_loop: cpurepackforcegemv.txt='2' -> repack control scope 2 (all small)
[xllama] main_loop: d3d12spinwait.txt='(absent)' -> spin_wait_us=-1 (default unbounded spin)
[xllama] main_loop: ggmlprof.txt='(absent)' -> none (default)
[xllama] bench: d3d12twocol.txt='auto' -> kernel variant 2 (prev 0)
[xllama] bench: prompt.txt 374 bytes
[xllama] bench model: qwen35-4b-mtp
[xllama] bench prompt: <|im_start|>system
You are a helpful AI assistant.<|im_end|>
<|im_start|>user
Me...
[xllama] bench tokens sidecar: bench-tokens-1.txt
[xllama] bench sampling: greedy=1 seed=1 temp=0.80 top_p=0.90 top_k=40
[xllama] gguf gpu layers: 28 on D3D12
[llama] llama_model_loader: mmap is not supported on this platform
[llama] llama_prepare_model_devices: using device D3D12 (xllama D3D12 compute (Q4_0/Q4_K/Q5_K/Q6_K matmul)) (unknown id) - 4129 MiB free
[llama] load_tensors: layer   6 assigned to device D3D12, is_swa = 0
[llama] load_tensors: layer   7 assigned to device D3D12, is_swa = 0
[llama] load_tensors: layer   8 assigned to device D3D12, is_swa = 0
[llama] load_tensors: layer   9 assigned to device D3D12, is_swa = 0
[llama] load_tensors: layer  10 assigned to device D3D12, is_swa = 0
[llama] load_tensors: layer  11 assigned to device D3D12, is_swa = 0
[llama] load_tensors: layer  12 assigned to device D3D12, is_swa = 0
[llama] load_tensors: layer  13 assigned to device D3D12, is_swa = 0
[llama] load_tensors: layer  14 assigned to device D3D12, is_swa = 0
[llama] load_tensors: layer  15 assigned to device D3D12, is_swa = 0
[llama] load_tensors: layer  16 assigned to device D3D12, is_swa = 0
[llama] load_tensors: layer  17 assigned to device D3D12, is_swa = 0
[llama] load_tensors: layer  18 assigned to device D3D12, is_swa = 0
[llama] load_tensors: layer  19 assigned to device D3D12, is_swa = 0
[llama] load_tensors: layer  20 assigned to device D3D12, is_swa = 0
[llama] load_tensors: layer  21 assigned to device D3D12, is_swa = 0
[llama] load_tensors: layer  22 assigned to device D3D12, is_swa = 0
[llama] load_tensors: layer  23 assigned to device D3D12, is_swa = 0
[llama] load_tensors: layer  24 assigned to device D3D12, is_swa = 0
[llama] load_tensors: layer  25 assigned to device D3D12, is_swa = 0
[llama] load_tensors: layer  26 assigned to device D3D12, is_swa = 0
[llama] load_tensors: layer  27 assigned to device D3D12, is_swa = 0
[llama] load_tensors: layer  28 assigned to device D3D12, is_swa = 0
[llama] load_tensors: layer  29 assigned to device D3D12, is_swa = 0
[llama] load_tensors: layer  30 assigned to device D3D12, is_swa = 0
[llama] load_tensors: layer  31 assigned to device D3D12, is_swa = 0
[llama] load_tensors: layer  32 assigned to device D3D12, is_swa = 0
[llama] load_tensors: layer  33 assigned to device D3D12, is_swa = 0
[xllama] d3d12: MUL_MAT refused: f32 2560x32 x [2560,512,1,1] src1=f32 dst=f32
[xllama] d3d12: MUL_MAT refused: q8_0 5120x2560 x [5120,512,1,1] src1=f32 dst=f32
[xllama] d3d12: D3D12_Weights buffer 2255.7 MiB
[llama] load_tensors: offloading output layer to GPU
[llama] load_tensors: offloading 27 repeating layers to GPU
[llama] load_tensors: offloaded 28/34 layers to GPU
[llama] load_tensors:          CPU model buffer size =   688.79 MiB
[llama] load_tensors:   CPU_REPACK model buffer size =   246.09 MiB
[llama] load_tensors: D3D12_Weights model buffer size =  2255.66 MiB
[llama] load_all_data: buffer type D3D12_Weights is not the default buffer type for device D3D12 for async uploads
[xllama] model loaded
[xllama] gpu-mem post-load: current=2273MB budget=4147MB
[xllama] speculative: target n_rs_seq=4 n_ubatch=512
[llama] llama_context: D3D12_Host  output buffer size =     0.95 MiB
[llama] llama_kv_cache:        CPU KV buffer size =    64.00 MiB
[llama] llama_memory_recurrent:        CPU RS buffer size =   251.25 MiB
[llama] resolve_fused_ops: layer 7 is assigned to device D3D12 but Flash Attention is assigned to device CPU (usually due to missing support)
[llama] resolve_fused_ops: Flash Attention not supported, set to disabled
[xllama] d3d12: D3D12_Host buffer 504.0 MiB
[llama] sched_reserve: D3D12_Host compute buffer size =   504.02 MiB
[llama] sched_reserve: graph splits = 262
[llama] llama_context: D3D12_Host  output buffer size =     0.95 MiB
[llama] llama_kv_cache:        CPU KV buffer size =     8.00 MiB
[llama] resolve_fused_ops: layer 32 is assigned to device D3D12 but Flash Attention is assigned to device CPU (usually due to missing support)
[llama] resolve_fused_ops: Flash Attention not supported, set to disabled
[xllama] d3d12: D3D12_Host buffer 5.8 MiB
[llama] sched_reserve: D3D12_Host compute buffer size =     5.85 MiB
[llama] sched_reserve: graph splits = 12
[xllama] mtp: draft ready, n_max=4 p_min=0.750000 dft_n_batch=6
[xllama] mtp: target nextn head layers=1
[xllama] mtp: split_mtp_weights=0 resident=0 tensors=0
[xllama] prompt tokens: 119
[xllama] d3d12: D3D12_Host buffer 20.9 MiB
[xllama] d3d12: D3D12_Host buffer 5.7 MiB
[xllama] mtp: first draft pos=119 n_embd=2560 n_max=4 row[min,max]=[-25.693439,21.764423] dft_n_batch=6 dft_pos_max=118
[llama] [xllama] repack ctrl scope=2 M=4096 K=2560 nrows=1 quant=scalar-all compute=gemv-all forced=1
[llama] [xllama] repack ctrl scope=2 M=9216 K=2560 nrows=1 quant=scalar-all compute=gemv-all forced=1
[llama] [xllama] repack ctrl scope=2 M=9216 K=2560 nrows=1 quant=scalar-all compute=gemv-all forced=1
[llama] [xllama] repack ctrl scope=2 M=4096 K=2560 nrows=1 quant=scalar-all compute=gemv-all forced=1
[llama] [xllama] repack ctrl scope=2 M=9216 K=2560 nrows=1 quant=scalar-all compute=gemv-all forced=1
[llama] [xllama] repack ctrl scope=2 M=9216 K=2560 nrows=1 quant=scalar-all compute=gemv-all forced=1
[llama] [xllama] repack ctrl scope=2 M=4096 K=2560 nrows=1 quant=scalar-all compute=gemv-all forced=1
[llama] [xllama] repack ctrl scope=2 M=9216 K=2560 nrows=1 quant=scalar-all compute=gemv-all forced=1
[llama] [xllama] repack ctrl scope=2 M=9216 K=2560 nrows=1 quant=scalar-all compute=gemv-all forced=1
[llama] [xllama] repack ctrl scope=2 M=8192 K=2560 nrows=1 quant=scalar-all compute=gemv-all forced=1
[llama] [xllama] repack ctrl scope=2 M=1024 K=2560 nrows=1 quant=scalar-all compute=gemv-all forced=1
[llama] [xllama] repack ctrl scope=2 M=2560 K=4096 nrows=1 quant=scalar-all compute=gemv-all forced=1
[llama] [xllama] repack ctrl scope=2 M=9216 K=2560 nrows=1 quant=scalar-all compute=gemv-all forced=1
[llama] [xllama] repack ctrl scope=2 M=9216 K=2560 nrows=1 quant=scalar-all compute=gemv-all forced=1
[llama] [xllama] repack ctrl scope=2 M=8192 K=2560 nrows=1 quant=scalar-all compute=gemv-all forced=1
[llama] [xllama] repack ctrl scope=2 M=4096 K=2560 nrows=1 quant=scalar-all compute=gemv-all forced=1
[xllama] d3d12: D3D12_Host buffer 21.9 MiB
[xllama] d3d12: D3D12_Host buffer 23.8 MiB
[xllama] done: load=4826ms prompt=55.6 tok/s decode=16.3 tok/s peak=4295MB drafted=22 spec_accept=21
[xllama] MTP_STATS rounds=14 decodes=106 discarded=42 catchup_tok=63 draft_ms=0.0 sample_ms=0.0 topprob_ms=0.0 catchup_ms=0.0 verify_ms=0.0 corrective_ms=0.0
[xllama] output: len=359 fnv1a=9afedad1ffe7c19e
[xllama] tokens dumped to Q:\Users\UserMgr1\AppData\Local\Packages\GianlucaMazza.xllama_pj67f1fcj4n14\LocalState\bench-tokens-1.txt
[llama] ~llama_context: D3D12_Host compute buffer size is   5.8489 MiB, matches expectation of   5.8489 MiB
[llama] ~llama_context: D3D12_Host compute buffer size is   0.0000 MiB, matches expectation of   0.0000 MiB
[xllama] d3d12: 6526 graph_compute calls, 8232 matmuls (1251 2col), 2158.4 ms wall (1598.4 ms GPU)
[llama] ~llama_context: D3D12_Host compute buffer size is 504.0198 MiB, matches expectation of 504.0198 MiB
[llama] ~llama_context: D3D12_Host compute buffer size is   0.0000 MiB, matches expectation of   0.0000 MiB
[xllama] d3d12: 0 graph_compute calls, 0 matmuls (0 2col), 0.0 ms wall (0.0 ms GPU)
[xllama] MTP_ACTIVE n_drafted=22 n_spec_accepted=21
[xllama] bench-result.csv written
[xllama] headless bench: done, exiting
[xllama] bench.flag detected -> headless bench mode
[xllama] headless bench: starting
[xllama] main_loop: cpurepackforcegemv.txt='2' -> repack control scope 2 (all small)
[xllama] main_loop: d3d12spinwait.txt='(absent)' -> spin_wait_us=-1 (default unbounded spin)
[xllama] main_loop: ggmlprof.txt='(absent)' -> none (default)
[xllama] bench: d3d12twocol.txt='auto' -> kernel variant 2 (prev 0)
[xllama] bench: prompt.txt 374 bytes
[xllama] bench model: qwen35-4b-mtp
[xllama] bench prompt: <|im_start|>system
You are a helpful AI assistant.<|im_end|>
<|im_start|>user
Me...
[xllama] bench tokens sidecar: bench-tokens-2.txt
[xllama] bench sampling: greedy=1 seed=1 temp=0.80 top_p=0.90 top_k=40
[xllama] gguf gpu layers: 28 on D3D12
[llama] llama_model_loader: mmap is not supported on this platform
[llama] llama_prepare_model_devices: using device D3D12 (xllama D3D12 compute (Q4_0/Q4_K/Q5_K/Q6_K matmul)) (unknown id) - 4129 MiB free
[llama] load_tensors: layer   6 assigned to device D3D12, is_swa = 0
[llama] load_tensors: layer   7 assigned to device D3D12, is_swa = 0
[llama] load_tensors: layer   8 assigned to device D3D12, is_swa = 0
[llama] load_tensors: layer   9 assigned to device D3D12, is_swa = 0
[llama] load_tensors: layer  10 assigned to device D3D12, is_swa = 0
[llama] load_tensors: layer  11 assigned to device D3D12, is_swa = 0
[llama] load_tensors: layer  12 assigned to device D3D12, is_swa = 0
[llama] load_tensors: layer  13 assigned to device D3D12, is_swa = 0
[llama] load_tensors: layer  14 assigned to device D3D12, is_swa = 0
[llama] load_tensors: layer  15 assigned to device D3D12, is_swa = 0
[llama] load_tensors: layer  16 assigned to device D3D12, is_swa = 0
[llama] load_tensors: layer  17 assigned to device D3D12, is_swa = 0
[llama] load_tensors: layer  18 assigned to device D3D12, is_swa = 0
[llama] load_tensors: layer  19 assigned to device D3D12, is_swa = 0
[llama] load_tensors: layer  20 assigned to device D3D12, is_swa = 0
[llama] load_tensors: layer  21 assigned to device D3D12, is_swa = 0
[llama] load_tensors: layer  22 assigned to device D3D12, is_swa = 0
[llama] load_tensors: layer  23 assigned to device D3D12, is_swa = 0
[llama] load_tensors: layer  24 assigned to device D3D12, is_swa = 0
[llama] load_tensors: layer  25 assigned to device D3D12, is_swa = 0
[llama] load_tensors: layer  26 assigned to device D3D12, is_swa = 0
[llama] load_tensors: layer  27 assigned to device D3D12, is_swa = 0
[llama] load_tensors: layer  28 assigned to device D3D12, is_swa = 0
[llama] load_tensors: layer  29 assigned to device D3D12, is_swa = 0
[llama] load_tensors: layer  30 assigned to device D3D12, is_swa = 0
[llama] load_tensors: layer  31 assigned to device D3D12, is_swa = 0
[llama] load_tensors: layer  32 assigned to device D3D12, is_swa = 0
[llama] load_tensors: layer  33 assigned to device D3D12, is_swa = 0
[xllama] d3d12: MUL_MAT refused: f32 2560x32 x [2560,512,1,1] src1=f32 dst=f32
[xllama] d3d12: MUL_MAT refused: q8_0 5120x2560 x [5120,512,1,1] src1=f32 dst=f32
[xllama] d3d12: D3D12_Weights buffer 2255.7 MiB
[llama] load_tensors: offloading output layer to GPU
[llama] load_tensors: offloading 27 repeating layers to GPU
[llama] load_tensors: offloaded 28/34 layers to GPU
[llama] load_tensors:          CPU model buffer size =   688.79 MiB
[llama] load_tensors:   CPU_REPACK model buffer size =   246.09 MiB
[llama] load_tensors: D3D12_Weights model buffer size =  2255.66 MiB
[llama] load_all_data: buffer type D3D12_Weights is not the default buffer type for device D3D12 for async uploads
[xllama] model loaded
[xllama] gpu-mem post-load: current=2273MB budget=4147MB
[xllama] speculative: target n_rs_seq=4 n_ubatch=512
[llama] llama_context: D3D12_Host  output buffer size =     0.95 MiB
[llama] llama_kv_cache:        CPU KV buffer size =    64.00 MiB
[llama] llama_memory_recurrent:        CPU RS buffer size =   251.25 MiB
[llama] resolve_fused_ops: layer 7 is assigned to device D3D12 but Flash Attention is assigned to device CPU (usually due to missing support)
[llama] resolve_fused_ops: Flash Attention not supported, set to disabled
[xllama] d3d12: D3D12_Host buffer 504.0 MiB
[llama] sched_reserve: D3D12_Host compute buffer size =   504.02 MiB
[llama] sched_reserve: graph splits = 262
[llama] llama_context: D3D12_Host  output buffer size =     0.95 MiB
[llama] llama_kv_cache:        CPU KV buffer size =     8.00 MiB
[llama] resolve_fused_ops: layer 32 is assigned to device D3D12 but Flash Attention is assigned to device CPU (usually due to missing support)
[llama] resolve_fused_ops: Flash Attention not supported, set to disabled
[xllama] d3d12: D3D12_Host buffer 5.8 MiB
[llama] sched_reserve: D3D12_Host compute buffer size =     5.85 MiB
[llama] sched_reserve: graph splits = 12
[xllama] mtp: draft ready, n_max=4 p_min=0.750000 dft_n_batch=6
[xllama] mtp: target nextn head layers=1
[xllama] mtp: split_mtp_weights=0 resident=0 tensors=0
[xllama] prompt tokens: 119
[xllama] d3d12: D3D12_Host buffer 20.9 MiB
[xllama] d3d12: D3D12_Host buffer 5.7 MiB
[xllama] mtp: first draft pos=119 n_embd=2560 n_max=4 row[min,max]=[-25.693439,21.764423] dft_n_batch=6 dft_pos_max=118
[llama] [xllama] repack ctrl scope=2 M=4096 K=2560 nrows=1 quant=scalar-all compute=gemv-all forced=1
[llama] [xllama] repack ctrl scope=2 M=9216 K=2560 nrows=1 quant=scalar-all compute=gemv-all forced=1
[llama] [xllama] repack ctrl scope=2 M=9216 K=2560 nrows=1 quant=scalar-all compute=gemv-all forced=1
[llama] [xllama] repack ctrl scope=2 M=4096 K=2560 nrows=1 quant=scalar-all compute=gemv-all forced=1
[llama] [xllama] repack ctrl scope=2 M=9216 K=2560 nrows=1 quant=scalar-all compute=gemv-all forced=1
[llama] [xllama] repack ctrl scope=2 M=9216 K=2560 nrows=1 quant=scalar-all compute=gemv-all forced=1
[llama] [xllama] repack ctrl scope=2 M=4096 K=2560 nrows=1 quant=scalar-all compute=gemv-all forced=1
[llama] [xllama] repack ctrl scope=2 M=9216 K=2560 nrows=1 quant=scalar-all compute=gemv-all forced=1
[llama] [xllama] repack ctrl scope=2 M=9216 K=2560 nrows=1 quant=scalar-all compute=gemv-all forced=1
[llama] [xllama] repack ctrl scope=2 M=8192 K=2560 nrows=1 quant=scalar-all compute=gemv-all forced=1
[llama] [xllama] repack ctrl scope=2 M=1024 K=2560 nrows=1 quant=scalar-all compute=gemv-all forced=1
[llama] [xllama] repack ctrl scope=2 M=2560 K=4096 nrows=1 quant=scalar-all compute=gemv-all forced=1
[llama] [xllama] repack ctrl scope=2 M=9216 K=2560 nrows=1 quant=scalar-all compute=gemv-all forced=1
[llama] [xllama] repack ctrl scope=2 M=9216 K=2560 nrows=1 quant=scalar-all compute=gemv-all forced=1
[llama] [xllama] repack ctrl scope=2 M=8192 K=2560 nrows=1 quant=scalar-all compute=gemv-all forced=1
[llama] [xllama] repack ctrl scope=2 M=4096 K=2560 nrows=1 quant=scalar-all compute=gemv-all forced=1
[xllama] d3d12: D3D12_Host buffer 21.9 MiB
[xllama] d3d12: D3D12_Host buffer 23.8 MiB
[xllama] done: load=4792ms prompt=55.1 tok/s decode=16.7 tok/s peak=4295MB drafted=22 spec_accept=21
[xllama] MTP_STATS rounds=14 decodes=106 discarded=42 catchup_tok=63 draft_ms=0.0 sample_ms=0.0 topprob_ms=0.0 catchup_ms=0.0 verify_ms=0.0 corrective_ms=0.0
[xllama] output: len=359 fnv1a=9afedad1ffe7c19e
[xllama] tokens dumped to Q:\Users\UserMgr1\AppData\Local\Packages\GianlucaMazza.xllama_pj67f1fcj4n14\LocalState\bench-tokens-2.txt
[llama] ~llama_context: D3D12_Host compute buffer size is   5.8489 MiB, matches expectation of   5.8489 MiB
[llama] ~llama_context: D3D12_Host compute buffer size is   0.0000 MiB, matches expectation of   0.0000 MiB
[xllama] d3d12: 6526 graph_compute calls, 8232 matmuls (1251 2col), 2133.2 ms wall (1598.2 ms GPU)
[llama] ~llama_context: D3D12_Host compute buffer size is 504.0198 MiB, matches expectation of 504.0198 MiB
[llama] ~llama_context: D3D12_Host compute buffer size is   0.0000 MiB, matches expectation of   0.0000 MiB
[xllama] d3d12: 0 graph_compute calls, 0 matmuls (0 2col), 0.0 ms wall (0.0 ms GPU)
[xllama] MTP_ACTIVE n_drafted=22 n_spec_accepted=21
[xllama] bench-result.csv written
[xllama] headless bench: done, exiting
[xllama] bench.flag detected -> headless bench mode
[xllama] headless bench: starting
[xllama] main_loop: cpurepackforcegemv.txt='2' -> repack control scope 2 (all small)
[xllama] main_loop: d3d12spinwait.txt='(absent)' -> spin_wait_us=-1 (default unbounded spin)
[xllama] main_loop: ggmlprof.txt='copies' -> GGML_BACKEND_COPY_PROFILE=1
[xllama] bench: d3d12twocol.txt='auto' -> kernel variant 2 (prev 0)
[xllama] bench: prompt.txt 374 bytes
[xllama] bench model: qwen35-4b-mtp
[xllama] bench prompt: <|im_start|>system
You are a helpful AI assistant.<|im_end|>
<|im_start|>user
Me...
[xllama] bench tokens sidecar: bench-tokens-1.txt
[xllama] bench sampling: greedy=1 seed=1 temp=0.80 top_p=0.90 top_k=40
[xllama] gguf gpu layers: 28 on D3D12
[llama] llama_model_loader: mmap is not supported on this platform
[llama] llama_prepare_model_devices: using device D3D12 (xllama D3D12 compute (Q4_0/Q4_K/Q5_K/Q6_K matmul)) (unknown id) - 4129 MiB free
[llama] load_tensors: layer   6 assigned to device D3D12, is_swa = 0
[llama] load_tensors: layer   7 assigned to device D3D12, is_swa = 0
[llama] load_tensors: layer   8 assigned to device D3D12, is_swa = 0
[llama] load_tensors: layer   9 assigned to device D3D12, is_swa = 0
[llama] load_tensors: layer  10 assigned to device D3D12, is_swa = 0
[llama] load_tensors: layer  11 assigned to device D3D12, is_swa = 0
[llama] load_tensors: layer  12 assigned to device D3D12, is_swa = 0
[llama] load_tensors: layer  13 assigned to device D3D12, is_swa = 0
[llama] load_tensors: layer  14 assigned to device D3D12, is_swa = 0
[llama] load_tensors: layer  15 assigned to device D3D12, is_swa = 0
[llama] load_tensors: layer  16 assigned to device D3D12, is_swa = 0
[llama] load_tensors: layer  17 assigned to device D3D12, is_swa = 0
[llama] load_tensors: layer  18 assigned to device D3D12, is_swa = 0
[llama] load_tensors: layer  19 assigned to device D3D12, is_swa = 0
[llama] load_tensors: layer  20 assigned to device D3D12, is_swa = 0
[llama] load_tensors: layer  21 assigned to device D3D12, is_swa = 0
[llama] load_tensors: layer  22 assigned to device D3D12, is_swa = 0
[llama] load_tensors: layer  23 assigned to device D3D12, is_swa = 0
[llama] load_tensors: layer  24 assigned to device D3D12, is_swa = 0
[llama] load_tensors: layer  25 assigned to device D3D12, is_swa = 0
[llama] load_tensors: layer  26 assigned to device D3D12, is_swa = 0
[llama] load_tensors: layer  27 assigned to device D3D12, is_swa = 0
[llama] load_tensors: layer  28 assigned to device D3D12, is_swa = 0
[llama] load_tensors: layer  29 assigned to device D3D12, is_swa = 0
[llama] load_tensors: layer  30 assigned to device D3D12, is_swa = 0
[llama] load_tensors: layer  31 assigned to device D3D12, is_swa = 0
[llama] load_tensors: layer  32 assigned to device D3D12, is_swa = 0
[llama] load_tensors: layer  33 assigned to device D3D12, is_swa = 0
[xllama] d3d12: MUL_MAT refused: f32 2560x32 x [2560,512,1,1] src1=f32 dst=f32
[xllama] d3d12: MUL_MAT refused: q8_0 5120x2560 x [5120,512,1,1] src1=f32 dst=f32
[xllama] d3d12: D3D12_Weights buffer 2255.7 MiB
[llama] load_tensors: offloading output layer to GPU
[llama] load_tensors: offloading 27 repeating layers to GPU
[llama] load_tensors: offloaded 28/34 layers to GPU
[llama] load_tensors:          CPU model buffer size =   688.79 MiB
[llama] load_tensors:   CPU_REPACK model buffer size =   246.09 MiB
[llama] load_tensors: D3D12_Weights model buffer size =  2255.66 MiB
[llama] load_all_data: buffer type D3D12_Weights is not the default buffer type for device D3D12 for async uploads
[xllama] model loaded
[xllama] gpu-mem post-load: current=2273MB budget=4147MB
[xllama] speculative: target n_rs_seq=4 n_ubatch=512
[xllama] offload_kqv=1 (host knob; default 0 = forced off)
[llama] llama_context: D3D12_Host  output buffer size =     0.95 MiB
[llama] llama_kv_cache: layer   7: dev = D3D12
[llama] llama_kv_cache: layer  11: dev = D3D12
[llama] llama_kv_cache: layer  15: dev = D3D12
[llama] llama_kv_cache: layer  19: dev = D3D12
[llama] llama_kv_cache: layer  23: dev = D3D12
[llama] llama_kv_cache: layer  27: dev = D3D12
[llama] llama_kv_cache: layer  31: dev = D3D12
[llama] llama_kv_cache:        CPU KV buffer size =     8.00 MiB
[xllama] d3d12: D3D12_Host buffer 56.0 MiB
[llama] llama_kv_cache: D3D12_Host KV buffer size =    56.00 MiB
[llama] llama_memory_recurrent, layer   6: dev = D3D12
[llama] llama_memory_recurrent, layer   8: dev = D3D12
[llama] llama_memory_recurrent, layer   9: dev = D3D12
[llama] llama_memory_recurrent, layer  10: dev = D3D12
[llama] llama_memory_recurrent, layer  12: dev = D3D12
[llama] llama_memory_recurrent, layer  13: dev = D3D12
[llama] llama_memory_recurrent, layer  14: dev = D3D12
[llama] llama_memory_recurrent, layer  16: dev = D3D12
[llama] llama_memory_recurrent, layer  17: dev = D3D12
[llama] llama_memory_recurrent, layer  18: dev = D3D12
[llama] llama_memory_recurrent, layer  20: dev = D3D12
[llama] llama_memory_recurrent, layer  21: dev = D3D12
[llama] llama_memory_recurrent, layer  22: dev = D3D12
[llama] llama_memory_recurrent, layer  24: dev = D3D12
[llama] llama_memory_recurrent, layer  25: dev = D3D12
[llama] llama_memory_recurrent, layer  26: dev = D3D12
[llama] llama_memory_recurrent, layer  28: dev = D3D12
[llama] llama_memory_recurrent, layer  29: dev = D3D12
[llama] llama_memory_recurrent, layer  30: dev = D3D12
[llama] llama_memory_recurrent:        CPU RS buffer size =    52.34 MiB
[xllama] d3d12: D3D12_Host buffer 198.9 MiB
[llama] llama_memory_recurrent: D3D12_Host RS buffer size =   198.91 MiB
[llama] resolve_fused_ops: layer 7 is assigned to device D3D12 but Flash Attention is assigned to device CPU (usually due to missing support)
[llama] resolve_fused_ops: Flash Attention not supported, set to disabled
[xllama] d3d12: D3D12_Host buffer 504.0 MiB
[llama] sched_reserve: D3D12_Host compute buffer size =   504.02 MiB
[llama] sched_reserve: graph splits = 262
[llama] llama_context: D3D12_Host  output buffer size =     0.95 MiB
[llama] llama_kv_cache: layer  32: dev = D3D12
[xllama] d3d12: D3D12_Host buffer 8.0 MiB
[llama] llama_kv_cache: D3D12_Host KV buffer size =     8.00 MiB
[llama] resolve_fused_ops: layer 32 is assigned to device D3D12 but Flash Attention is assigned to device CPU (usually due to missing support)
[llama] resolve_fused_ops: Flash Attention not supported, set to disabled
[xllama] d3d12: D3D12_Host buffer 5.8 MiB
[llama] sched_reserve: D3D12_Host compute buffer size =     5.85 MiB
[llama] sched_reserve: graph splits = 12
[xllama] mtp: draft ready, n_max=4 p_min=0.750000 dft_n_batch=6
[xllama] mtp: target nextn head layers=1
[xllama] mtp: split_mtp_weights=0 resident=0 tensors=0
[xllama] prompt tokens: 119
[xllama] d3d12: D3D12_Host buffer 20.9 MiB
[xllama] d3d12: D3D12_Host buffer 5.7 MiB
[xllama] mtp: first draft pos=119 n_embd=2560 n_max=4 row[min,max]=[-25.693439,21.764423] dft_n_batch=6 dft_pos_max=118
[llama] [xllama] repack ctrl scope=2 M=4096 K=2560 nrows=1 quant=scalar-all compute=gemv-all forced=1
[llama] [xllama] repack ctrl scope=2 M=9216 K=2560 nrows=1 quant=scalar-all compute=gemv-all forced=1
[llama] [xllama] repack ctrl scope=2 M=9216 K=2560 nrows=1 quant=scalar-all compute=gemv-all forced=1
[llama] [xllama] repack ctrl scope=2 M=4096 K=2560 nrows=1 quant=scalar-all compute=gemv-all forced=1
[llama] [xllama] repack ctrl scope=2 M=9216 K=2560 nrows=1 quant=scalar-all compute=gemv-all forced=1
[llama] [xllama] repack ctrl scope=2 M=9216 K=2560 nrows=1 quant=scalar-all compute=gemv-all forced=1
[llama] [xllama] repack ctrl scope=2 M=4096 K=2560 nrows=1 quant=scalar-all compute=gemv-all forced=1
[llama] [xllama] repack ctrl scope=2 M=9216 K=2560 nrows=1 quant=scalar-all compute=gemv-all forced=1
[llama] [xllama] repack ctrl scope=2 M=9216 K=2560 nrows=1 quant=scalar-all compute=gemv-all forced=1
[llama] [xllama] repack ctrl scope=2 M=8192 K=2560 nrows=1 quant=scalar-all compute=gemv-all forced=1
[llama] [xllama] repack ctrl scope=2 M=1024 K=2560 nrows=1 quant=scalar-all compute=gemv-all forced=1
[llama] [xllama] repack ctrl scope=2 M=2560 K=4096 nrows=1 quant=scalar-all compute=gemv-all forced=1
[llama] [xllama] repack ctrl scope=2 M=9216 K=2560 nrows=1 quant=scalar-all compute=gemv-all forced=1
[llama] [xllama] repack ctrl scope=2 M=9216 K=2560 nrows=1 quant=scalar-all compute=gemv-all forced=1
[llama] [xllama] repack ctrl scope=2 M=8192 K=2560 nrows=1 quant=scalar-all compute=gemv-all forced=1
[llama] [xllama] repack ctrl scope=2 M=4096 K=2560 nrows=1 quant=scalar-all compute=gemv-all forced=1
[xllama] d3d12: D3D12_Host buffer 21.9 MiB
[xllama] d3d12: D3D12_Host buffer 23.8 MiB
[xllama] done: load=4822ms prompt=54.3 tok/s decode=16.6 tok/s peak=4295MB drafted=22 spec_accept=21
[xllama] MTP_STATS rounds=14 decodes=106 discarded=42 catchup_tok=63 draft_ms=0.0 sample_ms=0.0 topprob_ms=0.0 catchup_ms=0.0 verify_ms=0.0 corrective_ms=0.0
[xllama] output: len=359 fnv1a=9afedad1ffe7c19e
[xllama] tokens dumped to Q:\Users\UserMgr1\AppData\Local\Packages\GianlucaMazza.xllama_pj67f1fcj4n14\LocalState\bench-tokens-1.txt
[llama] ~llama_context: D3D12_Host compute buffer size is   5.8489 MiB, matches expectation of   5.8489 MiB
[llama] ~llama_context: D3D12_Host compute buffer size is   0.0000 MiB, matches expectation of   0.0000 MiB
[xllama] d3d12: 6526 graph_compute calls, 8232 matmuls (1251 2col), 2122.1 ms wall (1596.0 ms GPU)
[llama] ~llama_context: D3D12_Host compute buffer size is 504.0198 MiB, matches expectation of 504.0198 MiB
[llama] ~llama_context: D3D12_Host compute buffer size is   0.0000 MiB, matches expectation of   0.0000 MiB
[xllama] d3d12: 0 graph_compute calls, 0 matmuls (0 2col), 0.0 ms wall (0.0 ms GPU)
[xllama] MTP_ACTIVE n_drafted=22 n_spec_accepted=21
[xllama] bench-result.csv written
[xllama] headless bench: done, exiting
[xllama] bench.flag detected -> headless bench mode
[xllama] headless bench: starting
[xllama] main_loop: cpurepackforcegemv.txt='2' -> repack control scope 2 (all small)
[xllama] main_loop: d3d12spinwait.txt='(absent)' -> spin_wait_us=-1 (default unbounded spin)
[xllama] main_loop: ggmlprof.txt='sched' -> GGML_SCHED_DEBUG=1
[xllama] bench: d3d12twocol.txt='auto' -> kernel variant 2 (prev 0)
[xllama] bench: prompt.txt 374 bytes
[xllama] bench model: qwen35-4b-mtp
[xllama] bench prompt: <|im_start|>system
You are a helpful AI assistant.<|im_end|>
<|im_start|>user
Me...
[xllama] bench tokens sidecar: bench-tokens-1.txt
[xllama] bench sampling: greedy=1 seed=1 temp=0.80 top_p=0.90 top_k=40
[xllama] gguf gpu layers: 28 on D3D12
[llama] llama_model_loader: mmap is not supported on this platform
[llama] llama_prepare_model_devices: using device D3D12 (xllama D3D12 compute (Q4_0/Q4_K/Q5_K/Q6_K matmul)) (unknown id) - 4129 MiB free
[llama] load_tensors: layer   6 assigned to device D3D12, is_swa = 0
[llama] load_tensors: layer   7 assigned to device D3D12, is_swa = 0
[llama] load_tensors: layer   8 assigned to device D3D12, is_swa = 0
[llama] load_tensors: layer   9 assigned to device D3D12, is_swa = 0
[llama] load_tensors: layer  10 assigned to device D3D12, is_swa = 0
[llama] load_tensors: layer  11 assigned to device D3D12, is_swa = 0
[llama] load_tensors: layer  12 assigned to device D3D12, is_swa = 0
[llama] load_tensors: layer  13 assigned to device D3D12, is_swa = 0
[llama] load_tensors: layer  14 assigned to device D3D12, is_swa = 0
[llama] load_tensors: layer  15 assigned to device D3D12, is_swa = 0
[llama] load_tensors: layer  16 assigned to device D3D12, is_swa = 0
[llama] load_tensors: layer  17 assigned to device D3D12, is_swa = 0
[llama] load_tensors: layer  18 assigned to device D3D12, is_swa = 0
[llama] load_tensors: layer  19 assigned to device D3D12, is_swa = 0
[llama] load_tensors: layer  20 assigned to device D3D12, is_swa = 0
[llama] load_tensors: layer  21 assigned to device D3D12, is_swa = 0
[llama] load_tensors: layer  22 assigned to device D3D12, is_swa = 0
[llama] load_tensors: layer  23 assigned to device D3D12, is_swa = 0
[llama] load_tensors: layer  24 assigned to device D3D12, is_swa = 0
[llama] load_tensors: layer  25 assigned to device D3D12, is_swa = 0
[llama] load_tensors: layer  26 assigned to device D3D12, is_swa = 0
[llama] load_tensors: layer  27 assigned to device D3D12, is_swa = 0
[llama] load_tensors: layer  28 assigned to device D3D12, is_swa = 0
[llama] load_tensors: layer  29 assigned to device D3D12, is_swa = 0
[llama] load_tensors: layer  30 assigned to device D3D12, is_swa = 0
[llama] load_tensors: layer  31 assigned to device D3D12, is_swa = 0
[llama] load_tensors: layer  32 assigned to device D3D12, is_swa = 0
[llama] load_tensors: layer  33 assigned to device D3D12, is_swa = 0
[xllama] d3d12: MUL_MAT refused: f32 2560x32 x [2560,512,1,1] src1=f32 dst=f32
[xllama] d3d12: MUL_MAT refused: q8_0 5120x2560 x [5120,512,1,1] src1=f32 dst=f32
[xllama] d3d12: D3D12_Weights buffer 2255.7 MiB
[llama] load_tensors: offloading output layer to GPU
[llama] load_tensors: offloading 27 repeating layers to GPU
[llama] load_tensors: offloaded 28/34 layers to GPU
[llama] load_tensors:          CPU model buffer size =   688.79 MiB
[llama] load_tensors:   CPU_REPACK model buffer size =   246.09 MiB
[llama] load_tensors: D3D12_Weights model buffer size =  2255.66 MiB
[llama] load_all_data: buffer type D3D12_Weights is not the default buffer type for device D3D12 for async uploads
[xllama] model loaded
[xllama] gpu-mem post-load: current=2273MB budget=4147MB
[xllama] speculative: target n_rs_seq=4 n_ubatch=512
[xllama] offload_kqv=1 (host knob; default 0 = forced off)
[llama] llama_context: D3D12_Host  output buffer size =     0.95 MiB
[llama] llama_kv_cache: layer   7: dev = D3D12
[llama] llama_kv_cache: layer  11: dev = D3D12
[llama] llama_kv_cache: layer  15: dev = D3D12
[llama] llama_kv_cache: layer  19: dev = D3D12
[llama] llama_kv_cache: layer  23: dev = D3D12
[llama] llama_kv_cache: layer  27: dev = D3D12
[llama] llama_kv_cache: layer  31: dev = D3D12
[llama] llama_kv_cache:        CPU KV buffer size =     8.00 MiB
[xllama] d3d12: D3D12_Host buffer 56.0 MiB
[llama] llama_kv_cache: D3D12_Host KV buffer size =    56.00 MiB
[llama] llama_memory_recurrent, layer   6: dev = D3D12
[llama] llama_memory_recurrent, layer   8: dev = D3D12
[llama] llama_memory_recurrent, layer   9: dev = D3D12
[llama] llama_memory_recurrent, layer  10: dev = D3D12
[llama] llama_memory_recurrent, layer  12: dev = D3D12
[llama] llama_memory_recurrent, layer  13: dev = D3D12
[llama] llama_memory_recurrent, layer  14: dev = D3D12
[llama] llama_memory_recurrent, layer  16: dev = D3D12
[llama] llama_memory_recurrent, layer  17: dev = D3D12
[llama] llama_memory_recurrent, layer  18: dev = D3D12
[llama] llama_memory_recurrent, layer  20: dev = D3D12
[llama] llama_memory_recurrent, layer  21: dev = D3D12
[llama] llama_memory_recurrent, layer  22: dev = D3D12
[llama] llama_memory_recurrent, layer  24: dev = D3D12
[llama] llama_memory_recurrent, layer  25: dev = D3D12
[llama] llama_memory_recurrent, layer  26: dev = D3D12
[llama] llama_memory_recurrent, layer  28: dev = D3D12
[llama] llama_memory_recurrent, layer  29: dev = D3D12
[llama] llama_memory_recurrent, layer  30: dev = D3D12
[llama] llama_memory_recurrent:        CPU RS buffer size =    52.34 MiB
[xllama] d3d12: D3D12_Host buffer 198.9 MiB
[llama] llama_memory_recurrent: D3D12_Host RS buffer size =   198.91 MiB
[llama] 
## SPLIT #1: D3D12 # 0 inputs[llama] 
## SPLIT #3: D3D12 # 0 inputs[llama] 
## SPLIT #5: D3D12 # 0 inputs[llama] 
## SPLIT #7: D3D12 # 0 inputs[llama] 
## SPLIT #9: D3D12 # 0 inputs[llama] 
## SPLIT #11: D3D12 # 0 inputs[llama] 
## SPLIT #13: D3D12 # 0 inputs[llama] 
## SPLIT #15: D3D12 # 0 inputs[llama] 
## SPLIT #17: D3D12 # 0 inputs[llama] 
## SPLIT #19: D3D12 # 0 inputs[llama] 
## SPLIT #21: D3D12 # 0 inputs[llama] 
## SPLIT #23: D3D12 # 0 inputs[llama] 
## SPLIT #25: D3D12 # 0 inputs[llama] 
## SPLIT #27: D3D12 # 0 inputs[llama] 
## SPLIT #29: D3D12 # 0 inputs[llama] 
## SPLIT #31: D3D12 # 0 inputs[llama] 
## SPLIT #33: D3D12 # 0 inputs[llama] 
## SPLIT #35: D3D12 # 0 inputs[llama] 
## SPLIT #37: D3D12 # 0 inputs[llama] 
## SPLIT #39: D3D12 # 0 inputs[llama] 
## SPLIT #41: D3D12 # 0 inputs[llama] 
## SPLIT #43: D3D12 # 0 inputs[llama] 
## SPLIT #45: D3D12 # 0 inputs[llama] 
## SPLIT #47: D3D12 # 0 inputs[llama] 
## SPLIT #49: D3D12 # 0 inputs[llama] 
## SPLIT #51: D3D12 # 0 inputs[llama] 
## SPLIT #53: D3D12 # 0 inputs[llama] 
## SPLIT #55: D3D12 # 0 inputs[llama] 
## SPLIT #57: D3D12 # 0 inputs[llama] 
## SPLIT #59: D3D12 # 0 inputs[llama] 
## SPLIT #61: D3D12 # 0 inputs[llama] 
## SPLIT #63: D3D12 # 0 inputs[llama] 
## SPLIT #65: D3D12 # 0 inputs[llama] 
## SPLIT #67: D3D12 # 0 inputs[llama] 
## SPLIT #69: D3D12 # 0 inputs[llama] 
## SPLIT #71: D3D12 # 0 inputs[llama] 
## SPLIT #73: D3D12 # 0 inputs[llama] 
## SPLIT #75: D3D12 # 0 inputs[llama] 
## SPLIT #77: D3D12 # 0 inputs[llama] 
## SPLIT #79: D3D12 # 0 inputs[llama] 
## SPLIT #81: D3D12 # 0 inputs[llama] 
## SPLIT #83: D3D12 # 0 inputs[llama] 
## SPLIT #85: D3D12 # 0 inputs[llama] 
## SPLIT #87: D3D12 # 0 inputs[llama] 
## SPLIT #89: D3D12 # 0 inputs[llama] 
## SPLIT #91: D3D12 # 0 inputs[llama] 
## SPLIT #93: D3D12 # 0 inputs[llama] 
## SPLIT #95: D3D12 # 0 inputs[llama] 
## SPLIT #97: D3D12 # 0 inputs[llama] 
## SPLIT #99: D3D12 # 0 inputs[llama] 
## SPLIT #101: D3D12 # 0 inputs[llama] 
## SPLIT #103: D3D12 # 0 inputs[llama] 
## SPLIT #105: D3D12 # 0 inputs[llama] 
## SPLIT #107: D3D12 # 0 inputs[llama] 
## SPLIT #109: D3D12 # 0 inputs[llama] 
## SPLIT #111: D3D12 # 0 inputs[llama] 
## SPLIT #113: D3D12 # 0 inputs[llama] 
## SPLIT #115: D3D12 # 0 inputs[llama] 
## SPLIT #117: D3D12 # 0 inputs[llama] 
## SPLIT #119: D3D12 # 0 inputs[llama] 
## SPLIT #121: D3D12 # 0 inputs[llama] 
## SPLIT #123: D3D12 # 0 inputs[llama] 
## SPLIT #125: D3D12 # 0 inputs[llama] 
## SPLIT #127: D3D12 # 0 inputs[llama] 
## SPLIT #129: D3D12 # 0 inputs[llama] 
## SPLIT #131: D3D12 # 0 inputs[llama] 
## SPLIT #133: D3D12 # 0 inputs[llama] 
## SPLIT #135: D3D12 # 0 inputs[llama] 
## SPLIT #137: D3D12 # 0 inputs[llama] 
## SPLIT #139: D3D12 # 0 inputs[llama] 
## SPLIT #141: D3D12 # 0 inputs[llama] 
## SPLIT #143: D3D12 # 0 inputs[llama] 
## SPLIT #145: D3D12 # 0 inputs[llama] 
## SPLIT #147: D3D12 # 0 inputs[llama] 
## SPLIT #149: D3D12 # 0 inputs[llama] 
## SPLIT #151: D3D12 # 0 inputs[llama] 
## SPLIT #153: D3D12 # 0 inputs[llama] 
## SPLIT #155: D3D12 # 0 inputs[llama] 
## SPLIT #157: D3D12 # 0 inputs[llama] 
## SPLIT #159: D3D12 # 0 inputs[llama] 
## SPLIT #161: D3D12 # 0 inputs[llama] 
## SPLIT #163: D3D12 # 0 inputs[llama] 
## SPLIT #165: D3D12 # 0 inputs[llama] 
## SPLIT #167: D3D12 # 0 inputs[llama] 
## SPLIT #169: D3D12 # 0 inputs[llama] 
## SPLIT #171: D3D12 # 0 inputs[llama] 
## SPLIT #173: D3D12 # 0 inputs[llama] 
## SPLIT #175: D3D12 # 0 inputs[llama] 
## SPLIT #177: D3D12 # 0 inputs[llama] 
## SPLIT #179: D3D12 # 0 inputs[llama] 
## SPLIT #181: D3D12 # 0 inputs[llama] 
## SPLIT #183: D3D12 # 0 inputs[llama] 
## SPLIT #185: D3D12 # 0 inputs[llama] 
## SPLIT #187: D3D12 # 0 inputs[llama] 
## SPLIT #189: D3D12 # 0 inputs[llama] 
## SPLIT #191: D3D12 # 0 inputs[llama] 
## SPLIT #193: D3D12 # 0 inputs[llama] 
## SPLIT #195: D3D12 # 0 inputs[llama] 
## SPLIT #197: D3D12 # 0 inputs[llama] 
## SPLIT #199: D3D12 # 0 inputs[llama] 
## SPLIT #201: D3D12 # 0 inputs[llama] 
## SPLIT #203: D3D12 # 0 inputs[llama] 
## SPLIT #205: D3D12 # 0 inputs[llama] 
## SPLIT #207: D3D12 # 0 inputs[llama] 
## SPLIT #209: D3D12 # 0 inputs[llama] 
## SPLIT #211: D3D12 # 0 inputs[llama] 
## SPLIT #213: D3D12 # 0 inputs[llama] 
## SPLIT #215: D3D12 # 0 inputs[llama] 
## SPLIT #217: D3D12 # 0 inputs[llama] 
## SPLIT #219: D3D12 # 0 inputs[llama] 
## SPLIT #221: D3D12 # 0 inputs[llama] 
## SPLIT #223: D3D12 # 0 inputs[llama] 
## SPLIT #225: D3D12 # 0 inputs[llama] 
## SPLIT #227: D3D12 # 0 inputs[llama] 
## SPLIT #229: D3D12 # 0 inputs[llama] 
## SPLIT #231: D3D12 # 0 inputs[llama] 
## SPLIT #233: D3D12 # 0 inputs[llama] 
## SPLIT #235: D3D12 # 0 inputs[llama] 
## SPLIT #237: D3D12 # 0 inputs[llama] 
## SPLIT #239: D3D12 # 0 inputs[llama] 
## SPLIT #241: D3D12 # 0 inputs[llama] 
## SPLIT #243: D3D12 # 0 inputs[llama] 
## SPLIT #245: D3D12 # 0 inputs[llama] 
## SPLIT #247: D3D12 # 0 inputs[llama] 
## SPLIT #249: D3D12 # 0 inputs[llama] 
## SPLIT #251: D3D12 # 0 inputs[llama] 
## SPLIT #253: D3D12 # 0 inputs[llama] 
## SPLIT #255: D3D12 # 0 inputs[llama] 
## SPLIT #257: D3D12 # 0 inputs[llama] 
## SPLIT #259: D3D12 # 0 inputs[llama] 
## SPLIT #261: D3D12 # 0 inputs[llama] resolve_fused_ops: layer 7 is assigned to device D3D12 but Flash Attention is assigned to device CPU (usually due to missing support)
[llama] resolve_fused_ops: Flash Attention not supported, set to disabled
[llama] 
## SPLIT #1: D3D12 # 0 inputs[llama] 
## SPLIT #3: D3D12 # 0 inputs[llama] 
## SPLIT #5: D3D12 # 0 inputs[llama] 
## SPLIT #7: D3D12 # 0 inputs[llama] 
## SPLIT #9: D3D12 # 0 inputs[llama] 
## SPLIT #11: D3D12 # 0 inputs[llama] 
## SPLIT #13: D3D12 # 0 inputs[llama] 
## SPLIT #15: D3D12 # 0 inputs[llama] 
## SPLIT #17: D3D12 # 0 inputs[llama] 
## SPLIT #19: D3D12 # 0 inputs[llama] 
## SPLIT #21: D3D12 # 0 inputs[llama] 
## SPLIT #23: D3D12 # 0 inputs[llama] 
## SPLIT #25: D3D12 # 0 inputs[llama] 
## SPLIT #27: D3D12 # 0 inputs[llama] 
## SPLIT #29: D3D12 # 0 inputs[llama] 
## SPLIT #31: D3D12 # 0 inputs[llama] 
## SPLIT #33: D3D12 # 0 inputs[llama] 
## SPLIT #35: D3D12 # 0 inputs[llama] 
## SPLIT #37: D3D12 # 0 inputs[llama] 
## SPLIT #39: D3D12 # 0 inputs[llama] 
## SPLIT #41: D3D12 # 0 inputs[llama] 
## SPLIT #43: D3D12 # 0 inputs[llama] 
## SPLIT #45: D3D12 # 0 inputs[llama] 
## SPLIT #47: D3D12 # 0 inputs[llama] 
## SPLIT #49: D3D12 # 0 inputs[llama] 
## SPLIT #51: D3D12 # 0 inputs[llama] 
## SPLIT #53: D3D12 # 0 inputs[llama] 
## SPLIT #55: D3D12 # 0 inputs[llama] 
## SPLIT #57: D3D12 # 0 inputs[llama] 
## SPLIT #59: D3D12 # 0 inputs[llama] 
## SPLIT #61: D3D12 # 0 inputs[llama] 
## SPLIT #63: D3D12 # 0 inputs[llama] 
## SPLIT #65: D3D12 # 0 inputs[llama] 
## SPLIT #67: D3D12 # 0 inputs[llama] 
## SPLIT #69: D3D12 # 0 inputs[llama] 
## SPLIT #71: D3D12 # 0 inputs[llama] 
## SPLIT #73: D3D12 # 0 inputs[llama] 
## SPLIT #75: D3D12 # 0 inputs[llama] 
## SPLIT #77: D3D12 # 0 inputs[llama] 
## SPLIT #79: D3D12 # 0 inputs[llama] 
## SPLIT #81: D3D12 # 0 inputs[llama] 
## SPLIT #83: D3D12 # 0 inputs[llama] 
## SPLIT #85: D3D12 # 0 inputs[llama] 
## SPLIT #87: D3D12 # 0 inputs[llama] 
## SPLIT #89: D3D12 # 0 inputs[llama] 
## SPLIT #91: D3D12 # 0 inputs[llama] 
## SPLIT #93: D3D12 # 0 inputs[llama] 
## SPLIT #95: D3D12 # 0 inputs[llama] 
## SPLIT #97: D3D12 # 0 inputs[llama] 
## SPLIT #99: D3D12 # 0 inputs[llama] 
## SPLIT #101: D3D12 # 0 inputs[llama] 
## SPLIT #103: D3D12 # 0 inputs[llama] 
## SPLIT #105: D3D12 # 0 inputs[llama] 
## SPLIT #107: D3D12 # 0 inputs[llama] 
## SPLIT #109: D3D12 # 0 inputs[llama] 
## SPLIT #111: D3D12 # 0 inputs[llama] 
## SPLIT #113: D3D12 # 0 inputs[llama] 
## SPLIT #115: D3D12 # 0 inputs[llama] 
## SPLIT #117: D3D12 # 0 inputs[llama] 
## SPLIT #119: D3D12 # 0 inputs[llama] 
## SPLIT #121: D3D12 # 0 inputs[llama] 
## SPLIT #123: D3D12 # 0 inputs[llama] 
## SPLIT #125: D3D12 # 0 inputs[llama] 
## SPLIT #127: D3D12 # 0 inputs[llama] 
## SPLIT #129: D3D12 # 0 inputs[llama] 
## SPLIT #131: D3D12 # 0 inputs[llama] 
## SPLIT #133: D3D12 # 0 inputs[llama] 
## SPLIT #135: D3D12 # 0 inputs[llama] 
## SPLIT #137: D3D12 # 0 inputs[llama] 
## SPLIT #139: D3D12 # 0 inputs[llama] 
## SPLIT #141: D3D12 # 0 inputs[llama] 
## SPLIT #143: D3D12 # 0 inputs[llama] 
## SPLIT #145: D3D12 # 0 inputs[llama] 
## SPLIT #147: D3D12 # 0 inputs[llama] 
## SPLIT #149: D3D12 # 0 inputs[llama] 
## SPLIT #151: D3D12 # 0 inputs[llama] 
## SPLIT #153: D3D12 # 0 inputs[llama] 
## SPLIT #155: D3D12 # 0 inputs[llama] 
## SPLIT #157: D3D12 # 0 inputs[llama] 
## SPLIT #159: D3D12 # 0 inputs[llama] 
## SPLIT #161: D3D12 # 0 inputs[llama] 
## SPLIT #163: D3D12 # 0 inputs[llama] 
## SPLIT #165: D3D12 # 0 inputs[llama] 
## SPLIT #167: D3D12 # 0 inputs[llama] 
## SPLIT #169: D3D12 # 0 inputs[llama] 
## SPLIT #171: D3D12 # 0 inputs[llama] 
## SPLIT #173: D3D12 # 0 inputs[llama] 
## SPLIT #175: D3D12 # 0 inputs[llama] 
## SPLIT #177: D3D12 # 0 inputs[llama] 
## SPLIT #179: D3D12 # 0 inputs[llama] 
## SPLIT #181: D3D12 # 0 inputs[llama] 
## SPLIT #183: D3D12 # 0 inputs[llama] 
## SPLIT #185: D3D12 # 0 inputs[llama] 
## SPLIT #187: D3D12 # 0 inputs[llama] 
## SPLIT #189: D3D12 # 0 inputs[llama] 
## SPLIT #191: D3D12 # 0 inputs[llama] 
## SPLIT #193: D3D12 # 0 inputs[llama] 
## SPLIT #195: D3D12 # 0 inputs[llama] 
## SPLIT #197: D3D12 # 0 inputs[llama] 
## SPLIT #199: D3D12 # 0 inputs[llama] 
## SPLIT #201: D3D12 # 0 inputs[llama] 
## SPLIT #203: D3D12 # 0 inputs[llama] 
## SPLIT #205: D3D12 # 0 inputs[llama] 
## SPLIT #207: D3D12 # 0 inputs[llama] 
## SPLIT #209: D3D12 # 0 inputs[llama] 
## SPLIT #211: D3D12 # 0 inputs[llama] 
## SPLIT #213: D3D12 # 0 inputs[llama] 
## SPLIT #215: D3D12 # 0 inputs[llama] 
## SPLIT #217: D3D12 # 0 inputs[llama] 
## SPLIT #219: D3D12 # 0 inputs[llama] 
## SPLIT #221: D3D12 # 0 inputs[llama] 
## SPLIT #223: D3D12 # 0 inputs[llama] 
## SPLIT #225: D3D12 # 0 inputs[llama] 
## SPLIT #227: D3D12 # 0 inputs[llama] 
## SPLIT #229: D3D12 # 0 inputs[llama] 
## SPLIT #231: D3D12 # 0 inputs[llama] 
## SPLIT #233: D3D12 # 0 inputs[llama] 
## SPLIT #235: D3D12 # 0 inputs[llama] 
## SPLIT #237: D3D12 # 0 inputs[llama] 
## SPLIT #239: D3D12 # 0 inputs[llama] 
## SPLIT #241: D3D12 # 0 inputs[llama] 
## SPLIT #243: D3D12 # 0 inputs[llama] 
## SPLIT #245: D3D12 # 0 inputs[llama] 
## SPLIT #247: D3D12 # 0 inputs[llama] 
## SPLIT #249: D3D12 # 0 inputs[llama] 
## SPLIT #251: D3D12 # 0 inputs[llama] 
## SPLIT #253: D3D12 # 0 inputs[llama] 
## SPLIT #255: D3D12 # 0 inputs[llama] 
## SPLIT #257: D3D12 # 0 inputs[llama] 
## SPLIT #259: D3D12 # 0 inputs[llama] 
## SPLIT #261: D3D12 # 0 inputs[llama] 
## SPLIT #1: D3D12 # 0 inputs[llama] 
## SPLIT #3: D3D12 # 0 inputs[llama] 
## SPLIT #5: D3D12 # 0 inputs[llama] 
## SPLIT #7: D3D12 # 0 inputs[llama] 
## SPLIT #9: D3D12 # 0 inputs[llama] 
## SPLIT #11: D3D12 # 0 inputs[llama] 
## SPLIT #13: D3D12 # 0 inputs[llama] 
## SPLIT #15: D3D12 # 0 inputs[llama] 
## SPLIT #17: D3D12 # 0 inputs[llama] 
## SPLIT #19: D3D12 # 0 inputs[llama] 
## SPLIT #21: D3D12 # 0 inputs[llama] 
## SPLIT #23: D3D12 # 0 inputs[llama] 
## SPLIT #25: D3D12 # 0 inputs[llama] 
## SPLIT #27: D3D12 # 0 inputs[llama] 
## SPLIT #29: D3D12 # 0 inputs[llama] 
## SPLIT #31: D3D12 # 0 inputs[llama] 
## SPLIT #33: D3D12 # 0 inputs[llama] 
## SPLIT #35: D3D12 # 0 inputs[llama] 
## SPLIT #37: D3D12 # 0 inputs[llama] 
## SPLIT #39: D3D12 # 0 inputs[llama] 
## SPLIT #41: D3D12 # 0 inputs[llama] 
## SPLIT #43: D3D12 # 0 inputs[llama] 
## SPLIT #45: D3D12 # 0 inputs[llama] 
## SPLIT #47: D3D12 # 0 inputs[llama] 
## SPLIT #49: D3D12 # 0 inputs[llama] 
## SPLIT #51: D3D12 # 0 inputs[llama] 
## SPLIT #53: D3D12 # 0 inputs[llama] 
## SPLIT #55: D3D12 # 0 inputs[llama] 
## SPLIT #57: D3D12 # 0 inputs[llama] 
## SPLIT #59: D3D12 # 0 inputs[llama] 
## SPLIT #61: D3D12 # 0 inputs[llama] 
## SPLIT #63: D3D12 # 0 inputs[llama] 
## SPLIT #65: D3D12 # 0 inputs[llama] 
## SPLIT #67: D3D12 # 0 inputs[llama] 
## SPLIT #69: D3D12 # 0 inputs[llama] 
## SPLIT #71: D3D12 # 0 inputs[llama] 
## SPLIT #73: D3D12 # 0 inputs[llama] 
## SPLIT #75: D3D12 # 0 inputs[llama] 
## SPLIT #77: D3D12 # 0 inputs[llama] 
## SPLIT #79: D3D12 # 0 inputs[llama] 
## SPLIT #81: D3D12 # 0 inputs[llama] 
## SPLIT #83: D3D12 # 0 inputs[llama] 
## SPLIT #85: D3D12 # 0 inputs[llama] 
## SPLIT #87: D3D12 # 0 inputs[llama] 
## SPLIT #89: D3D12 # 0 inputs[llama] 
## SPLIT #91: D3D12 # 0 inputs[llama] 
## SPLIT #93: D3D12 # 0 inputs[llama] 
## SPLIT #95: D3D12 # 0 inputs[llama] 
## SPLIT #97: D3D12 # 0 inputs[llama] 
## SPLIT #99: D3D12 # 0 inputs[llama] 
## SPLIT #101: D3D12 # 0 inputs[llama] 
## SPLIT #103: D3D12 # 0 inputs[llama] 
## SPLIT #105: D3D12 # 0 inputs[llama] 
## SPLIT #107: D3D12 # 0 inputs[llama] 
## SPLIT #109: D3D12 # 0 inputs[llama] 
## SPLIT #111: D3D12 # 0 inputs[llama] 
## SPLIT #113: D3D12 # 0 inputs[llama] 
## SPLIT #115: D3D12 # 0 inputs[llama] 
## SPLIT #117: D3D12 # 0 inputs[llama] 
## SPLIT #119: D3D12 # 0 inputs[llama] 
## SPLIT #121: D3D12 # 0 inputs[llama] 
## SPLIT #123: D3D12 # 0 inputs[llama] 
## SPLIT #125: D3D12 # 0 inputs[llama] 
## SPLIT #127: D3D12 # 0 inputs[llama] 
## SPLIT #129: D3D12 # 0 inputs[llama] 
## SPLIT #131: D3D12 # 0 inputs[llama] 
## SPLIT #133: D3D12 # 0 inputs[llama] 
## SPLIT #135: D3D12 # 0 inputs[llama] 
## SPLIT #137: D3D12 # 0 inputs[llama] 
## SPLIT #139: D3D12 # 0 inputs[llama] 
## SPLIT #141: D3D12 # 0 inputs[llama] 
## SPLIT #143: D3D12 # 0 inputs[llama] 
## SPLIT #145: D3D12 # 0 inputs[llama] 
## SPLIT #147: D3D12 # 0 inputs[llama] 
## SPLIT #149: D3D12 # 0 inputs[llama] 
## SPLIT #151: D3D12 # 0 inputs[llama] 
## SPLIT #153: D3D12 # 0 inputs[llama] 
## SPLIT #155: D3D12 # 0 inputs[llama] 
## SPLIT #157: D3D12 # 0 inputs[llama] 
## SPLIT #159: D3D12 # 0 inputs[llama] 
## SPLIT #161: D3D12 # 0 inputs[llama] 
## SPLIT #163: D3D12 # 0 inputs[llama] 
## SPLIT #165: D3D12 # 0 inputs[llama] 
## SPLIT #167: D3D12 # 0 inputs[llama] 
## SPLIT #169: D3D12 # 0 inputs[llama] 
## SPLIT #171: D3D12 # 0 inputs[llama] 
## SPLIT #173: D3D12 # 0 inputs[llama] 
## SPLIT #175: D3D12 # 0 inputs[llama] 
## SPLIT #177: D3D12 # 0 inputs[llama] 
## SPLIT #179: D3D12 # 0 inputs[llama] 
## SPLIT #181: D3D12 # 0 inputs[llama] 
## SPLIT #183: D3D12 # 0 inputs[llama] 
## SPLIT #185: D3D12 # 0 inputs[llama] 
## SPLIT #187: D3D12 # 0 inputs[llama] 
## SPLIT #189: D3D12 # 0 inputs[llama] 
## SPLIT #191: D3D12 # 0 inputs[llama] 
## SPLIT #193: D3D12 # 0 inputs[llama] 
## SPLIT #195: D3D12 # 0 inputs[llama] 
## SPLIT #197: D3D12 # 0 inputs[llama] 
## SPLIT #199: D3D12 # 0 inputs[llama] 
## SPLIT #201: D3D12 # 0 inputs[llama] 
## SPLIT #203: D3D12 # 0 inputs[llama] 
## SPLIT #205: D3D12 # 0 inputs[llama] 
## SPLIT #207: D3D12 # 0 inputs[llama] 
## SPLIT #209: D3D12 # 0 inputs[llama] 
## SPLIT #211: D3D12 # 0 inputs[llama] 
## SPLIT #213: D3D12 # 0 inputs[llama] 
## SPLIT #215: D3D12 # 0 inputs[llama] 
## SPLIT #217: D3D12 # 0 inputs[llama] 
## SPLIT #219: D3D12 # 0 inputs[llama] 
## SPLIT #221: D3D12 # 0 inputs[llama] 
## SPLIT #223: D3D12 # 0 inputs[llama] 
## SPLIT #225: D3D12 # 0 inputs[llama] 
## SPLIT #227: D3D12 # 0 inputs[llama] 
## SPLIT #229: D3D12 # 0 inputs[llama] 
## SPLIT #231: D3D12 # 0 inputs[llama] 
## SPLIT #233: D3D12 # 0 inputs[llama] 
## SPLIT #235: D3D12 # 0 inputs[llama] 
## SPLIT #237: D3D12 # 0 inputs[llama] 
## SPLIT #239: D3D12 # 0 inputs[llama] 
## SPLIT #241: D3D12 # 0 inputs[llama] 
## SPLIT #243: D3D12 # 0 inputs[llama] 
## SPLIT #245: D3D12 # 0 inputs[llama] 
## SPLIT #247: D3D12 # 0 inputs[llama] 
## SPLIT #249: D3D12 # 0 inputs[llama] 
## SPLIT #251: D3D12 # 0 inputs[llama] 
## SPLIT #253: D3D12 # 0 inputs[llama] 
## SPLIT #255: D3D12 # 0 inputs[llama] 
## SPLIT #257: D3D12 # 0 inputs[llama] 
## SPLIT #259: D3D12 # 0 inputs[llama] 
## SPLIT #261: D3D12 # 0 inputs[llama] 
## SPLIT #1: D3D12 # 0 inputs[llama] 
## SPLIT #3: D3D12 # 0 inputs[llama] 
## SPLIT #5: D3D12 # 0 inputs[llama] 
## SPLIT #7: D3D12 # 0 inputs[llama] 
## SPLIT #9: D3D12 # 0 inputs[llama] 
## SPLIT #11: D3D12 # 0 inputs[llama] 
## SPLIT #13: D3D12 # 0 inputs[llama] 
## SPLIT #15: D3D12 # 0 inputs[llama] 
## SPLIT #17: D3D12 # 0 inputs[llama] 
## SPLIT #19: D3D12 # 0 inputs[llama] 
## SPLIT #21: D3D12 # 0 inputs[llama] 
## SPLIT #23: D3D12 # 0 inputs[llama] 
## SPLIT #25: D3D12 # 0 inputs[llama] 
## SPLIT #27: D3D12 # 0 inputs[llama] 
## SPLIT #29: D3D12 # 0 inputs[llama] 
## SPLIT #31: D3D12 # 0 inputs[llama] 
## SPLIT #33: D3D12 # 0 inputs[llama] 
## SPLIT #35: D3D12 # 0 inputs[llama] 
## SPLIT #37: D3D12 # 0 inputs[llama] 
## SPLIT #39: D3D12 # 0 inputs[llama] 
## SPLIT #41: D3D12 # 0 inputs[llama] 
## SPLIT #43: D3D12 # 0 inputs[llama] 
## SPLIT #45: D3D12 # 0 inputs[llama] 
## SPLIT #47: D3D12 # 0 inputs[llama] 
## SPLIT #49: D3D12 # 0 inputs[llama] 
## SPLIT #51: D3D12 # 0 inputs[llama] 
## SPLIT #53: D3D12 # 0 inputs[llama] 
## SPLIT #55: D3D12 # 0 inputs[llama] 
## SPLIT #57: D3D12 # 0 inputs[llama] 
## SPLIT #59: D3D12 # 0 inputs[llama] 
## SPLIT #61: D3D12 # 0 inputs[llama] 
## SPLIT #63: D3D12 # 0 inputs[llama] 
## SPLIT #65: D3D12 # 0 inputs[llama] 
## SPLIT #67: D3D12 # 0 inputs[llama] 
## SPLIT #69: D3D12 # 0 inputs[llama] 
## SPLIT #71: D3D12 # 0 inputs[llama] 
## SPLIT #73: D3D12 # 0 inputs[llama] 
## SPLIT #75: D3D12 # 0 inputs[llama] 
## SPLIT #77: D3D12 # 0 inputs[llama] 
## SPLIT #79: D3D12 # 0 inputs[llama] 
## SPLIT #81: D3D12 # 0 inputs[llama] 
## SPLIT #83: D3D12 # 0 inputs[llama] 
## SPLIT #85: D3D12 # 0 inputs[llama] 
## SPLIT #87: D3D12 # 0 inputs[llama] 
## SPLIT #89: D3D12 # 0 inputs[llama] 
## SPLIT #91: D3D12 # 0 inputs[llama] 
## SPLIT #93: D3D12 # 0 inputs[llama] 
## SPLIT #95: D3D12 # 0 inputs[llama] 
## SPLIT #97: D3D12 # 0 inputs[llama] 
## SPLIT #99: D3D12 # 0 inputs[llama] 
## SPLIT #101: D3D12 # 0 inputs[llama] 
## SPLIT #103: D3D12 # 0 inputs[llama] 
## SPLIT #105: D3D12 # 0 inputs[llama] 
## SPLIT #107: D3D12 # 0 inputs[llama] 
## SPLIT #109: D3D12 # 0 inputs[llama] 
## SPLIT #111: D3D12 # 0 inputs[llama] 
## SPLIT #113: D3D12 # 0 inputs[llama] 
## SPLIT #115: D3D12 # 0 inputs[llama] 
## SPLIT #117: D3D12 # 0 inputs[llama] 
## SPLIT #119: D3D12 # 0 inputs[llama] 
## SPLIT #121: D3D12 # 0 inputs[llama] 
## SPLIT #123: D3D12 # 0 inputs[llama] 
## SPLIT #125: D3D12 # 0 inputs[llama] 
## SPLIT #127: D3D12 # 0 inputs[llama] 
## SPLIT #129: D3D12 # 0 inputs[llama] 
## SPLIT #131: D3D12 # 0 inputs[llama] 
## SPLIT #133: D3D12 # 0 inputs[llama] 
## SPLIT #135: D3D12 # 0 inputs[llama] 
## SPLIT #137: D3D12 # 0 inputs[llama] 
## SPLIT #139: D3D12 # 0 inputs[llama] 
## SPLIT #141: D3D12 # 0 inputs[llama] 
## SPLIT #143: D3D12 # 0 inputs[llama] 
## SPLIT #145: D3D12 # 0 inputs[llama] 
## SPLIT #147: D3D12 # 0 inputs[llama] 
## SPLIT #149: D3D12 # 0 inputs[llama] 
## SPLIT #151: D3D12 # 0 inputs[llama] 
## SPLIT #153: D3D12 # 0 inputs[llama] 
## SPLIT #155: D3D12 # 0 inputs[llama] 
## SPLIT #157: D3D12 # 0 inputs[llama] 
## SPLIT #159: D3D12 # 0 inputs[llama] 
## SPLIT #161: D3D12 # 0 inputs[llama] 
## SPLIT #163: D3D12 # 0 inputs[llama] 
## SPLIT #165: D3D12 # 0 inputs[llama] 
## SPLIT #167: D3D12 # 0 inputs[llama] 
## SPLIT #169: D3D12 # 0 inputs[llama] 
## SPLIT #171: D3D12 # 0 inputs[llama] 
## SPLIT #173: D3D12 # 0 inputs[llama] 
## SPLIT #175: D3D12 # 0 inputs[llama] 
## SPLIT #177: D3D12 # 0 inputs[llama] 
## SPLIT #179: D3D12 # 0 inputs[llama] 
## SPLIT #181: D3D12 # 0 inputs[llama] 
## SPLIT #183: D3D12 # 0 inputs[llama] 
## SPLIT #185: D3D12 # 0 inputs[llama] 
## SPLIT #187: D3D12 # 0 inputs[llama] 
## SPLIT #189: D3D12 # 0 inputs[llama] 
## SPLIT #191: D3D12 # 0 inputs[llama] 
## SPLIT #193: D3D12 # 0 inputs[llama] 
## SPLIT #195: D3D12 # 0 inputs[llama] 
## SPLIT #197: D3D12 # 0 inputs[llama] 
## SPLIT #199: D3D12 # 0 inputs[llama] 
## SPLIT #201: D3D12 # 0 inputs[llama] 
## SPLIT #203: D3D12 # 0 inputs[llama] 
## SPLIT #205: D3D12 # 0 inputs[llama] 
## SPLIT #207: D3D12 # 0 inputs[llama] 
## SPLIT #209: D3D12 # 0 inputs[llama] 
## SPLIT #211: D3D12 # 0 inputs[llama] 
## SPLIT #213: D3D12 # 0 inputs[llama] 
## SPLIT #215: D3D12 # 0 inputs[llama] 
## SPLIT #217: D3D12 # 0 inputs[llama] 
## SPLIT #219: D3D12 # 0 inputs[llama] 
## SPLIT #221: D3D12 # 0 inputs[llama] 
## SPLIT #223: D3D12 # 0 inputs[llama] 
## SPLIT #225: D3D12 # 0 inputs[llama] 
## SPLIT #227: D3D12 # 0 inputs[llama] 
## SPLIT #229: D3D12 # 0 inputs[llama] 
## SPLIT #231: D3D12 # 0 inputs[llama] 
## SPLIT #233: D3D12 # 0 inputs[llama] 
## SPLIT #235: D3D12 # 0 inputs[llama] 
## SPLIT #237: D3D12 # 0 inputs[llama] 
## SPLIT #239: D3D12 # 0 inputs[llama] 
## SPLIT #241: D3D12 # 0 inputs[llama] 
## SPLIT #243: D3D12 # 0 inputs[llama] 
## SPLIT #245: D3D12 # 0 inputs[llama] 
## SPLIT #247: D3D12 # 0 inputs[llama] 
## SPLIT #249: D3D12 # 0 inputs[llama] 
## SPLIT #251: D3D12 # 0 inputs[llama] 
## SPLIT #253: D3D12 # 0 inputs[llama] 
## SPLIT #255: D3D12 # 0 inputs[llama] 
## SPLIT #257: D3D12 # 0 inputs[llama] 
## SPLIT #259: D3D12 # 0 inputs[llama] 
## SPLIT #261: D3D12 # 0 inputs[llama] 
## SPLIT #1: D3D12 # 0 inputs[llama] 
## SPLIT #3: D3D12 # 0 inputs[llama] 
## SPLIT #5: D3D12 # 0 inputs[llama] 
## SPLIT #7: D3D12 # 0 inputs[llama] 
## SPLIT #9: D3D12 # 0 inputs[llama] 
## SPLIT #11: D3D12 # 0 inputs[llama] 
## SPLIT #13: D3D12 # 0 inputs[llama] 
## SPLIT #15: D3D12 # 0 inputs[llama] 
## SPLIT #17: D3D12 # 0 inputs[llama] 
## SPLIT #19: D3D12 # 0 inputs[llama] 
## SPLIT #21: D3D12 # 0 inputs[llama] 
## SPLIT #23: D3D12 # 0 inputs[llama] 
## SPLIT #25: D3D12 # 0 inputs[llama] 
## SPLIT #27: D3D12 # 0 inputs[llama] 
## SPLIT #29: D3D12 # 0 inputs[llama] 
## SPLIT #31: D3D12 # 0 inputs[llama] 
## SPLIT #33: D3D12 # 0 inputs[llama] 
## SPLIT #35: D3D12 # 0 inputs[llama] 
## SPLIT #37: D3D12 # 0 inputs[llama] 
## SPLIT #39: D3D12 # 0 inputs[llama] 
## SPLIT #41: D3D12 # 0 inputs[llama] 
## SPLIT #43: D3D12 # 0 inputs[llama] 
## SPLIT #45: D3D12 # 0 inputs[llama] 
## SPLIT #47: D3D12 # 0 inputs[llama] 
## SPLIT #49: D3D12 # 0 inputs[llama] 
## SPLIT #51: D3D12 # 0 inputs[llama] 
## SPLIT #53: D3D12 # 0 inputs[llama] 
## SPLIT #55: D3D12 # 0 inputs[llama] 
## SPLIT #57: D3D12 # 0 inputs[llama] 
## SPLIT #59: D3D12 # 0 inputs[llama] 
## SPLIT #61: D3D12 # 0 inputs[llama] 
## SPLIT #63: D3D12 # 0 inputs[llama] 
## SPLIT #65: D3D12 # 0 inputs[llama] 
## SPLIT #67: D3D12 # 0 inputs[llama] 
## SPLIT #69: D3D12 # 0 inputs[llama] 
## SPLIT #71: D3D12 # 0 inputs[llama] 
## SPLIT #73: D3D12 # 0 inputs[llama] 
## SPLIT #75: D3D12 # 0 inputs[llama] 
## SPLIT #77: D3D12 # 0 inputs[llama] 
## SPLIT #79: D3D12 # 0 inputs[llama] 
## SPLIT #81: D3D12 # 0 inputs[llama] 
## SPLIT #83: D3D12 # 0 inputs[llama] 
## SPLIT #85: D3D12 # 0 inputs[llama] 
## SPLIT #87: D3D12 # 0 inputs[llama] 
## SPLIT #89: D3D12 # 0 inputs[llama] 
## SPLIT #91: D3D12 # 0 inputs[llama] 
## SPLIT #93: D3D12 # 0 inputs[llama] 
## SPLIT #95: D3D12 # 0 inputs[llama] 
## SPLIT #97: D3D12 # 0 inputs[llama] 
## SPLIT #99: D3D12 # 0 inputs[llama] 
## SPLIT #101: D3D12 # 0 inputs[llama] 
## SPLIT #103: D3D12 # 0 inputs[llama] 
## SPLIT #105: D3D12 # 0 inputs[llama] 
## SPLIT #107: D3D12 # 0 inputs[llama] 
## SPLIT #109: D3D12 # 0 inputs[llama] 
## SPLIT #111: D3D12 # 0 inputs[llama] 
## SPLIT #113: D3D12 # 0 inputs[llama] 
## SPLIT #115: D3D12 # 0 inputs[llama] 
## SPLIT #117: D3D12 # 0 inputs[llama] 
## SPLIT #119: D3D12 # 0 inputs[llama] 
## SPLIT #121: D3D12 # 0 inputs[llama] 
## SPLIT #123: D3D12 # 0 inputs[llama] 
## SPLIT #125: D3D12 # 0 inputs[llama] 
## SPLIT #127: D3D12 # 0 inputs[llama] 
## SPLIT #129: D3D12 # 0 inputs[llama] 
## SPLIT #131: D3D12 # 0 inputs[llama] 
## SPLIT #133: D3D12 # 0 inputs[llama] 
## SPLIT #135: D3D12 # 0 inputs[llama] 
## SPLIT #137: D3D12 # 0 inputs[llama] 
## SPLIT #139: D3D12 # 0 inputs[llama] 
## SPLIT #141: D3D12 # 0 inputs[llama] 
## SPLIT #143: D3D12 # 0 inputs[llama] 
## SPLIT #145: D3D12 # 0 inputs[llama] 
## SPLIT #147: D3D12 # 0 inputs[llama] 
## SPLIT #149: D3D12 # 0 inputs[llama] 
## SPLIT #151: D3D12 # 0 inputs[llama] 
## SPLIT #153: D3D12 # 0 inputs[llama] 
## SPLIT #155: D3D12 # 0 inputs[llama] 
## SPLIT #157: D3D12 # 0 inputs[llama] 
## SPLIT #159: D3D12 # 0 inputs[llama] 
## SPLIT #161: D3D12 # 0 inputs[llama] 
## SPLIT #163: D3D12 # 0 inputs[llama] 
## SPLIT #165: D3D12 # 0 inputs[llama] 
## SPLIT #167: D3D12 # 0 inputs[llama] 
## SPLIT #169: D3D12 # 0 inputs[llama] 
## SPLIT #171: D3D12 # 0 inputs[llama] 
## SPLIT #173: D3D12 # 0 inputs[llama] 
## SPLIT #175: D3D12 # 0 inputs[llama] 
## SPLIT #177: D3D12 # 0 inputs[llama] 
## SPLIT #179: D3D12 # 0 inputs[llama] 
## SPLIT #181: D3D12 # 0 inputs[llama] 
## SPLIT #183: D3D12 # 0 inputs[llama] 
## SPLIT #185: D3D12 # 0 inputs[llama] 
## SPLIT #187: D3D12 # 0 inputs[llama] 
## SPLIT #189: D3D12 # 0 inputs[llama] 
## SPLIT #191: D3D12 # 0 inputs[llama] 
## SPLIT #193: D3D12 # 0 inputs[llama] 
## SPLIT #195: D3D12 # 0 inputs[llama] 
## SPLIT #197: D3D12 # 0 inputs[llama] 
## SPLIT #199: D3D12 # 0 inputs[llama] 
## SPLIT #201: D3D12 # 0 inputs[llama] 
## SPLIT #203: D3D12 # 0 inputs[llama] 
## SPLIT #205: D3D12 # 0 inputs[llama] 
## SPLIT #207: D3D12 # 0 inputs[llama] 
## SPLIT #209: D3D12 # 0 inputs[llama] 
## SPLIT #211: D3D12 # 0 inputs[llama] 
## SPLIT #213: D3D12 # 0 inputs[llama] 
## SPLIT #215: D3D12 # 0 inputs[llama] 
## SPLIT #217: D3D12 # 0 inputs[llama] 
## SPLIT #219: D3D12 # 0 inputs[llama] 
## SPLIT #221: D3D12 # 0 inputs[llama] 
## SPLIT #223: D3D12 # 0 inputs[llama] 
## SPLIT #225: D3D12 # 0 inputs[llama] 
## SPLIT #227: D3D12 # 0 inputs[llama] 
## SPLIT #229: D3D12 # 0 inputs[llama] 
## SPLIT #231: D3D12 # 0 inputs[llama] 
## SPLIT #233: D3D12 # 0 inputs[llama] 
## SPLIT #235: D3D12 # 0 inputs[llama] 
## SPLIT #237: D3D12 # 0 inputs[llama] 
## SPLIT #239: D3D12 # 0 inputs[llama] 
## SPLIT #241: D3D12 # 0 inputs[llama] 
## SPLIT #243: D3D12 # 0 inputs[llama] 
## SPLIT #245: D3D12 # 0 inputs[llama] 
## SPLIT #247: D3D12 # 0 inputs[llama] 
## SPLIT #249: D3D12 # 0 inputs[llama] 
## SPLIT #251: D3D12 # 0 inputs[llama] 
## SPLIT #253: D3D12 # 0 inputs[llama] 
## SPLIT #255: D3D12 # 0 inputs[llama] 
## SPLIT #257: D3D12 # 0 inputs[llama] 
## SPLIT #259: D3D12 # 0 inputs[llama] 
## SPLIT #261: D3D12 # 0 inputs[xllama] d3d12: D3D12_Host buffer 504.0 MiB
[llama] 
## SPLIT #1: D3D12 # 0 inputs[llama] 
## SPLIT #3: D3D12 # 0 inputs[llama] 
## SPLIT #5: D3D12 # 0 inputs[llama] 
## SPLIT #7: D3D12 # 0 inputs[llama] 
## SPLIT #9: D3D12 # 0 inputs[llama] 
## SPLIT #11: D3D12 # 0 inputs[llama] 
## SPLIT #13: D3D12 # 0 inputs[llama] 
## SPLIT #15: D3D12 # 0 inputs[llama] 
## SPLIT #17: D3D12 # 0 inputs[llama] 
## SPLIT #19: D3D12 # 0 inputs[llama] 
## SPLIT #21: D3D12 # 0 inputs[llama] 
## SPLIT #23: D3D12 # 0 inputs[llama] 
## SPLIT #25: D3D12 # 0 inputs[llama] 
## SPLIT #27: D3D12 # 0 inputs[llama] 
## SPLIT #29: D3D12 # 0 inputs[llama] 
## SPLIT #31: D3D12 # 0 inputs[llama] 
## SPLIT #33: D3D12 # 0 inputs[llama] 
## SPLIT #35: D3D12 # 0 inputs[llama] 
## SPLIT #37: D3D12 # 0 inputs[llama] 
## SPLIT #39: D3D12 # 0 inputs[llama] 
## SPLIT #41: D3D12 # 0 inputs[llama] 
## SPLIT #43: D3D12 # 0 inputs[llama] 
## SPLIT #45: D3D12 # 0 inputs[llama] 
## SPLIT #47: D3D12 # 0 inputs[llama] 
## SPLIT #49: D3D12 # 0 inputs[llama] 
## SPLIT #51: D3D12 # 0 inputs[llama] 
## SPLIT #53: D3D12 # 0 inputs[llama] 
## SPLIT #55: D3D12 # 0 inputs[llama] 
## SPLIT #57: D3D12 # 0 inputs[llama] 
## SPLIT #59: D3D12 # 0 inputs[llama] 
## SPLIT #61: D3D12 # 0 inputs[llama] 
## SPLIT #63: D3D12 # 0 inputs[llama] 
## SPLIT #65: D3D12 # 0 inputs[llama] 
## SPLIT #67: D3D12 # 0 inputs[llama] 
## SPLIT #69: D3D12 # 0 inputs[llama] 
## SPLIT #71: D3D12 # 0 inputs[llama] 
## SPLIT #73: D3D12 # 0 inputs[llama] 
## SPLIT #75: D3D12 # 0 inputs[llama] 
## SPLIT #77: D3D12 # 0 inputs[llama] 
## SPLIT #79: D3D12 # 0 inputs[llama] 
## SPLIT #81: D3D12 # 0 inputs[llama] 
## SPLIT #83: D3D12 # 0 inputs[llama] 
## SPLIT #85: D3D12 # 0 inputs[llama] 
## SPLIT #87: D3D12 # 0 inputs[llama] 
## SPLIT #89: D3D12 # 0 inputs[llama] 
## SPLIT #91: D3D12 # 0 inputs[llama] 
## SPLIT #93: D3D12 # 0 inputs[llama] 
## SPLIT #95: D3D12 # 0 inputs[llama] 
## SPLIT #97: D3D12 # 0 inputs[llama] 
## SPLIT #99: D3D12 # 0 inputs[llama] 
## SPLIT #101: D3D12 # 0 inputs[llama] 
## SPLIT #103: D3D12 # 0 inputs[llama] 
## SPLIT #105: D3D12 # 0 inputs[llama] 
## SPLIT #107: D3D12 # 0 inputs[llama] 
## SPLIT #109: D3D12 # 0 inputs[llama] 
## SPLIT #111: D3D12 # 0 inputs[llama] 
## SPLIT #113: D3D12 # 0 inputs[llama] 
## SPLIT #115: D3D12 # 0 inputs[llama] 
## SPLIT #117: D3D12 # 0 inputs[llama] 
## SPLIT #119: D3D12 # 0 inputs[llama] 
## SPLIT #121: D3D12 # 0 inputs[llama] 
## SPLIT #123: D3D12 # 0 inputs[llama] 
## SPLIT #125: D3D12 # 0 inputs[llama] 
## SPLIT #127: D3D12 # 0 inputs[llama] 
## SPLIT #129: D3D12 # 0 inputs[llama] 
## SPLIT #131: D3D12 # 0 inputs[llama] 
## SPLIT #133: D3D12 # 0 inputs[llama] 
## SPLIT #135: D3D12 # 0 inputs[llama] 
## SPLIT #137: D3D12 # 0 inputs[llama] 
## SPLIT #139: D3D12 # 0 inputs[llama] 
## SPLIT #141: D3D12 # 0 inputs[llama] 
## SPLIT #143: D3D12 # 0 inputs[llama] 
## SPLIT #145: D3D12 # 0 inputs[llama] 
## SPLIT #147: D3D12 # 0 inputs[llama] 
## SPLIT #149: D3D12 # 0 inputs[llama] 
## SPLIT #151: D3D12 # 0 inputs[llama] 
## SPLIT #153: D3D12 # 0 inputs[llama] 
## SPLIT #155: D3D12 # 0 inputs[llama] 
## SPLIT #157: D3D12 # 0 inputs[llama] 
## SPLIT #159: D3D12 # 0 inputs[llama] 
## SPLIT #161: D3D12 # 0 inputs[llama] 
## SPLIT #163: D3D12 # 0 inputs[llama] 
## SPLIT #165: D3D12 # 0 inputs[llama] 
## SPLIT #167: D3D12 # 0 inputs[llama] 
## SPLIT #169: D3D12 # 0 inputs[llama] 
## SPLIT #171: D3D12 # 0 inputs[llama] 
## SPLIT #173: D3D12 # 0 inputs[llama] 
## SPLIT #175: D3D12 # 0 inputs[llama] 
## SPLIT #177: D3D12 # 0 inputs[llama] 
## SPLIT #179: D3D12 # 0 inputs[llama] 
## SPLIT #181: D3D12 # 0 inputs[llama] 
## SPLIT #183: D3D12 # 0 inputs[llama] 
## SPLIT #185: D3D12 # 0 inputs[llama] 
## SPLIT #187: D3D12 # 0 inputs[llama] 
## SPLIT #189: D3D12 # 0 inputs[llama] 
## SPLIT #191: D3D12 # 0 inputs[llama] 
## SPLIT #193: D3D12 # 0 inputs[llama] 
## SPLIT #195: D3D12 # 0 inputs[llama] 
## SPLIT #197: D3D12 # 0 inputs[llama] 
## SPLIT #199: D3D12 # 0 inputs[llama] 
## SPLIT #201: D3D12 # 0 inputs[llama] 
## SPLIT #203: D3D12 # 0 inputs[llama] 
## SPLIT #205: D3D12 # 0 inputs[llama] 
## SPLIT #207: D3D12 # 0 inputs[llama] 
## SPLIT #209: D3D12 # 0 inputs[llama] 
## SPLIT #211: D3D12 # 0 inputs[llama] 
## SPLIT #213: D3D12 # 0 inputs[llama] 
## SPLIT #215: D3D12 # 0 inputs[llama] 
## SPLIT #217: D3D12 # 0 inputs[llama] 
## SPLIT #219: D3D12 # 0 inputs[llama] 
## SPLIT #221: D3D12 # 0 inputs[llama] 
## SPLIT #223: D3D12 # 0 inputs[llama] 
## SPLIT #225: D3D12 # 0 inputs[llama] 
## SPLIT #227: D3D12 # 0 inputs[llama] 
## SPLIT #229: D3D12 # 0 inputs[llama] 
## SPLIT #231: D3D12 # 0 inputs[llama] 
## SPLIT #233: D3D12 # 0 inputs[llama] 
## SPLIT #235: D3D12 # 0 inputs[llama] 
## SPLIT #237: D3D12 # 0 inputs[llama] 
## SPLIT #239: D3D12 # 0 inputs[llama] 
## SPLIT #241: D3D12 # 0 inputs[llama] 
## SPLIT #243: D3D12 # 0 inputs[llama] 
## SPLIT #245: D3D12 # 0 inputs[llama] 
## SPLIT #247: D3D12 # 0 inputs[llama] 
## SPLIT #249: D3D12 # 0 inputs[llama] 
## SPLIT #251: D3D12 # 0 inputs[llama] 
## SPLIT #253: D3D12 # 0 inputs[llama] 
## SPLIT #255: D3D12 # 0 inputs[llama] 
## SPLIT #257: D3D12 # 0 inputs[llama] 
## SPLIT #259: D3D12 # 0 inputs[llama] 
## SPLIT #261: D3D12 # 0 inputs[llama] 
## SPLIT #1: D3D12 # 0 inputs[llama] 
## SPLIT #3: D3D12 # 0 inputs[llama] 
## SPLIT #5: D3D12 # 0 inputs[llama] 
## SPLIT #7: D3D12 # 0 inputs[llama] 
## SPLIT #9: D3D12 # 0 inputs[llama] 
## SPLIT #11: D3D12 # 0 inputs[llama] 
## SPLIT #13: D3D12 # 0 inputs[llama] 
## SPLIT #15: D3D12 # 0 inputs[llama] 
## SPLIT #17: D3D12 # 0 inputs[llama] 
## SPLIT #19: D3D12 # 0 inputs[llama] 
## SPLIT #21: D3D12 # 0 inputs[llama] 
## SPLIT #23: D3D12 # 0 inputs[llama] 
## SPLIT #25: D3D12 # 0 inputs[llama] 
## SPLIT #27: D3D12 # 0 inputs[llama] 
## SPLIT #29: D3D12 # 0 inputs[llama] 
## SPLIT #31: D3D12 # 0 inputs[llama] 
## SPLIT #33: D3D12 # 0 inputs[llama] 
## SPLIT #35: D3D12 # 0 inputs[llama] 
## SPLIT #37: D3D12 # 0 inputs[llama] 
## SPLIT #39: D3D12 # 0 inputs[llama] 
## SPLIT #41: D3D12 # 0 inputs[llama] 
## SPLIT #43: D3D12 # 0 inputs[llama] 
## SPLIT #45: D3D12 # 0 inputs[llama] 
## SPLIT #47: D3D12 # 0 inputs[llama] 
## SPLIT #49: D3D12 # 0 inputs[llama] 
## SPLIT #51: D3D12 # 0 inputs[llama] 
## SPLIT #53: D3D12 # 0 inputs[llama] 
## SPLIT #55: D3D12 # 0 inputs[llama] 
## SPLIT #57: D3D12 # 0 inputs[llama] 
## SPLIT #59: D3D12 # 0 inputs[llama] 
## SPLIT #61: D3D12 # 0 inputs[llama] 
## SPLIT #63: D3D12 # 0 inputs[llama] 
## SPLIT #65: D3D12 # 0 inputs[llama] 
## SPLIT #67: D3D12 # 0 inputs[llama] 
## SPLIT #69: D3D12 # 0 inputs[llama] 
## SPLIT #71: D3D12 # 0 inputs[llama] 
## SPLIT #73: D3D12 # 0 inputs[llama] 
## SPLIT #75: D3D12 # 0 inputs[llama] 
## SPLIT #77: D3D12 # 0 inputs[llama] 
## SPLIT #79: D3D12 # 0 inputs[llama] 
## SPLIT #81: D3D12 # 0 inputs[llama] 
## SPLIT #83: D3D12 # 0 inputs[llama] 
## SPLIT #85: D3D12 # 0 inputs[llama] 
## SPLIT #87: D3D12 # 0 inputs[llama] 
## SPLIT #89: D3D12 # 0 inputs[llama] 
## SPLIT #91: D3D12 # 0 inputs[llama] 
## SPLIT #93: D3D12 # 0 inputs[llama] 
## SPLIT #95: D3D12 # 0 inputs[llama] 
## SPLIT #97: D3D12 # 0 inputs[llama] 
## SPLIT #99: D3D12 # 0 inputs[llama] 
## SPLIT #101: D3D12 # 0 inputs[llama] 
## SPLIT #103: D3D12 # 0 inputs[llama] 
## SPLIT #105: D3D12 # 0 inputs[llama] 
## SPLIT #107: D3D12 # 0 inputs[llama] 
## SPLIT #109: D3D12 # 0 inputs[llama] 
## SPLIT #111: D3D12 # 0 inputs[llama] 
## SPLIT #113: D3D12 # 0 inputs[llama] 
## SPLIT #115: D3D12 # 0 inputs[llama] 
## SPLIT #117: D3D12 # 0 inputs[llama] 
## SPLIT #119: D3D12 # 0 inputs[llama] 
## SPLIT #121: D3D12 # 0 inputs[llama] 
## SPLIT #123: D3D12 # 0 inputs[llama] 
## SPLIT #125: D3D12 # 0 inputs[llama] 
## SPLIT #127: D3D12 # 0 inputs[llama] 
## SPLIT #129: D3D12 # 0 inputs[llama] 
## SPLIT #131: D3D12 # 0 inputs[llama] 
## SPLIT #133: D3D12 # 0 inputs[llama] 
## SPLIT #135: D3D12 # 0 inputs[llama] 
## SPLIT #137: D3D12 # 0 inputs[llama] 
## SPLIT #139: D3D12 # 0 inputs[llama] 
## SPLIT #141: D3D12 # 0 inputs[llama] 
## SPLIT #143: D3D12 # 0 inputs[llama] 
## SPLIT #145: D3D12 # 0 inputs[llama] 
## SPLIT #147: D3D12 # 0 inputs[llama] 
## SPLIT #149: D3D12 # 0 inputs[llama] 
## SPLIT #151: D3D12 # 0 inputs[llama] 
## SPLIT #153: D3D12 # 0 inputs[llama] 
## SPLIT #155: D3D12 # 0 inputs[llama] 
## SPLIT #157: D3D12 # 0 inputs[llama] 
## SPLIT #159: D3D12 # 0 inputs[llama] 
## SPLIT #161: D3D12 # 0 inputs[llama] 
## SPLIT #163: D3D12 # 0 inputs[llama] 
## SPLIT #165: D3D12 # 0 inputs[llama] 
## SPLIT #167: D3D12 # 0 inputs[llama] 
## SPLIT #169: D3D12 # 0 inputs[llama] 
## SPLIT #171: D3D12 # 0 inputs[llama] 
## SPLIT #173: D3D12 # 0 inputs[llama] 
## SPLIT #175: D3D12 # 0 inputs[llama] 
## SPLIT #177: D3D12 # 0 inputs[llama] 
## SPLIT #179: D3D12 # 0 inputs[llama] 
## SPLIT #181: D3D12 # 0 inputs[llama] 
## SPLIT #183: D3D12 # 0 inputs[llama] 
## SPLIT #185: D3D12 # 0 inputs[llama] 
## SPLIT #187: D3D12 # 0 inputs[llama] 
## SPLIT #189: D3D12 # 0 inputs[llama] 
## SPLIT #191: D3D12 # 0 inputs[llama] 
## SPLIT #193: D3D12 # 0 inputs[llama] 
## SPLIT #195: D3D12 # 0 inputs[llama] 
## SPLIT #197: D3D12 # 0 inputs[llama] 
## SPLIT #199: D3D12 # 0 inputs[llama] 
## SPLIT #201: D3D12 # 0 inputs[llama] 
## SPLIT #203: D3D12 # 0 inputs[llama] 
## SPLIT #205: D3D12 # 0 inputs[llama] 
## SPLIT #207: D3D12 # 0 inputs[llama] 
## SPLIT #209: D3D12 # 0 inputs[llama] 
## SPLIT #211: D3D12 # 0 inputs[llama] 
## SPLIT #213: D3D12 # 0 inputs[llama] 
## SPLIT #215: D3D12 # 0 inputs[llama] 
## SPLIT #217: D3D12 # 0 inputs[llama] 
## SPLIT #219: D3D12 # 0 inputs[llama] 
## SPLIT #221: D3D12 # 0 inputs[llama] 
## SPLIT #223: D3D12 # 0 inputs[llama] 
## SPLIT #225: D3D12 # 0 inputs[llama] 
## SPLIT #227: D3D12 # 0 inputs[llama] 
## SPLIT #229: D3D12 # 0 inputs[llama] 
## SPLIT #231: D3D12 # 0 inputs[llama] 
## SPLIT #233: D3D12 # 0 inputs[llama] 
## SPLIT #235: D3D12 # 0 inputs[llama] 
## SPLIT #237: D3D12 # 0 inputs[llama] 
## SPLIT #239: D3D12 # 0 inputs[llama] 
## SPLIT #241: D3D12 # 0 inputs[llama] 
## SPLIT #243: D3D12 # 0 inputs[llama] 
## SPLIT #245: D3D12 # 0 inputs[llama] 
## SPLIT #247: D3D12 # 0 inputs[llama] 
## SPLIT #249: D3D12 # 0 inputs[llama] 
## SPLIT #251: D3D12 # 0 inputs[llama] 
## SPLIT #253: D3D12 # 0 inputs[llama] 
## SPLIT #255: D3D12 # 0 inputs[llama] 
## SPLIT #257: D3D12 # 0 inputs[llama] 
## SPLIT #259: D3D12 # 0 inputs[llama] 
## SPLIT #261: D3D12 # 0 inputs[llama] sched_reserve: D3D12_Host compute buffer size =   504.02 MiB
[llama] sched_reserve: graph splits = 262
[llama] llama_context: D3D12_Host  output buffer size =     0.95 MiB
[llama] llama_kv_cache: layer  32: dev = D3D12
[xllama] d3d12: D3D12_Host buffer 8.0 MiB
[llama] llama_kv_cache: D3D12_Host KV buffer size =     8.00 MiB
[llama] 
## SPLIT #1: D3D12 # 0 inputs[llama] 
## SPLIT #3: D3D12 # 0 inputs[llama] 
## SPLIT #5: D3D12 # 0 inputs[llama] 
## SPLIT #7: D3D12 # 0 inputs[llama] 
## SPLIT #9: D3D12 # 0 inputs[llama] 
## SPLIT #11: D3D12 # 0 inputs[llama] resolve_fused_ops: layer 32 is assigned to device D3D12 but Flash Attention is assigned to device CPU (usually due to missing support)
[llama] resolve_fused_ops: Flash Attention not supported, set to disabled
[llama] 
## SPLIT #1: D3D12 # 0 inputs[llama] 
## SPLIT #3: D3D12 # 0 inputs[llama] 
## SPLIT #5: D3D12 # 0 inputs[llama] 
## SPLIT #7: D3D12 # 0 inputs[llama] 
## SPLIT #9: D3D12 # 0 inputs[llama] 
## SPLIT #11: D3D12 # 0 inputs[llama] 
## SPLIT #1: D3D12 # 0 inputs[llama] 
## SPLIT #3: D3D12 # 0 inputs[llama] 
## SPLIT #5: D3D12 # 0 inputs[llama] 
## SPLIT #7: D3D12 # 0 inputs[llama] 
## SPLIT #9: D3D12 # 0 inputs[llama] 
## SPLIT #11: D3D12 # 0 inputs[llama] 
## SPLIT #1: D3D12 # 0 inputs[llama] 
## SPLIT #3: D3D12 # 0 inputs[llama] 
## SPLIT #5: D3D12 # 0 inputs[llama] 
## SPLIT #7: D3D12 # 0 inputs[llama] 
## SPLIT #9: D3D12 # 0 inputs[llama] 
## SPLIT #11: D3D12 # 0 inputs[llama] 
## SPLIT #1: D3D12 # 0 inputs[llama] 
## SPLIT #3: D3D12 # 0 inputs[llama] 
## SPLIT #5: D3D12 # 0 inputs[llama] 
## SPLIT #7: D3D12 # 0 inputs[llama] 
## SPLIT #9: D3D12 # 0 inputs[llama] 
## SPLIT #11: D3D12 # 0 inputs[xllama] d3d12: D3D12_Host buffer 5.8 MiB
[llama] 
## SPLIT #1: D3D12 # 0 inputs[llama] 
## SPLIT #3: D3D12 # 0 inputs[llama] 
## SPLIT #5: D3D12 # 0 inputs[llama] 
## SPLIT #7: D3D12 # 0 inputs[llama] 
## SPLIT #9: D3D12 # 0 inputs[llama] 
## SPLIT #11: D3D12 # 0 inputs[llama] 
## SPLIT #1: D3D12 # 0 inputs[llama] 
## SPLIT #3: D3D12 # 0 inputs[llama] 
## SPLIT #5: D3D12 # 0 inputs[llama] 
## SPLIT #7: D3D12 # 0 inputs[llama] 
## SPLIT #9: D3D12 # 0 inputs[llama] 
## SPLIT #11: D3D12 # 0 inputs[llama] sched_reserve: D3D12_Host compute buffer size =     5.85 MiB
[llama] sched_reserve: graph splits = 12
[xllama] mtp: draft ready, n_max=4 p_min=0.750000 dft_n_batch=6
[xllama] mtp: target nextn head layers=1
[xllama] mtp: split_mtp_weights=0 resident=0 tensors=0
[xllama] prompt tokens: 119
[xllama] d3d12: D3D12_Host buffer 20.9 MiB
[llama] 
## SPLIT #1: D3D12 # 0 inputs[llama] 
## SPLIT #3: D3D12 # 0 inputs[llama] 
## SPLIT #5: D3D12 # 0 inputs[llama] 
## SPLIT #7: D3D12 # 0 inputs[llama] 
## SPLIT #9: D3D12 # 0 inputs[llama] 
## SPLIT #11: D3D12 # 0 inputs[llama] 
## SPLIT #13: D3D12 # 0 inputs[llama] 
## SPLIT #15: D3D12 # 0 inputs[llama] 
## SPLIT #17: D3D12 # 0 inputs[llama] 
## SPLIT #19: D3D12 # 0 inputs[llama] 
## SPLIT #21: D3D12 # 0 inputs[llama] 
## SPLIT #23: D3D12 # 0 inputs[llama] 
## SPLIT #25: D3D12 # 0 inputs[llama] 
## SPLIT #27: D3D12 # 0 inputs[llama] 
## SPLIT #29: D3D12 # 0 inputs[llama] 
## SPLIT #31: D3D12 # 0 inputs[llama] 
## SPLIT #33: D3D12 # 0 inputs[llama] 
## SPLIT #35: D3D12 # 0 inputs[llama] 
## SPLIT #37: D3D12 # 0 inputs[llama] 
## SPLIT #39: D3D12 # 0 inputs[llama] 
## SPLIT #41: D3D12 # 0 inputs[llama] 
## SPLIT #43: D3D12 # 0 inputs[llama] 
## SPLIT #45: D3D12 # 0 inputs[llama] 
## SPLIT #47: D3D12 # 0 inputs[llama] 
## SPLIT #49: D3D12 # 0 inputs[llama] 
## SPLIT #51: D3D12 # 0 inputs[llama] 
## SPLIT #53: D3D12 # 0 inputs[llama] 
## SPLIT #55: D3D12 # 0 inputs[llama] 
## SPLIT #57: D3D12 # 0 inputs[llama] 
## SPLIT #59: D3D12 # 0 inputs[llama] 
## SPLIT #61: D3D12 # 0 inputs[llama] 
## SPLIT #63: D3D12 # 0 inputs[llama] 
## SPLIT #65: D3D12 # 0 inputs[llama] 
## SPLIT #67: D3D12 # 0 inputs[llama] 
## SPLIT #69: D3D12 # 0 inputs[llama] 
## SPLIT #71: D3D12 # 0 inputs[llama] 
## SPLIT #73: D3D12 # 0 inputs[llama] 
## SPLIT #75: D3D12 # 0 inputs[llama] 
## SPLIT #77: D3D12 # 0 inputs[llama] 
## SPLIT #79: D3D12 # 0 inputs[llama] 
## SPLIT #81: D3D12 # 0 inputs[llama] 
## SPLIT #83: D3D12 # 0 inputs[llama] 
## SPLIT #85: D3D12 # 0 inputs[llama] 
## SPLIT #87: D3D12 # 0 inputs[llama] 
## SPLIT #89: D3D12 # 0 inputs[llama] 
## SPLIT #91: D3D12 # 0 inputs[llama] 
## SPLIT #93: D3D12 # 0 inputs[llama] 
## SPLIT #95: D3D12 # 0 inputs[llama] 
## SPLIT #97: D3D12 # 0 inputs[llama] 
## SPLIT #99: D3D12 # 0 inputs[llama] 
## SPLIT #101: D3D12 # 0 inputs[llama] 
## SPLIT #103: D3D12 # 0 inputs[llama] 
## SPLIT #105: D3D12 # 0 inputs[llama] 
## SPLIT #107: D3D12 # 0 inputs[llama] 
## SPLIT #109: D3D12 # 0 inputs[llama] 
## SPLIT #111: D3D12 # 0 inputs[llama] 
## SPLIT #113: D3D12 # 0 inputs[llama] 
## SPLIT #115: D3D12 # 0 inputs[llama] 
## SPLIT #117: D3D12 # 0 inputs[llama] 
## SPLIT #119: D3D12 # 0 inputs[llama] 
## SPLIT #121: D3D12 # 0 inputs[llama] 
## SPLIT #123: D3D12 # 0 inputs[llama] 
## SPLIT #125: D3D12 # 0 inputs[llama] 
## SPLIT #127: D3D12 # 0 inputs[llama] 
## SPLIT #129: D3D12 # 0 inputs[llama] 
## SPLIT #131: D3D12 # 0 inputs[llama] 
## SPLIT #133: D3D12 # 0 inputs[llama] 
## SPLIT #135: D3D12 # 0 inputs[llama] 
## SPLIT #137: D3D12 # 0 inputs[llama] 
## SPLIT #139: D3D12 # 0 inputs[llama] 
## SPLIT #141: D3D12 # 0 inputs[llama] 
## SPLIT #143: D3D12 # 0 inputs[llama] 
## SPLIT #145: D3D12 # 0 inputs[llama] 
## SPLIT #147: D3D12 # 0 inputs[llama] 
## SPLIT #149: D3D12 # 0 inputs[llama] 
## SPLIT #151: D3D12 # 0 inputs[llama] 
## SPLIT #153: D3D12 # 0 inputs[llama] 
## SPLIT #155: D3D12 # 0 inputs[llama] 
## SPLIT #157: D3D12 # 0 inputs[llama] 
## SPLIT #159: D3D12 # 0 inputs[llama] 
## SPLIT #161: D3D12 # 0 inputs[llama] 
## SPLIT #163: D3D12 # 0 inputs[llama] 
## SPLIT #165: D3D12 # 0 inputs[llama] 
## SPLIT #167: D3D12 # 0 inputs[llama] 
## SPLIT #169: D3D12 # 0 inputs[llama] 
## SPLIT #171: D3D12 # 0 inputs[llama] 
## SPLIT #173: D3D12 # 0 inputs[llama] 
## SPLIT #175: D3D12 # 0 inputs[llama] 
## SPLIT #177: D3D12 # 0 inputs[llama] 
## SPLIT #179: D3D12 # 0 inputs[llama] 
## SPLIT #181: D3D12 # 0 inputs[llama] 
## SPLIT #183: D3D12 # 0 inputs[llama] 
## SPLIT #185: D3D12 # 0 inputs[llama] 
## SPLIT #187: D3D12 # 0 inputs[llama] 
## SPLIT #189: D3D12 # 0 inputs[llama] 
## SPLIT #191: D3D12 # 0 inputs[llama] 
## SPLIT #193: D3D12 # 0 inputs[llama] 
## SPLIT #195: D3D12 # 0 inputs[llama] 
## SPLIT #197: D3D12 # 0 inputs[llama] 
## SPLIT #199: D3D12 # 0 inputs[llama] 
## SPLIT #201: D3D12 # 0 inputs[llama] 
## SPLIT #203: D3D12 # 0 inputs[llama] 
## SPLIT #205: D3D12 # 0 inputs[llama] 
## SPLIT #207: D3D12 # 0 inputs[llama] 
## SPLIT #209: D3D12 # 0 inputs[llama] 
## SPLIT #211: D3D12 # 0 inputs[llama] 
## SPLIT #213: D3D12 # 0 inputs[llama] 
## SPLIT #215: D3D12 # 0 inputs[llama] 
## SPLIT #217: D3D12 # 0 inputs[llama] 
## SPLIT #219: D3D12 # 0 inputs[llama] 
## SPLIT #221: D3D12 # 0 inputs[llama] 
## SPLIT #223: D3D12 # 0 inputs[llama] 
## SPLIT #225: D3D12 # 0 inputs[llama] 
## SPLIT #227: D3D12 # 0 inputs[llama] 
## SPLIT #229: D3D12 # 0 inputs[llama] 
## SPLIT #231: D3D12 # 0 inputs[llama] 
## SPLIT #233: D3D12 # 0 inputs[llama] 
## SPLIT #235: D3D12 # 0 inputs[llama] 
## SPLIT #237: D3D12 # 0 inputs[llama] 
## SPLIT #239: D3D12 # 0 inputs[llama] 
## SPLIT #241: D3D12 # 0 inputs[llama] 
## SPLIT #243: D3D12 # 0 inputs[llama] 
## SPLIT #245: D3D12 # 0 inputs[llama] 
## SPLIT #247: D3D12 # 0 inputs[llama] 
## SPLIT #249: D3D12 # 0 inputs[llama] 
## SPLIT #251: D3D12 # 0 inputs[llama] 
## SPLIT #253: D3D12 # 0 inputs[llama] 
## SPLIT #255: D3D12 # 0 inputs[llama] 
## SPLIT #257: D3D12 # 0 inputs[llama] 
## SPLIT #259: D3D12 # 0 inputs[llama] 
## SPLIT #261: D3D12 # 0 inputs[xllama] d3d12: D3D12_Host buffer 5.7 MiB
[llama] 
## SPLIT #1: D3D12 # 0 inputs[llama] 
## SPLIT #3: D3D12 # 0 inputs[llama] 
## SPLIT #5: D3D12 # 0 inputs[llama] 
## SPLIT #7: D3D12 # 0 inputs[llama] 
## SPLIT #9: D3D12 # 0 inputs[llama] 
## SPLIT #11: D3D12 # 0 inputs[llama] 
## SPLIT #1: D3D12 # 0 inputs[llama] 
## SPLIT #3: D3D12 # 0 inputs[llama] 
## SPLIT #5: D3D12 # 0 inputs[llama] 
## SPLIT #7: D3D12 # 0 inputs[llama] 
## SPLIT #9: D3D12 # 0 inputs[llama] 
## SPLIT #11: D3D12 # 0 inputs[xllama] mtp: first draft pos=119 n_embd=2560 n_max=4 row[min,max]=[-25.693439,21.764423] dft_n_batch=6 dft_pos_max=118
[llama] 
## SPLIT #1: D3D12 # 0 inputs[llama] 
## SPLIT #3: D3D12 # 0 inputs[llama] 
## SPLIT #5: D3D12 # 0 inputs[llama] 
## SPLIT #7: D3D12 # 0 inputs[llama] 
## SPLIT #9: D3D12 # 0 inputs[llama] 
## SPLIT #11: D3D12 # 0 inputs[llama] 
## SPLIT #1: D3D12 # 0 inputs[llama] 
## SPLIT #3: D3D12 # 0 inputs[llama] 
## SPLIT #5: D3D12 # 0 inputs[llama] 
## SPLIT #7: D3D12 # 0 inputs[llama] 
## SPLIT #9: D3D12 # 0 inputs[llama] 
## SPLIT #11: D3D12 # 0 inputs[llama] 
## SPLIT #13: D3D12 # 0 inputs[llama] 
## SPLIT #15: D3D12 # 0 inputs[llama] 
## SPLIT #17: D3D12 # 0 inputs[llama] 
## SPLIT #19: D3D12 # 0 inputs[llama] 
## SPLIT #21: D3D12 # 0 inputs[llama] 
## SPLIT #23: D3D12 # 0 inputs[llama] 
## SPLIT #25: D3D12 # 0 inputs[llama] 
## SPLIT #27: D3D12 # 0 inputs[llama] 
## SPLIT #29: D3D12 # 0 inputs[llama] 
## SPLIT #31: D3D12 # 0 inputs[llama] 
## SPLIT #33: D3D12 # 0 inputs[llama] 
## SPLIT #35: D3D12 # 0 inputs[llama] 
## SPLIT #37: D3D12 # 0 inputs[llama] 
## SPLIT #39: D3D12 # 0 inputs[llama] 
## SPLIT #41: D3D12 # 0 inputs[llama] 
## SPLIT #43: D3D12 # 0 inputs[llama] 
## SPLIT #45: D3D12 # 0 inputs[llama] 
## SPLIT #47: D3D12 # 0 inputs[llama] 
## SPLIT #49: D3D12 # 0 inputs[llama] 
## SPLIT #51: D3D12 # 0 inputs[llama] 
## SPLIT #53: D3D12 # 0 inputs[llama] 
## SPLIT #55: D3D12 # 0 inputs[llama] 
## SPLIT #57: D3D12 # 0 inputs[llama] 
## SPLIT #59: D3D12 # 0 inputs[llama] 
## SPLIT #61: D3D12 # 0 inputs[llama] 
## SPLIT #63: D3D12 # 0 inputs[llama] 
## SPLIT #65: D3D12 # 0 inputs[llama] 
## SPLIT #67: D3D12 # 0 inputs[llama] 
## SPLIT #69: D3D12 # 0 inputs[llama] 
## SPLIT #71: D3D12 # 0 inputs[llama] 
## SPLIT #73: D3D12 # 0 inputs[llama] 
## SPLIT #75: D3D12 # 0 inputs[llama] 
## SPLIT #77: D3D12 # 0 inputs[llama] 
## SPLIT #79: D3D12 # 0 inputs[llama] 
## SPLIT #81: D3D12 # 0 inputs[llama] 
## SPLIT #83: D3D12 # 0 inputs[llama] 
## SPLIT #85: D3D12 # 0 inputs[llama] 
## SPLIT #87: D3D12 # 0 inputs[llama] 
## SPLIT #89: D3D12 # 0 inputs[llama] 
## SPLIT #91: D3D12 # 0 inputs[llama] 
## SPLIT #93: D3D12 # 0 inputs[llama] 
## SPLIT #95: D3D12 # 0 inputs[llama] 
## SPLIT #97: D3D12 # 0 inputs[llama] 
## SPLIT #99: D3D12 # 0 inputs[llama] 
## SPLIT #101: D3D12 # 0 inputs[llama] 
## SPLIT #103: D3D12 # 0 inputs[llama] 
## SPLIT #105: D3D12 # 0 inputs[llama] 
## SPLIT #107: D3D12 # 0 inputs[llama] 
## SPLIT #109: D3D12 # 0 inputs[llama] 
## SPLIT #111: D3D12 # 0 inputs[llama] 
## SPLIT #113: D3D12 # 0 inputs[llama] 
## SPLIT #115: D3D12 # 0 inputs[llama] 
## SPLIT #117: D3D12 # 0 inputs[llama] 
## SPLIT #119: D3D12 # 0 inputs[llama] 
## SPLIT #121: D3D12 # 0 inputs[llama] 
## SPLIT #123: D3D12 # 0 inputs[llama] 
## SPLIT #125: D3D12 # 0 inputs[llama] 
## SPLIT #127: D3D12 # 0 inputs[llama] 
## SPLIT #129: D3D12 # 0 inputs[llama] 
## SPLIT #131: D3D12 # 0 inputs[llama] 
## SPLIT #133: D3D12 # 0 inputs[llama] 
## SPLIT #135: D3D12 # 0 inputs[llama] 
## SPLIT #137: D3D12 # 0 inputs[llama] 
## SPLIT #139: D3D12 # 0 inputs[llama] 
## SPLIT #141: D3D12 # 0 inputs[llama] 
## SPLIT #143: D3D12 # 0 inputs[llama] 
## SPLIT #145: D3D12 # 0 inputs[llama] 
## SPLIT #147: D3D12 # 0 inputs[llama] 
## SPLIT #149: D3D12 # 0 inputs[llama] 
## SPLIT #151: D3D12 # 0 inputs[llama] 
## SPLIT #153: D3D12 # 0 inputs[llama] 
## SPLIT #155: D3D12 # 0 inputs[llama] 
## SPLIT #157: D3D12 # 0 inputs[llama] 
## SPLIT #159: D3D12 # 0 inputs[llama] 
## SPLIT #161: D3D12 # 0 inputs[llama] 
## SPLIT #163: D3D12 # 0 inputs[llama] 
## SPLIT #165: D3D12 # 0 inputs[llama] 
## SPLIT #167: D3D12 # 0 inputs[llama] 
## SPLIT #169: D3D12 # 0 inputs[llama] 
## SPLIT #171: D3D12 # 0 inputs[llama] 
## SPLIT #173: D3D12 # 0 inputs[llama] 
## SPLIT #175: D3D12 # 0 inputs[llama] 
## SPLIT #177: D3D12 # 0 inputs[llama] 
## SPLIT #179: D3D12 # 0 inputs[llama] 
## SPLIT #181: D3D12 # 0 inputs[llama] 
## SPLIT #183: D3D12 # 0 inputs[llama] 
## SPLIT #185: D3D12 # 0 inputs[llama] 
## SPLIT #187: D3D12 # 0 inputs[llama] 
## SPLIT #189: D3D12 # 0 inputs[llama] 
## SPLIT #191: D3D12 # 0 inputs[llama] 
## SPLIT #193: D3D12 # 0 inputs[llama] 
## SPLIT #195: D3D12 # 0 inputs[llama] 
## SPLIT #197: D3D12 # 0 inputs[llama] 
## SPLIT #199: D3D12 # 0 inputs[llama] 
## SPLIT #201: D3D12 # 0 inputs[llama] 
## SPLIT #203: D3D12 # 0 inputs[llama] 
## SPLIT #205: D3D12 # 0 inputs[llama] 
## SPLIT #207: D3D12 # 0 inputs[llama] 
## SPLIT #209: D3D12 # 0 inputs[llama] 
## SPLIT #211: D3D12 # 0 inputs[llama] 
## SPLIT #213: D3D12 # 0 inputs[llama] 
## SPLIT #215: D3D12 # 0 inputs[llama] 
## SPLIT #217: D3D12 # 0 inputs[llama] 
## SPLIT #219: D3D12 # 0 inputs[llama] 
## SPLIT #221: D3D12 # 0 inputs[llama] 
## SPLIT #223: D3D12 # 0 inputs[llama] 
## SPLIT #225: D3D12 # 0 inputs[llama] 
## SPLIT #227: D3D12 # 0 inputs[llama] 
## SPLIT #229: D3D12 # 0 inputs[llama] 
## SPLIT #231: D3D12 # 0 inputs[llama] 
## SPLIT #233: D3D12 # 0 inputs[llama] 
## SPLIT #235: D3D12 # 0 inputs[llama] 
## SPLIT #237: D3D12 # 0 inputs[llama] 
## SPLIT #239: D3D12 # 0 inputs[llama] 
## SPLIT #241: D3D12 # 0 inputs[llama] 
## SPLIT #243: D3D12 # 0 inputs[llama] 
## SPLIT #245: D3D12 # 0 inputs[llama] 
## SPLIT #247: D3D12 # 0 inputs[llama] 
## SPLIT #249: D3D12 # 0 inputs[llama] 
## SPLIT #251: D3D12 # 0 inputs[llama] 
## SPLIT #253: D3D12 # 0 inputs[llama] 
## SPLIT #255: D3D12 # 0 inputs[llama] 
## SPLIT #257: D3D12 # 0 inputs[llama] 
## SPLIT #259: D3D12 # 0 inputs[llama] 
## SPLIT #261: D3D12 # 0 inputs[llama] [xllama] repack ctrl scope=2 M=4096 K=2560 nrows=1 quant=scalar-all compute=gemv-all forced=1
[llama] [xllama] repack ctrl scope=2 M=9216 K=2560 nrows=1 quant=scalar-all compute=gemv-all forced=1
[llama] [xllama] repack ctrl scope=2 M=9216 K=2560 nrows=1 quant=scalar-all compute=gemv-all forced=1
[llama] [xllama] repack ctrl scope=2 M=4096 K=2560 nrows=1 quant=scalar-all compute=gemv-all forced=1
[llama] [xllama] repack ctrl scope=2 M=9216 K=2560 nrows=1 quant=scalar-all compute=gemv-all forced=1
[llama] [xllama] repack ctrl scope=2 M=9216 K=2560 nrows=1 quant=scalar-all compute=gemv-all forced=1
[llama] [xllama] repack ctrl scope=2 M=4096 K=2560 nrows=1 quant=scalar-all compute=gemv-all forced=1
[llama] [xllama] repack ctrl scope=2 M=9216 K=2560 nrows=1 quant=scalar-all compute=gemv-all forced=1
[llama] [xllama] repack ctrl scope=2 M=9216 K=2560 nrows=1 quant=scalar-all compute=gemv-all forced=1
[llama] [xllama] repack ctrl scope=2 M=8192 K=2560 nrows=1 quant=scalar-all compute=gemv-all forced=1
[llama] [xllama] repack ctrl scope=2 M=1024 K=2560 nrows=1 quant=scalar-all compute=gemv-all forced=1
[llama] [xllama] repack ctrl scope=2 M=2560 K=4096 nrows=1 quant=scalar-all compute=gemv-all forced=1
[llama] [xllama] repack ctrl scope=2 M=9216 K=2560 nrows=1 quant=scalar-all compute=gemv-all forced=1
[llama] [xllama] repack ctrl scope=2 M=9216 K=2560 nrows=1 quant=scalar-all compute=gemv-all forced=1
[llama] [xllama] repack ctrl scope=2 M=8192 K=2560 nrows=1 quant=scalar-all compute=gemv-all forced=1
[llama] [xllama] repack ctrl scope=2 M=4096 K=2560 nrows=1 quant=scalar-all compute=gemv-all forced=1
[xllama] d3d12: D3D12_Host buffer 21.9 MiB
[llama] 
## SPLIT #1: D3D12 # 0 inputs[llama] 
## SPLIT #3: D3D12 # 0 inputs[llama] 
## SPLIT #5: D3D12 # 0 inputs[llama] 
## SPLIT #7: D3D12 # 0 inputs[llama] 
## SPLIT #9: D3D12 # 0 inputs[llama] 
## SPLIT #11: D3D12 # 0 inputs[llama] 
## SPLIT #13: D3D12 # 0 inputs[llama] 
## SPLIT #15: D3D12 # 0 inputs[llama] 
## SPLIT #17: D3D12 # 0 inputs[llama] 
## SPLIT #19: D3D12 # 0 inputs[llama] 
## SPLIT #21: D3D12 # 0 inputs[llama] 
## SPLIT #23: D3D12 # 0 inputs[llama] 
## SPLIT #25: D3D12 # 0 inputs[llama] 
## SPLIT #27: D3D12 # 0 inputs[llama] 
## SPLIT #29: D3D12 # 0 inputs[llama] 
## SPLIT #31: D3D12 # 0 inputs[llama] 
## SPLIT #33: D3D12 # 0 inputs[llama] 
## SPLIT #35: D3D12 # 0 inputs[llama] 
## SPLIT #37: D3D12 # 0 inputs[llama] 
## SPLIT #39: D3D12 # 0 inputs[llama] 
## SPLIT #41: D3D12 # 0 inputs[llama] 
## SPLIT #43: D3D12 # 0 inputs[llama] 
## SPLIT #45: D3D12 # 0 inputs[llama] 
## SPLIT #47: D3D12 # 0 inputs[llama] 
## SPLIT #49: D3D12 # 0 inputs[llama] 
## SPLIT #51: D3D12 # 0 inputs[llama] 
## SPLIT #53: D3D12 # 0 inputs[llama] 
## SPLIT #55: D3D12 # 0 inputs[llama] 
## SPLIT #57: D3D12 # 0 inputs[llama] 
## SPLIT #59: D3D12 # 0 inputs[llama] 
## SPLIT #61: D3D12 # 0 inputs[llama] 
## SPLIT #63: D3D12 # 0 inputs[llama] 
## SPLIT #65: D3D12 # 0 inputs[llama] 
## SPLIT #67: D3D12 # 0 inputs[llama] 
## SPLIT #69: D3D12 # 0 inputs[llama] 
## SPLIT #71: D3D12 # 0 inputs[llama] 
## SPLIT #73: D3D12 # 0 inputs[llama] 
## SPLIT #75: D3D12 # 0 inputs[llama] 
## SPLIT #77: D3D12 # 0 inputs[llama] 
## SPLIT #79: D3D12 # 0 inputs[llama] 
## SPLIT #81: D3D12 # 0 inputs[llama] 
## SPLIT #83: D3D12 # 0 inputs[llama] 
## SPLIT #85: D3D12 # 0 inputs[llama] 
## SPLIT #87: D3D12 # 0 inputs[llama] 
## SPLIT #89: D3D12 # 0 inputs[llama] 
## SPLIT #91: D3D12 # 0 inputs[llama] 
## SPLIT #93: D3D12 # 0 inputs[llama] 
## SPLIT #95: D3D12 # 0 inputs[llama] 
## SPLIT #97: D3D12 # 0 inputs[llama] 
## SPLIT #99: D3D12 # 0 inputs[llama] 
## SPLIT #101: D3D12 # 0 inputs[llama] 
## SPLIT #103: D3D12 # 0 inputs[llama] 
## SPLIT #105: D3D12 # 0 inputs[llama] 
## SPLIT #107: D3D12 # 0 inputs[llama] 
## SPLIT #109: D3D12 # 0 inputs[llama] 
## SPLIT #111: D3D12 # 0 inputs[llama] 
## SPLIT #113: D3D12 # 0 inputs[llama] 
## SPLIT #115: D3D12 # 0 inputs[llama] 
## SPLIT #117: D3D12 # 0 inputs[llama] 
## SPLIT #119: D3D12 # 0 inputs[llama] 
## SPLIT #121: D3D12 # 0 inputs[llama] 
## SPLIT #123: D3D12 # 0 inputs[llama] 
## SPLIT #125: D3D12 # 0 inputs[llama] 
## SPLIT #127: D3D12 # 0 inputs[llama] 
## SPLIT #129: D3D12 # 0 inputs[llama] 
## SPLIT #131: D3D12 # 0 inputs[llama] 
## SPLIT #133: D3D12 # 0 inputs[llama] 
## SPLIT #135: D3D12 # 0 inputs[llama] 
## SPLIT #137: D3D12 # 0 inputs[llama] 
## SPLIT #139: D3D12 # 0 inputs[llama] 
## SPLIT #141: D3D12 # 0 inputs[llama] 
## SPLIT #143: D3D12 # 0 inputs[llama] 
## SPLIT #145: D3D12 # 0 inputs[llama] 
## SPLIT #147: D3D12 # 0 inputs[llama] 
## SPLIT #149: D3D12 # 0 inputs[llama] 
## SPLIT #151: D3D12 # 0 inputs[llama] 
## SPLIT #153: D3D12 # 0 inputs[llama] 
## SPLIT #155: D3D12 # 0 inputs[llama] 
## SPLIT #157: D3D12 # 0 inputs[llama] 
## SPLIT #159: D3D12 # 0 inputs[llama] 
## SPLIT #161: D3D12 # 0 inputs[llama] 
## SPLIT #163: D3D12 # 0 inputs[llama] 
## SPLIT #165: D3D12 # 0 inputs[llama] 
## SPLIT #167: D3D12 # 0 inputs[llama] 
## SPLIT #169: D3D12 # 0 inputs[llama] 
## SPLIT #171: D3D12 # 0 inputs[llama] 
## SPLIT #173: D3D12 # 0 inputs[llama] 
## SPLIT #175: D3D12 # 0 inputs[llama] 
## SPLIT #177: D3D12 # 0 inputs[llama] 
## SPLIT #179: D3D12 # 0 inputs[llama] 
## SPLIT #181: D3D12 # 0 inputs[llama] 
## SPLIT #183: D3D12 # 0 inputs[llama] 
## SPLIT #185: D3D12 # 0 inputs[llama] 
## SPLIT #187: D3D12 # 0 inputs[llama] 
## SPLIT #189: D3D12 # 0 inputs[llama] 
## SPLIT #191: D3D12 # 0 inputs[llama] 
## SPLIT #193: D3D12 # 0 inputs[llama] 
## SPLIT #195: D3D12 # 0 inputs[llama] 
## SPLIT #197: D3D12 # 0 inputs[llama] 
## SPLIT #199: D3D12 # 0 inputs[llama] 
## SPLIT #201: D3D12 # 0 inputs[llama] 
## SPLIT #203: D3D12 # 0 inputs[llama] 
## SPLIT #205: D3D12 # 0 inputs[llama] 
## SPLIT #207: D3D12 # 0 inputs[llama] 
## SPLIT #209: D3D12 # 0 inputs[llama] 
## SPLIT #211: D3D12 # 0 inputs[llama] 
## SPLIT #213: D3D12 # 0 inputs[llama] 
## SPLIT #215: D3D12 # 0 inputs[llama] 
## SPLIT #217: D3D12 # 0 inputs[llama] 
## SPLIT #219: D3D12 # 0 inputs[llama] 
## SPLIT #221: D3D12 # 0 inputs[llama] 
## SPLIT #223: D3D12 # 0 inputs[llama] 
## SPLIT #225: D3D12 # 0 inputs[llama] 
## SPLIT #227: D3D12 # 0 inputs[llama] 
## SPLIT #229: D3D12 # 0 inputs[llama] 
## SPLIT #231: D3D12 # 0 inputs[llama] 
## SPLIT #233: D3D12 # 0 inputs[llama] 
## SPLIT #235: D3D12 # 0 inputs[llama] 
## SPLIT #237: D3D12 # 0 inputs[llama] 
## SPLIT #239: D3D12 # 0 inputs[llama] 
## SPLIT #241: D3D12 # 0 inputs[llama] 
## SPLIT #243: D3D12 # 0 inputs[llama] 
## SPLIT #245: D3D12 # 0 inputs[llama] 
## SPLIT #247: D3D12 # 0 inputs[llama] 
## SPLIT #249: D3D12 # 0 inputs[llama] 
## SPLIT #251: D3D12 # 0 inputs[llama] 
## SPLIT #253: D3D12 # 0 inputs[llama] 
## SPLIT #255: D3D12 # 0 inputs[llama] 
## SPLIT #257: D3D12 # 0 inputs[llama] 
## SPLIT #259: D3D12 # 0 inputs[llama] 
## SPLIT #261: D3D12 # 0 inputs[llama] 
## SPLIT #1: D3D12 # 0 inputs[llama] 
## SPLIT #3: D3D12 # 0 inputs[llama] 
## SPLIT #5: D3D12 # 0 inputs[llama] 
## SPLIT #7: D3D12 # 0 inputs[llama] 
## SPLIT #9: D3D12 # 0 inputs[llama] 
## SPLIT #11: D3D12 # 0 inputs[llama] 
## SPLIT #1: D3D12 # 0 inputs[llama] 
## SPLIT #3: D3D12 # 0 inputs[llama] 
## SPLIT #5: D3D12 # 0 inputs[llama] 
## SPLIT #7: D3D12 # 0 inputs[llama] 
## SPLIT #9: D3D12 # 0 inputs[llama] 
## SPLIT #11: D3D12 # 0 inputs[llama] 
## SPLIT #1: D3D12 # 0 inputs[llama] 
## SPLIT #3: D3D12 # 0 inputs[llama] 
## SPLIT #5: D3D12 # 0 inputs[llama] 
## SPLIT #7: D3D12 # 0 inputs[llama] 
## SPLIT #9: D3D12 # 0 inputs[llama] 
## SPLIT #11: D3D12 # 0 inputs[llama] 
## SPLIT #13: D3D12 # 0 inputs[llama] 
## SPLIT #15: D3D12 # 0 inputs[llama] 
## SPLIT #17: D3D12 # 0 inputs[llama] 
## SPLIT #19: D3D12 # 0 inputs[llama] 
## SPLIT #21: D3D12 # 0 inputs[llama] 
## SPLIT #23: D3D12 # 0 inputs[llama] 
## SPLIT #25: D3D12 # 0 inputs[llama] 
## SPLIT #27: D3D12 # 0 inputs[llama] 
## SPLIT #29: D3D12 # 0 inputs[llama] 
## SPLIT #31: D3D12 # 0 inputs[llama] 
## SPLIT #33: D3D12 # 0 inputs[llama] 
## SPLIT #35: D3D12 # 0 inputs[llama] 
## SPLIT #37: D3D12 # 0 inputs[llama] 
## SPLIT #39: D3D12 # 0 inputs[llama] 
## SPLIT #41: D3D12 # 0 inputs[llama] 
## SPLIT #43: D3D12 # 0 inputs[llama] 
## SPLIT #45: D3D12 # 0 inputs[llama] 
## SPLIT #47: D3D12 # 0 inputs[llama] 
## SPLIT #49: D3D12 # 0 inputs[llama] 
## SPLIT #51: D3D12 # 0 inputs[llama] 
## SPLIT #53: D3D12 # 0 inputs[llama] 
## SPLIT #55: D3D12 # 0 inputs[llama] 
## SPLIT #57: D3D12 # 0 inputs[llama] 
## SPLIT #59: D3D12 # 0 inputs[llama] 
## SPLIT #61: D3D12 # 0 inputs[llama] 
## SPLIT #63: D3D12 # 0 inputs[llama] 
## SPLIT #65: D3D12 # 0 inputs[llama] 
## SPLIT #67: D3D12 # 0 inputs[llama] 
## SPLIT #69: D3D12 # 0 inputs[llama] 
## SPLIT #71: D3D12 # 0 inputs[llama] 
## SPLIT #73: D3D12 # 0 inputs[llama] 
## SPLIT #75: D3D12 # 0 inputs[llama] 
## SPLIT #77: D3D12 # 0 inputs[llama] 
## SPLIT #79: D3D12 # 0 inputs[llama] 
## SPLIT #81: D3D12 # 0 inputs[llama] 
## SPLIT #83: D3D12 # 0 inputs[llama] 
## SPLIT #85: D3D12 # 0 inputs[llama] 
## SPLIT #87: D3D12 # 0 inputs[llama] 
## SPLIT #89: D3D12 # 0 inputs[llama] 
## SPLIT #91: D3D12 # 0 inputs[llama] 
## SPLIT #93: D3D12 # 0 inputs[llama] 
## SPLIT #95: D3D12 # 0 inputs[llama] 
## SPLIT #97: D3D12 # 0 inputs[llama] 
## SPLIT #99: D3D12 # 0 inputs[llama] 
## SPLIT #101: D3D12 # 0 inputs[llama] 
## SPLIT #103: D3D12 # 0 inputs[llama] 
## SPLIT #105: D3D12 # 0 inputs[llama] 
## SPLIT #107: D3D12 # 0 inputs[llama] 
## SPLIT #109: D3D12 # 0 inputs[llama] 
## SPLIT #111: D3D12 # 0 inputs[llama] 
## SPLIT #113: D3D12 # 0 inputs[llama] 
## SPLIT #115: D3D12 # 0 inputs[llama] 
## SPLIT #117: D3D12 # 0 inputs[llama] 
## SPLIT #119: D3D12 # 0 inputs[llama] 
## SPLIT #121: D3D12 # 0 inputs[llama] 
## SPLIT #123: D3D12 # 0 inputs[llama] 
## SPLIT #125: D3D12 # 0 inputs[llama] 
## SPLIT #127: D3D12 # 0 inputs[llama] 
## SPLIT #129: D3D12 # 0 inputs[llama] 
## SPLIT #131: D3D12 # 0 inputs[llama] 
## SPLIT #133: D3D12 # 0 inputs[llama] 
## SPLIT #135: D3D12 # 0 inputs[llama] 
## SPLIT #137: D3D12 # 0 inputs[llama] 
## SPLIT #139: D3D12 # 0 inputs[llama] 
## SPLIT #141: D3D12 # 0 inputs[llama] 
## SPLIT #143: D3D12 # 0 inputs[llama] 
## SPLIT #145: D3D12 # 0 inputs[llama] 
## SPLIT #147: D3D12 # 0 inputs[llama] 
## SPLIT #149: D3D12 # 0 inputs[llama] 
## SPLIT #151: D3D12 # 0 inputs[llama] 
## SPLIT #153: D3D12 # 0 inputs[llama] 
## SPLIT #155: D3D12 # 0 inputs[llama] 
## SPLIT #157: D3D12 # 0 inputs[llama] 
## SPLIT #159: D3D12 # 0 inputs[llama] 
## SPLIT #161: D3D12 # 0 inputs[llama] 
## SPLIT #163: D3D12 # 0 inputs[llama] 
## SPLIT #165: D3D12 # 0 inputs[llama] 
## SPLIT #167: D3D12 # 0 inputs[llama] 
## SPLIT #169: D3D12 # 0 inputs[llama] 
## SPLIT #171: D3D12 # 0 inputs[llama] 
## SPLIT #173: D3D12 # 0 inputs[llama] 
## SPLIT #175: D3D12 # 0 inputs[llama] 
## SPLIT #177: D3D12 # 0 inputs[llama] 
## SPLIT #179: D3D12 # 0 inputs[llama] 
## SPLIT #181: D3D12 # 0 inputs[llama] 
## SPLIT #183: D3D12 # 0 inputs[llama] 
## SPLIT #185: D3D12 # 0 inputs[llama] 
## SPLIT #187: D3D12 # 0 inputs[llama] 
## SPLIT #189: D3D12 # 0 inputs[llama] 
## SPLIT #191: D3D12 # 0 inputs[llama] 
## SPLIT #193: D3D12 # 0 inputs[llama] 
## SPLIT #195: D3D12 # 0 inputs[llama] 
## SPLIT #197: D3D12 # 0 inputs[llama] 
## SPLIT #199: D3D12 # 0 inputs[llama] 
## SPLIT #201: D3D12 # 0 inputs[llama] 
## SPLIT #203: D3D12 # 0 inputs[llama] 
## SPLIT #205: D3D12 # 0 inputs[llama] 
## SPLIT #207: D3D12 # 0 inputs[llama] 
## SPLIT #209: D3D12 # 0 inputs[llama] 
## SPLIT #211: D3D12 # 0 inputs[llama] 
## SPLIT #213: D3D12 # 0 inputs[llama] 
## SPLIT #215: D3D12 # 0 inputs[llama] 
## SPLIT #217: D3D12 # 0 inputs[llama] 
## SPLIT #219: D3D12 # 0 inputs[llama] 
## SPLIT #221: D3D12 # 0 inputs[llama] 
## SPLIT #223: D3D12 # 0 inputs[llama] 
## SPLIT #225: D3D12 # 0 inputs[llama] 
## SPLIT #227: D3D12 # 0 inputs[llama] 
## SPLIT #229: D3D12 # 0 inputs[llama] 
## SPLIT #231: D3D12 # 0 inputs[llama] 
## SPLIT #233: D3D12 # 0 inputs[llama] 
## SPLIT #235: D3D12 # 0 inputs[llama] 
## SPLIT #237: D3D12 # 0 inputs[llama] 
## SPLIT #239: D3D12 # 0 inputs[llama] 
## SPLIT #241: D3D12 # 0 inputs[llama] 
## SPLIT #243: D3D12 # 0 inputs[llama] 
## SPLIT #245: D3D12 # 0 inputs[llama] 
## SPLIT #247: D3D12 # 0 inputs[llama] 
## SPLIT #249: D3D12 # 0 inputs[llama] 
## SPLIT #251: D3D12 # 0 inputs[llama] 
## SPLIT #253: D3D12 # 0 inputs[llama] 
## SPLIT #255: D3D12 # 0 inputs[llama] 
## SPLIT #257: D3D12 # 0 inputs[llama] 
## SPLIT #259: D3D12 # 0 inputs[llama] 
## SPLIT #261: D3D12 # 0 inputs[llama] 
## SPLIT #1: D3D12 # 0 inputs[llama] 
## SPLIT #3: D3D12 # 0 inputs[llama] 
## SPLIT #5: D3D12 # 0 inputs[llama] 
## SPLIT #7: D3D12 # 0 inputs[llama] 
## SPLIT #9: D3D12 # 0 inputs[llama] 
## SPLIT #11: D3D12 # 0 inputs[llama] 
## SPLIT #13: D3D12 # 0 inputs[llama] 
## SPLIT #15: D3D12 # 0 inputs[llama] 
## SPLIT #17: D3D12 # 0 inputs[llama] 
## SPLIT #19: D3D12 # 0 inputs[llama] 
## SPLIT #21: D3D12 # 0 inputs[llama] 
## SPLIT #23: D3D12 # 0 inputs[llama] 
## SPLIT #25: D3D12 # 0 inputs[llama] 
## SPLIT #27: D3D12 # 0 inputs[llama] 
## SPLIT #29: D3D12 # 0 inputs[llama] 
## SPLIT #31: D3D12 # 0 inputs[llama] 
## SPLIT #33: D3D12 # 0 inputs[llama] 
## SPLIT #35: D3D12 # 0 inputs[llama] 
## SPLIT #37: D3D12 # 0 inputs[llama] 
## SPLIT #39: D3D12 # 0 inputs[llama] 
## SPLIT #41: D3D12 # 0 inputs[llama] 
## SPLIT #43: D3D12 # 0 inputs[llama] 
## SPLIT #45: D3D12 # 0 inputs[llama] 
## SPLIT #47: D3D12 # 0 inputs[llama] 
## SPLIT #49: D3D12 # 0 inputs[llama] 
## SPLIT #51: D3D12 # 0 inputs[llama] 
## SPLIT #53: D3D12 # 0 inputs[llama] 
## SPLIT #55: D3D12 # 0 inputs[llama] 
## SPLIT #57: D3D12 # 0 inputs[llama] 
## SPLIT #59: D3D12 # 0 inputs[llama] 
## SPLIT #61: D3D12 # 0 inputs[llama] 
## SPLIT #63: D3D12 # 0 inputs[llama] 
## SPLIT #65: D3D12 # 0 inputs[llama] 
## SPLIT #67: D3D12 # 0 inputs[llama] 
## SPLIT #69: D3D12 # 0 inputs[llama] 
## SPLIT #71: D3D12 # 0 inputs[llama] 
## SPLIT #73: D3D12 # 0 inputs[llama] 
## SPLIT #75: D3D12 # 0 inputs[llama] 
## SPLIT #77: D3D12 # 0 inputs[llama] 
## SPLIT #79: D3D12 # 0 inputs[llama] 
## SPLIT #81: D3D12 # 0 inputs[llama] 
## SPLIT #83: D3D12 # 0 inputs[llama] 
## SPLIT #85: D3D12 # 0 inputs[llama] 
## SPLIT #87: D3D12 # 0 inputs[llama] 
## SPLIT #89: D3D12 # 0 inputs[llama] 
## SPLIT #91: D3D12 # 0 inputs[llama] 
## SPLIT #93: D3D12 # 0 inputs[llama] 
## SPLIT #95: D3D12 # 0 inputs[llama] 
## SPLIT #97: D3D12 # 0 inputs[llama] 
## SPLIT #99: D3D12 # 0 inputs[llama] 
## SPLIT #101: D3D12 # 0 inputs[llama] 
## SPLIT #103: D3D12 # 0 inputs[llama] 
## SPLIT #105: D3D12 # 0 inputs[llama] 
## SPLIT #107: D3D12 # 0 inputs[llama] 
## SPLIT #109: D3D12 # 0 inputs[llama] 
## SPLIT #111: D3D12 # 0 inputs[llama] 
## SPLIT #113: D3D12 # 0 inputs[llama] 
## SPLIT #115: D3D12 # 0 inputs[llama] 
## SPLIT #117: D3D12 # 0 inputs[llama] 
## SPLIT #119: D3D12 # 0 inputs[llama] 
## SPLIT #121: D3D12 # 0 inputs[llama] 
## SPLIT #123: D3D12 # 0 inputs[llama] 
## SPLIT #125: D3D12 # 0 inputs[llama] 
## SPLIT #127: D3D12 # 0 inputs[llama] 
## SPLIT #129: D3D12 # 0 inputs[llama] 
## SPLIT #131: D3D12 # 0 inputs[llama] 
## SPLIT #133: D3D12 # 0 inputs[llama] 
## SPLIT #135: D3D12 # 0 inputs[llama] 
## SPLIT #137: D3D12 # 0 inputs[llama] 
## SPLIT #139: D3D12 # 0 inputs[llama] 
## SPLIT #141: D3D12 # 0 inputs[llama] 
## SPLIT #143: D3D12 # 0 inputs[llama] 
## SPLIT #145: D3D12 # 0 inputs[llama] 
## SPLIT #147: D3D12 # 0 inputs[llama] 
## SPLIT #149: D3D12 # 0 inputs[llama] 
## SPLIT #151: D3D12 # 0 inputs[llama] 
## SPLIT #153: D3D12 # 0 inputs[llama] 
## SPLIT #155: D3D12 # 0 inputs[llama] 
## SPLIT #157: D3D12 # 0 inputs[llama] 
## SPLIT #159: D3D12 # 0 inputs[llama] 
## SPLIT #161: D3D12 # 0 inputs[llama] 
## SPLIT #163: D3D12 # 0 inputs[llama] 
## SPLIT #165: D3D12 # 0 inputs[llama] 
## SPLIT #167: D3D12 # 0 inputs[llama] 
## SPLIT #169: D3D12 # 0 inputs[llama] 
## SPLIT #171: D3D12 # 0 inputs[llama] 
## SPLIT #173: D3D12 # 0 inputs[llama] 
## SPLIT #175: D3D12 # 0 inputs[llama] 
## SPLIT #177: D3D12 # 0 inputs[llama] 
## SPLIT #179: D3D12 # 0 inputs[llama] 
## SPLIT #181: D3D12 # 0 inputs[llama] 
## SPLIT #183: D3D12 # 0 inputs[llama] 
## SPLIT #185: D3D12 # 0 inputs[llama] 
## SPLIT #187: D3D12 # 0 inputs[llama] 
## SPLIT #189: D3D12 # 0 inputs[llama] 
## SPLIT #191: D3D12 # 0 inputs[llama] 
## SPLIT #193: D3D12 # 0 inputs[llama] 
## SPLIT #195: D3D12 # 0 inputs[llama] 
## SPLIT #197: D3D12 # 0 inputs[llama] 
## SPLIT #199: D3D12 # 0 inputs[llama] 
## SPLIT #201: D3D12 # 0 inputs[llama] 
## SPLIT #203: D3D12 # 0 inputs[llama] 
## SPLIT #205: D3D12 # 0 inputs[llama] 
## SPLIT #207: D3D12 # 0 inputs[llama] 
## SPLIT #209: D3D12 # 0 inputs[llama] 
## SPLIT #211: D3D12 # 0 inputs[llama] 
## SPLIT #213: D3D12 # 0 inputs[llama] 
## SPLIT #215: D3D12 # 0 inputs[llama] 
## SPLIT #217: D3D12 # 0 inputs[llama] 
## SPLIT #219: D3D12 # 0 inputs[llama] 
## SPLIT #221: D3D12 # 0 inputs[llama] 
## SPLIT #223: D3D12 # 0 inputs[llama] 
## SPLIT #225: D3D12 # 0 inputs[llama] 
## SPLIT #227: D3D12 # 0 inputs[llama] 
## SPLIT #229: D3D12 # 0 inputs[llama] 
## SPLIT #231: D3D12 # 0 inputs[llama] 
## SPLIT #233: D3D12 # 0 inputs[llama] 
## SPLIT #235: D3D12 # 0 inputs[llama] 
## SPLIT #237: D3D12 # 0 inputs[llama] 
## SPLIT #239: D3D12 # 0 inputs[llama] 
## SPLIT #241: D3D12 # 0 inputs[llama] 
## SPLIT #243: D3D12 # 0 inputs[llama] 
## SPLIT #245: D3D12 # 0 inputs[llama] 
## SPLIT #247: D3D12 # 0 inputs[llama] 
## SPLIT #249: D3D12 # 0 inputs[llama] 
## SPLIT #251: D3D12 # 0 inputs[llama] 
## SPLIT #253: D3D12 # 0 inputs[llama] 
## SPLIT #255: D3D12 # 0 inputs[llama] 
## SPLIT #257: D3D12 # 0 inputs[llama] 
## SPLIT #259: D3D12 # 0 inputs[llama] 
## SPLIT #261: D3D12 # 0 inputs[llama] 
## SPLIT #1: D3D12 # 0 inputs[llama] 
## SPLIT #3: D3D12 # 0 inputs[llama] 
## SPLIT #5: D3D12 # 0 inputs[llama] 
## SPLIT #7: D3D12 # 0 inputs[llama] 
## SPLIT #9: D3D12 # 0 inputs[llama] 
## SPLIT #11: D3D12 # 0 inputs[llama] 
## SPLIT #1: D3D12 # 0 inputs[llama] 
## SPLIT #3: D3D12 # 0 inputs[llama] 
## SPLIT #5: D3D12 # 0 inputs[llama] 
## SPLIT #7: D3D12 # 0 inputs[llama] 
## SPLIT #9: D3D12 # 0 inputs[llama] 
## SPLIT #11: D3D12 # 0 inputs[llama] 
## SPLIT #1: D3D12 # 0 inputs[llama] 
## SPLIT #3: D3D12 # 0 inputs[llama] 
## SPLIT #5: D3D12 # 0 inputs[llama] 
## SPLIT #7: D3D12 # 0 inputs[llama] 
## SPLIT #9: D3D12 # 0 inputs[llama] 
## SPLIT #11: D3D12 # 0 inputs[llama] 
## SPLIT #13: D3D12 # 0 inputs[llama] 
## SPLIT #15: D3D12 # 0 inputs[llama] 
## SPLIT #17: D3D12 # 0 inputs[llama] 
## SPLIT #19: D3D12 # 0 inputs[llama] 
## SPLIT #21: D3D12 # 0 inputs[llama] 
## SPLIT #23: D3D12 # 0 inputs[llama] 
## SPLIT #25: D3D12 # 0 inputs[llama] 
## SPLIT #27: D3D12 # 0 inputs[llama] 
## SPLIT #29: D3D12 # 0 inputs[llama] 
## SPLIT #31: D3D12 # 0 inputs[llama] 
## SPLIT #33: D3D12 # 0 inputs[llama] 
## SPLIT #35: D3D12 # 0 inputs[llama] 
## SPLIT #37: D3D12 # 0 inputs[llama] 
## SPLIT #39: D3D12 # 0 inputs[llama] 
## SPLIT #41: D3D12 # 0 inputs[llama] 
## SPLIT #43: D3D12 # 0 inputs[llama] 
## SPLIT #45: D3D12 # 0 inputs[llama] 
## SPLIT #47: D3D12 # 0 inputs[llama] 
## SPLIT #49: D3D12 # 0 inputs[llama] 
## SPLIT #51: D3D12 # 0 inputs[llama] 
## SPLIT #53: D3D12 # 0 inputs[llama] 
## SPLIT #55: D3D12 # 0 inputs[llama] 
## SPLIT #57: D3D12 # 0 inputs[llama] 
## SPLIT #59: D3D12 # 0 inputs[llama] 
## SPLIT #61: D3D12 # 0 inputs[llama] 
## SPLIT #63: D3D12 # 0 inputs[llama] 
## SPLIT #65: D3D12 # 0 inputs[llama] 
## SPLIT #67: D3D12 # 0 inputs[llama] 
## SPLIT #69: D3D12 # 0 inputs[llama] 
## SPLIT #71: D3D12 # 0 inputs[llama] 
## SPLIT #73: D3D12 # 0 inputs[llama] 
## SPLIT #75: D3D12 # 0 inputs[llama] 
## SPLIT #77: D3D12 # 0 inputs[llama] 
## SPLIT #79: D3D12 # 0 inputs[llama] 
## SPLIT #81: D3D12 # 0 inputs[llama] 
## SPLIT #83: D3D12 # 0 inputs[llama] 
## SPLIT #85: D3D12 # 0 inputs[llama] 
## SPLIT #87: D3D12 # 0 inputs[llama] 
## SPLIT #89: D3D12 # 0 inputs[llama] 
## SPLIT #91: D3D12 # 0 inputs[llama] 
## SPLIT #93: D3D12 # 0 inputs[llama] 
## SPLIT #95: D3D12 # 0 inputs[llama] 
## SPLIT #97: D3D12 # 0 inputs[llama] 
## SPLIT #99: D3D12 # 0 inputs[llama] 
## SPLIT #101: D3D12 # 0 inputs[llama] 
## SPLIT #103: D3D12 # 0 inputs[llama] 
## SPLIT #105: D3D12 # 0 inputs[llama] 
## SPLIT #107: D3D12 # 0 inputs[llama] 
## SPLIT #109: D3D12 # 0 inputs[llama] 
## SPLIT #111: D3D12 # 0 inputs[llama] 
## SPLIT #113: D3D12 # 0 inputs[llama] 
## SPLIT #115: D3D12 # 0 inputs[llama] 
## SPLIT #117: D3D12 # 0 inputs[llama] 
## SPLIT #119: D3D12 # 0 inputs[llama] 
## SPLIT #121: D3D12 # 0 inputs[llama] 
## SPLIT #123: D3D12 # 0 inputs[llama] 
## SPLIT #125: D3D12 # 0 inputs[llama] 
## SPLIT #127: D3D12 # 0 inputs[llama] 
## SPLIT #129: D3D12 # 0 inputs[llama] 
## SPLIT #131: D3D12 # 0 inputs[llama] 
## SPLIT #133: D3D12 # 0 inputs[llama] 
## SPLIT #135: D3D12 # 0 inputs[llama] 
## SPLIT #137: D3D12 # 0 inputs[llama] 
## SPLIT #139: D3D12 # 0 inputs[llama] 
## SPLIT #141: D3D12 # 0 inputs[llama] 
## SPLIT #143: D3D12 # 0 inputs[llama] 
## SPLIT #145: D3D12 # 0 inputs[llama] 
## SPLIT #147: D3D12 # 0 inputs[llama] 
## SPLIT #149: D3D12 # 0 inputs[llama] 
## SPLIT #151: D3D12 # 0 inputs[llama] 
## SPLIT #153: D3D12 # 0 inputs[llama] 
## SPLIT #155: D3D12 # 0 inputs[llama] 
## SPLIT #157: D3D12 # 0 inputs[llama] 
## SPLIT #159: D3D12 # 0 inputs[llama] 
## SPLIT #161: D3D12 # 0 inputs[llama] 
## SPLIT #163: D3D12 # 0 inputs[llama] 
## SPLIT #165: D3D12 # 0 inputs[llama] 
## SPLIT #167: D3D12 # 0 inputs[llama] 
## SPLIT #169: D3D12 # 0 inputs[llama] 
## SPLIT #171: D3D12 # 0 inputs[llama] 
## SPLIT #173: D3D12 # 0 inputs[llama] 
## SPLIT #175: D3D12 # 0 inputs[llama] 
## SPLIT #177: D3D12 # 0 inputs[llama] 
## SPLIT #179: D3D12 # 0 inputs[llama] 
## SPLIT #181: D3D12 # 0 inputs[llama] 
## SPLIT #183: D3D12 # 0 inputs[llama] 
## SPLIT #185: D3D12 # 0 inputs[llama] 
## SPLIT #187: D3D12 # 0 inputs[llama] 
## SPLIT #189: D3D12 # 0 inputs[llama] 
## SPLIT #191: D3D12 # 0 inputs[llama] 
## SPLIT #193: D3D12 # 0 inputs[llama] 
## SPLIT #195: D3D12 # 0 inputs[llama] 
## SPLIT #197: D3D12 # 0 inputs[llama] 
## SPLIT #199: D3D12 # 0 inputs[llama] 
## SPLIT #201: D3D12 # 0 inputs[llama] 
## SPLIT #203: D3D12 # 0 inputs[llama] 
## SPLIT #205: D3D12 # 0 inputs[llama] 
## SPLIT #207: D3D12 # 0 inputs[llama] 
## SPLIT #209: D3D12 # 0 inputs[llama] 
## SPLIT #211: D3D12 # 0 inputs[llama] 
## SPLIT #213: D3D12 # 0 inputs[llama] 
## SPLIT #215: D3D12 # 0 inputs[llama] 
## SPLIT #217: D3D12 # 0 inputs[llama] 
## SPLIT #219: D3D12 # 0 inputs[llama] 
## SPLIT #221: D3D12 # 0 inputs[llama] 
## SPLIT #223: D3D12 # 0 inputs[llama] 
## SPLIT #225: D3D12 # 0 inputs[llama] 
## SPLIT #227: D3D12 # 0 inputs[llama] 
## SPLIT #229: D3D12 # 0 inputs[llama] 
## SPLIT #231: D3D12 # 0 inputs[llama] 
## SPLIT #233: D3D12 # 0 inputs[llama] 
## SPLIT #235: D3D12 # 0 inputs[llama] 
## SPLIT #237: D3D12 # 0 inputs[llama] 
## SPLIT #239: D3D12 # 0 inputs[llama] 
## SPLIT #241: D3D12 # 0 inputs[llama] 
## SPLIT #243: D3D12 # 0 inputs[llama] 
## SPLIT #245: D3D12 # 0 inputs[llama] 
## SPLIT #247: D3D12 # 0 inputs[llama] 
## SPLIT #249: D3D12 # 0 inputs[llama] 
## SPLIT #251: D3D12 # 0 inputs[llama] 
## SPLIT #253: D3D12 # 0 inputs[llama] 
## SPLIT #255: D3D12 # 0 inputs[llama] 
## SPLIT #257: D3D12 # 0 inputs[llama] 
## SPLIT #259: D3D12 # 0 inputs[llama] 
## SPLIT #261: D3D12 # 0 inputs[llama] 
## SPLIT #1: D3D12 # 0 inputs[llama] 
## SPLIT #3: D3D12 # 0 inputs[llama] 
## SPLIT #5: D3D12 # 0 inputs[llama] 
## SPLIT #7: D3D12 # 0 inputs[llama] 
## SPLIT #9: D3D12 # 0 inputs[llama] 
## SPLIT #11: D3D12 # 0 inputs[llama] 
## SPLIT #13: D3D12 # 0 inputs[llama] 
## SPLIT #15: D3D12 # 0 inputs[llama] 
## SPLIT #17: D3D12 # 0 inputs[llama] 
## SPLIT #19: D3D12 # 0 inputs[llama] 
## SPLIT #21: D3D12 # 0 inputs[llama] 
## SPLIT #23: D3D12 # 0 inputs[llama] 
## SPLIT #25: D3D12 # 0 inputs[llama] 
## SPLIT #27: D3D12 # 0 inputs[llama] 
## SPLIT #29: D3D12 # 0 inputs[llama] 
## SPLIT #31: D3D12 # 0 inputs[llama] 
## SPLIT #33: D3D12 # 0 inputs[llama] 
## SPLIT #35: D3D12 # 0 inputs[llama] 
## SPLIT #37: D3D12 # 0 inputs[llama] 
## SPLIT #39: D3D12 # 0 inputs[llama] 
## SPLIT #41: D3D12 # 0 inputs[llama] 
## SPLIT #43: D3D12 # 0 inputs[llama] 
## SPLIT #45: D3D12 # 0 inputs[llama] 
## SPLIT #47: D3D12 # 0 inputs[llama] 
## SPLIT #49: D3D12 # 0 inputs[llama] 
## SPLIT #51: D3D12 # 0 inputs[llama] 
## SPLIT #53: D3D12 # 0 inputs[llama] 
## SPLIT #55: D3D12 # 0 inputs[llama] 
## SPLIT #57: D3D12 # 0 inputs[llama] 
## SPLIT #59: D3D12 # 0 inputs[llama] 
## SPLIT #61: D3D12 # 0 inputs[llama] 
## SPLIT #63: D3D12 # 0 inputs[llama] 
## SPLIT #65: D3D12 # 0 inputs[llama] 
## SPLIT #67: D3D12 # 0 inputs[llama] 
## SPLIT #69: D3D12 # 0 inputs[llama] 
## SPLIT #71: D3D12 # 0 inputs[llama] 
## SPLIT #73: D3D12 # 0 inputs[llama] 
## SPLIT #75: D3D12 # 0 inputs[llama] 
## SPLIT #77: D3D12 # 0 inputs[llama] 
## SPLIT #79: D3D12 # 0 inputs[llama] 
## SPLIT #81: D3D12 # 0 inputs[llama] 
## SPLIT #83: D3D12 # 0 inputs[llama] 
## SPLIT #85: D3D12 # 0 inputs[llama] 
## SPLIT #87: D3D12 # 0 inputs[llama] 
## SPLIT #89: D3D12 # 0 inputs[llama] 
## SPLIT #91: D3D12 # 0 inputs[llama] 
## SPLIT #93: D3D12 # 0 inputs[llama] 
## SPLIT #95: D3D12 # 0 inputs[llama] 
## SPLIT #97: D3D12 # 0 inputs[llama] 
## SPLIT #99: D3D12 # 0 inputs[llama] 
## SPLIT #101: D3D12 # 0 inputs[llama] 
## SPLIT #103: D3D12 # 0 inputs[llama] 
## SPLIT #105: D3D12 # 0 inputs[llama] 
## SPLIT #107: D3D12 # 0 inputs[llama] 
## SPLIT #109: D3D12 # 0 inputs[llama] 
## SPLIT #111: D3D12 # 0 inputs[llama] 
## SPLIT #113: D3D12 # 0 inputs[llama] 
## SPLIT #115: D3D12 # 0 inputs[llama] 
## SPLIT #117: D3D12 # 0 inputs[llama] 
## SPLIT #119: D3D12 # 0 inputs[llama] 
## SPLIT #121: D3D12 # 0 inputs[llama] 
## SPLIT #123: D3D12 # 0 inputs[llama] 
## SPLIT #125: D3D12 # 0 inputs[llama] 
## SPLIT #127: D3D12 # 0 inputs[llama] 
## SPLIT #129: D3D12 # 0 inputs[llama] 
## SPLIT #131: D3D12 # 0 inputs[llama] 
## SPLIT #133: D3D12 # 0 inputs[llama] 
## SPLIT #135: D3D12 # 0 inputs[llama] 
## SPLIT #137: D3D12 # 0 inputs[llama] 
## SPLIT #139: D3D12 # 0 inputs[llama] 
## SPLIT #141: D3D12 # 0 inputs[llama] 
## SPLIT #143: D3D12 # 0 inputs[llama] 
## SPLIT #145: D3D12 # 0 inputs[llama] 
## SPLIT #147: D3D12 # 0 inputs[llama] 
## SPLIT #149: D3D12 # 0 inputs[llama] 
## SPLIT #151: D3D12 # 0 inputs[llama] 
## SPLIT #153: D3D12 # 0 inputs[llama] 
## SPLIT #155: D3D12 # 0 inputs[llama] 
## SPLIT #157: D3D12 # 0 inputs[llama] 
## SPLIT #159: D3D12 # 0 inputs[llama] 
## SPLIT #161: D3D12 # 0 inputs[llama] 
## SPLIT #163: D3D12 # 0 inputs[llama] 
## SPLIT #165: D3D12 # 0 inputs[llama] 
## SPLIT #167: D3D12 # 0 inputs[llama] 
## SPLIT #169: D3D12 # 0 inputs[llama] 
## SPLIT #171: D3D12 # 0 inputs[llama] 
## SPLIT #173: D3D12 # 0 inputs[llama] 
## SPLIT #175: D3D12 # 0 inputs[llama] 
## SPLIT #177: D3D12 # 0 inputs[llama] 
## SPLIT #179: D3D12 # 0 inputs[llama] 
## SPLIT #181: D3D12 # 0 inputs[llama] 
## SPLIT #183: D3D12 # 0 inputs[llama] 
## SPLIT #185: D3D12 # 0 inputs[llama] 
## SPLIT #187: D3D12 # 0 inputs[llama] 
## SPLIT #189: D3D12 # 0 inputs[llama] 
## SPLIT #191: D3D12 # 0 inputs[llama] 
## SPLIT #193: D3D12 # 0 inputs[llama] 
## SPLIT #195: D3D12 # 0 inputs[llama] 
## SPLIT #197: D3D12 # 0 inputs[llama] 
## SPLIT #199: D3D12 # 0 inputs[llama] 
## SPLIT #201: D3D12 # 0 inputs[llama] 
## SPLIT #203: D3D12 # 0 inputs[llama] 
## SPLIT #205: D3D12 # 0 inputs[llama] 
## SPLIT #207: D3D12 # 0 inputs[llama] 
## SPLIT #209: D3D12 # 0 inputs[llama] 
## SPLIT #211: D3D12 # 0 inputs[llama] 
## SPLIT #213: D3D12 # 0 inputs[llama] 
## SPLIT #215: D3D12 # 0 inputs[llama] 
## SPLIT #217: D3D12 # 0 inputs[llama] 
## SPLIT #219: D3D12 # 0 inputs[llama] 
## SPLIT #221: D3D12 # 0 inputs[llama] 
## SPLIT #223: D3D12 # 0 inputs[llama] 
## SPLIT #225: D3D12 # 0 inputs[llama] 
## SPLIT #227: D3D12 # 0 inputs[llama] 
## SPLIT #229: D3D12 # 0 inputs[llama] 
## SPLIT #231: D3D12 # 0 inputs[llama] 
## SPLIT #233: D3D12 # 0 inputs[llama] 
## SPLIT #235: D3D12 # 0 inputs[llama] 
## SPLIT #237: D3D12 # 0 inputs[llama] 
## SPLIT #239: D3D12 # 0 inputs[llama] 
## SPLIT #241: D3D12 # 0 inputs[llama] 
## SPLIT #243: D3D12 # 0 inputs[llama] 
## SPLIT #245: D3D12 # 0 inputs[llama] 
## SPLIT #247: D3D12 # 0 inputs[llama] 
## SPLIT #249: D3D12 # 0 inputs[llama] 
## SPLIT #251: D3D12 # 0 inputs[llama] 
## SPLIT #253: D3D12 # 0 inputs[llama] 
## SPLIT #255: D3D12 # 0 inputs[llama] 
## SPLIT #257: D3D12 # 0 inputs[llama] 
## SPLIT #259: D3D12 # 0 inputs[llama] 
## SPLIT #261: D3D12 # 0 inputs[llama] 
## SPLIT #1: D3D12 # 0 inputs[llama] 
## SPLIT #3: D3D12 # 0 inputs[llama] 
## SPLIT #5: D3D12 # 0 inputs[llama] 
## SPLIT #7: D3D12 # 0 inputs[llama] 
## SPLIT #9: D3D12 # 0 inputs[llama] 
## SPLIT #11: D3D12 # 0 inputs[llama] 
## SPLIT #1: D3D12 # 0 inputs[llama] 
## SPLIT #3: D3D12 # 0 inputs[llama] 
## SPLIT #5: D3D12 # 0 inputs[llama] 
## SPLIT #7: D3D12 # 0 inputs[llama] 
## SPLIT #9: D3D12 # 0 inputs[llama] 
## SPLIT #11: D3D12 # 0 inputs[llama] 
## SPLIT #1: D3D12 # 0 inputs[llama] 
## SPLIT #3: D3D12 # 0 inputs[llama] 
## SPLIT #5: D3D12 # 0 inputs[llama] 
## SPLIT #7: D3D12 # 0 inputs[llama] 
## SPLIT #9: D3D12 # 0 inputs[llama] 
## SPLIT #11: D3D12 # 0 inputs[llama] 
## SPLIT #13: D3D12 # 0 inputs[llama] 
## SPLIT #15: D3D12 # 0 inputs[llama] 
## SPLIT #17: D3D12 # 0 inputs[llama] 
## SPLIT #19: D3D12 # 0 inputs[llama] 
## SPLIT #21: D3D12 # 0 inputs[llama] 
## SPLIT #23: D3D12 # 0 inputs[llama] 
## SPLIT #25: D3D12 # 0 inputs[llama] 
## SPLIT #27: D3D12 # 0 inputs[llama] 
## SPLIT #29: D3D12 # 0 inputs[llama] 
## SPLIT #31: D3D12 # 0 inputs[llama] 
## SPLIT #33: D3D12 # 0 inputs[llama] 
## SPLIT #35: D3D12 # 0 inputs[llama] 
## SPLIT #37: D3D12 # 0 inputs[llama] 
## SPLIT #39: D3D12 # 0 inputs[llama] 
## SPLIT #41: D3D12 # 0 inputs[llama] 
## SPLIT #43: D3D12 # 0 inputs[llama] 
## SPLIT #45: D3D12 # 0 inputs[llama] 
## SPLIT #47: D3D12 # 0 inputs[llama] 
## SPLIT #49: D3D12 # 0 inputs[llama] 
## SPLIT #51: D3D12 # 0 inputs[llama] 
## SPLIT #53: D3D12 # 0 inputs[llama] 
## SPLIT #55: D3D12 # 0 inputs[llama] 
## SPLIT #57: D3D12 # 0 inputs[llama] 
## SPLIT #59: D3D12 # 0 inputs[llama] 
## SPLIT #61: D3D12 # 0 inputs[llama] 
## SPLIT #63: D3D12 # 0 inputs[llama] 
## SPLIT #65: D3D12 # 0 inputs[llama] 
## SPLIT #67: D3D12 # 0 inputs[llama] 
## SPLIT #69: D3D12 # 0 inputs[llama] 
## SPLIT #71: D3D12 # 0 inputs[llama] 
## SPLIT #73: D3D12 # 0 inputs[llama] 
## SPLIT #75: D3D12 # 0 inputs[llama] 
## SPLIT #77: D3D12 # 0 inputs[llama] 
## SPLIT #79: D3D12 # 0 inputs[llama] 
## SPLIT #81: D3D12 # 0 inputs[llama] 
## SPLIT #83: D3D12 # 0 inputs[llama] 
## SPLIT #85: D3D12 # 0 inputs[llama] 
## SPLIT #87: D3D12 # 0 inputs[llama] 
## SPLIT #89: D3D12 # 0 inputs[llama] 
## SPLIT #91: D3D12 # 0 inputs[llama] 
## SPLIT #93: D3D12 # 0 inputs[llama] 
## SPLIT #95: D3D12 # 0 inputs[llama] 
## SPLIT #97: D3D12 # 0 inputs[llama] 
## SPLIT #99: D3D12 # 0 inputs[llama] 
## SPLIT #101: D3D12 # 0 inputs[llama] 
## SPLIT #103: D3D12 # 0 inputs[llama] 
## SPLIT #105: D3D12 # 0 inputs[llama] 
## SPLIT #107: D3D12 # 0 inputs[llama] 
## SPLIT #109: D3D12 # 0 inputs[llama] 
## SPLIT #111: D3D12 # 0 inputs[llama] 
## SPLIT #113: D3D12 # 0 inputs[llama] 
## SPLIT #115: D3D12 # 0 inputs[llama] 
## SPLIT #117: D3D12 # 0 inputs[llama] 
## SPLIT #119: D3D12 # 0 inputs[llama] 
## SPLIT #121: D3D12 # 0 inputs[llama] 
## SPLIT #123: D3D12 # 0 inputs[llama] 
## SPLIT #125: D3D12 # 0 inputs[llama] 
## SPLIT #127: D3D12 # 0 inputs[llama] 
## SPLIT #129: D3D12 # 0 inputs[llama] 
## SPLIT #131: D3D12 # 0 inputs[llama] 
## SPLIT #133: D3D12 # 0 inputs[llama] 
## SPLIT #135: D3D12 # 0 inputs[llama] 
## SPLIT #137: D3D12 # 0 inputs[llama] 
## SPLIT #139: D3D12 # 0 inputs[llama] 
## SPLIT #141: D3D12 # 0 inputs[llama] 
## SPLIT #143: D3D12 # 0 inputs[llama] 
## SPLIT #145: D3D12 # 0 inputs[llama] 
## SPLIT #147: D3D12 # 0 inputs[llama] 
## SPLIT #149: D3D12 # 0 inputs[llama] 
## SPLIT #151: D3D12 # 0 inputs[llama] 
## SPLIT #153: D3D12 # 0 inputs[llama] 
## SPLIT #155: D3D12 # 0 inputs[llama] 
## SPLIT #157: D3D12 # 0 inputs[llama] 
## SPLIT #159: D3D12 # 0 inputs[llama] 
## SPLIT #161: D3D12 # 0 inputs[llama] 
## SPLIT #163: D3D12 # 0 inputs[llama] 
## SPLIT #165: D3D12 # 0 inputs[llama] 
## SPLIT #167: D3D12 # 0 inputs[llama] 
## SPLIT #169: D3D12 # 0 inputs[llama] 
## SPLIT #171: D3D12 # 0 inputs[llama] 
## SPLIT #173: D3D12 # 0 inputs[llama] 
## SPLIT #175: D3D12 # 0 inputs[llama] 
## SPLIT #177: D3D12 # 0 inputs[llama] 
## SPLIT #179: D3D12 # 0 inputs[llama] 
## SPLIT #181: D3D12 # 0 inputs[llama] 
## SPLIT #183: D3D12 # 0 inputs[llama] 
## SPLIT #185: D3D12 # 0 inputs[llama] 
## SPLIT #187: D3D12 # 0 inputs[llama] 
## SPLIT #189: D3D12 # 0 inputs[llama] 
## SPLIT #191: D3D12 # 0 inputs[llama] 
## SPLIT #193: D3D12 # 0 inputs[llama] 
## SPLIT #195: D3D12 # 0 inputs[llama] 
## SPLIT #197: D3D12 # 0 inputs[llama] 
## SPLIT #199: D3D12 # 0 inputs[llama] 
## SPLIT #201: D3D12 # 0 inputs[llama] 
## SPLIT #203: D3D12 # 0 inputs[llama] 
## SPLIT #205: D3D12 # 0 inputs[llama] 
## SPLIT #207: D3D12 # 0 inputs[llama] 
## SPLIT #209: D3D12 # 0 inputs[llama] 
## SPLIT #211: D3D12 # 0 inputs[llama] 
## SPLIT #213: D3D12 # 0 inputs[llama] 
## SPLIT #215: D3D12 # 0 inputs[llama] 
## SPLIT #217: D3D12 # 0 inputs[llama] 
## SPLIT #219: D3D12 # 0 inputs[llama] 
## SPLIT #221: D3D12 # 0 inputs[llama] 
## SPLIT #223: D3D12 # 0 inputs[llama] 
## SPLIT #225: D3D12 # 0 inputs[llama] 
## SPLIT #227: D3D12 # 0 inputs[llama] 
## SPLIT #229: D3D12 # 0 inputs[llama] 
## SPLIT #231: D3D12 # 0 inputs[llama] 
## SPLIT #233: D3D12 # 0 inputs[llama] 
## SPLIT #235: D3D12 # 0 inputs[llama] 
## SPLIT #237: D3D12 # 0 inputs[llama] 
## SPLIT #239: D3D12 # 0 inputs[llama] 
## SPLIT #241: D3D12 # 0 inputs[llama] 
## SPLIT #243: D3D12 # 0 inputs[llama] 
## SPLIT #245: D3D12 # 0 inputs[llama] 
## SPLIT #247: D3D12 # 0 inputs[llama] 
## SPLIT #249: D3D12 # 0 inputs[llama] 
## SPLIT #251: D3D12 # 0 inputs[llama] 
## SPLIT #253: D3D12 # 0 inputs[llama] 
## SPLIT #255: D3D12 # 0 inputs[llama] 
## SPLIT #257: D3D12 # 0 inputs[llama] 
## SPLIT #259: D3D12 # 0 inputs[llama] 
## SPLIT #261: D3D12 # 0 inputs[llama] 
## SPLIT #1: D3D12 # 0 inputs[llama] 
## SPLIT #3: D3D12 # 0 inputs[llama] 
## SPLIT #5: D3D12 # 0 inputs[llama] 
## SPLIT #7: D3D12 # 0 inputs[llama] 
## SPLIT #9: D3D12 # 0 inputs[llama] 
## SPLIT #11: D3D12 # 0 inputs[llama] 
## SPLIT #13: D3D12 # 0 inputs[llama] 
## SPLIT #15: D3D12 # 0 inputs[llama] 
## SPLIT #17: D3D12 # 0 inputs[llama] 
## SPLIT #19: D3D12 # 0 inputs[llama] 
## SPLIT #21: D3D12 # 0 inputs[llama] 
## SPLIT #23: D3D12 # 0 inputs[llama] 
## SPLIT #25: D3D12 # 0 inputs[llama] 
## SPLIT #27: D3D12 # 0 inputs[llama] 
## SPLIT #29: D3D12 # 0 inputs[llama] 
## SPLIT #31: D3D12 # 0 inputs[llama] 
## SPLIT #33: D3D12 # 0 inputs[llama] 
## SPLIT #35: D3D12 # 0 inputs[llama] 
## SPLIT #37: D3D12 # 0 inputs[llama] 
## SPLIT #39: D3D12 # 0 inputs[llama] 
## SPLIT #41: D3D12 # 0 inputs[llama] 
## SPLIT #43: D3D12 # 0 inputs[llama] 
## SPLIT #45: D3D12 # 0 inputs[llama] 
## SPLIT #47: D3D12 # 0 inputs[llama] 
## SPLIT #49: D3D12 # 0 inputs[llama] 
## SPLIT #51: D3D12 # 0 inputs[llama] 
## SPLIT #53: D3D12 # 0 inputs[llama] 
## SPLIT #55: D3D12 # 0 inputs[llama] 
## SPLIT #57: D3D12 # 0 inputs[llama] 
## SPLIT #59: D3D12 # 0 inputs[llama] 
## SPLIT #61: D3D12 # 0 inputs[llama] 
## SPLIT #63: D3D12 # 0 inputs[llama] 
## SPLIT #65: D3D12 # 0 inputs[llama] 
## SPLIT #67: D3D12 # 0 inputs[llama] 
## SPLIT #69: D3D12 # 0 inputs[llama] 
## SPLIT #71: D3D12 # 0 inputs[llama] 
## SPLIT #73: D3D12 # 0 inputs[llama] 
## SPLIT #75: D3D12 # 0 inputs[llama] 
## SPLIT #77: D3D12 # 0 inputs[llama] 
## SPLIT #79: D3D12 # 0 inputs[llama] 
## SPLIT #81: D3D12 # 0 inputs[llama] 
## SPLIT #83: D3D12 # 0 inputs[llama] 
## SPLIT #85: D3D12 # 0 inputs[llama] 
## SPLIT #87: D3D12 # 0 inputs[llama] 
## SPLIT #89: D3D12 # 0 inputs[llama] 
## SPLIT #91: D3D12 # 0 inputs[llama] 
## SPLIT #93: D3D12 # 0 inputs[llama] 
## SPLIT #95: D3D12 # 0 inputs[llama] 
## SPLIT #97: D3D12 # 0 inputs[llama] 
## SPLIT #99: D3D12 # 0 inputs[llama] 
## SPLIT #101: D3D12 # 0 inputs[llama] 
## SPLIT #103: D3D12 # 0 inputs[llama] 
## SPLIT #105: D3D12 # 0 inputs[llama] 
## SPLIT #107: D3D12 # 0 inputs[llama] 
## SPLIT #109: D3D12 # 0 inputs[llama] 
## SPLIT #111: D3D12 # 0 inputs[llama] 
## SPLIT #113: D3D12 # 0 inputs[llama] 
## SPLIT #115: D3D12 # 0 inputs[llama] 
## SPLIT #117: D3D12 # 0 inputs[llama] 
## SPLIT #119: D3D12 # 0 inputs[llama] 
## SPLIT #121: D3D12 # 0 inputs[llama] 
## SPLIT #123: D3D12 # 0 inputs[llama] 
## SPLIT #125: D3D12 # 0 inputs[llama] 
## SPLIT #127: D3D12 # 0 inputs[llama] 
## SPLIT #129: D3D12 # 0 inputs[llama] 
## SPLIT #131: D3D12 # 0 inputs[llama] 
## SPLIT #133: D3D12 # 0 inputs[llama] 
## SPLIT #135: D3D12 # 0 inputs[llama] 
## SPLIT #137: D3D12 # 0 inputs[llama] 
## SPLIT #139: D3D12 # 0 inputs[llama] 
## SPLIT #141: D3D12 # 0 inputs[llama] 
## SPLIT #143: D3D12 # 0 inputs[llama] 
## SPLIT #145: D3D12 # 0 inputs[llama] 
## SPLIT #147: D3D12 # 0 inputs[llama] 
## SPLIT #149: D3D12 # 0 inputs[llama] 
## SPLIT #151: D3D12 # 0 inputs[llama] 
## SPLIT #153: D3D12 # 0 inputs[llama] 
## SPLIT #155: D3D12 # 0 inputs[llama] 
## SPLIT #157: D3D12 # 0 inputs[llama] 
## SPLIT #159: D3D12 # 0 inputs[llama] 
## SPLIT #161: D3D12 # 0 inputs[llama] 
## SPLIT #163: D3D12 # 0 inputs[llama] 
## SPLIT #165: D3D12 # 0 inputs[llama] 
## SPLIT #167: D3D12 # 0 inputs[llama] 
## SPLIT #169: D3D12 # 0 inputs[llama] 
## SPLIT #171: D3D12 # 0 inputs[llama] 
## SPLIT #173: D3D12 # 0 inputs[llama] 
## SPLIT #175: D3D12 # 0 inputs[llama] 
## SPLIT #177: D3D12 # 0 inputs[llama] 
## SPLIT #179: D3D12 # 0 inputs[llama] 
## SPLIT #181: D3D12 # 0 inputs[llama] 
## SPLIT #183: D3D12 # 0 inputs[llama] 
## SPLIT #185: D3D12 # 0 inputs[llama] 
## SPLIT #187: D3D12 # 0 inputs[llama] 
## SPLIT #189: D3D12 # 0 inputs[llama] 
## SPLIT #191: D3D12 # 0 inputs[llama] 
## SPLIT #193: D3D12 # 0 inputs[llama] 
## SPLIT #195: D3D12 # 0 inputs[llama] 
## SPLIT #197: D3D12 # 0 inputs[llama] 
## SPLIT #199: D3D12 # 0 inputs[llama] 
## SPLIT #201: D3D12 # 0 inputs[llama] 
## SPLIT #203: D3D12 # 0 inputs[llama] 
## SPLIT #205: D3D12 # 0 inputs[llama] 
## SPLIT #207: D3D12 # 0 inputs[llama] 
## SPLIT #209: D3D12 # 0 inputs[llama] 
## SPLIT #211: D3D12 # 0 inputs[llama] 
## SPLIT #213: D3D12 # 0 inputs[llama] 
## SPLIT #215: D3D12 # 0 inputs[llama] 
## SPLIT #217: D3D12 # 0 inputs[llama] 
## SPLIT #219: D3D12 # 0 inputs[llama] 
## SPLIT #221: D3D12 # 0 inputs[llama] 
## SPLIT #223: D3D12 # 0 inputs[llama] 
## SPLIT #225: D3D12 # 0 inputs[llama] 
## SPLIT #227: D3D12 # 0 inputs[llama] 
## SPLIT #229: D3D12 # 0 inputs[llama] 
## SPLIT #231: D3D12 # 0 inputs[llama] 
## SPLIT #233: D3D12 # 0 inputs[llama] 
## SPLIT #235: D3D12 # 0 inputs[llama] 
## SPLIT #237: D3D12 # 0 inputs[llama] 
## SPLIT #239: D3D12 # 0 inputs[llama] 
## SPLIT #241: D3D12 # 0 inputs[llama] 
## SPLIT #243: D3D12 # 0 inputs[llama] 
## SPLIT #245: D3D12 # 0 inputs[llama] 
## SPLIT #247: D3D12 # 0 inputs[llama] 
## SPLIT #249: D3D12 # 0 inputs[llama] 
## SPLIT #251: D3D12 # 0 inputs[llama] 
## SPLIT #253: D3D12 # 0 inputs[llama] 
## SPLIT #255: D3D12 # 0 inputs[llama] 
## SPLIT #257: D3D12 # 0 inputs[llama] 
## SPLIT #259: D3D12 # 0 inputs[llama] 
## SPLIT #261: D3D12 # 0 inputs[llama] 
## SPLIT #1: D3D12 # 0 inputs[llama] 
## SPLIT #3: D3D12 # 0 inputs[llama] 
## SPLIT #5: D3D12 # 0 inputs[llama] 
## SPLIT #7: D3D12 # 0 inputs[llama] 
## SPLIT #9: D3D12 # 0 inputs[llama] 
## SPLIT #11: D3D12 # 0 inputs[llama] 
## SPLIT #1: D3D12 # 0 inputs[llama] 
## SPLIT #3: D3D12 # 0 inputs[llama] 
## SPLIT #5: D3D12 # 0 inputs[llama] 
## SPLIT #7: D3D12 # 0 inputs[llama] 
## SPLIT #9: D3D12 # 0 inputs[llama] 
## SPLIT #11: D3D12 # 0 inputs[llama] 
## SPLIT #1: D3D12 # 0 inputs[llama] 
## SPLIT #3: D3D12 # 0 inputs[llama] 
## SPLIT #5: D3D12 # 0 inputs[llama] 
## SPLIT #7: D3D12 # 0 inputs[llama] 
## SPLIT #9: D3D12 # 0 inputs[llama] 
## SPLIT #11: D3D12 # 0 inputs[llama] 
## SPLIT #1: D3D12 # 0 inputs[llama] 
## SPLIT #3: D3D12 # 0 inputs[llama] 
## SPLIT #5: D3D12 # 0 inputs[llama] 
## SPLIT #7: D3D12 # 0 inputs[llama] 
## SPLIT #9: D3D12 # 0 inputs[llama] 
## SPLIT #11: D3D12 # 0 inputs[llama] 
## SPLIT #1: D3D12 # 0 inputs[llama] 
## SPLIT #3: D3D12 # 0 inputs[llama] 
## SPLIT #5: D3D12 # 0 inputs[llama] 
## SPLIT #7: D3D12 # 0 inputs[llama] 
## SPLIT #9: D3D12 # 0 inputs[llama] 
## SPLIT #11: D3D12 # 0 inputs[llama] 
## SPLIT #13: D3D12 # 0 inputs[llama] 
## SPLIT #15: D3D12 # 0 inputs[llama] 
## SPLIT #17: D3D12 # 0 inputs[llama] 
## SPLIT #19: D3D12 # 0 inputs[llama] 
## SPLIT #21: D3D12 # 0 inputs[llama] 
## SPLIT #23: D3D12 # 0 inputs[llama] 
## SPLIT #25: D3D12 # 0 inputs[llama] 
## SPLIT #27: D3D12 # 0 inputs[llama] 
## SPLIT #29: D3D12 # 0 inputs[llama] 
## SPLIT #31: D3D12 # 0 inputs[llama] 
## SPLIT #33: D3D12 # 0 inputs[llama] 
## SPLIT #35: D3D12 # 0 inputs[llama] 
## SPLIT #37: D3D12 # 0 inputs[llama] 
## SPLIT #39: D3D12 # 0 inputs[llama] 
## SPLIT #41: D3D12 # 0 inputs[llama] 
## SPLIT #43: D3D12 # 0 inputs[llama] 
## SPLIT #45: D3D12 # 0 inputs[llama] 
## SPLIT #47: D3D12 # 0 inputs[llama] 
## SPLIT #49: D3D12 # 0 inputs[llama] 
## SPLIT #51: D3D12 # 0 inputs[llama] 
## SPLIT #53: D3D12 # 0 inputs[llama] 
## SPLIT #55: D3D12 # 0 inputs[llama] 
## SPLIT #57: D3D12 # 0 inputs[llama] 
## SPLIT #59: D3D12 # 0 inputs[llama] 
## SPLIT #61: D3D12 # 0 inputs[llama] 
## SPLIT #63: D3D12 # 0 inputs[llama] 
## SPLIT #65: D3D12 # 0 inputs[llama] 
## SPLIT #67: D3D12 # 0 inputs[llama] 
## SPLIT #69: D3D12 # 0 inputs[llama] 
## SPLIT #71: D3D12 # 0 inputs[llama] 
## SPLIT #73: D3D12 # 0 inputs[llama] 
## SPLIT #75: D3D12 # 0 inputs[llama] 
## SPLIT #77: D3D12 # 0 inputs[llama] 
## SPLIT #79: D3D12 # 0 inputs[llama] 
## SPLIT #81: D3D12 # 0 inputs[llama] 
## SPLIT #83: D3D12 # 0 inputs[llama] 
## SPLIT #85: D3D12 # 0 inputs[llama] 
## SPLIT #87: D3D12 # 0 inputs[llama] 
## SPLIT #89: D3D12 # 0 inputs[llama] 
## SPLIT #91: D3D12 # 0 inputs[llama] 
## SPLIT #93: D3D12 # 0 inputs[llama] 
## SPLIT #95: D3D12 # 0 inputs[llama] 
## SPLIT #97: D3D12 # 0 inputs[llama] 
## SPLIT #99: D3D12 # 0 inputs[llama] 
## SPLIT #101: D3D12 # 0 inputs[llama] 
## SPLIT #103: D3D12 # 0 inputs[llama] 
## SPLIT #105: D3D12 # 0 inputs[llama] 
## SPLIT #107: D3D12 # 0 inputs[llama] 
## SPLIT #109: D3D12 # 0 inputs[llama] 
## SPLIT #111: D3D12 # 0 inputs[llama] 
## SPLIT #113: D3D12 # 0 inputs[llama] 
## SPLIT #115: D3D12 # 0 inputs[llama] 
## SPLIT #117: D3D12 # 0 inputs[llama] 
## SPLIT #119: D3D12 # 0 inputs[llama] 
## SPLIT #121: D3D12 # 0 inputs[llama] 
## SPLIT #123: D3D12 # 0 inputs[llama] 
## SPLIT #125: D3D12 # 0 inputs[llama] 
## SPLIT #127: D3D12 # 0 inputs[llama] 
## SPLIT #129: D3D12 # 0 inputs[llama] 
## SPLIT #131: D3D12 # 0 inputs[llama] 
## SPLIT #133: D3D12 # 0 inputs[llama] 
## SPLIT #135: D3D12 # 0 inputs[llama] 
## SPLIT #137: D3D12 # 0 inputs[llama] 
## SPLIT #139: D3D12 # 0 inputs[llama] 
## SPLIT #141: D3D12 # 0 inputs[llama] 
## SPLIT #143: D3D12 # 0 inputs[llama] 
## SPLIT #145: D3D12 # 0 inputs[llama] 
## SPLIT #147: D3D12 # 0 inputs[llama] 
## SPLIT #149: D3D12 # 0 inputs[llama] 
## SPLIT #151: D3D12 # 0 inputs[llama] 
## SPLIT #153: D3D12 # 0 inputs[llama] 
## SPLIT #155: D3D12 # 0 inputs[llama] 
## SPLIT #157: D3D12 # 0 inputs[llama] 
## SPLIT #159: D3D12 # 0 inputs[llama] 
## SPLIT #161: D3D12 # 0 inputs[llama] 
## SPLIT #163: D3D12 # 0 inputs[llama] 
## SPLIT #165: D3D12 # 0 inputs[llama] 
## SPLIT #167: D3D12 # 0 inputs[llama] 
## SPLIT #169: D3D12 # 0 inputs[llama] 
## SPLIT #171: D3D12 # 0 inputs[llama] 
## SPLIT #173: D3D12 # 0 inputs[llama] 
## SPLIT #175: D3D12 # 0 inputs[llama] 
## SPLIT #177: D3D12 # 0 inputs[llama] 
## SPLIT #179: D3D12 # 0 inputs[llama] 
## SPLIT #181: D3D12 # 0 inputs[llama] 
## SPLIT #183: D3D12 # 0 inputs[llama] 
## SPLIT #185: D3D12 # 0 inputs[llama] 
## SPLIT #187: D3D12 # 0 inputs[llama] 
## SPLIT #189: D3D12 # 0 inputs[llama] 
## SPLIT #191: D3D12 # 0 inputs[llama] 
## SPLIT #193: D3D12 # 0 inputs[llama] 
## SPLIT #195: D3D12 # 0 inputs[llama] 
## SPLIT #197: D3D12 # 0 inputs[llama] 
## SPLIT #199: D3D12 # 0 inputs[llama] 
## SPLIT #201: D3D12 # 0 inputs[llama] 
## SPLIT #203: D3D12 # 0 inputs[llama] 
## SPLIT #205: D3D12 # 0 inputs[llama] 
## SPLIT #207: D3D12 # 0 inputs[llama] 
## SPLIT #209: D3D12 # 0 inputs[llama] 
## SPLIT #211: D3D12 # 0 inputs[llama] 
## SPLIT #213: D3D12 # 0 inputs[llama] 
## SPLIT #215: D3D12 # 0 inputs[llama] 
## SPLIT #217: D3D12 # 0 inputs[llama] 
## SPLIT #219: D3D12 # 0 inputs[llama] 
## SPLIT #221: D3D12 # 0 inputs[llama] 
## SPLIT #223: D3D12 # 0 inputs[llama] 
## SPLIT #225: D3D12 # 0 inputs[llama] 
## SPLIT #227: D3D12 # 0 inputs[llama] 
## SPLIT #229: D3D12 # 0 inputs[llama] 
## SPLIT #231: D3D12 # 0 inputs[llama] 
## SPLIT #233: D3D12 # 0 inputs[llama] 
## SPLIT #235: D3D12 # 0 inputs[llama] 
## SPLIT #237: D3D12 # 0 inputs[llama] 
## SPLIT #239: D3D12 # 0 inputs[llama] 
## SPLIT #241: D3D12 # 0 inputs[llama] 
## SPLIT #243: D3D12 # 0 inputs[llama] 
## SPLIT #245: D3D12 # 0 inputs[llama] 
## SPLIT #247: D3D12 # 0 inputs[llama] 
## SPLIT #249: D3D12 # 0 inputs[llama] 
## SPLIT #251: D3D12 # 0 inputs[llama] 
## SPLIT #253: D3D12 # 0 inputs[llama] 
## SPLIT #255: D3D12 # 0 inputs[llama] 
## SPLIT #257: D3D12 # 0 inputs[llama] 
## SPLIT #259: D3D12 # 0 inputs[llama] 
## SPLIT #261: D3D12 # 0 inputs[xllama] d3d12: D3D12_Host buffer 23.8 MiB
[llama] 
## SPLIT #1: D3D12 # 0 inputs[llama] 
## SPLIT #3: D3D12 # 0 inputs[llama] 
## SPLIT #5: D3D12 # 0 inputs[llama] 
## SPLIT #7: D3D12 # 0 inputs[llama] 
## SPLIT #9: D3D12 # 0 inputs[llama] 
## SPLIT #11: D3D12 # 0 inputs[llama] 
## SPLIT #13: D3D12 # 0 inputs[llama] 
## SPLIT #15: D3D12 # 0 inputs[llama] 
## SPLIT #17: D3D12 # 0 inputs[llama] 
## SPLIT #19: D3D12 # 0 inputs[llama] 
## SPLIT #21: D3D12 # 0 inputs[llama] 
## SPLIT #23: D3D12 # 0 inputs[llama] 
## SPLIT #25: D3D12 # 0 inputs[llama] 
## SPLIT #27: D3D12 # 0 inputs[llama] 
## SPLIT #29: D3D12 # 0 inputs[llama] 
## SPLIT #31: D3D12 # 0 inputs[llama] 
## SPLIT #33: D3D12 # 0 inputs[llama] 
## SPLIT #35: D3D12 # 0 inputs[llama] 
## SPLIT #37: D3D12 # 0 inputs[llama] 
## SPLIT #39: D3D12 # 0 inputs[llama] 
## SPLIT #41: D3D12 # 0 inputs[llama] 
## SPLIT #43: D3D12 # 0 inputs[llama] 
## SPLIT #45: D3D12 # 0 inputs[llama] 
## SPLIT #47: D3D12 # 0 inputs[llama] 
## SPLIT #49: D3D12 # 0 inputs[llama] 
## SPLIT #51: D3D12 # 0 inputs[llama] 
## SPLIT #53: D3D12 # 0 inputs[llama] 
## SPLIT #55: D3D12 # 0 inputs[llama] 
## SPLIT #57: D3D12 # 0 inputs[llama] 
## SPLIT #59: D3D12 # 0 inputs[llama] 
## SPLIT #61: D3D12 # 0 inputs[llama] 
## SPLIT #63: D3D12 # 0 inputs[llama] 
## SPLIT #65: D3D12 # 0 inputs[llama] 
## SPLIT #67: D3D12 # 0 inputs[llama] 
## SPLIT #69: D3D12 # 0 inputs[llama] 
## SPLIT #71: D3D12 # 0 inputs[llama] 
## SPLIT #73: D3D12 # 0 inputs[llama] 
## SPLIT #75: D3D12 # 0 inputs[llama] 
## SPLIT #77: D3D12 # 0 inputs[llama] 
## SPLIT #79: D3D12 # 0 inputs[llama] 
## SPLIT #81: D3D12 # 0 inputs[llama] 
## SPLIT #83: D3D12 # 0 inputs[llama] 
## SPLIT #85: D3D12 # 0 inputs[llama] 
## SPLIT #87: D3D12 # 0 inputs[llama] 
## SPLIT #89: D3D12 # 0 inputs[llama] 
## SPLIT #91: D3D12 # 0 inputs[llama] 
## SPLIT #93: D3D12 # 0 inputs[llama] 
## SPLIT #95: D3D12 # 0 inputs[llama] 
## SPLIT #97: D3D12 # 0 inputs[llama] 
## SPLIT #99: D3D12 # 0 inputs[llama] 
## SPLIT #101: D3D12 # 0 inputs[llama] 
## SPLIT #103: D3D12 # 0 inputs[llama] 
## SPLIT #105: D3D12 # 0 inputs[llama] 
## SPLIT #107: D3D12 # 0 inputs[llama] 
## SPLIT #109: D3D12 # 0 inputs[llama] 
## SPLIT #111: D3D12 # 0 inputs[llama] 
## SPLIT #113: D3D12 # 0 inputs[llama] 
## SPLIT #115: D3D12 # 0 inputs[llama] 
## SPLIT #117: D3D12 # 0 inputs[llama] 
## SPLIT #119: D3D12 # 0 inputs[llama] 
## SPLIT #121: D3D12 # 0 inputs[llama] 
## SPLIT #123: D3D12 # 0 inputs[llama] 
## SPLIT #125: D3D12 # 0 inputs[llama] 
## SPLIT #127: D3D12 # 0 inputs[llama] 
## SPLIT #129: D3D12 # 0 inputs[llama] 
## SPLIT #131: D3D12 # 0 inputs[llama] 
## SPLIT #133: D3D12 # 0 inputs[llama] 
## SPLIT #135: D3D12 # 0 inputs[llama] 
## SPLIT #137: D3D12 # 0 inputs[llama] 
## SPLIT #139: D3D12 # 0 inputs[llama] 
## SPLIT #141: D3D12 # 0 inputs[llama] 
## SPLIT #143: D3D12 # 0 inputs[llama] 
## SPLIT #145: D3D12 # 0 inputs[llama] 
## SPLIT #147: D3D12 # 0 inputs[llama] 
## SPLIT #149: D3D12 # 0 inputs[llama] 
## SPLIT #151: D3D12 # 0 inputs[llama] 
## SPLIT #153: D3D12 # 0 inputs[llama] 
## SPLIT #155: D3D12 # 0 inputs[llama] 
## SPLIT #157: D3D12 # 0 inputs[llama] 
## SPLIT #159: D3D12 # 0 inputs[llama] 
## SPLIT #161: D3D12 # 0 inputs[llama] 
## SPLIT #163: D3D12 # 0 inputs[llama] 
## SPLIT #165: D3D12 # 0 inputs[llama] 
## SPLIT #167: D3D12 # 0 inputs[llama] 
## SPLIT #169: D3D12 # 0 inputs[llama] 
## SPLIT #171: D3D12 # 0 inputs[llama] 
## SPLIT #173: D3D12 # 0 inputs[llama] 
## SPLIT #175: D3D12 # 0 inputs[llama] 
## SPLIT #177: D3D12 # 0 inputs[llama] 
## SPLIT #179: D3D12 # 0 inputs[llama] 
## SPLIT #181: D3D12 # 0 inputs[llama] 
## SPLIT #183: D3D12 # 0 inputs[llama] 
## SPLIT #185: D3D12 # 0 inputs[llama] 
## SPLIT #187: D3D12 # 0 inputs[llama] 
## SPLIT #189: D3D12 # 0 inputs[llama] 
## SPLIT #191: D3D12 # 0 inputs[llama] 
## SPLIT #193: D3D12 # 0 inputs[llama] 
## SPLIT #195: D3D12 # 0 inputs[llama] 
## SPLIT #197: D3D12 # 0 inputs[llama] 
## SPLIT #199: D3D12 # 0 inputs[llama] 
## SPLIT #201: D3D12 # 0 inputs[llama] 
## SPLIT #203: D3D12 # 0 inputs[llama] 
## SPLIT #205: D3D12 # 0 inputs[llama] 
## SPLIT #207: D3D12 # 0 inputs[llama] 
## SPLIT #209: D3D12 # 0 inputs[llama] 
## SPLIT #211: D3D12 # 0 inputs[llama] 
## SPLIT #213: D3D12 # 0 inputs[llama] 
## SPLIT #215: D3D12 # 0 inputs[llama] 
## SPLIT #217: D3D12 # 0 inputs[llama] 
## SPLIT #219: D3D12 # 0 inputs[llama] 
## SPLIT #221: D3D12 # 0 inputs[llama] 
## SPLIT #223: D3D12 # 0 inputs[llama] 
## SPLIT #225: D3D12 # 0 inputs[llama] 
## SPLIT #227: D3D12 # 0 inputs[llama] 
## SPLIT #229: D3D12 # 0 inputs[llama] 
## SPLIT #231: D3D12 # 0 inputs[llama] 
## SPLIT #233: D3D12 # 0 inputs[llama] 
## SPLIT #235: D3D12 # 0 inputs[llama] 
## SPLIT #237: D3D12 # 0 inputs[llama] 
## SPLIT #239: D3D12 # 0 inputs[llama] 
## SPLIT #241: D3D12 # 0 inputs[llama] 
## SPLIT #243: D3D12 # 0 inputs[llama] 
## SPLIT #245: D3D12 # 0 inputs[llama] 
## SPLIT #247: D3D12 # 0 inputs[llama] 
## SPLIT #249: D3D12 # 0 inputs[llama] 
## SPLIT #251: D3D12 # 0 inputs[llama] 
## SPLIT #253: D3D12 # 0 inputs[llama] 
## SPLIT #255: D3D12 # 0 inputs[llama] 
## SPLIT #257: D3D12 # 0 inputs[llama] 
## SPLIT #259: D3D12 # 0 inputs[llama] 
## SPLIT #261: D3D12 # 0 inputs[llama] 
## SPLIT #1: D3D12 # 0 inputs[llama] 
## SPLIT #3: D3D12 # 0 inputs[llama] 
## SPLIT #5: D3D12 # 0 inputs[llama] 
## SPLIT #7: D3D12 # 0 inputs[llama] 
## SPLIT #9: D3D12 # 0 inputs[llama] 
## SPLIT #11: D3D12 # 0 inputs[llama] 
## SPLIT #1: D3D12 # 0 inputs[llama] 
## SPLIT #3: D3D12 # 0 inputs[llama] 
## SPLIT #5: D3D12 # 0 inputs[llama] 
## SPLIT #7: D3D12 # 0 inputs[llama] 
## SPLIT #9: D3D12 # 0 inputs[llama] 
## SPLIT #11: D3D12 # 0 inputs[llama] 
## SPLIT #1: D3D12 # 0 inputs[llama] 
## SPLIT #3: D3D12 # 0 inputs[llama] 
## SPLIT #5: D3D12 # 0 inputs[llama] 
## SPLIT #7: D3D12 # 0 inputs[llama] 
## SPLIT #9: D3D12 # 0 inputs[llama] 
## SPLIT #11: D3D12 # 0 inputs[llama] 
## SPLIT #13: D3D12 # 0 inputs[llama] 
## SPLIT #15: D3D12 # 0 inputs[llama] 
## SPLIT #17: D3D12 # 0 inputs[llama] 
## SPLIT #19: D3D12 # 0 inputs[llama] 
## SPLIT #21: D3D12 # 0 inputs[llama] 
## SPLIT #23: D3D12 # 0 inputs[llama] 
## SPLIT #25: D3D12 # 0 inputs[llama] 
## SPLIT #27: D3D12 # 0 inputs[llama] 
## SPLIT #29: D3D12 # 0 inputs[llama] 
## SPLIT #31: D3D12 # 0 inputs[llama] 
## SPLIT #33: D3D12 # 0 inputs[llama] 
## SPLIT #35: D3D12 # 0 inputs[llama] 
## SPLIT #37: D3D12 # 0 inputs[llama] 
## SPLIT #39: D3D12 # 0 inputs[llama] 
## SPLIT #41: D3D12 # 0 inputs[llama] 
## SPLIT #43: D3D12 # 0 inputs[llama] 
## SPLIT #45: D3D12 # 0 inputs[llama] 
## SPLIT #47: D3D12 # 0 inputs[llama] 
## SPLIT #49: D3D12 # 0 inputs[llama] 
## SPLIT #51: D3D12 # 0 inputs[llama] 
## SPLIT #53: D3D12 # 0 inputs[llama] 
## SPLIT #55: D3D12 # 0 inputs[llama] 
## SPLIT #57: D3D12 # 0 inputs[llama] 
## SPLIT #59: D3D12 # 0 inputs[llama] 
## SPLIT #61: D3D12 # 0 inputs[llama] 
## SPLIT #63: D3D12 # 0 inputs[llama] 
## SPLIT #65: D3D12 # 0 inputs[llama] 
## SPLIT #67: D3D12 # 0 inputs[llama] 
## SPLIT #69: D3D12 # 0 inputs[llama] 
## SPLIT #71: D3D12 # 0 inputs[llama] 
## SPLIT #73: D3D12 # 0 inputs[llama] 
## SPLIT #75: D3D12 # 0 inputs[llama] 
## SPLIT #77: D3D12 # 0 inputs[llama] 
## SPLIT #79: D3D12 # 0 inputs[llama] 
## SPLIT #81: D3D12 # 0 inputs[llama] 
## SPLIT #83: D3D12 # 0 inputs[llama] 
## SPLIT #85: D3D12 # 0 inputs[llama] 
## SPLIT #87: D3D12 # 0 inputs[llama] 
## SPLIT #89: D3D12 # 0 inputs[llama] 
## SPLIT #91: D3D12 # 0 inputs[llama] 
## SPLIT #93: D3D12 # 0 inputs[llama] 
## SPLIT #95: D3D12 # 0 inputs[llama] 
## SPLIT #97: D3D12 # 0 inputs[llama] 
## SPLIT #99: D3D12 # 0 inputs[llama] 
## SPLIT #101: D3D12 # 0 inputs[llama] 
## SPLIT #103: D3D12 # 0 inputs[llama] 
## SPLIT #105: D3D12 # 0 inputs[llama] 
## SPLIT #107: D3D12 # 0 inputs[llama] 
## SPLIT #109: D3D12 # 0 inputs[llama] 
## SPLIT #111: D3D12 # 0 inputs[llama] 
## SPLIT #113: D3D12 # 0 inputs[llama] 
## SPLIT #115: D3D12 # 0 inputs[llama] 
## SPLIT #117: D3D12 # 0 inputs[llama] 
## SPLIT #119: D3D12 # 0 inputs[llama] 
## SPLIT #121: D3D12 # 0 inputs[llama] 
## SPLIT #123: D3D12 # 0 inputs[llama] 
## SPLIT #125: D3D12 # 0 inputs[llama] 
## SPLIT #127: D3D12 # 0 inputs[llama] 
## SPLIT #129: D3D12 # 0 inputs[llama] 
## SPLIT #131: D3D12 # 0 inputs[llama] 
## SPLIT #133: D3D12 # 0 inputs[llama] 
## SPLIT #135: D3D12 # 0 inputs[llama] 
## SPLIT #137: D3D12 # 0 inputs[llama] 
## SPLIT #139: D3D12 # 0 inputs[llama] 
## SPLIT #141: D3D12 # 0 inputs[llama] 
## SPLIT #143: D3D12 # 0 inputs[llama] 
## SPLIT #145: D3D12 # 0 inputs[llama] 
## SPLIT #147: D3D12 # 0 inputs[llama] 
## SPLIT #149: D3D12 # 0 inputs[llama] 
## SPLIT #151: D3D12 # 0 inputs[llama] 
## SPLIT #153: D3D12 # 0 inputs[llama] 
## SPLIT #155: D3D12 # 0 inputs[llama] 
## SPLIT #157: D3D12 # 0 inputs[llama] 
## SPLIT #159: D3D12 # 0 inputs[llama] 
## SPLIT #161: D3D12 # 0 inputs[llama] 
## SPLIT #163: D3D12 # 0 inputs[llama] 
## SPLIT #165: D3D12 # 0 inputs[llama] 
## SPLIT #167: D3D12 # 0 inputs[llama] 
## SPLIT #169: D3D12 # 0 inputs[llama] 
## SPLIT #171: D3D12 # 0 inputs[llama] 
## SPLIT #173: D3D12 # 0 inputs[llama] 
## SPLIT #175: D3D12 # 0 inputs[llama] 
## SPLIT #177: D3D12 # 0 inputs[llama] 
## SPLIT #179: D3D12 # 0 inputs[llama] 
## SPLIT #181: D3D12 # 0 inputs[llama] 
## SPLIT #183: D3D12 # 0 inputs[llama] 
## SPLIT #185: D3D12 # 0 inputs[llama] 
## SPLIT #187: D3D12 # 0 inputs[llama] 
## SPLIT #189: D3D12 # 0 inputs[llama] 
## SPLIT #191: D3D12 # 0 inputs[llama] 
## SPLIT #193: D3D12 # 0 inputs[llama] 
## SPLIT #195: D3D12 # 0 inputs[llama] 
## SPLIT #197: D3D12 # 0 inputs[llama] 
## SPLIT #199: D3D12 # 0 inputs[llama] 
## SPLIT #201: D3D12 # 0 inputs[llama] 
## SPLIT #203: D3D12 # 0 inputs[llama] 
## SPLIT #205: D3D12 # 0 inputs[llama] 
## SPLIT #207: D3D12 # 0 inputs[llama] 
## SPLIT #209: D3D12 # 0 inputs[llama] 
## SPLIT #211: D3D12 # 0 inputs[llama] 
## SPLIT #213: D3D12 # 0 inputs[llama] 
## SPLIT #215: D3D12 # 0 inputs[llama] 
## SPLIT #217: D3D12 # 0 inputs[llama] 
## SPLIT #219: D3D12 # 0 inputs[llama] 
## SPLIT #221: D3D12 # 0 inputs[llama] 
## SPLIT #223: D3D12 # 0 inputs[llama] 
## SPLIT #225: D3D12 # 0 inputs[llama] 
## SPLIT #227: D3D12 # 0 inputs[llama] 
## SPLIT #229: D3D12 # 0 inputs[llama] 
## SPLIT #231: D3D12 # 0 inputs[llama] 
## SPLIT #233: D3D12 # 0 inputs[llama] 
## SPLIT #235: D3D12 # 0 inputs[llama] 
## SPLIT #237: D3D12 # 0 inputs[llama] 
## SPLIT #239: D3D12 # 0 inputs[llama] 
## SPLIT #241: D3D12 # 0 inputs[llama] 
## SPLIT #243: D3D12 # 0 inputs[llama] 
## SPLIT #245: D3D12 # 0 inputs[llama] 
## SPLIT #247: D3D12 # 0 inputs[llama] 
## SPLIT #249: D3D12 # 0 inputs[llama] 
## SPLIT #251: D3D12 # 0 inputs[llama] 
## SPLIT #253: D3D12 # 0 inputs[llama] 
## SPLIT #255: D3D12 # 0 inputs[llama] 
## SPLIT #257: D3D12 # 0 inputs[llama] 
## SPLIT #259: D3D12 # 0 inputs[llama] 
## SPLIT #261: D3D12 # 0 inputs[llama] 
## SPLIT #1: D3D12 # 0 inputs[llama] 
## SPLIT #3: D3D12 # 0 inputs[llama] 
## SPLIT #5: D3D12 # 0 inputs[llama] 
## SPLIT #7: D3D12 # 0 inputs[llama] 
## SPLIT #9: D3D12 # 0 inputs[llama] 
## SPLIT #11: D3D12 # 0 inputs[llama] 
## SPLIT #13: D3D12 # 0 inputs[llama] 
## SPLIT #15: D3D12 # 0 inputs[llama] 
## SPLIT #17: D3D12 # 0 inputs[llama] 
## SPLIT #19: D3D12 # 0 inputs[llama] 
## SPLIT #21: D3D12 # 0 inputs[llama] 
## SPLIT #23: D3D12 # 0 inputs[llama] 
## SPLIT #25: D3D12 # 0 inputs[llama] 
## SPLIT #27: D3D12 # 0 inputs[llama] 
## SPLIT #29: D3D12 # 0 inputs[llama] 
## SPLIT #31: D3D12 # 0 inputs[llama] 
## SPLIT #33: D3D12 # 0 inputs[llama] 
## SPLIT #35: D3D12 # 0 inputs[llama] 
## SPLIT #37: D3D12 # 0 inputs[llama] 
## SPLIT #39: D3D12 # 0 inputs[llama] 
## SPLIT #41: D3D12 # 0 inputs[llama] 
## SPLIT #43: D3D12 # 0 inputs[llama] 
## SPLIT #45: D3D12 # 0 inputs[llama] 
## SPLIT #47: D3D12 # 0 inputs[llama] 
## SPLIT #49: D3D12 # 0 inputs[llama] 
## SPLIT #51: D3D12 # 0 inputs[llama] 
## SPLIT #53: D3D12 # 0 inputs[llama] 
## SPLIT #55: D3D12 # 0 inputs[llama] 
## SPLIT #57: D3D12 # 0 inputs[llama] 
## SPLIT #59: D3D12 # 0 inputs[llama] 
## SPLIT #61: D3D12 # 0 inputs[llama] 
## SPLIT #63: D3D12 # 0 inputs[llama] 
## SPLIT #65: D3D12 # 0 inputs[llama] 
## SPLIT #67: D3D12 # 0 inputs[llama] 
## SPLIT #69: D3D12 # 0 inputs[llama] 
## SPLIT #71: D3D12 # 0 inputs[llama] 
## SPLIT #73: D3D12 # 0 inputs[llama] 
## SPLIT #75: D3D12 # 0 inputs[llama] 
## SPLIT #77: D3D12 # 0 inputs[llama] 
## SPLIT #79: D3D12 # 0 inputs[llama] 
## SPLIT #81: D3D12 # 0 inputs[llama] 
## SPLIT #83: D3D12 # 0 inputs[llama] 
## SPLIT #85: D3D12 # 0 inputs[llama] 
## SPLIT #87: D3D12 # 0 inputs[llama] 
## SPLIT #89: D3D12 # 0 inputs[llama] 
## SPLIT #91: D3D12 # 0 inputs[llama] 
## SPLIT #93: D3D12 # 0 inputs[llama] 
## SPLIT #95: D3D12 # 0 inputs[llama] 
## SPLIT #97: D3D12 # 0 inputs[llama] 
## SPLIT #99: D3D12 # 0 inputs[llama] 
## SPLIT #101: D3D12 # 0 inputs[llama] 
## SPLIT #103: D3D12 # 0 inputs[llama] 
## SPLIT #105: D3D12 # 0 inputs[llama] 
## SPLIT #107: D3D12 # 0 inputs[llama] 
## SPLIT #109: D3D12 # 0 inputs[llama] 
## SPLIT #111: D3D12 # 0 inputs[llama] 
## SPLIT #113: D3D12 # 0 inputs[llama] 
## SPLIT #115: D3D12 # 0 inputs[llama] 
## SPLIT #117: D3D12 # 0 inputs[llama] 
## SPLIT #119: D3D12 # 0 inputs[llama] 
## SPLIT #121: D3D12 # 0 inputs[llama] 
## SPLIT #123: D3D12 # 0 inputs[llama] 
## SPLIT #125: D3D12 # 0 inputs[llama] 
## SPLIT #127: D3D12 # 0 inputs[llama] 
## SPLIT #129: D3D12 # 0 inputs[llama] 
## SPLIT #131: D3D12 # 0 inputs[llama] 
## SPLIT #133: D3D12 # 0 inputs[llama] 
## SPLIT #135: D3D12 # 0 inputs[llama] 
## SPLIT #137: D3D12 # 0 inputs[llama] 
## SPLIT #139: D3D12 # 0 inputs[llama] 
## SPLIT #141: D3D12 # 0 inputs[llama] 
## SPLIT #143: D3D12 # 0 inputs[llama] 
## SPLIT #145: D3D12 # 0 inputs[llama] 
## SPLIT #147: D3D12 # 0 inputs[llama] 
## SPLIT #149: D3D12 # 0 inputs[llama] 
## SPLIT #151: D3D12 # 0 inputs[llama] 
## SPLIT #153: D3D12 # 0 inputs[llama] 
## SPLIT #155: D3D12 # 0 inputs[llama] 
## SPLIT #157: D3D12 # 0 inputs[llama] 
## SPLIT #159: D3D12 # 0 inputs[llama] 
## SPLIT #161: D3D12 # 0 inputs[llama] 
## SPLIT #163: D3D12 # 0 inputs[llama] 
## SPLIT #165: D3D12 # 0 inputs[llama] 
## SPLIT #167: D3D12 # 0 inputs[llama] 
## SPLIT #169: D3D12 # 0 inputs[llama] 
## SPLIT #171: D3D12 # 0 inputs[llama] 
## SPLIT #173: D3D12 # 0 inputs[llama] 
## SPLIT #175: D3D12 # 0 inputs[llama] 
## SPLIT #177: D3D12 # 0 inputs[llama] 
## SPLIT #179: D3D12 # 0 inputs[llama] 
## SPLIT #181: D3D12 # 0 inputs[llama] 
## SPLIT #183: D3D12 # 0 inputs[llama] 
## SPLIT #185: D3D12 # 0 inputs[llama] 
## SPLIT #187: D3D12 # 0 inputs[llama] 
## SPLIT #189: D3D12 # 0 inputs[llama] 
## SPLIT #191: D3D12 # 0 inputs[llama] 
## SPLIT #193: D3D12 # 0 inputs[llama] 
## SPLIT #195: D3D12 # 0 inputs[llama] 
## SPLIT #197: D3D12 # 0 inputs[llama] 
## SPLIT #199: D3D12 # 0 inputs[llama] 
## SPLIT #201: D3D12 # 0 inputs[llama] 
## SPLIT #203: D3D12 # 0 inputs[llama] 
## SPLIT #205: D3D12 # 0 inputs[llama] 
## SPLIT #207: D3D12 # 0 inputs[llama] 
## SPLIT #209: D3D12 # 0 inputs[llama] 
## SPLIT #211: D3D12 # 0 inputs[llama] 
## SPLIT #213: D3D12 # 0 inputs[llama] 
## SPLIT #215: D3D12 # 0 inputs[llama] 
## SPLIT #217: D3D12 # 0 inputs[llama] 
## SPLIT #219: D3D12 # 0 inputs[llama] 
## SPLIT #221: D3D12 # 0 inputs[llama] 
## SPLIT #223: D3D12 # 0 inputs[llama] 
## SPLIT #225: D3D12 # 0 inputs[llama] 
## SPLIT #227: D3D12 # 0 inputs[llama] 
## SPLIT #229: D3D12 # 0 inputs[llama] 
## SPLIT #231: D3D12 # 0 inputs[llama] 
## SPLIT #233: D3D12 # 0 inputs[llama] 
## SPLIT #235: D3D12 # 0 inputs[llama] 
## SPLIT #237: D3D12 # 0 inputs[llama] 
## SPLIT #239: D3D12 # 0 inputs[llama] 
## SPLIT #241: D3D12 # 0 inputs[llama] 
## SPLIT #243: D3D12 # 0 inputs[llama] 
## SPLIT #245: D3D12 # 0 inputs[llama] 
## SPLIT #247: D3D12 # 0 inputs[llama] 
## SPLIT #249: D3D12 # 0 inputs[llama] 
## SPLIT #251: D3D12 # 0 inputs[llama] 
## SPLIT #253: D3D12 # 0 inputs[llama] 
## SPLIT #255: D3D12 # 0 inputs[llama] 
## SPLIT #257: D3D12 # 0 inputs[llama] 
## SPLIT #259: D3D12 # 0 inputs[llama] 
## SPLIT #261: D3D12 # 0 inputs[llama] 
## SPLIT #1: D3D12 # 0 inputs[llama] 
## SPLIT #3: D3D12 # 0 inputs[llama] 
## SPLIT #5: D3D12 # 0 inputs[llama] 
## SPLIT #7: D3D12 # 0 inputs[llama] 
## SPLIT #9: D3D12 # 0 inputs[llama] 
## SPLIT #11: D3D12 # 0 inputs[llama] 
## SPLIT #1: D3D12 # 0 inputs[llama] 
## SPLIT #3: D3D12 # 0 inputs[llama] 
## SPLIT #5: D3D12 # 0 inputs[llama] 
## SPLIT #7: D3D12 # 0 inputs[llama] 
## SPLIT #9: D3D12 # 0 inputs[llama] 
## SPLIT #11: D3D12 # 0 inputs[llama] 
## SPLIT #1: D3D12 # 0 inputs[llama] 
## SPLIT #3: D3D12 # 0 inputs[llama] 
## SPLIT #5: D3D12 # 0 inputs[llama] 
## SPLIT #7: D3D12 # 0 inputs[llama] 
## SPLIT #9: D3D12 # 0 inputs[llama] 
## SPLIT #11: D3D12 # 0 inputs[llama] 
## SPLIT #13: D3D12 # 0 inputs[llama] 
## SPLIT #15: D3D12 # 0 inputs[llama] 
## SPLIT #17: D3D12 # 0 inputs[llama] 
## SPLIT #19: D3D12 # 0 inputs[llama] 
## SPLIT #21: D3D12 # 0 inputs[llama] 
## SPLIT #23: D3D12 # 0 inputs[llama] 
## SPLIT #25: D3D12 # 0 inputs[llama] 
## SPLIT #27: D3D12 # 0 inputs[llama] 
## SPLIT #29: D3D12 # 0 inputs[llama] 
## SPLIT #31: D3D12 # 0 inputs[llama] 
## SPLIT #33: D3D12 # 0 inputs[llama] 
## SPLIT #35: D3D12 # 0 inputs[llama] 
## SPLIT #37: D3D12 # 0 inputs[llama] 
## SPLIT #39: D3D12 # 0 inputs[llama] 
## SPLIT #41: D3D12 # 0 inputs[llama] 
## SPLIT #43: D3D12 # 0 inputs[llama] 
## SPLIT #45: D3D12 # 0 inputs[llama] 
## SPLIT #47: D3D12 # 0 inputs[llama] 
## SPLIT #49: D3D12 # 0 inputs[llama] 
## SPLIT #51: D3D12 # 0 inputs[llama] 
## SPLIT #53: D3D12 # 0 inputs[llama] 
## SPLIT #55: D3D12 # 0 inputs[llama] 
## SPLIT #57: D3D12 # 0 inputs[llama] 
## SPLIT #59: D3D12 # 0 inputs[llama] 
## SPLIT #61: D3D12 # 0 inputs[llama] 
## SPLIT #63: D3D12 # 0 inputs[llama] 
## SPLIT #65: D3D12 # 0 inputs[llama] 
## SPLIT #67: D3D12 # 0 inputs[llama] 
## SPLIT #69: D3D12 # 0 inputs[llama] 
## SPLIT #71: D3D12 # 0 inputs[llama] 
## SPLIT #73: D3D12 # 0 inputs[llama] 
## SPLIT #75: D3D12 # 0 inputs[llama] 
## SPLIT #77: D3D12 # 0 inputs[llama] 
## SPLIT #79: D3D12 # 0 inputs[llama] 
## SPLIT #81: D3D12 # 0 inputs[llama] 
## SPLIT #83: D3D12 # 0 inputs[llama] 
## SPLIT #85: D3D12 # 0 inputs[llama] 
## SPLIT #87: D3D12 # 0 inputs[llama] 
## SPLIT #89: D3D12 # 0 inputs[llama] 
## SPLIT #91: D3D12 # 0 inputs[llama] 
## SPLIT #93: D3D12 # 0 inputs[llama] 
## SPLIT #95: D3D12 # 0 inputs[llama] 
## SPLIT #97: D3D12 # 0 inputs[llama] 
## SPLIT #99: D3D12 # 0 inputs[llama] 
## SPLIT #101: D3D12 # 0 inputs[llama] 
## SPLIT #103: D3D12 # 0 inputs[llama] 
## SPLIT #105: D3D12 # 0 inputs[llama] 
## SPLIT #107: D3D12 # 0 inputs[llama] 
## SPLIT #109: D3D12 # 0 inputs[llama] 
## SPLIT #111: D3D12 # 0 inputs[llama] 
## SPLIT #113: D3D12 # 0 inputs[llama] 
## SPLIT #115: D3D12 # 0 inputs[llama] 
## SPLIT #117: D3D12 # 0 inputs[llama] 
## SPLIT #119: D3D12 # 0 inputs[llama] 
## SPLIT #121: D3D12 # 0 inputs[llama] 
## SPLIT #123: D3D12 # 0 inputs[llama] 
## SPLIT #125: D3D12 # 0 inputs[llama] 
## SPLIT #127: D3D12 # 0 inputs[llama] 
## SPLIT #129: D3D12 # 0 inputs[llama] 
## SPLIT #131: D3D12 # 0 inputs[llama] 
## SPLIT #133: D3D12 # 0 inputs[llama] 
## SPLIT #135: D3D12 # 0 inputs[llama] 
## SPLIT #137: D3D12 # 0 inputs[llama] 
## SPLIT #139: D3D12 # 0 inputs[llama] 
## SPLIT #141: D3D12 # 0 inputs[llama] 
## SPLIT #143: D3D12 # 0 inputs[llama] 
## SPLIT #145: D3D12 # 0 inputs[llama] 
## SPLIT #147: D3D12 # 0 inputs[llama] 
## SPLIT #149: D3D12 # 0 inputs[llama] 
## SPLIT #151: D3D12 # 0 inputs[llama] 
## SPLIT #153: D3D12 # 0 inputs[llama] 
## SPLIT #155: D3D12 # 0 inputs[llama] 
## SPLIT #157: D3D12 # 0 inputs[llama] 
## SPLIT #159: D3D12 # 0 inputs[llama] 
## SPLIT #161: D3D12 # 0 inputs[llama] 
## SPLIT #163: D3D12 # 0 inputs[llama] 
## SPLIT #165: D3D12 # 0 inputs[llama] 
## SPLIT #167: D3D12 # 0 inputs[llama] 
## SPLIT #169: D3D12 # 0 inputs[llama] 
## SPLIT #171: D3D12 # 0 inputs[llama] 
## SPLIT #173: D3D12 # 0 inputs[llama] 
## SPLIT #175: D3D12 # 0 inputs[llama] 
## SPLIT #177: D3D12 # 0 inputs[llama] 
## SPLIT #179: D3D12 # 0 inputs[llama] 
## SPLIT #181: D3D12 # 0 inputs[llama] 
## SPLIT #183: D3D12 # 0 inputs[llama] 
## SPLIT #185: D3D12 # 0 inputs[llama] 
## SPLIT #187: D3D12 # 0 inputs[llama] 
## SPLIT #189: D3D12 # 0 inputs[llama] 
## SPLIT #191: D3D12 # 0 inputs[llama] 
## SPLIT #193: D3D12 # 0 inputs[llama] 
## SPLIT #195: D3D12 # 0 inputs[llama] 
## SPLIT #197: D3D12 # 0 inputs[llama] 
## SPLIT #199: D3D12 # 0 inputs[llama] 
## SPLIT #201: D3D12 # 0 inputs[llama] 
## SPLIT #203: D3D12 # 0 inputs[llama] 
## SPLIT #205: D3D12 # 0 inputs[llama] 
## SPLIT #207: D3D12 # 0 inputs[llama] 
## SPLIT #209: D3D12 # 0 inputs[llama] 
## SPLIT #211: D3D12 # 0 inputs[llama] 
## SPLIT #213: D3D12 # 0 inputs[llama] 
## SPLIT #215: D3D12 # 0 inputs[llama] 
## SPLIT #217: D3D12 # 0 inputs[llama] 
## SPLIT #219: D3D12 # 0 inputs[llama] 
## SPLIT #221: D3D12 # 0 inputs[llama] 
## SPLIT #223: D3D12 # 0 inputs[llama] 
## SPLIT #225: D3D12 # 0 inputs[llama] 
## SPLIT #227: D3D12 # 0 inputs[llama] 
## SPLIT #229: D3D12 # 0 inputs[llama] 
## SPLIT #231: D3D12 # 0 inputs[llama] 
## SPLIT #233: D3D12 # 0 inputs[llama] 
## SPLIT #235: D3D12 # 0 inputs[llama] 
## SPLIT #237: D3D12 # 0 inputs[llama] 
## SPLIT #239: D3D12 # 0 inputs[llama] 
## SPLIT #241: D3D12 # 0 inputs[llama] 
## SPLIT #243: D3D12 # 0 inputs[llama] 
## SPLIT #245: D3D12 # 0 inputs[llama] 
## SPLIT #247: D3D12 # 0 inputs[llama] 
## SPLIT #249: D3D12 # 0 inputs[llama] 
## SPLIT #251: D3D12 # 0 inputs[llama] 
## SPLIT #253: D3D12 # 0 inputs[llama] 
## SPLIT #255: D3D12 # 0 inputs[llama] 
## SPLIT #257: D3D12 # 0 inputs[llama] 
## SPLIT #259: D3D12 # 0 inputs[llama] 
## SPLIT #261: D3D12 # 0 inputs[llama] 
## SPLIT #1: D3D12 # 0 inputs[llama] 
## SPLIT #3: D3D12 # 0 inputs[llama] 
## SPLIT #5: D3D12 # 0 inputs[llama] 
## SPLIT #7: D3D12 # 0 inputs[llama] 
## SPLIT #9: D3D12 # 0 inputs[llama] 
## SPLIT #11: D3D12 # 0 inputs[llama] 
## SPLIT #13: D3D12 # 0 inputs[llama] 
## SPLIT #15: D3D12 # 0 inputs[llama] 
## SPLIT #17: D3D12 # 0 inputs[llama] 
## SPLIT #19: D3D12 # 0 inputs[llama] 
## SPLIT #21: D3D12 # 0 inputs[llama] 
## SPLIT #23: D3D12 # 0 inputs[llama] 
## SPLIT #25: D3D12 # 0 inputs[llama] 
## SPLIT #27: D3D12 # 0 inputs[llama] 
## SPLIT #29: D3D12 # 0 inputs[llama] 
## SPLIT #31: D3D12 # 0 inputs[llama] 
## SPLIT #33: D3D12 # 0 inputs[llama] 
## SPLIT #35: D3D12 # 0 inputs[llama] 
## SPLIT #37: D3D12 # 0 inputs[llama] 
## SPLIT #39: D3D12 # 0 inputs[llama] 
## SPLIT #41: D3D12 # 0 inputs[llama] 
## SPLIT #43: D3D12 # 0 inputs[llama] 
## SPLIT #45: D3D12 # 0 inputs[llama] 
## SPLIT #47: D3D12 # 0 inputs[llama] 
## SPLIT #49: D3D12 # 0 inputs[llama] 
## SPLIT #51: D3D12 # 0 inputs[llama] 
## SPLIT #53: D3D12 # 0 inputs[llama] 
## SPLIT #55: D3D12 # 0 inputs[llama] 
## SPLIT #57: D3D12 # 0 inputs[llama] 
## SPLIT #59: D3D12 # 0 inputs[llama] 
## SPLIT #61: D3D12 # 0 inputs[llama] 
## SPLIT #63: D3D12 # 0 inputs[llama] 
## SPLIT #65: D3D12 # 0 inputs[llama] 
## SPLIT #67: D3D12 # 0 inputs[llama] 
## SPLIT #69: D3D12 # 0 inputs[llama] 
## SPLIT #71: D3D12 # 0 inputs[llama] 
## SPLIT #73: D3D12 # 0 inputs[llama] 
## SPLIT #75: D3D12 # 0 inputs[llama] 
## SPLIT #77: D3D12 # 0 inputs[llama] 
## SPLIT #79: D3D12 # 0 inputs[llama] 
## SPLIT #81: D3D12 # 0 inputs[llama] 
## SPLIT #83: D3D12 # 0 inputs[llama] 
## SPLIT #85: D3D12 # 0 inputs[llama] 
## SPLIT #87: D3D12 # 0 inputs[llama] 
## SPLIT #89: D3D12 # 0 inputs[llama] 
## SPLIT #91: D3D12 # 0 inputs[llama] 
## SPLIT #93: D3D12 # 0 inputs[llama] 
## SPLIT #95: D3D12 # 0 inputs[llama] 
## SPLIT #97: D3D12 # 0 inputs[llama] 
## SPLIT #99: D3D12 # 0 inputs[llama] 
## SPLIT #101: D3D12 # 0 inputs[llama] 
## SPLIT #103: D3D12 # 0 inputs[llama] 
## SPLIT #105: D3D12 # 0 inputs[llama] 
## SPLIT #107: D3D12 # 0 inputs[llama] 
## SPLIT #109: D3D12 # 0 inputs[llama] 
## SPLIT #111: D3D12 # 0 inputs[llama] 
## SPLIT #113: D3D12 # 0 inputs[llama] 
## SPLIT #115: D3D12 # 0 inputs[llama] 
## SPLIT #117: D3D12 # 0 inputs[llama] 
## SPLIT #119: D3D12 # 0 inputs[llama] 
## SPLIT #121: D3D12 # 0 inputs[llama] 
## SPLIT #123: D3D12 # 0 inputs[llama] 
## SPLIT #125: D3D12 # 0 inputs[llama] 
## SPLIT #127: D3D12 # 0 inputs[llama] 
## SPLIT #129: D3D12 # 0 inputs[llama] 
## SPLIT #131: D3D12 # 0 inputs[llama] 
## SPLIT #133: D3D12 # 0 inputs[llama] 
## SPLIT #135: D3D12 # 0 inputs[llama] 
## SPLIT #137: D3D12 # 0 inputs[llama] 
## SPLIT #139: D3D12 # 0 inputs[llama] 
## SPLIT #141: D3D12 # 0 inputs[llama] 
## SPLIT #143: D3D12 # 0 inputs[llama] 
## SPLIT #145: D3D12 # 0 inputs[llama] 
## SPLIT #147: D3D12 # 0 inputs[llama] 
## SPLIT #149: D3D12 # 0 inputs[llama] 
## SPLIT #151: D3D12 # 0 inputs[llama] 
## SPLIT #153: D3D12 # 0 inputs[llama] 
## SPLIT #155: D3D12 # 0 inputs[llama] 
## SPLIT #157: D3D12 # 0 inputs[llama] 
## SPLIT #159: D3D12 # 0 inputs[llama] 
## SPLIT #161: D3D12 # 0 inputs[llama] 
## SPLIT #163: D3D12 # 0 inputs[llama] 
## SPLIT #165: D3D12 # 0 inputs[llama] 
## SPLIT #167: D3D12 # 0 inputs[llama] 
## SPLIT #169: D3D12 # 0 inputs[llama] 
## SPLIT #171: D3D12 # 0 inputs[llama] 
## SPLIT #173: D3D12 # 0 inputs[llama] 
## SPLIT #175: D3D12 # 0 inputs[llama] 
## SPLIT #177: D3D12 # 0 inputs[llama] 
## SPLIT #179: D3D12 # 0 inputs[llama] 
## SPLIT #181: D3D12 # 0 inputs[llama] 
## SPLIT #183: D3D12 # 0 inputs[llama] 
## SPLIT #185: D3D12 # 0 inputs[llama] 
## SPLIT #187: D3D12 # 0 inputs[llama] 
## SPLIT #189: D3D12 # 0 inputs[llama] 
## SPLIT #191: D3D12 # 0 inputs[llama] 
## SPLIT #193: D3D12 # 0 inputs[llama] 
## SPLIT #195: D3D12 # 0 inputs[llama] 
## SPLIT #197: D3D12 # 0 inputs[llama] 
## SPLIT #199: D3D12 # 0 inputs[llama] 
## SPLIT #201: D3D12 # 0 inputs[llama] 
## SPLIT #203: D3D12 # 0 inputs[llama] 
## SPLIT #205: D3D12 # 0 inputs[llama] 
## SPLIT #207: D3D12 # 0 inputs[llama] 
## SPLIT #209: D3D12 # 0 inputs[llama] 
## SPLIT #211: D3D12 # 0 inputs[llama] 
## SPLIT #213: D3D12 # 0 inputs[llama] 
## SPLIT #215: D3D12 # 0 inputs[llama] 
## SPLIT #217: D3D12 # 0 inputs[llama] 
## SPLIT #219: D3D12 # 0 inputs[llama] 
## SPLIT #221: D3D12 # 0 inputs[llama] 
## SPLIT #223: D3D12 # 0 inputs[llama] 
## SPLIT #225: D3D12 # 0 inputs[llama] 
## SPLIT #227: D3D12 # 0 inputs[llama] 
## SPLIT #229: D3D12 # 0 inputs[llama] 
## SPLIT #231: D3D12 # 0 inputs[llama] 
## SPLIT #233: D3D12 # 0 inputs[llama] 
## SPLIT #235: D3D12 # 0 inputs[llama] 
## SPLIT #237: D3D12 # 0 inputs[llama] 
## SPLIT #239: D3D12 # 0 inputs[llama] 
## SPLIT #241: D3D12 # 0 inputs[llama] 
## SPLIT #243: D3D12 # 0 inputs[llama] 
## SPLIT #245: D3D12 # 0 inputs[llama] 
## SPLIT #247: D3D12 # 0 inputs[llama] 
## SPLIT #249: D3D12 # 0 inputs[llama] 
## SPLIT #251: D3D12 # 0 inputs[llama] 
## SPLIT #253: D3D12 # 0 inputs[llama] 
## SPLIT #255: D3D12 # 0 inputs[llama] 
## SPLIT #257: D3D12 # 0 inputs[llama] 
## SPLIT #259: D3D12 # 0 inputs[llama] 
## SPLIT #261: D3D12 # 0 inputs[llama] 
## SPLIT #1: D3D12 # 0 inputs[llama] 
## SPLIT #3: D3D12 # 0 inputs[llama] 
## SPLIT #5: D3D12 # 0 inputs[llama] 
## SPLIT #7: D3D12 # 0 inputs[llama] 
## SPLIT #9: D3D12 # 0 inputs[llama] 
## SPLIT #11: D3D12 # 0 inputs[llama] 
## SPLIT #1: D3D12 # 0 inputs[llama] 
## SPLIT #3: D3D12 # 0 inputs[llama] 
## SPLIT #5: D3D12 # 0 inputs[llama] 
## SPLIT #7: D3D12 # 0 inputs[llama] 
## SPLIT #9: D3D12 # 0 inputs[llama] 
## SPLIT #11: D3D12 # 0 inputs[llama] 
## SPLIT #1: D3D12 # 0 inputs[llama] 
## SPLIT #3: D3D12 # 0 inputs[llama] 
## SPLIT #5: D3D12 # 0 inputs[llama] 
## SPLIT #7: D3D12 # 0 inputs[llama] 
## SPLIT #9: D3D12 # 0 inputs[llama] 
## SPLIT #11: D3D12 # 0 inputs[llama] 
## SPLIT #13: D3D12 # 0 inputs[llama] 
## SPLIT #15: D3D12 # 0 inputs[llama] 
## SPLIT #17: D3D12 # 0 inputs[llama] 
## SPLIT #19: D3D12 # 0 inputs[llama] 
## SPLIT #21: D3D12 # 0 inputs[llama] 
## SPLIT #23: D3D12 # 0 inputs[llama] 
## SPLIT #25: D3D12 # 0 inputs[llama] 
## SPLIT #27: D3D12 # 0 inputs[llama] 
## SPLIT #29: D3D12 # 0 inputs[llama] 
## SPLIT #31: D3D12 # 0 inputs[llama] 
## SPLIT #33: D3D12 # 0 inputs[llama] 
## SPLIT #35: D3D12 # 0 inputs[llama] 
## SPLIT #37: D3D12 # 0 inputs[llama] 
## SPLIT #39: D3D12 # 0 inputs[llama] 
## SPLIT #41: D3D12 # 0 inputs[llama] 
## SPLIT #43: D3D12 # 0 inputs[llama] 
## SPLIT #45: D3D12 # 0 inputs[llama] 
## SPLIT #47: D3D12 # 0 inputs[llama] 
## SPLIT #49: D3D12 # 0 inputs[llama] 
## SPLIT #51: D3D12 # 0 inputs[llama] 
## SPLIT #53: D3D12 # 0 inputs[llama] 
## SPLIT #55: D3D12 # 0 inputs[llama] 
## SPLIT #57: D3D12 # 0 inputs[llama] 
## SPLIT #59: D3D12 # 0 inputs[llama] 
## SPLIT #61: D3D12 # 0 inputs[llama] 
## SPLIT #63: D3D12 # 0 inputs[llama] 
## SPLIT #65: D3D12 # 0 inputs[llama] 
## SPLIT #67: D3D12 # 0 inputs[llama] 
## SPLIT #69: D3D12 # 0 inputs[llama] 
## SPLIT #71: D3D12 # 0 inputs[llama] 
## SPLIT #73: D3D12 # 0 inputs[llama] 
## SPLIT #75: D3D12 # 0 inputs[llama] 
## SPLIT #77: D3D12 # 0 inputs[llama] 
## SPLIT #79: D3D12 # 0 inputs[llama] 
## SPLIT #81: D3D12 # 0 inputs[llama] 
## SPLIT #83: D3D12 # 0 inputs[llama] 
## SPLIT #85: D3D12 # 0 inputs[llama] 
## SPLIT #87: D3D12 # 0 inputs[llama] 
## SPLIT #89: D3D12 # 0 inputs[llama] 
## SPLIT #91: D3D12 # 0 inputs[llama] 
## SPLIT #93: D3D12 # 0 inputs[llama] 
## SPLIT #95: D3D12 # 0 inputs[llama] 
## SPLIT #97: D3D12 # 0 inputs[llama] 
## SPLIT #99: D3D12 # 0 inputs[llama] 
## SPLIT #101: D3D12 # 0 inputs[llama] 
## SPLIT #103: D3D12 # 0 inputs[llama] 
## SPLIT #105: D3D12 # 0 inputs[llama] 
## SPLIT #107: D3D12 # 0 inputs[llama] 
## SPLIT #109: D3D12 # 0 inputs[llama] 
## SPLIT #111: D3D12 # 0 inputs[llama] 
## SPLIT #113: D3D12 # 0 inputs[llama] 
## SPLIT #115: D3D12 # 0 inputs[llama] 
## SPLIT #117: D3D12 # 0 inputs[llama] 
## SPLIT #119: D3D12 # 0 inputs[llama] 
## SPLIT #121: D3D12 # 0 inputs[llama] 
## SPLIT #123: D3D12 # 0 inputs[llama] 
## SPLIT #125: D3D12 # 0 inputs[llama] 
## SPLIT #127: D3D12 # 0 inputs[llama] 
## SPLIT #129: D3D12 # 0 inputs[llama] 
## SPLIT #131: D3D12 # 0 inputs[llama] 
## SPLIT #133: D3D12 # 0 inputs[llama] 
## SPLIT #135: D3D12 # 0 inputs[llama] 
## SPLIT #137: D3D12 # 0 inputs[llama] 
## SPLIT #139: D3D12 # 0 inputs[llama] 
## SPLIT #141: D3D12 # 0 inputs[llama] 
## SPLIT #143: D3D12 # 0 inputs[llama] 
## SPLIT #145: D3D12 # 0 inputs[llama] 
## SPLIT #147: D3D12 # 0 inputs[llama] 
## SPLIT #149: D3D12 # 0 inputs[llama] 
## SPLIT #151: D3D12 # 0 inputs[llama] 
## SPLIT #153: D3D12 # 0 inputs[llama] 
## SPLIT #155: D3D12 # 0 inputs[llama] 
## SPLIT #157: D3D12 # 0 inputs[llama] 
## SPLIT #159: D3D12 # 0 inputs[llama] 
## SPLIT #161: D3D12 # 0 inputs[llama] 
## SPLIT #163: D3D12 # 0 inputs[llama] 
## SPLIT #165: D3D12 # 0 inputs[llama] 
## SPLIT #167: D3D12 # 0 inputs[llama] 
## SPLIT #169: D3D12 # 0 inputs[llama] 
## SPLIT #171: D3D12 # 0 inputs[llama] 
## SPLIT #173: D3D12 # 0 inputs[llama] 
## SPLIT #175: D3D12 # 0 inputs[llama] 
## SPLIT #177: D3D12 # 0 inputs[llama] 
## SPLIT #179: D3D12 # 0 inputs[llama] 
## SPLIT #181: D3D12 # 0 inputs[llama] 
## SPLIT #183: D3D12 # 0 inputs[llama] 
## SPLIT #185: D3D12 # 0 inputs[llama] 
## SPLIT #187: D3D12 # 0 inputs[llama] 
## SPLIT #189: D3D12 # 0 inputs[llama] 
## SPLIT #191: D3D12 # 0 inputs[llama] 
## SPLIT #193: D3D12 # 0 inputs[llama] 
## SPLIT #195: D3D12 # 0 inputs[llama] 
## SPLIT #197: D3D12 # 0 inputs[llama] 
## SPLIT #199: D3D12 # 0 inputs[llama] 
## SPLIT #201: D3D12 # 0 inputs[llama] 
## SPLIT #203: D3D12 # 0 inputs[llama] 
## SPLIT #205: D3D12 # 0 inputs[llama] 
## SPLIT #207: D3D12 # 0 inputs[llama] 
## SPLIT #209: D3D12 # 0 inputs[llama] 
## SPLIT #211: D3D12 # 0 inputs[llama] 
## SPLIT #213: D3D12 # 0 inputs[llama] 
## SPLIT #215: D3D12 # 0 inputs[llama] 
## SPLIT #217: D3D12 # 0 inputs[llama] 
## SPLIT #219: D3D12 # 0 inputs[llama] 
## SPLIT #221: D3D12 # 0 inputs[llama] 
## SPLIT #223: D3D12 # 0 inputs[llama] 
## SPLIT #225: D3D12 # 0 inputs[llama] 
## SPLIT #227: D3D12 # 0 inputs[llama] 
## SPLIT #229: D3D12 # 0 inputs[llama] 
## SPLIT #231: D3D12 # 0 inputs[llama] 
## SPLIT #233: D3D12 # 0 inputs[llama] 
## SPLIT #235: D3D12 # 0 inputs[llama] 
## SPLIT #237: D3D12 # 0 inputs[llama] 
## SPLIT #239: D3D12 # 0 inputs[llama] 
## SPLIT #241: D3D12 # 0 inputs[llama] 
## SPLIT #243: D3D12 # 0 inputs[llama] 
## SPLIT #245: D3D12 # 0 inputs[llama] 
## SPLIT #247: D3D12 # 0 inputs[llama] 
## SPLIT #249: D3D12 # 0 inputs[llama] 
## SPLIT #251: D3D12 # 0 inputs[llama] 
## SPLIT #253: D3D12 # 0 inputs[llama] 
## SPLIT #255: D3D12 # 0 inputs[llama] 
## SPLIT #257: D3D12 # 0 inputs[llama] 
## SPLIT #259: D3D12 # 0 inputs[llama] 
## SPLIT #261: D3D12 # 0 inputs[llama] 
## SPLIT #1: D3D12 # 0 inputs[llama] 
## SPLIT #3: D3D12 # 0 inputs[llama] 
## SPLIT #5: D3D12 # 0 inputs[llama] 
## SPLIT #7: D3D12 # 0 inputs[llama] 
## SPLIT #9: D3D12 # 0 inputs[llama] 
## SPLIT #11: D3D12 # 0 inputs[llama] 
## SPLIT #13: D3D12 # 0 inputs[llama] 
## SPLIT #15: D3D12 # 0 inputs[llama] 
## SPLIT #17: D3D12 # 0 inputs[llama] 
## SPLIT #19: D3D12 # 0 inputs[llama] 
## SPLIT #21: D3D12 # 0 inputs[llama] 
## SPLIT #23: D3D12 # 0 inputs[llama] 
## SPLIT #25: D3D12 # 0 inputs[llama] 
## SPLIT #27: D3D12 # 0 inputs[llama] 
## SPLIT #29: D3D12 # 0 inputs[llama] 
## SPLIT #31: D3D12 # 0 inputs[llama] 
## SPLIT #33: D3D12 # 0 inputs[llama] 
## SPLIT #35: D3D12 # 0 inputs[llama] 
## SPLIT #37: D3D12 # 0 inputs[llama] 
## SPLIT #39: D3D12 # 0 inputs[llama] 
## SPLIT #41: D3D12 # 0 inputs[llama] 
## SPLIT #43: D3D12 # 0 inputs[llama] 
## SPLIT #45: D3D12 # 0 inputs[llama] 
## SPLIT #47: D3D12 # 0 inputs[llama] 
## SPLIT #49: D3D12 # 0 inputs[llama] 
## SPLIT #51: D3D12 # 0 inputs[llama] 
## SPLIT #53: D3D12 # 0 inputs[llama] 
## SPLIT #55: D3D12 # 0 inputs[llama] 
## SPLIT #57: D3D12 # 0 inputs[llama] 
## SPLIT #59: D3D12 # 0 inputs[llama] 
## SPLIT #61: D3D12 # 0 inputs[llama] 
## SPLIT #63: D3D12 # 0 inputs[llama] 
## SPLIT #65: D3D12 # 0 inputs[llama] 
## SPLIT #67: D3D12 # 0 inputs[llama] 
## SPLIT #69: D3D12 # 0 inputs[llama] 
## SPLIT #71: D3D12 # 0 inputs[llama] 
## SPLIT #73: D3D12 # 0 inputs[llama] 
## SPLIT #75: D3D12 # 0 inputs[llama] 
## SPLIT #77: D3D12 # 0 inputs[llama] 
## SPLIT #79: D3D12 # 0 inputs[llama] 
## SPLIT #81: D3D12 # 0 inputs[llama] 
## SPLIT #83: D3D12 # 0 inputs[llama] 
## SPLIT #85: D3D12 # 0 inputs[llama] 
## SPLIT #87: D3D12 # 0 inputs[llama] 
## SPLIT #89: D3D12 # 0 inputs[llama] 
## SPLIT #91: D3D12 # 0 inputs[llama] 
## SPLIT #93: D3D12 # 0 inputs[llama] 
## SPLIT #95: D3D12 # 0 inputs[llama] 
## SPLIT #97: D3D12 # 0 inputs[llama] 
## SPLIT #99: D3D12 # 0 inputs[llama] 
## SPLIT #101: D3D12 # 0 inputs[llama] 
## SPLIT #103: D3D12 # 0 inputs[llama] 
## SPLIT #105: D3D12 # 0 inputs[llama] 
## SPLIT #107: D3D12 # 0 inputs[llama] 
## SPLIT #109: D3D12 # 0 inputs[llama] 
## SPLIT #111: D3D12 # 0 inputs[llama] 
## SPLIT #113: D3D12 # 0 inputs[llama] 
## SPLIT #115: D3D12 # 0 inputs[llama] 
## SPLIT #117: D3D12 # 0 inputs[llama] 
## SPLIT #119: D3D12 # 0 inputs[llama] 
## SPLIT #121: D3D12 # 0 inputs[llama] 
## SPLIT #123: D3D12 # 0 inputs[llama] 
## SPLIT #125: D3D12 # 0 inputs[llama] 
## SPLIT #127: D3D12 # 0 inputs[llama] 
## SPLIT #129: D3D12 # 0 inputs[llama] 
## SPLIT #131: D3D12 # 0 inputs[llama] 
## SPLIT #133: D3D12 # 0 inputs[llama] 
## SPLIT #135: D3D12 # 0 inputs[llama] 
## SPLIT #137: D3D12 # 0 inputs[llama] 
## SPLIT #139: D3D12 # 0 inputs[llama] 
## SPLIT #141: D3D12 # 0 inputs[llama] 
## SPLIT #143: D3D12 # 0 inputs[llama] 
## SPLIT #145: D3D12 # 0 inputs[llama] 
## SPLIT #147: D3D12 # 0 inputs[llama] 
## SPLIT #149: D3D12 # 0 inputs[llama] 
## SPLIT #151: D3D12 # 0 inputs[llama] 
## SPLIT #153: D3D12 # 0 inputs[llama] 
## SPLIT #155: D3D12 # 0 inputs[llama] 
## SPLIT #157: D3D12 # 0 inputs[llama] 
## SPLIT #159: D3D12 # 0 inputs[llama] 
## SPLIT #161: D3D12 # 0 inputs[llama] 
## SPLIT #163: D3D12 # 0 inputs[llama] 
## SPLIT #165: D3D12 # 0 inputs[llama] 
## SPLIT #167: D3D12 # 0 inputs[llama] 
## SPLIT #169: D3D12 # 0 inputs[llama] 
## SPLIT #171: D3D12 # 0 inputs[llama] 
## SPLIT #173: D3D12 # 0 inputs[llama] 
## SPLIT #175: D3D12 # 0 inputs[llama] 
## SPLIT #177: D3D12 # 0 inputs[llama] 
## SPLIT #179: D3D12 # 0 inputs[llama] 
## SPLIT #181: D3D12 # 0 inputs[llama] 
## SPLIT #183: D3D12 # 0 inputs[llama] 
## SPLIT #185: D3D12 # 0 inputs[llama] 
## SPLIT #187: D3D12 # 0 inputs[llama] 
## SPLIT #189: D3D12 # 0 inputs[llama] 
## SPLIT #191: D3D12 # 0 inputs[llama] 
## SPLIT #193: D3D12 # 0 inputs[llama] 
## SPLIT #195: D3D12 # 0 inputs[llama] 
## SPLIT #197: D3D12 # 0 inputs[llama] 
## SPLIT #199: D3D12 # 0 inputs[llama] 
## SPLIT #201: D3D12 # 0 inputs[llama] 
## SPLIT #203: D3D12 # 0 inputs[llama] 
## SPLIT #205: D3D12 # 0 inputs[llama] 
## SPLIT #207: D3D12 # 0 inputs[llama] 
## SPLIT #209: D3D12 # 0 inputs[llama] 
## SPLIT #211: D3D12 # 0 inputs[llama] 
## SPLIT #213: D3D12 # 0 inputs[llama] 
## SPLIT #215: D3D12 # 0 inputs[llama] 
## SPLIT #217: D3D12 # 0 inputs[llama] 
## SPLIT #219: D3D12 # 0 inputs[llama] 
## SPLIT #221: D3D12 # 0 inputs[llama] 
## SPLIT #223: D3D12 # 0 inputs[llama] 
## SPLIT #225: D3D12 # 0 inputs[llama] 
## SPLIT #227: D3D12 # 0 inputs[llama] 
## SPLIT #229: D3D12 # 0 inputs[llama] 
## SPLIT #231: D3D12 # 0 inputs[llama] 
## SPLIT #233: D3D12 # 0 inputs[llama] 
## SPLIT #235: D3D12 # 0 inputs[llama] 
## SPLIT #237: D3D12 # 0 inputs[llama] 
## SPLIT #239: D3D12 # 0 inputs[llama] 
## SPLIT #241: D3D12 # 0 inputs[llama] 
## SPLIT #243: D3D12 # 0 inputs[llama] 
## SPLIT #245: D3D12 # 0 inputs[llama] 
## SPLIT #247: D3D12 # 0 inputs[llama] 
## SPLIT #249: D3D12 # 0 inputs[llama] 
## SPLIT #251: D3D12 # 0 inputs[llama] 
## SPLIT #253: D3D12 # 0 inputs[llama] 
## SPLIT #255: D3D12 # 0 inputs[llama] 
## SPLIT #257: D3D12 # 0 inputs[llama] 
## SPLIT #259: D3D12 # 0 inputs[llama] 
## SPLIT #261: D3D12 # 0 inputs[llama] 
## SPLIT #1: D3D12 # 0 inputs[llama] 
## SPLIT #3: D3D12 # 0 inputs[llama] 
## SPLIT #5: D3D12 # 0 inputs[llama] 
## SPLIT #7: D3D12 # 0 inputs[llama] 
## SPLIT #9: D3D12 # 0 inputs[llama] 
## SPLIT #11: D3D12 # 0 inputs[llama] 
## SPLIT #1: D3D12 # 0 inputs[llama] 
## SPLIT #3: D3D12 # 0 inputs[llama] 
## SPLIT #5: D3D12 # 0 inputs[llama] 
## SPLIT #7: D3D12 # 0 inputs[llama] 
## SPLIT #9: D3D12 # 0 inputs[llama] 
## SPLIT #11: D3D12 # 0 inputs[llama] 
## SPLIT #1: D3D12 # 0 inputs[llama] 
## SPLIT #3: D3D12 # 0 inputs[llama] 
## SPLIT #5: D3D12 # 0 inputs[llama] 
## SPLIT #7: D3D12 # 0 inputs[llama] 
## SPLIT #9: D3D12 # 0 inputs[llama] 
## SPLIT #11: D3D12 # 0 inputs[llama] 
## SPLIT #1: D3D12 # 0 inputs[llama] 
## SPLIT #3: D3D12 # 0 inputs[llama] 
## SPLIT #5: D3D12 # 0 inputs[llama] 
## SPLIT #7: D3D12 # 0 inputs[llama] 
## SPLIT #9: D3D12 # 0 inputs[llama] 
## SPLIT #11: D3D12 # 0 inputs[llama] 
## SPLIT #1: D3D12 # 0 inputs[llama] 
## SPLIT #3: D3D12 # 0 inputs[llama] 
## SPLIT #5: D3D12 # 0 inputs[llama] 
## SPLIT #7: D3D12 # 0 inputs[llama] 
## SPLIT #9: D3D12 # 0 inputs[llama] 
## SPLIT #11: D3D12 # 0 inputs[llama] 
## SPLIT #13: D3D12 # 0 inputs[llama] 
## SPLIT #15: D3D12 # 0 inputs[llama] 
## SPLIT #17: D3D12 # 0 inputs[llama] 
## SPLIT #19: D3D12 # 0 inputs[llama] 
## SPLIT #21: D3D12 # 0 inputs[llama] 
## SPLIT #23: D3D12 # 0 inputs[llama] 
## SPLIT #25: D3D12 # 0 inputs[llama] 
## SPLIT #27: D3D12 # 0 inputs[llama] 
## SPLIT #29: D3D12 # 0 inputs[llama] 
## SPLIT #31: D3D12 # 0 inputs[llama] 
## SPLIT #33: D3D12 # 0 inputs[llama] 
## SPLIT #35: D3D12 # 0 inputs[llama] 
## SPLIT #37: D3D12 # 0 inputs[llama] 
## SPLIT #39: D3D12 # 0 inputs[llama] 
## SPLIT #41: D3D12 # 0 inputs[llama] 
## SPLIT #43: D3D12 # 0 inputs[llama] 
## SPLIT #45: D3D12 # 0 inputs[llama] 
## SPLIT #47: D3D12 # 0 inputs[llama] 
## SPLIT #49: D3D12 # 0 inputs[llama] 
## SPLIT #51: D3D12 # 0 inputs[llama] 
## SPLIT #53: D3D12 # 0 inputs[llama] 
## SPLIT #55: D3D12 # 0 inputs[llama] 
## SPLIT #57: D3D12 # 0 inputs[llama] 
## SPLIT #59: D3D12 # 0 inputs[llama] 
## SPLIT #61: D3D12 # 0 inputs[llama] 
## SPLIT #63: D3D12 # 0 inputs[llama] 
## SPLIT #65: D3D12 # 0 inputs[llama] 
## SPLIT #67: D3D12 # 0 inputs[llama] 
## SPLIT #69: D3D12 # 0 inputs[llama] 
## SPLIT #71: D3D12 # 0 inputs[llama] 
## SPLIT #73: D3D12 # 0 inputs[llama] 
## SPLIT #75: D3D12 # 0 inputs[llama] 
## SPLIT #77: D3D12 # 0 inputs[llama] 
## SPLIT #79: D3D12 # 0 inputs[llama] 
## SPLIT #81: D3D12 # 0 inputs[llama] 
## SPLIT #83: D3D12 # 0 inputs[llama] 
## SPLIT #85: D3D12 # 0 inputs[llama] 
## SPLIT #87: D3D12 # 0 inputs[llama] 
## SPLIT #89: D3D12 # 0 inputs[llama] 
## SPLIT #91: D3D12 # 0 inputs[llama] 
## SPLIT #93: D3D12 # 0 inputs[llama] 
## SPLIT #95: D3D12 # 0 inputs[llama] 
## SPLIT #97: D3D12 # 0 inputs[llama] 
## SPLIT #99: D3D12 # 0 inputs[llama] 
## SPLIT #101: D3D12 # 0 inputs[llama] 
## SPLIT #103: D3D12 # 0 inputs[llama] 
## SPLIT #105: D3D12 # 0 inputs[llama] 
## SPLIT #107: D3D12 # 0 inputs[llama] 
## SPLIT #109: D3D12 # 0 inputs[llama] 
## SPLIT #111: D3D12 # 0 inputs[llama] 
## SPLIT #113: D3D12 # 0 inputs[llama] 
## SPLIT #115: D3D12 # 0 inputs[llama] 
## SPLIT #117: D3D12 # 0 inputs[llama] 
## SPLIT #119: D3D12 # 0 inputs[llama] 
## SPLIT #121: D3D12 # 0 inputs[llama] 
## SPLIT #123: D3D12 # 0 inputs[llama] 
## SPLIT #125: D3D12 # 0 inputs[llama] 
## SPLIT #127: D3D12 # 0 inputs[llama] 
## SPLIT #129: D3D12 # 0 inputs[llama] 
## SPLIT #131: D3D12 # 0 inputs[llama] 
## SPLIT #133: D3D12 # 0 inputs[llama] 
## SPLIT #135: D3D12 # 0 inputs[llama] 
## SPLIT #137: D3D12 # 0 inputs[llama] 
## SPLIT #139: D3D12 # 0 inputs[llama] 
## SPLIT #141: D3D12 # 0 inputs[llama] 
## SPLIT #143: D3D12 # 0 inputs[llama] 
## SPLIT #145: D3D12 # 0 inputs[llama] 
## SPLIT #147: D3D12 # 0 inputs[llama] 
## SPLIT #149: D3D12 # 0 inputs[llama] 
## SPLIT #151: D3D12 # 0 inputs[llama] 
## SPLIT #153: D3D12 # 0 inputs[llama] 
## SPLIT #155: D3D12 # 0 inputs[llama] 
## SPLIT #157: D3D12 # 0 inputs[llama] 
## SPLIT #159: D3D12 # 0 inputs[llama] 
## SPLIT #161: D3D12 # 0 inputs[llama] 
## SPLIT #163: D3D12 # 0 inputs[llama] 
## SPLIT #165: D3D12 # 0 inputs[llama] 
## SPLIT #167: D3D12 # 0 inputs[llama] 
## SPLIT #169: D3D12 # 0 inputs[llama] 
## SPLIT #171: D3D12 # 0 inputs[llama] 
## SPLIT #173: D3D12 # 0 inputs[llama] 
## SPLIT #175: D3D12 # 0 inputs[llama] 
## SPLIT #177: D3D12 # 0 inputs[llama] 
## SPLIT #179: D3D12 # 0 inputs[llama] 
## SPLIT #181: D3D12 # 0 inputs[llama] 
## SPLIT #183: D3D12 # 0 inputs[llama] 
## SPLIT #185: D3D12 # 0 inputs[llama] 
## SPLIT #187: D3D12 # 0 inputs[llama] 
## SPLIT #189: D3D12 # 0 inputs[llama] 
## SPLIT #191: D3D12 # 0 inputs[llama] 
## SPLIT #193: D3D12 # 0 inputs[llama] 
## SPLIT #195: D3D12 # 0 inputs[llama] 
## SPLIT #197: D3D12 # 0 inputs[llama] 
## SPLIT #199: D3D12 # 0 inputs[llama] 
## SPLIT #201: D3D12 # 0 inputs[llama] 
## SPLIT #203: D3D12 # 0 inputs[llama] 
## SPLIT #205: D3D12 # 0 inputs[llama] 
## SPLIT #207: D3D12 # 0 inputs[llama] 
## SPLIT #209: D3D12 # 0 inputs[llama] 
## SPLIT #211: D3D12 # 0 inputs[llama] 
## SPLIT #213: D3D12 # 0 inputs[llama] 
## SPLIT #215: D3D12 # 0 inputs[llama] 
## SPLIT #217: D3D12 # 0 inputs[llama] 
## SPLIT #219: D3D12 # 0 inputs[llama] 
## SPLIT #221: D3D12 # 0 inputs[llama] 
## SPLIT #223: D3D12 # 0 inputs[llama] 
## SPLIT #225: D3D12 # 0 inputs[llama] 
## SPLIT #227: D3D12 # 0 inputs[llama] 
## SPLIT #229: D3D12 # 0 inputs[llama] 
## SPLIT #231: D3D12 # 0 inputs[llama] 
## SPLIT #233: D3D12 # 0 inputs[llama] 
## SPLIT #235: D3D12 # 0 inputs[llama] 
## SPLIT #237: D3D12 # 0 inputs[llama] 
## SPLIT #239: D3D12 # 0 inputs[llama] 
## SPLIT #241: D3D12 # 0 inputs[llama] 
## SPLIT #243: D3D12 # 0 inputs[llama] 
## SPLIT #245: D3D12 # 0 inputs[llama] 
## SPLIT #247: D3D12 # 0 inputs[llama] 
## SPLIT #249: D3D12 # 0 inputs[llama] 
## SPLIT #251: D3D12 # 0 inputs[llama] 
## SPLIT #253: D3D12 # 0 inputs[llama] 
## SPLIT #255: D3D12 # 0 inputs[llama] 
## SPLIT #257: D3D12 # 0 inputs[llama] 
## SPLIT #259: D3D12 # 0 inputs[llama] 
## SPLIT #261: D3D12 # 0 inputs[llama] 
## SPLIT #1: D3D12 # 0 inputs[llama] 
## SPLIT #3: D3D12 # 0 inputs[llama] 
## SPLIT #5: D3D12 # 0 inputs[llama] 
## SPLIT #7: D3D12 # 0 inputs[llama] 
## SPLIT #9: D3D12 # 0 inputs[llama] 
## SPLIT #11: D3D12 # 0 inputs[llama] 
## SPLIT #1: D3D12 # 0 inputs[llama] 
## SPLIT #3: D3D12 # 0 inputs[llama] 
## SPLIT #5: D3D12 # 0 inputs[llama] 
## SPLIT #7: D3D12 # 0 inputs[llama] 
## SPLIT #9: D3D12 # 0 inputs[llama] 
## SPLIT #11: D3D12 # 0 inputs[llama] 
## SPLIT #1: D3D12 # 0 inputs[llama] 
## SPLIT #3: D3D12 # 0 inputs[llama] 
## SPLIT #5: D3D12 # 0 inputs[llama] 
## SPLIT #7: D3D12 # 0 inputs[llama] 
## SPLIT #9: D3D12 # 0 inputs[llama] 
## SPLIT #11: D3D12 # 0 inputs[llama] 
## SPLIT #1: D3D12 # 0 inputs[llama] 
## SPLIT #3: D3D12 # 0 inputs[llama] 
## SPLIT #5: D3D12 # 0 inputs[llama] 
## SPLIT #7: D3D12 # 0 inputs[llama] 
## SPLIT #9: D3D12 # 0 inputs[llama] 
## SPLIT #11: D3D12 # 0 inputs[llama] 
## SPLIT #1: D3D12 # 0 inputs[llama] 
## SPLIT #3: D3D12 # 0 inputs[llama] 
## SPLIT #5: D3D12 # 0 inputs[llama] 
## SPLIT #7: D3D12 # 0 inputs[llama] 
## SPLIT #9: D3D12 # 0 inputs[llama] 
## SPLIT #11: D3D12 # 0 inputs[llama] 
## SPLIT #13: D3D12 # 0 inputs[llama] 
## SPLIT #15: D3D12 # 0 inputs[llama] 
## SPLIT #17: D3D12 # 0 inputs[llama] 
## SPLIT #19: D3D12 # 0 inputs[llama] 
## SPLIT #21: D3D12 # 0 inputs[llama] 
## SPLIT #23: D3D12 # 0 inputs[llama] 
## SPLIT #25: D3D12 # 0 inputs[llama] 
## SPLIT #27: D3D12 # 0 inputs[llama] 
## SPLIT #29: D3D12 # 0 inputs[llama] 
## SPLIT #31: D3D12 # 0 inputs[llama] 
## SPLIT #33: D3D12 # 0 inputs[llama] 
## SPLIT #35: D3D12 # 0 inputs[llama] 
## SPLIT #37: D3D12 # 0 inputs[llama] 
## SPLIT #39: D3D12 # 0 inputs[llama] 
## SPLIT #41: D3D12 # 0 inputs[llama] 
## SPLIT #43: D3D12 # 0 inputs[llama] 
## SPLIT #45: D3D12 # 0 inputs[llama] 
## SPLIT #47: D3D12 # 0 inputs[llama] 
## SPLIT #49: D3D12 # 0 inputs[llama] 
## SPLIT #51: D3D12 # 0 inputs[llama] 
## SPLIT #53: D3D12 # 0 inputs[llama] 
## SPLIT #55: D3D12 # 0 inputs[llama] 
## SPLIT #57: D3D12 # 0 inputs[llama] 
## SPLIT #59: D3D12 # 0 inputs[llama] 
## SPLIT #61: D3D12 # 0 inputs[llama] 
## SPLIT #63: D3D12 # 0 inputs[llama] 
## SPLIT #65: D3D12 # 0 inputs[llama] 
## SPLIT #67: D3D12 # 0 inputs[llama] 
## SPLIT #69: D3D12 # 0 inputs[llama] 
## SPLIT #71: D3D12 # 0 inputs[llama] 
## SPLIT #73: D3D12 # 0 inputs[llama] 
## SPLIT #75: D3D12 # 0 inputs[llama] 
## SPLIT #77: D3D12 # 0 inputs[llama] 
## SPLIT #79: D3D12 # 0 inputs[llama] 
## SPLIT #81: D3D12 # 0 inputs[llama] 
## SPLIT #83: D3D12 # 0 inputs[llama] 
## SPLIT #85: D3D12 # 0 inputs[llama] 
## SPLIT #87: D3D12 # 0 inputs[llama] 
## SPLIT #89: D3D12 # 0 inputs[llama] 
## SPLIT #91: D3D12 # 0 inputs[llama] 
## SPLIT #93: D3D12 # 0 inputs[llama] 
## SPLIT #95: D3D12 # 0 inputs[llama] 
## SPLIT #97: D3D12 # 0 inputs[llama] 
## SPLIT #99: D3D12 # 0 inputs[llama] 
## SPLIT #101: D3D12 # 0 inputs[llama] 
## SPLIT #103: D3D12 # 0 inputs[llama] 
## SPLIT #105: D3D12 # 0 inputs[llama] 
## SPLIT #107: D3D12 # 0 inputs[llama] 
## SPLIT #109: D3D12 # 0 inputs[llama] 
## SPLIT #111: D3D12 # 0 inputs[llama] 
## SPLIT #113: D3D12 # 0 inputs[llama] 
## SPLIT #115: D3D12 # 0 inputs[llama] 
## SPLIT #117: D3D12 # 0 inputs[llama] 
## SPLIT #119: D3D12 # 0 inputs[llama] 
## SPLIT #121: D3D12 # 0 inputs[llama] 
## SPLIT #123: D3D12 # 0 inputs[llama] 
## SPLIT #125: D3D12 # 0 inputs[llama] 
## SPLIT #127: D3D12 # 0 inputs[llama] 
## SPLIT #129: D3D12 # 0 inputs[llama] 
## SPLIT #131: D3D12 # 0 inputs[llama] 
## SPLIT #133: D3D12 # 0 inputs[llama] 
## SPLIT #135: D3D12 # 0 inputs[llama] 
## SPLIT #137: D3D12 # 0 inputs[llama] 
## SPLIT #139: D3D12 # 0 inputs[llama] 
## SPLIT #141: D3D12 # 0 inputs[llama] 
## SPLIT #143: D3D12 # 0 inputs[llama] 
## SPLIT #145: D3D12 # 0 inputs[llama] 
## SPLIT #147: D3D12 # 0 inputs[llama] 
## SPLIT #149: D3D12 # 0 inputs[llama] 
## SPLIT #151: D3D12 # 0 inputs[llama] 
## SPLIT #153: D3D12 # 0 inputs[llama] 
## SPLIT #155: D3D12 # 0 inputs[llama] 
## SPLIT #157: D3D12 # 0 inputs[llama] 
## SPLIT #159: D3D12 # 0 inputs[llama] 
## SPLIT #161: D3D12 # 0 inputs[llama] 
## SPLIT #163: D3D12 # 0 inputs[llama] 
## SPLIT #165: D3D12 # 0 inputs[llama] 
## SPLIT #167: D3D12 # 0 inputs[llama] 
## SPLIT #169: D3D12 # 0 inputs[llama] 
## SPLIT #171: D3D12 # 0 inputs[llama] 
## SPLIT #173: D3D12 # 0 inputs[llama] 
## SPLIT #175: D3D12 # 0 inputs[llama] 
## SPLIT #177: D3D12 # 0 inputs[llama] 
## SPLIT #179: D3D12 # 0 inputs[llama] 
## SPLIT #181: D3D12 # 0 inputs[llama] 
## SPLIT #183: D3D12 # 0 inputs[llama] 
## SPLIT #185: D3D12 # 0 inputs[llama] 
## SPLIT #187: D3D12 # 0 inputs[llama] 
## SPLIT #189: D3D12 # 0 inputs[llama] 
## SPLIT #191: D3D12 # 0 inputs[llama] 
## SPLIT #193: D3D12 # 0 inputs[llama] 
## SPLIT #195: D3D12 # 0 inputs[llama] 
## SPLIT #197: D3D12 # 0 inputs[llama] 
## SPLIT #199: D3D12 # 0 inputs[llama] 
## SPLIT #201: D3D12 # 0 inputs[llama] 
## SPLIT #203: D3D12 # 0 inputs[llama] 
## SPLIT #205: D3D12 # 0 inputs[llama] 
## SPLIT #207: D3D12 # 0 inputs[llama] 
## SPLIT #209: D3D12 # 0 inputs[llama] 
## SPLIT #211: D3D12 # 0 inputs[llama] 
## SPLIT #213: D3D12 # 0 inputs[llama] 
## SPLIT #215: D3D12 # 0 inputs[llama] 
## SPLIT #217: D3D12 # 0 inputs[llama] 
## SPLIT #219: D3D12 # 0 inputs[llama] 
## SPLIT #221: D3D12 # 0 inputs[llama] 
## SPLIT #223: D3D12 # 0 inputs[llama] 
## SPLIT #225: D3D12 # 0 inputs[llama] 
## SPLIT #227: D3D12 # 0 inputs[llama] 
## SPLIT #229: D3D12 # 0 inputs[llama] 
## SPLIT #231: D3D12 # 0 inputs[llama] 
## SPLIT #233: D3D12 # 0 inputs[llama] 
## SPLIT #235: D3D12 # 0 inputs[llama] 
## SPLIT #237: D3D12 # 0 inputs[llama] 
## SPLIT #239: D3D12 # 0 inputs[llama] 
## SPLIT #241: D3D12 # 0 inputs[llama] 
## SPLIT #243: D3D12 # 0 inputs[llama] 
## SPLIT #245: D3D12 # 0 inputs[llama] 
## SPLIT #247: D3D12 # 0 inputs[llama] 
## SPLIT #249: D3D12 # 0 inputs[llama] 
## SPLIT #251: D3D12 # 0 inputs[llama] 
## SPLIT #253: D3D12 # 0 inputs[llama] 
## SPLIT #255: D3D12 # 0 inputs[llama] 
## SPLIT #257: D3D12 # 0 inputs[llama] 
## SPLIT #259: D3D12 # 0 inputs[llama] 
## SPLIT #261: D3D12 # 0 inputs[llama] 
## SPLIT #1: D3D12 # 0 inputs[llama] 
## SPLIT #3: D3D12 # 0 inputs[llama] 
## SPLIT #5: D3D12 # 0 inputs[llama] 
## SPLIT #7: D3D12 # 0 inputs[llama] 
## SPLIT #9: D3D12 # 0 inputs[llama] 
## SPLIT #11: D3D12 # 0 inputs[llama] 
## SPLIT #13: D3D12 # 0 inputs[llama] 
## SPLIT #15: D3D12 # 0 inputs[llama] 
## SPLIT #17: D3D12 # 0 inputs[llama] 
## SPLIT #19: D3D12 # 0 inputs[llama] 
## SPLIT #21: D3D12 # 0 inputs[llama] 
## SPLIT #23: D3D12 # 0 inputs[llama] 
## SPLIT #25: D3D12 # 0 inputs[llama] 
## SPLIT #27: D3D12 # 0 inputs[llama] 
## SPLIT #29: D3D12 # 0 inputs[llama] 
## SPLIT #31: D3D12 # 0 inputs[llama] 
## SPLIT #33: D3D12 # 0 inputs[llama] 
## SPLIT #35: D3D12 # 0 inputs[llama] 
## SPLIT #37: D3D12 # 0 inputs[llama] 
## SPLIT #39: D3D12 # 0 inputs[llama] 
## SPLIT #41: D3D12 # 0 inputs[llama] 
## SPLIT #43: D3D12 # 0 inputs[llama] 
## SPLIT #45: D3D12 # 0 inputs[llama] 
## SPLIT #47: D3D12 # 0 inputs[llama] 
## SPLIT #49: D3D12 # 0 inputs[llama] 
## SPLIT #51: D3D12 # 0 inputs[llama] 
## SPLIT #53: D3D12 # 0 inputs[llama] 
## SPLIT #55: D3D12 # 0 inputs[llama] 
## SPLIT #57: D3D12 # 0 inputs[llama] 
## SPLIT #59: D3D12 # 0 inputs[llama] 
## SPLIT #61: D3D12 # 0 inputs[llama] 
## SPLIT #63: D3D12 # 0 inputs[llama] 
## SPLIT #65: D3D12 # 0 inputs[llama] 
## SPLIT #67: D3D12 # 0 inputs[llama] 
## SPLIT #69: D3D12 # 0 inputs[llama] 
## SPLIT #71: D3D12 # 0 inputs[llama] 
## SPLIT #73: D3D12 # 0 inputs[llama] 
## SPLIT #75: D3D12 # 0 inputs[llama] 
## SPLIT #77: D3D12 # 0 inputs[llama] 
## SPLIT #79: D3D12 # 0 inputs[llama] 
## SPLIT #81: D3D12 # 0 inputs[llama] 
## SPLIT #83: D3D12 # 0 inputs[llama] 
## SPLIT #85: D3D12 # 0 inputs[llama] 
## SPLIT #87: D3D12 # 0 inputs[llama] 
## SPLIT #89: D3D12 # 0 inputs[llama] 
## SPLIT #91: D3D12 # 0 inputs[llama] 
## SPLIT #93: D3D12 # 0 inputs[llama] 
## SPLIT #95: D3D12 # 0 inputs[llama] 
## SPLIT #97: D3D12 # 0 inputs[llama] 
## SPLIT #99: D3D12 # 0 inputs[llama] 
## SPLIT #101: D3D12 # 0 inputs[llama] 
## SPLIT #103: D3D12 # 0 inputs[llama] 
## SPLIT #105: D3D12 # 0 inputs[llama] 
## SPLIT #107: D3D12 # 0 inputs[llama] 
## SPLIT #109: D3D12 # 0 inputs[llama] 
## SPLIT #111: D3D12 # 0 inputs[llama] 
## SPLIT #113: D3D12 # 0 inputs[llama] 
## SPLIT #115: D3D12 # 0 inputs[llama] 
## SPLIT #117: D3D12 # 0 inputs[llama] 
## SPLIT #119: D3D12 # 0 inputs[llama] 
## SPLIT #121: D3D12 # 0 inputs[llama] 
## SPLIT #123: D3D12 # 0 inputs[llama] 
## SPLIT #125: D3D12 # 0 inputs[llama] 
## SPLIT #127: D3D12 # 0 inputs[llama] 
## SPLIT #129: D3D12 # 0 inputs[llama] 
## SPLIT #131: D3D12 # 0 inputs[llama] 
## SPLIT #133: D3D12 # 0 inputs[llama] 
## SPLIT #135: D3D12 # 0 inputs[llama] 
## SPLIT #137: D3D12 # 0 inputs[llama] 
## SPLIT #139: D3D12 # 0 inputs[llama] 
## SPLIT #141: D3D12 # 0 inputs[llama] 
## SPLIT #143: D3D12 # 0 inputs[llama] 
## SPLIT #145: D3D12 # 0 inputs[llama] 
## SPLIT #147: D3D12 # 0 inputs[llama] 
## SPLIT #149: D3D12 # 0 inputs[llama] 
## SPLIT #151: D3D12 # 0 inputs[llama] 
## SPLIT #153: D3D12 # 0 inputs[llama] 
## SPLIT #155: D3D12 # 0 inputs[llama] 
## SPLIT #157: D3D12 # 0 inputs[llama] 
## SPLIT #159: D3D12 # 0 inputs[llama] 
## SPLIT #161: D3D12 # 0 inputs[llama] 
## SPLIT #163: D3D12 # 0 inputs[llama] 
## SPLIT #165: D3D12 # 0 inputs[llama] 
## SPLIT #167: D3D12 # 0 inputs[llama] 
## SPLIT #169: D3D12 # 0 inputs[llama] 
## SPLIT #171: D3D12 # 0 inputs[llama] 
## SPLIT #173: D3D12 # 0 inputs[llama] 
## SPLIT #175: D3D12 # 0 inputs[llama] 
## SPLIT #177: D3D12 # 0 inputs[llama] 
## SPLIT #179: D3D12 # 0 inputs[llama] 
## SPLIT #181: D3D12 # 0 inputs[llama] 
## SPLIT #183: D3D12 # 0 inputs[llama] 
## SPLIT #185: D3D12 # 0 inputs[llama] 
## SPLIT #187: D3D12 # 0 inputs[llama] 
## SPLIT #189: D3D12 # 0 inputs[llama] 
## SPLIT #191: D3D12 # 0 inputs[llama] 
## SPLIT #193: D3D12 # 0 inputs[llama] 
## SPLIT #195: D3D12 # 0 inputs[llama] 
## SPLIT #197: D3D12 # 0 inputs[llama] 
## SPLIT #199: D3D12 # 0 inputs[llama] 
## SPLIT #201: D3D12 # 0 inputs[llama] 
## SPLIT #203: D3D12 # 0 inputs[llama] 
## SPLIT #205: D3D12 # 0 inputs[llama] 
## SPLIT #207: D3D12 # 0 inputs[llama] 
## SPLIT #209: D3D12 # 0 inputs[llama] 
## SPLIT #211: D3D12 # 0 inputs[llama] 
## SPLIT #213: D3D12 # 0 inputs[llama] 
## SPLIT #215: D3D12 # 0 inputs[llama] 
## SPLIT #217: D3D12 # 0 inputs[llama] 
## SPLIT #219: D3D12 # 0 inputs[llama] 
## SPLIT #221: D3D12 # 0 inputs[llama] 
## SPLIT #223: D3D12 # 0 inputs[llama] 
## SPLIT #225: D3D12 # 0 inputs[llama] 
## SPLIT #227: D3D12 # 0 inputs[llama] 
## SPLIT #229: D3D12 # 0 inputs[llama] 
## SPLIT #231: D3D12 # 0 inputs[llama] 
## SPLIT #233: D3D12 # 0 inputs[llama] 
## SPLIT #235: D3D12 # 0 inputs[llama] 
## SPLIT #237: D3D12 # 0 inputs[llama] 
## SPLIT #239: D3D12 # 0 inputs[llama] 
## SPLIT #241: D3D12 # 0 inputs[llama] 
## SPLIT #243: D3D12 # 0 inputs[llama] 
## SPLIT #245: D3D12 # 0 inputs[llama] 
## SPLIT #247: D3D12 # 0 inputs[llama] 
## SPLIT #249: D3D12 # 0 inputs[llama] 
## SPLIT #251: D3D12 # 0 inputs[llama] 
## SPLIT #253: D3D12 # 0 inputs[llama] 
## SPLIT #255: D3D12 # 0 inputs[llama] 
## SPLIT #257: D3D12 # 0 inputs[llama] 
## SPLIT #259: D3D12 # 0 inputs[llama] 
## SPLIT #261: D3D12 # 0 inputs[llama] 
## SPLIT #1: D3D12 # 0 inputs[llama] 
## SPLIT #3: D3D12 # 0 inputs[llama] 
## SPLIT #5: D3D12 # 0 inputs[llama] 
## SPLIT #7: D3D12 # 0 inputs[llama] 
## SPLIT #9: D3D12 # 0 inputs[llama] 
## SPLIT #11: D3D12 # 0 inputs[llama] 
## SPLIT #1: D3D12 # 0 inputs[llama] 
## SPLIT #3: D3D12 # 0 inputs[llama] 
## SPLIT #5: D3D12 # 0 inputs[llama] 
## SPLIT #7: D3D12 # 0 inputs[llama] 
## SPLIT #9: D3D12 # 0 inputs[llama] 
## SPLIT #11: D3D12 # 0 inputs[llama] 
## SPLIT #1: D3D12 # 0 inputs[llama] 
## SPLIT #3: D3D12 # 0 inputs[llama] 
## SPLIT #5: D3D12 # 0 inputs[llama] 
## SPLIT #7: D3D12 # 0 inputs[llama] 
## SPLIT #9: D3D12 # 0 inputs[llama] 
## SPLIT #11: D3D12 # 0 inputs[llama] 
## SPLIT #13: D3D12 # 0 inputs[llama] 
## SPLIT #15: D3D12 # 0 inputs[llama] 
## SPLIT #17: D3D12 # 0 inputs[llama] 
## SPLIT #19: D3D12 # 0 inputs[llama] 
## SPLIT #21: D3D12 # 0 inputs[llama] 
## SPLIT #23: D3D12 # 0 inputs[llama] 
## SPLIT #25: D3D12 # 0 inputs[llama] 
## SPLIT #27: D3D12 # 0 inputs[llama] 
## SPLIT #29: D3D12 # 0 inputs[llama] 
## SPLIT #31: D3D12 # 0 inputs[llama] 
## SPLIT #33: D3D12 # 0 inputs[llama] 
## SPLIT #35: D3D12 # 0 inputs[llama] 
## SPLIT #37: D3D12 # 0 inputs[llama] 
## SPLIT #39: D3D12 # 0 inputs[llama] 
## SPLIT #41: D3D12 # 0 inputs[llama] 
## SPLIT #43: D3D12 # 0 inputs[llama] 
## SPLIT #45: D3D12 # 0 inputs[llama] 
## SPLIT #47: D3D12 # 0 inputs[llama] 
## SPLIT #49: D3D12 # 0 inputs[llama] 
## SPLIT #51: D3D12 # 0 inputs[llama] 
## SPLIT #53: D3D12 # 0 inputs[llama] 
## SPLIT #55: D3D12 # 0 inputs[llama] 
## SPLIT #57: D3D12 # 0 inputs[llama] 
## SPLIT #59: D3D12 # 0 inputs[llama] 
## SPLIT #61: D3D12 # 0 inputs[llama] 
## SPLIT #63: D3D12 # 0 inputs[llama] 
## SPLIT #65: D3D12 # 0 inputs[llama] 
## SPLIT #67: D3D12 # 0 inputs[llama] 
## SPLIT #69: D3D12 # 0 inputs[llama] 
## SPLIT #71: D3D12 # 0 inputs[llama] 
## SPLIT #73: D3D12 # 0 inputs[llama] 
## SPLIT #75: D3D12 # 0 inputs[llama] 
## SPLIT #77: D3D12 # 0 inputs[llama] 
## SPLIT #79: D3D12 # 0 inputs[llama] 
## SPLIT #81: D3D12 # 0 inputs[llama] 
## SPLIT #83: D3D12 # 0 inputs[llama] 
## SPLIT #85: D3D12 # 0 inputs[llama] 
## SPLIT #87: D3D12 # 0 inputs[llama] 
## SPLIT #89: D3D12 # 0 inputs[llama] 
## SPLIT #91: D3D12 # 0 inputs[llama] 
## SPLIT #93: D3D12 # 0 inputs[llama] 
## SPLIT #95: D3D12 # 0 inputs[llama] 
## SPLIT #97: D3D12 # 0 inputs[llama] 
## SPLIT #99: D3D12 # 0 inputs[llama] 
## SPLIT #101: D3D12 # 0 inputs[llama] 
## SPLIT #103: D3D12 # 0 inputs[llama] 
## SPLIT #105: D3D12 # 0 inputs[llama] 
## SPLIT #107: D3D12 # 0 inputs[llama] 
## SPLIT #109: D3D12 # 0 inputs[llama] 
## SPLIT #111: D3D12 # 0 inputs[llama] 
## SPLIT #113: D3D12 # 0 inputs[llama] 
## SPLIT #115: D3D12 # 0 inputs[llama] 
## SPLIT #117: D3D12 # 0 inputs[llama] 
## SPLIT #119: D3D12 # 0 inputs[llama] 
## SPLIT #121: D3D12 # 0 inputs[llama] 
## SPLIT #123: D3D12 # 0 inputs[llama] 
## SPLIT #125: D3D12 # 0 inputs[llama] 
## SPLIT #127: D3D12 # 0 inputs[llama] 
## SPLIT #129: D3D12 # 0 inputs[llama] 
## SPLIT #131: D3D12 # 0 inputs[llama] 
## SPLIT #133: D3D12 # 0 inputs[llama] 
## SPLIT #135: D3D12 # 0 inputs[llama] 
## SPLIT #137: D3D12 # 0 inputs[llama] 
## SPLIT #139: D3D12 # 0 inputs[llama] 
## SPLIT #141: D3D12 # 0 inputs[llama] 
## SPLIT #143: D3D12 # 0 inputs[llama] 
## SPLIT #145: D3D12 # 0 inputs[llama] 
## SPLIT #147: D3D12 # 0 inputs[llama] 
## SPLIT #149: D3D12 # 0 inputs[llama] 
## SPLIT #151: D3D12 # 0 inputs[llama] 
## SPLIT #153: D3D12 # 0 inputs[llama] 
## SPLIT #155: D3D12 # 0 inputs[llama] 
## SPLIT #157: D3D12 # 0 inputs[llama] 
## SPLIT #159: D3D12 # 0 inputs[llama] 
## SPLIT #161: D3D12 # 0 inputs[llama] 
## SPLIT #163: D3D12 # 0 inputs[llama] 
## SPLIT #165: D3D12 # 0 inputs[llama] 
## SPLIT #167: D3D12 # 0 inputs[llama] 
## SPLIT #169: D3D12 # 0 inputs[llama] 
## SPLIT #171: D3D12 # 0 inputs[llama] 
## SPLIT #173: D3D12 # 0 inputs[llama] 
## SPLIT #175: D3D12 # 0 inputs[llama] 
## SPLIT #177: D3D12 # 0 inputs[llama] 
## SPLIT #179: D3D12 # 0 inputs[llama] 
## SPLIT #181: D3D12 # 0 inputs[llama] 
## SPLIT #183: D3D12 # 0 inputs[llama] 
## SPLIT #185: D3D12 # 0 inputs[llama] 
## SPLIT #187: D3D12 # 0 inputs[llama] 
## SPLIT #189: D3D12 # 0 inputs[llama] 
## SPLIT #191: D3D12 # 0 inputs[llama] 
## SPLIT #193: D3D12 # 0 inputs[llama] 
## SPLIT #195: D3D12 # 0 inputs[llama] 
## SPLIT #197: D3D12 # 0 inputs[llama] 
## SPLIT #199: D3D12 # 0 inputs[llama] 
## SPLIT #201: D3D12 # 0 inputs[llama] 
## SPLIT #203: D3D12 # 0 inputs[llama] 
## SPLIT #205: D3D12 # 0 inputs[llama] 
## SPLIT #207: D3D12 # 0 inputs[llama] 
## SPLIT #209: D3D12 # 0 inputs[llama] 
## SPLIT #211: D3D12 # 0 inputs[llama] 
## SPLIT #213: D3D12 # 0 inputs[llama] 
## SPLIT #215: D3D12 # 0 inputs[llama] 
## SPLIT #217: D3D12 # 0 inputs[llama] 
## SPLIT #219: D3D12 # 0 inputs[llama] 
## SPLIT #221: D3D12 # 0 inputs[llama] 
## SPLIT #223: D3D12 # 0 inputs[llama] 
## SPLIT #225: D3D12 # 0 inputs[llama] 
## SPLIT #227: D3D12 # 0 inputs[llama] 
## SPLIT #229: D3D12 # 0 inputs[llama] 
## SPLIT #231: D3D12 # 0 inputs[llama] 
## SPLIT #233: D3D12 # 0 inputs[llama] 
## SPLIT #235: D3D12 # 0 inputs[llama] 
## SPLIT #237: D3D12 # 0 inputs[llama] 
## SPLIT #239: D3D12 # 0 inputs[llama] 
## SPLIT #241: D3D12 # 0 inputs[llama] 
## SPLIT #243: D3D12 # 0 inputs[llama] 
## SPLIT #245: D3D12 # 0 inputs[llama] 
## SPLIT #247: D3D12 # 0 inputs[llama] 
## SPLIT #249: D3D12 # 0 inputs[llama] 
## SPLIT #251: D3D12 # 0 inputs[llama] 
## SPLIT #253: D3D12 # 0 inputs[llama] 
## SPLIT #255: D3D12 # 0 inputs[llama] 
## SPLIT #257: D3D12 # 0 inputs[llama] 
## SPLIT #259: D3D12 # 0 inputs[llama] 
## SPLIT #261: D3D12 # 0 inputs[llama] 
## SPLIT #1: D3D12 # 0 inputs[llama] 
## SPLIT #3: D3D12 # 0 inputs[llama] 
## SPLIT #5: D3D12 # 0 inputs[llama] 
## SPLIT #7: D3D12 # 0 inputs[llama] 
## SPLIT #9: D3D12 # 0 inputs[llama] 
## SPLIT #11: D3D12 # 0 inputs[llama] 
## SPLIT #13: D3D12 # 0 inputs[llama] 
## SPLIT #15: D3D12 # 0 inputs[llama] 
## SPLIT #17: D3D12 # 0 inputs[llama] 
## SPLIT #19: D3D12 # 0 inputs[llama] 
## SPLIT #21: D3D12 # 0 inputs[llama] 
## SPLIT #23: D3D12 # 0 inputs[llama] 
## SPLIT #25: D3D12 # 0 inputs[llama] 
## SPLIT #27: D3D12 # 0 inputs[llama] 
## SPLIT #29: D3D12 # 0 inputs[llama] 
## SPLIT #31: D3D12 # 0 inputs[llama] 
## SPLIT #33: D3D12 # 0 inputs[llama] 
## SPLIT #35: D3D12 # 0 inputs[llama] 
## SPLIT #37: D3D12 # 0 inputs[llama] 
## SPLIT #39: D3D12 # 0 inputs[llama] 
## SPLIT #41: D3D12 # 0 inputs[llama] 
## SPLIT #43: D3D12 # 0 inputs[llama] 
## SPLIT #45: D3D12 # 0 inputs[llama] 
## SPLIT #47: D3D12 # 0 inputs[llama] 
## SPLIT #49: D3D12 # 0 inputs[llama] 
## SPLIT #51: D3D12 # 0 inputs[llama] 
## SPLIT #53: D3D12 # 0 inputs[llama] 
## SPLIT #55: D3D12 # 0 inputs[llama] 
## SPLIT #57: D3D12 # 0 inputs[llama] 
## SPLIT #59: D3D12 # 0 inputs[llama] 
## SPLIT #61: D3D12 # 0 inputs[llama] 
## SPLIT #63: D3D12 # 0 inputs[llama] 
## SPLIT #65: D3D12 # 0 inputs[llama] 
## SPLIT #67: D3D12 # 0 inputs[llama] 
## SPLIT #69: D3D12 # 0 inputs[llama] 
## SPLIT #71: D3D12 # 0 inputs[llama] 
## SPLIT #73: D3D12 # 0 inputs[llama] 
## SPLIT #75: D3D12 # 0 inputs[llama] 
## SPLIT #77: D3D12 # 0 inputs[llama] 
## SPLIT #79: D3D12 # 0 inputs[llama] 
## SPLIT #81: D3D12 # 0 inputs[llama] 
## SPLIT #83: D3D12 # 0 inputs[llama] 
## SPLIT #85: D3D12 # 0 inputs[llama] 
## SPLIT #87: D3D12 # 0 inputs[llama] 
## SPLIT #89: D3D12 # 0 inputs[llama] 
## SPLIT #91: D3D12 # 0 inputs[llama] 
## SPLIT #93: D3D12 # 0 inputs[llama] 
## SPLIT #95: D3D12 # 0 inputs[llama] 
## SPLIT #97: D3D12 # 0 inputs[llama] 
## SPLIT #99: D3D12 # 0 inputs[llama] 
## SPLIT #101: D3D12 # 0 inputs[llama] 
## SPLIT #103: D3D12 # 0 inputs[llama] 
## SPLIT #105: D3D12 # 0 inputs[llama] 
## SPLIT #107: D3D12 # 0 inputs[llama] 
## SPLIT #109: D3D12 # 0 inputs[llama] 
## SPLIT #111: D3D12 # 0 inputs[llama] 
## SPLIT #113: D3D12 # 0 inputs[llama] 
## SPLIT #115: D3D12 # 0 inputs[llama] 
## SPLIT #117: D3D12 # 0 inputs[llama] 
## SPLIT #119: D3D12 # 0 inputs[llama] 
## SPLIT #121: D3D12 # 0 inputs[llama] 
## SPLIT #123: D3D12 # 0 inputs[llama] 
## SPLIT #125: D3D12 # 0 inputs[llama] 
## SPLIT #127: D3D12 # 0 inputs[llama] 
## SPLIT #129: D3D12 # 0 inputs[llama] 
## SPLIT #131: D3D12 # 0 inputs[llama] 
## SPLIT #133: D3D12 # 0 inputs[llama] 
## SPLIT #135: D3D12 # 0 inputs[llama] 
## SPLIT #137: D3D12 # 0 inputs[llama] 
## SPLIT #139: D3D12 # 0 inputs[llama] 
## SPLIT #141: D3D12 # 0 inputs[llama] 
## SPLIT #143: D3D12 # 0 inputs[llama] 
## SPLIT #145: D3D12 # 0 inputs[llama] 
## SPLIT #147: D3D12 # 0 inputs[llama] 
## SPLIT #149: D3D12 # 0 inputs[llama] 
## SPLIT #151: D3D12 # 0 inputs[llama] 
## SPLIT #153: D3D12 # 0 inputs[llama] 
## SPLIT #155: D3D12 # 0 inputs[llama] 
## SPLIT #157: D3D12 # 0 inputs[llama] 
## SPLIT #159: D3D12 # 0 inputs[llama] 
## SPLIT #161: D3D12 # 0 inputs[llama] 
## SPLIT #163: D3D12 # 0 inputs[llama] 
## SPLIT #165: D3D12 # 0 inputs[llama] 
## SPLIT #167: D3D12 # 0 inputs[llama] 
## SPLIT #169: D3D12 # 0 inputs[llama] 
## SPLIT #171: D3D12 # 0 inputs[llama] 
## SPLIT #173: D3D12 # 0 inputs[llama] 
## SPLIT #175: D3D12 # 0 inputs[llama] 
## SPLIT #177: D3D12 # 0 inputs[llama] 
## SPLIT #179: D3D12 # 0 inputs[llama] 
## SPLIT #181: D3D12 # 0 inputs[llama] 
## SPLIT #183: D3D12 # 0 inputs[llama] 
## SPLIT #185: D3D12 # 0 inputs[llama] 
## SPLIT #187: D3D12 # 0 inputs[llama] 
## SPLIT #189: D3D12 # 0 inputs[llama] 
## SPLIT #191: D3D12 # 0 inputs[llama] 
## SPLIT #193: D3D12 # 0 inputs[llama] 
## SPLIT #195: D3D12 # 0 inputs[llama] 
## SPLIT #197: D3D12 # 0 inputs[llama] 
## SPLIT #199: D3D12 # 0 inputs[llama] 
## SPLIT #201: D3D12 # 0 inputs[llama] 
## SPLIT #203: D3D12 # 0 inputs[llama] 
## SPLIT #205: D3D12 # 0 inputs[llama] 
## SPLIT #207: D3D12 # 0 inputs[llama] 
## SPLIT #209: D3D12 # 0 inputs[llama] 
## SPLIT #211: D3D12 # 0 inputs[llama] 
## SPLIT #213: D3D12 # 0 inputs[llama] 
## SPLIT #215: D3D12 # 0 inputs[llama] 
## SPLIT #217: D3D12 # 0 inputs[llama] 
## SPLIT #219: D3D12 # 0 inputs[llama] 
## SPLIT #221: D3D12 # 0 inputs[llama] 
## SPLIT #223: D3D12 # 0 inputs[llama] 
## SPLIT #225: D3D12 # 0 inputs[llama] 
## SPLIT #227: D3D12 # 0 inputs[llama] 
## SPLIT #229: D3D12 # 0 inputs[llama] 
## SPLIT #231: D3D12 # 0 inputs[llama] 
## SPLIT #233: D3D12 # 0 inputs[llama] 
## SPLIT #235: D3D12 # 0 inputs[llama] 
## SPLIT #237: D3D12 # 0 inputs[llama] 
## SPLIT #239: D3D12 # 0 inputs[llama] 
## SPLIT #241: D3D12 # 0 inputs[llama] 
## SPLIT #243: D3D12 # 0 inputs[llama] 
## SPLIT #245: D3D12 # 0 inputs[llama] 
## SPLIT #247: D3D12 # 0 inputs[llama] 
## SPLIT #249: D3D12 # 0 inputs[llama] 
## SPLIT #251: D3D12 # 0 inputs[llama] 
## SPLIT #253: D3D12 # 0 inputs[llama] 
## SPLIT #255: D3D12 # 0 inputs[llama] 
## SPLIT #257: D3D12 # 0 inputs[llama] 
## SPLIT #259: D3D12 # 0 inputs[llama] 
## SPLIT #261: D3D12 # 0 inputs[llama] 
## SPLIT #1: D3D12 # 0 inputs[llama] 
## SPLIT #3: D3D12 # 0 inputs[llama] 
## SPLIT #5: D3D12 # 0 inputs[llama] 
## SPLIT #7: D3D12 # 0 inputs[llama] 
## SPLIT #9: D3D12 # 0 inputs[llama] 
## SPLIT #11: D3D12 # 0 inputs[llama] 
## SPLIT #1: D3D12 # 0 inputs[llama] 
## SPLIT #3: D3D12 # 0 inputs[llama] 
## SPLIT #5: D3D12 # 0 inputs[llama] 
## SPLIT #7: D3D12 # 0 inputs[llama] 
## SPLIT #9: D3D12 # 0 inputs[llama] 
## SPLIT #11: D3D12 # 0 inputs[llama] 
## SPLIT #1: D3D12 # 0 inputs[llama] 
## SPLIT #3: D3D12 # 0 inputs[llama] 
## SPLIT #5: D3D12 # 0 inputs[llama] 
## SPLIT #7: D3D12 # 0 inputs[llama] 
## SPLIT #9: D3D12 # 0 inputs[llama] 
## SPLIT #11: D3D12 # 0 inputs[llama] 
## SPLIT #13: D3D12 # 0 inputs[llama] 
## SPLIT #15: D3D12 # 0 inputs[llama] 
## SPLIT #17: D3D12 # 0 inputs[llama] 
## SPLIT #19: D3D12 # 0 inputs[llama] 
## SPLIT #21: D3D12 # 0 inputs[llama] 
## SPLIT #23: D3D12 # 0 inputs[llama] 
## SPLIT #25: D3D12 # 0 inputs[llama] 
## SPLIT #27: D3D12 # 0 inputs[llama] 
## SPLIT #29: D3D12 # 0 inputs[llama] 
## SPLIT #31: D3D12 # 0 inputs[llama] 
## SPLIT #33: D3D12 # 0 inputs[llama] 
## SPLIT #35: D3D12 # 0 inputs[llama] 
## SPLIT #37: D3D12 # 0 inputs[llama] 
## SPLIT #39: D3D12 # 0 inputs[llama] 
## SPLIT #41: D3D12 # 0 inputs[llama] 
## SPLIT #43: D3D12 # 0 inputs[llama] 
## SPLIT #45: D3D12 # 0 inputs[llama] 
## SPLIT #47: D3D12 # 0 inputs[llama] 
## SPLIT #49: D3D12 # 0 inputs[llama] 
## SPLIT #51: D3D12 # 0 inputs[llama] 
## SPLIT #53: D3D12 # 0 inputs[llama] 
## SPLIT #55: D3D12 # 0 inputs[llama] 
## SPLIT #57: D3D12 # 0 inputs[llama] 
## SPLIT #59: D3D12 # 0 inputs[llama] 
## SPLIT #61: D3D12 # 0 inputs[llama] 
## SPLIT #63: D3D12 # 0 inputs[llama] 
## SPLIT #65: D3D12 # 0 inputs[llama] 
## SPLIT #67: D3D12 # 0 inputs[llama] 
## SPLIT #69: D3D12 # 0 inputs[llama] 
## SPLIT #71: D3D12 # 0 inputs[llama] 
## SPLIT #73: D3D12 # 0 inputs[llama] 
## SPLIT #75: D3D12 # 0 inputs[llama] 
## SPLIT #77: D3D12 # 0 inputs[llama] 
## SPLIT #79: D3D12 # 0 inputs[llama] 
## SPLIT #81: D3D12 # 0 inputs[llama] 
## SPLIT #83: D3D12 # 0 inputs[llama] 
## SPLIT #85: D3D12 # 0 inputs[llama] 
## SPLIT #87: D3D12 # 0 inputs[llama] 
## SPLIT #89: D3D12 # 0 inputs[llama] 
## SPLIT #91: D3D12 # 0 inputs[llama] 
## SPLIT #93: D3D12 # 0 inputs[llama] 
## SPLIT #95: D3D12 # 0 inputs[llama] 
## SPLIT #97: D3D12 # 0 inputs[llama] 
## SPLIT #99: D3D12 # 0 inputs[llama] 
## SPLIT #101: D3D12 # 0 inputs[llama] 
## SPLIT #103: D3D12 # 0 inputs[llama] 
## SPLIT #105: D3D12 # 0 inputs[llama] 
## SPLIT #107: D3D12 # 0 inputs[llama] 
## SPLIT #109: D3D12 # 0 inputs[llama] 
## SPLIT #111: D3D12 # 0 inputs[llama] 
## SPLIT #113: D3D12 # 0 inputs[llama] 
## SPLIT #115: D3D12 # 0 inputs[llama] 
## SPLIT #117: D3D12 # 0 inputs[llama] 
## SPLIT #119: D3D12 # 0 inputs[llama] 
## SPLIT #121: D3D12 # 0 inputs[llama] 
## SPLIT #123: D3D12 # 0 inputs[llama] 
## SPLIT #125: D3D12 # 0 inputs[llama] 
## SPLIT #127: D3D12 # 0 inputs[llama] 
## SPLIT #129: D3D12 # 0 inputs[llama] 
## SPLIT #131: D3D12 # 0 inputs[llama] 
## SPLIT #133: D3D12 # 0 inputs[llama] 
## SPLIT #135: D3D12 # 0 inputs[llama] 
## SPLIT #137: D3D12 # 0 inputs[llama] 
## SPLIT #139: D3D12 # 0 inputs[llama] 
## SPLIT #141: D3D12 # 0 inputs[llama] 
## SPLIT #143: D3D12 # 0 inputs[llama] 
## SPLIT #145: D3D12 # 0 inputs[llama] 
## SPLIT #147: D3D12 # 0 inputs[llama] 
## SPLIT #149: D3D12 # 0 inputs[llama] 
## SPLIT #151: D3D12 # 0 inputs[llama] 
## SPLIT #153: D3D12 # 0 inputs[llama] 
## SPLIT #155: D3D12 # 0 inputs[llama] 
## SPLIT #157: D3D12 # 0 inputs[llama] 
## SPLIT #159: D3D12 # 0 inputs[llama] 
## SPLIT #161: D3D12 # 0 inputs[llama] 
## SPLIT #163: D3D12 # 0 inputs[llama] 
## SPLIT #165: D3D12 # 0 inputs[llama] 
## SPLIT #167: D3D12 # 0 inputs[llama] 
## SPLIT #169: D3D12 # 0 inputs[llama] 
## SPLIT #171: D3D12 # 0 inputs[llama] 
## SPLIT #173: D3D12 # 0 inputs[llama] 
## SPLIT #175: D3D12 # 0 inputs[llama] 
## SPLIT #177: D3D12 # 0 inputs[llama] 
## SPLIT #179: D3D12 # 0 inputs[llama] 
## SPLIT #181: D3D12 # 0 inputs[llama] 
## SPLIT #183: D3D12 # 0 inputs[llama] 
## SPLIT #185: D3D12 # 0 inputs[llama] 
## SPLIT #187: D3D12 # 0 inputs[llama] 
## SPLIT #189: D3D12 # 0 inputs[llama] 
## SPLIT #191: D3D12 # 0 inputs[llama] 
## SPLIT #193: D3D12 # 0 inputs[llama] 
## SPLIT #195: D3D12 # 0 inputs[llama] 
## SPLIT #197: D3D12 # 0 inputs[llama] 
## SPLIT #199: D3D12 # 0 inputs[llama] 
## SPLIT #201: D3D12 # 0 inputs[llama] 
## SPLIT #203: D3D12 # 0 inputs[llama] 
## SPLIT #205: D3D12 # 0 inputs[llama] 
## SPLIT #207: D3D12 # 0 inputs[llama] 
## SPLIT #209: D3D12 # 0 inputs[llama] 
## SPLIT #211: D3D12 # 0 inputs[llama] 
## SPLIT #213: D3D12 # 0 inputs[llama] 
## SPLIT #215: D3D12 # 0 inputs[llama] 
## SPLIT #217: D3D12 # 0 inputs[llama] 
## SPLIT #219: D3D12 # 0 inputs[llama] 
## SPLIT #221: D3D12 # 0 inputs[llama] 
## SPLIT #223: D3D12 # 0 inputs[llama] 
## SPLIT #225: D3D12 # 0 inputs[llama] 
## SPLIT #227: D3D12 # 0 inputs[llama] 
## SPLIT #229: D3D12 # 0 inputs[llama] 
## SPLIT #231: D3D12 # 0 inputs[llama] 
## SPLIT #233: D3D12 # 0 inputs[llama] 
## SPLIT #235: D3D12 # 0 inputs[llama] 
## SPLIT #237: D3D12 # 0 inputs[llama] 
## SPLIT #239: D3D12 # 0 inputs[llama] 
## SPLIT #241: D3D12 # 0 inputs[llama] 
## SPLIT #243: D3D12 # 0 inputs[llama] 
## SPLIT #245: D3D12 # 0 inputs[llama] 
## SPLIT #247: D3D12 # 0 inputs[llama] 
## SPLIT #249: D3D12 # 0 inputs[llama] 
## SPLIT #251: D3D12 # 0 inputs[llama] 
## SPLIT #253: D3D12 # 0 inputs[llama] 
## SPLIT #255: D3D12 # 0 inputs[llama] 
## SPLIT #257: D3D12 # 0 inputs[llama] 
## SPLIT #259: D3D12 # 0 inputs[llama] 
## SPLIT #261: D3D12 # 0 inputs[xllama] done: load=4819ms prompt=55.5 tok/s decode=16.4 tok/s peak=4295MB drafted=22 spec_accept=21
[xllama] MTP_STATS rounds=14 decodes=106 discarded=42 catchup_tok=63 draft_ms=0.0 sample_ms=0.0 topprob_ms=0.0 catchup_ms=0.0 verify_ms=0.0 corrective_ms=0.0
[xllama] output: len=359 fnv1a=9afedad1ffe7c19e
[xllama] tokens dumped to Q:\Users\UserMgr1\AppData\Local\Packages\GianlucaMazza.xllama_pj67f1fcj4n14\LocalState\bench-tokens-1.txt
[llama] ~llama_context: D3D12_Host compute buffer size is   5.8489 MiB, matches expectation of   5.8489 MiB
[llama] ~llama_context: D3D12_Host compute buffer size is   0.0000 MiB, matches expectation of   0.0000 MiB
[xllama] d3d12: 6526 graph_compute calls, 8232 matmuls (1251 2col), 2113.3 ms wall (1596.1 ms GPU)
[llama] ~llama_context: D3D12_Host compute buffer size is 504.0198 MiB, matches expectation of 504.0198 MiB
[llama] ~llama_context: D3D12_Host compute buffer size is   0.0000 MiB, matches expectation of   0.0000 MiB
[xllama] d3d12: 0 graph_compute calls, 0 matmuls (0 2col), 0.0 ms wall (0.0 ms GPU)
[xllama] MTP_ACTIVE n_drafted=22 n_spec_accepted=21
[xllama] bench-result.csv written
[xllama] headless bench: done, exiting
[xllama] bench.flag detected -> headless bench mode
[xllama] headless bench: starting
[xllama] main_loop: cpurepackforcegemv.txt='2' -> repack control scope 2 (all small)
[xllama] main_loop: d3d12spinwait.txt='(absent)' -> spin_wait_us=-1 (default unbounded spin)
[xllama] main_loop: ggmlprof.txt='(absent)' -> none (default)
[xllama] bench: d3d12twocol.txt='auto' -> kernel variant 2 (prev 0)
[xllama] bench: prompt.txt 374 bytes
[xllama] bench model: qwen35-4b-mtp
[xllama] bench prompt: <|im_start|>system
You are a helpful AI assistant.<|im_end|>
<|im_start|>user
Me...
[xllama] bench tokens sidecar: bench-tokens-1.txt
[xllama] bench sampling: greedy=1 seed=1 temp=0.80 top_p=0.90 top_k=40
[xllama] gguf gpu layers: 28 on D3D12
[llama] llama_model_loader: mmap is not supported on this platform
[llama] llama_prepare_model_devices: using device D3D12 (xllama D3D12 compute (Q4_0/Q4_K/Q5_K/Q6_K matmul)) (unknown id) - 4129 MiB free
[llama] load_tensors: layer   6 assigned to device D3D12, is_swa = 0
[llama] load_tensors: layer   7 assigned to device D3D12, is_swa = 0
[llama] load_tensors: layer   8 assigned to device D3D12, is_swa = 0
[llama] load_tensors: layer   9 assigned to device D3D12, is_swa = 0
[llama] load_tensors: layer  10 assigned to device D3D12, is_swa = 0
[llama] load_tensors: layer  11 assigned to device D3D12, is_swa = 0
[llama] load_tensors: layer  12 assigned to device D3D12, is_swa = 0
[llama] load_tensors: layer  13 assigned to device D3D12, is_swa = 0
[llama] load_tensors: layer  14 assigned to device D3D12, is_swa = 0
[llama] load_tensors: layer  15 assigned to device D3D12, is_swa = 0
[llama] load_tensors: layer  16 assigned to device D3D12, is_swa = 0
[llama] load_tensors: layer  17 assigned to device D3D12, is_swa = 0
[llama] load_tensors: layer  18 assigned to device D3D12, is_swa = 0
[llama] load_tensors: layer  19 assigned to device D3D12, is_swa = 0
[llama] load_tensors: layer  20 assigned to device D3D12, is_swa = 0
[llama] load_tensors: layer  21 assigned to device D3D12, is_swa = 0
[llama] load_tensors: layer  22 assigned to device D3D12, is_swa = 0
[llama] load_tensors: layer  23 assigned to device D3D12, is_swa = 0
[llama] load_tensors: layer  24 assigned to device D3D12, is_swa = 0
[llama] load_tensors: layer  25 assigned to device D3D12, is_swa = 0
[llama] load_tensors: layer  26 assigned to device D3D12, is_swa = 0
[llama] load_tensors: layer  27 assigned to device D3D12, is_swa = 0
[llama] load_tensors: layer  28 assigned to device D3D12, is_swa = 0
[llama] load_tensors: layer  29 assigned to device D3D12, is_swa = 0
[llama] load_tensors: layer  30 assigned to device D3D12, is_swa = 0
[llama] load_tensors: layer  31 assigned to device D3D12, is_swa = 0
[llama] load_tensors: layer  32 assigned to device D3D12, is_swa = 0
[llama] load_tensors: layer  33 assigned to device D3D12, is_swa = 0
[xllama] d3d12: MUL_MAT refused: f32 2560x32 x [2560,512,1,1] src1=f32 dst=f32
[llama] model has unused tensor blk.32.attn_norm.weight (size = 10240 bytes) -- ignoring
[llama] model has unused tensor blk.32.post_attention_norm.weight (size = 10240 bytes) -- ignoring
[llama] model has unused tensor blk.32.attn_q.weight (size = 11796480 bytes) -- ignoring
[llama] model has unused tensor blk.32.attn_k.weight (size = 1474560 bytes) -- ignoring
[llama] model has unused tensor blk.32.attn_v.weight (size = 2150400 bytes) -- ignoring
[llama] model has unused tensor blk.32.attn_output.weight (size = 5898240 bytes) -- ignoring
[llama] model has unused tensor blk.32.attn_q_norm.weight (size = 1024 bytes) -- ignoring
[llama] model has unused tensor blk.32.attn_k_norm.weight (size = 1024 bytes) -- ignoring
[llama] model has unused tensor blk.32.ffn_gate.weight (size = 13271040 bytes) -- ignoring
[llama] model has unused tensor blk.32.ffn_down.weight (size = 19353600 bytes) -- ignoring
[llama] model has unused tensor blk.32.ffn_up.weight (size = 13271040 bytes) -- ignoring
[llama] model has unused tensor blk.32.nextn.eh_proj.weight (size = 13926400 bytes) -- ignoring
[llama] model has unused tensor blk.32.nextn.enorm.weight (size = 10240 bytes) -- ignoring
[llama] model has unused tensor blk.32.nextn.hnorm.weight (size = 10240 bytes) -- ignoring
[llama] model has unused tensor blk.32.nextn.shared_head_norm.weight (size = 10240 bytes) -- ignoring
[xllama] d3d12: D3D12_Weights buffer 2191.6 MiB
[llama] load_tensors: offloading output layer to GPU
[llama] load_tensors: offloading 27 repeating layers to GPU
[llama] load_tensors: offloaded 28/34 layers to GPU
[llama] load_tensors:          CPU model buffer size =   675.46 MiB
[llama] load_tensors:   CPU_REPACK model buffer size =   246.09 MiB
[llama] load_tensors: D3D12_Weights model buffer size =  2191.55 MiB
[llama] load_all_data: buffer type D3D12_Weights is not the default buffer type for device D3D12 for async uploads
[xllama] model loaded
[xllama] gpu-mem post-load: current=2209MB budget=4147MB
[llama] llama_context: D3D12_Host  output buffer size =     0.95 MiB
[llama] llama_kv_cache:        CPU KV buffer size =    64.00 MiB
[llama] llama_memory_recurrent:        CPU RS buffer size =    50.25 MiB
[llama] resolve_fused_ops: layer 7 is assigned to device D3D12 but Flash Attention is assigned to device CPU (usually due to missing support)
[llama] resolve_fused_ops: Flash Attention not supported, set to disabled
[xllama] d3d12: D3D12_Host buffer 504.0 MiB
[llama] sched_reserve: D3D12_Host compute buffer size =   504.02 MiB
[llama] sched_reserve: graph splits = 262
[xllama] prompt tokens: 119
[llama] [xllama] repack ctrl scope=2 M=4096 K=2560 nrows=1 quant=scalar-all compute=gemv-all forced=1
[llama] [xllama] repack ctrl scope=2 M=9216 K=2560 nrows=1 quant=scalar-all compute=gemv-all forced=1
[llama] [xllama] repack ctrl scope=2 M=9216 K=2560 nrows=1 quant=scalar-all compute=gemv-all forced=1
[llama] [xllama] repack ctrl scope=2 M=4096 K=2560 nrows=1 quant=scalar-all compute=gemv-all forced=1
[llama] [xllama] repack ctrl scope=2 M=9216 K=2560 nrows=1 quant=scalar-all compute=gemv-all forced=1
[llama] [xllama] repack ctrl scope=2 M=9216 K=2560 nrows=1 quant=scalar-all compute=gemv-all forced=1
[llama] [xllama] repack ctrl scope=2 M=4096 K=2560 nrows=1 quant=scalar-all compute=gemv-all forced=1
[llama] [xllama] repack ctrl scope=2 M=9216 K=2560 nrows=1 quant=scalar-all compute=gemv-all forced=1
[llama] [xllama] repack ctrl scope=2 M=9216 K=2560 nrows=1 quant=scalar-all compute=gemv-all forced=1
[llama] [xllama] repack ctrl scope=2 M=8192 K=2560 nrows=1 quant=scalar-all compute=gemv-all forced=1
[llama] [xllama] repack ctrl scope=2 M=1024 K=2560 nrows=1 quant=scalar-all compute=gemv-all forced=1
[llama] [xllama] repack ctrl scope=2 M=2560 K=4096 nrows=1 quant=scalar-all compute=gemv-all forced=1
[llama] [xllama] repack ctrl scope=2 M=9216 K=2560 nrows=1 quant=scalar-all compute=gemv-all forced=1
[llama] [xllama] repack ctrl scope=2 M=9216 K=2560 nrows=1 quant=scalar-all compute=gemv-all forced=1
[llama] [xllama] repack ctrl scope=2 M=8192 K=2560 nrows=1 quant=scalar-all compute=gemv-all forced=1
[llama] [xllama] repack ctrl scope=2 M=4096 K=2560 nrows=1 quant=scalar-all compute=gemv-all forced=1
[xllama] done: load=6477ms prompt=65.8 tok/s decode=16.7 tok/s peak=3915MB drafted=0 spec_accept=0
[xllama] output: len=359 fnv1a=9afedad1ffe7c19e
[xllama] tokens dumped to Q:\Users\UserMgr1\AppData\Local\Packages\GianlucaMazza.xllama_pj67f1fcj4n14\LocalState\bench-tokens-1.txt
[llama] ~llama_context: D3D12_Host compute buffer size is 504.0198 MiB, matches expectation of 504.0198 MiB
[llama] ~llama_context: D3D12_Host compute buffer size is   0.0000 MiB, matches expectation of   0.0000 MiB
[xllama] d3d12: 8515 graph_compute calls, 10660 matmuls (0 2col), 1759.1 ms wall (1134.7 ms GPU)
[xllama] bench-result.csv written
[xllama] headless bench: done, exiting
[xllama] bench.flag detected -> headless bench mode
[xllama] headless bench: starting
[xllama] main_loop: cpurepackforcegemv.txt='2' -> repack control scope 2 (all small)
[xllama] main_loop: d3d12spinwait.txt='(absent)' -> spin_wait_us=-1 (default unbounded spin)
[xllama] main_loop: ggmlprof.txt='(absent)' -> none (default)
[xllama] bench: d3d12twocol.txt='auto' -> kernel variant 2 (prev 0)
[xllama] bench: prompt.txt 374 bytes
[xllama] bench model: qwen35-4b-mtp
[xllama] bench prompt: <|im_start|>system
You are a helpful AI assistant.<|im_end|>
<|im_start|>user
Me...
[xllama] bench tokens sidecar: bench-tokens-2.txt
[xllama] bench sampling: greedy=1 seed=1 temp=0.80 top_p=0.90 top_k=40
[xllama] gguf gpu layers: 28 on D3D12
[llama] llama_model_loader: mmap is not supported on this platform
[llama] llama_prepare_model_devices: using device D3D12 (xllama D3D12 compute (Q4_0/Q4_K/Q5_K/Q6_K matmul)) (unknown id) - 4129 MiB free
[llama] load_tensors: layer   6 assigned to device D3D12, is_swa = 0
[llama] load_tensors: layer   7 assigned to device D3D12, is_swa = 0
[llama] load_tensors: layer   8 assigned to device D3D12, is_swa = 0
[llama] load_tensors: layer   9 assigned to device D3D12, is_swa = 0
[llama] load_tensors: layer  10 assigned to device D3D12, is_swa = 0
[llama] load_tensors: layer  11 assigned to device D3D12, is_swa = 0
[llama] load_tensors: layer  12 assigned to device D3D12, is_swa = 0
[llama] load_tensors: layer  13 assigned to device D3D12, is_swa = 0
[llama] load_tensors: layer  14 assigned to device D3D12, is_swa = 0
[llama] load_tensors: layer  15 assigned to device D3D12, is_swa = 0
[llama] load_tensors: layer  16 assigned to device D3D12, is_swa = 0
[llama] load_tensors: layer  17 assigned to device D3D12, is_swa = 0
[llama] load_tensors: layer  18 assigned to device D3D12, is_swa = 0
[llama] load_tensors: layer  19 assigned to device D3D12, is_swa = 0
[llama] load_tensors: layer  20 assigned to device D3D12, is_swa = 0
[llama] load_tensors: layer  21 assigned to device D3D12, is_swa = 0
[llama] load_tensors: layer  22 assigned to device D3D12, is_swa = 0
[llama] load_tensors: layer  23 assigned to device D3D12, is_swa = 0
[llama] load_tensors: layer  24 assigned to device D3D12, is_swa = 0
[llama] load_tensors: layer  25 assigned to device D3D12, is_swa = 0
[llama] load_tensors: layer  26 assigned to device D3D12, is_swa = 0
[llama] load_tensors: layer  27 assigned to device D3D12, is_swa = 0
[llama] load_tensors: layer  28 assigned to device D3D12, is_swa = 0
[llama] load_tensors: layer  29 assigned to device D3D12, is_swa = 0
[llama] load_tensors: layer  30 assigned to device D3D12, is_swa = 0
[llama] load_tensors: layer  31 assigned to device D3D12, is_swa = 0
[llama] load_tensors: layer  32 assigned to device D3D12, is_swa = 0
[llama] load_tensors: layer  33 assigned to device D3D12, is_swa = 0
[xllama] d3d12: MUL_MAT refused: f32 2560x32 x [2560,512,1,1] src1=f32 dst=f32
[llama] model has unused tensor blk.32.attn_norm.weight (size = 10240 bytes) -- ignoring
[llama] model has unused tensor blk.32.post_attention_norm.weight (size = 10240 bytes) -- ignoring
[llama] model has unused tensor blk.32.attn_q.weight (size = 11796480 bytes) -- ignoring
[llama] model has unused tensor blk.32.attn_k.weight (size = 1474560 bytes) -- ignoring
[llama] model has unused tensor blk.32.attn_v.weight (size = 2150400 bytes) -- ignoring
[llama] model has unused tensor blk.32.attn_output.weight (size = 5898240 bytes) -- ignoring
[llama] model has unused tensor blk.32.attn_q_norm.weight (size = 1024 bytes) -- ignoring
[llama] model has unused tensor blk.32.attn_k_norm.weight (size = 1024 bytes) -- ignoring
[llama] model has unused tensor blk.32.ffn_gate.weight (size = 13271040 bytes) -- ignoring
[llama] model has unused tensor blk.32.ffn_down.weight (size = 19353600 bytes) -- ignoring
[llama] model has unused tensor blk.32.ffn_up.weight (size = 13271040 bytes) -- ignoring
[llama] model has unused tensor blk.32.nextn.eh_proj.weight (size = 13926400 bytes) -- ignoring
[llama] model has unused tensor blk.32.nextn.enorm.weight (size = 10240 bytes) -- ignoring
[llama] model has unused tensor blk.32.nextn.hnorm.weight (size = 10240 bytes) -- ignoring
[llama] model has unused tensor blk.32.nextn.shared_head_norm.weight (size = 10240 bytes) -- ignoring
[xllama] d3d12: D3D12_Weights buffer 2191.6 MiB
[llama] load_tensors: offloading output layer to GPU
[llama] load_tensors: offloading 27 repeating layers to GPU
[llama] load_tensors: offloaded 28/34 layers to GPU
[llama] load_tensors:          CPU model buffer size =   675.46 MiB
[llama] load_tensors:   CPU_REPACK model buffer size =   246.09 MiB
[llama] load_tensors: D3D12_Weights model buffer size =  2191.55 MiB
[llama] load_all_data: buffer type D3D12_Weights is not the default buffer type for device D3D12 for async uploads
[xllama] model loaded
[xllama] gpu-mem post-load: current=2209MB budget=4147MB
[llama] llama_context: D3D12_Host  output buffer size =     0.95 MiB
[llama] llama_kv_cache:        CPU KV buffer size =    64.00 MiB
[llama] llama_memory_recurrent:        CPU RS buffer size =    50.25 MiB
[llama] resolve_fused_ops: layer 7 is assigned to device D3D12 but Flash Attention is assigned to device CPU (usually due to missing support)
[llama] resolve_fused_ops: Flash Attention not supported, set to disabled
[xllama] d3d12: D3D12_Host buffer 504.0 MiB
[llama] sched_reserve: D3D12_Host compute buffer size =   504.02 MiB
[llama] sched_reserve: graph splits = 262
[xllama] prompt tokens: 119
[llama] [xllama] repack ctrl scope=2 M=4096 K=2560 nrows=1 quant=scalar-all compute=gemv-all forced=1
[llama] [xllama] repack ctrl scope=2 M=9216 K=2560 nrows=1 quant=scalar-all compute=gemv-all forced=1
[llama] [xllama] repack ctrl scope=2 M=9216 K=2560 nrows=1 quant=scalar-all compute=gemv-all forced=1
[llama] [xllama] repack ctrl scope=2 M=4096 K=2560 nrows=1 quant=scalar-all compute=gemv-all forced=1
[llama] [xllama] repack ctrl scope=2 M=9216 K=2560 nrows=1 quant=scalar-all compute=gemv-all forced=1
[llama] [xllama] repack ctrl scope=2 M=9216 K=2560 nrows=1 quant=scalar-all compute=gemv-all forced=1
[llama] [xllama] repack ctrl scope=2 M=4096 K=2560 nrows=1 quant=scalar-all compute=gemv-all forced=1
[llama] [xllama] repack ctrl scope=2 M=9216 K=2560 nrows=1 quant=scalar-all compute=gemv-all forced=1
[llama] [xllama] repack ctrl scope=2 M=9216 K=2560 nrows=1 quant=scalar-all compute=gemv-all forced=1
[llama] [xllama] repack ctrl scope=2 M=8192 K=2560 nrows=1 quant=scalar-all compute=gemv-all forced=1
[llama] [xllama] repack ctrl scope=2 M=1024 K=2560 nrows=1 quant=scalar-all compute=gemv-all forced=1
[llama] [xllama] repack ctrl scope=2 M=2560 K=4096 nrows=1 quant=scalar-all compute=gemv-all forced=1
[llama] [xllama] repack ctrl scope=2 M=9216 K=2560 nrows=1 quant=scalar-all compute=gemv-all forced=1
[llama] [xllama] repack ctrl scope=2 M=9216 K=2560 nrows=1 quant=scalar-all compute=gemv-all forced=1
[llama] [xllama] repack ctrl scope=2 M=8192 K=2560 nrows=1 quant=scalar-all compute=gemv-all forced=1
[llama] [xllama] repack ctrl scope=2 M=4096 K=2560 nrows=1 quant=scalar-all compute=gemv-all forced=1
[xllama] done: load=6467ms prompt=65.7 tok/s decode=16.8 tok/s peak=3915MB drafted=0 spec_accept=0
[xllama] output: len=359 fnv1a=9afedad1ffe7c19e
[xllama] tokens dumped to Q:\Users\UserMgr1\AppData\Local\Packages\GianlucaMazza.xllama_pj67f1fcj4n14\LocalState\bench-tokens-2.txt
[llama] ~llama_context: D3D12_Host compute buffer size is 504.0198 MiB, matches expectation of 504.0198 MiB
[llama] ~llama_context: D3D12_Host compute buffer size is   0.0000 MiB, matches expectation of   0.0000 MiB
[xllama] d3d12: 8515 graph_compute calls, 10660 matmuls (0 2col), 1741.1 ms wall (1133.5 ms GPU)
[xllama] bench-result.csv written
[xllama] headless bench: done, exiting
[xllama] bench.flag detected -> headless bench mode
[xllama] headless bench: starting
[xllama] main_loop: cpurepackforcegemv.txt='2' -> repack control scope 2 (all small)
[xllama] main_loop: d3d12spinwait.txt='(absent)' -> spin_wait_us=-1 (default unbounded spin)
[xllama] main_loop: ggmlprof.txt='(absent)' -> none (default)
[xllama] bench: d3d12twocol.txt='auto' -> kernel variant 2 (prev 0)
[xllama] bench: prompt.txt 374 bytes
[xllama] bench model: qwen35-4b-mtp
[xllama] bench prompt: <|im_start|>system
You are a helpful AI assistant.<|im_end|>
<|im_start|>user
Me...
[xllama] bench tokens sidecar: bench-tokens-3.txt
[xllama] bench sampling: greedy=1 seed=1 temp=0.80 top_p=0.90 top_k=40
[xllama] gguf gpu layers: 28 on D3D12
[llama] llama_model_loader: mmap is not supported on this platform
[llama] llama_prepare_model_devices: using device D3D12 (xllama D3D12 compute (Q4_0/Q4_K/Q5_K/Q6_K matmul)) (unknown id) - 4129 MiB free
[llama] load_tensors: layer   6 assigned to device D3D12, is_swa = 0
[llama] load_tensors: layer   7 assigned to device D3D12, is_swa = 0
[llama] load_tensors: layer   8 assigned to device D3D12, is_swa = 0
[llama] load_tensors: layer   9 assigned to device D3D12, is_swa = 0
[llama] load_tensors: layer  10 assigned to device D3D12, is_swa = 0
[llama] load_tensors: layer  11 assigned to device D3D12, is_swa = 0
[llama] load_tensors: layer  12 assigned to device D3D12, is_swa = 0
[llama] load_tensors: layer  13 assigned to device D3D12, is_swa = 0
[llama] load_tensors: layer  14 assigned to device D3D12, is_swa = 0
[llama] load_tensors: layer  15 assigned to device D3D12, is_swa = 0
[llama] load_tensors: layer  16 assigned to device D3D12, is_swa = 0
[llama] load_tensors: layer  17 assigned to device D3D12, is_swa = 0
[llama] load_tensors: layer  18 assigned to device D3D12, is_swa = 0
[llama] load_tensors: layer  19 assigned to device D3D12, is_swa = 0
[llama] load_tensors: layer  20 assigned to device D3D12, is_swa = 0
[llama] load_tensors: layer  21 assigned to device D3D12, is_swa = 0
[llama] load_tensors: layer  22 assigned to device D3D12, is_swa = 0
[llama] load_tensors: layer  23 assigned to device D3D12, is_swa = 0
[llama] load_tensors: layer  24 assigned to device D3D12, is_swa = 0
[llama] load_tensors: layer  25 assigned to device D3D12, is_swa = 0
[llama] load_tensors: layer  26 assigned to device D3D12, is_swa = 0
[llama] load_tensors: layer  27 assigned to device D3D12, is_swa = 0
[llama] load_tensors: layer  28 assigned to device D3D12, is_swa = 0
[llama] load_tensors: layer  29 assigned to device D3D12, is_swa = 0
[llama] load_tensors: layer  30 assigned to device D3D12, is_swa = 0
[llama] load_tensors: layer  31 assigned to device D3D12, is_swa = 0
[llama] load_tensors: layer  32 assigned to device D3D12, is_swa = 0
[llama] load_tensors: layer  33 assigned to device D3D12, is_swa = 0
[xllama] d3d12: MUL_MAT refused: f32 2560x32 x [2560,512,1,1] src1=f32 dst=f32
[llama] model has unused tensor blk.32.attn_norm.weight (size = 10240 bytes) -- ignoring
[llama] model has unused tensor blk.32.post_attention_norm.weight (size = 10240 bytes) -- ignoring
[llama] model has unused tensor blk.32.attn_q.weight (size = 11796480 bytes) -- ignoring
[llama] model has unused tensor blk.32.attn_k.weight (size = 1474560 bytes) -- ignoring
[llama] model has unused tensor blk.32.attn_v.weight (size = 2150400 bytes) -- ignoring
[llama] model has unused tensor blk.32.attn_output.weight (size = 5898240 bytes) -- ignoring
[llama] model has unused tensor blk.32.attn_q_norm.weight (size = 1024 bytes) -- ignoring
[llama] model has unused tensor blk.32.attn_k_norm.weight (size = 1024 bytes) -- ignoring
[llama] model has unused tensor blk.32.ffn_gate.weight (size = 13271040 bytes) -- ignoring
[llama] model has unused tensor blk.32.ffn_down.weight (size = 19353600 bytes) -- ignoring
[llama] model has unused tensor blk.32.ffn_up.weight (size = 13271040 bytes) -- ignoring
[llama] model has unused tensor blk.32.nextn.eh_proj.weight (size = 13926400 bytes) -- ignoring
[llama] model has unused tensor blk.32.nextn.enorm.weight (size = 10240 bytes) -- ignoring
[llama] model has unused tensor blk.32.nextn.hnorm.weight (size = 10240 bytes) -- ignoring
[llama] model has unused tensor blk.32.nextn.shared_head_norm.weight (size = 10240 bytes) -- ignoring
[xllama] d3d12: D3D12_Weights buffer 2191.6 MiB
[llama] load_tensors: offloading output layer to GPU
[llama] load_tensors: offloading 27 repeating layers to GPU
[llama] load_tensors: offloaded 28/34 layers to GPU
[llama] load_tensors:          CPU model buffer size =   675.46 MiB
[llama] load_tensors:   CPU_REPACK model buffer size =   246.09 MiB
[llama] load_tensors: D3D12_Weights model buffer size =  2191.55 MiB
[llama] load_all_data: buffer type D3D12_Weights is not the default buffer type for device D3D12 for async uploads
[xllama] model loaded
[xllama] gpu-mem post-load: current=2209MB budget=4147MB
[llama] llama_context: D3D12_Host  output buffer size =     0.95 MiB
[llama] llama_kv_cache:        CPU KV buffer size =    64.00 MiB
[llama] llama_memory_recurrent:        CPU RS buffer size =    50.25 MiB
[llama] resolve_fused_ops: layer 7 is assigned to device D3D12 but Flash Attention is assigned to device CPU (usually due to missing support)
[llama] resolve_fused_ops: Flash Attention not supported, set to disabled
[xllama] d3d12: D3D12_Host buffer 504.0 MiB
[llama] sched_reserve: D3D12_Host compute buffer size =   504.02 MiB
[llama] sched_reserve: graph splits = 262
[xllama] prompt tokens: 119
[llama] [xllama] repack ctrl scope=2 M=4096 K=2560 nrows=1 quant=scalar-all compute=gemv-all forced=1
[llama] [xllama] repack ctrl scope=2 M=9216 K=2560 nrows=1 quant=scalar-all compute=gemv-all forced=1
[llama] [xllama] repack ctrl scope=2 M=9216 K=2560 nrows=1 quant=scalar-all compute=gemv-all forced=1
[llama] [xllama] repack ctrl scope=2 M=4096 K=2560 nrows=1 quant=scalar-all compute=gemv-all forced=1
[llama] [xllama] repack ctrl scope=2 M=9216 K=2560 nrows=1 quant=scalar-all compute=gemv-all forced=1
[llama] [xllama] repack ctrl scope=2 M=9216 K=2560 nrows=1 quant=scalar-all compute=gemv-all forced=1
[llama] [xllama] repack ctrl scope=2 M=4096 K=2560 nrows=1 quant=scalar-all compute=gemv-all forced=1
[llama] [xllama] repack ctrl scope=2 M=9216 K=2560 nrows=1 quant=scalar-all compute=gemv-all forced=1
[llama] [xllama] repack ctrl scope=2 M=9216 K=2560 nrows=1 quant=scalar-all compute=gemv-all forced=1
[llama] [xllama] repack ctrl scope=2 M=8192 K=2560 nrows=1 quant=scalar-all compute=gemv-all forced=1
[llama] [xllama] repack ctrl scope=2 M=1024 K=2560 nrows=1 quant=scalar-all compute=gemv-all forced=1
[llama] [xllama] repack ctrl scope=2 M=2560 K=4096 nrows=1 quant=scalar-all compute=gemv-all forced=1
[llama] [xllama] repack ctrl scope=2 M=9216 K=2560 nrows=1 quant=scalar-all compute=gemv-all forced=1
[llama] [xllama] repack ctrl scope=2 M=9216 K=2560 nrows=1 quant=scalar-all compute=gemv-all forced=1
[llama] [xllama] repack ctrl scope=2 M=8192 K=2560 nrows=1 quant=scalar-all compute=gemv-all forced=1
[llama] [xllama] repack ctrl scope=2 M=4096 K=2560 nrows=1 quant=scalar-all compute=gemv-all forced=1
[xllama] done: load=6570ms prompt=65.6 tok/s decode=16.6 tok/s peak=3914MB drafted=0 spec_accept=0
[xllama] output: len=359 fnv1a=9afedad1ffe7c19e
[xllama] tokens dumped to Q:\Users\UserMgr1\AppData\Local\Packages\GianlucaMazza.xllama_pj67f1fcj4n14\LocalState\bench-tokens-3.txt
[llama] ~llama_context: D3D12_Host compute buffer size is 504.0198 MiB, matches expectation of 504.0198 MiB
[llama] ~llama_context: D3D12_Host compute buffer size is   0.0000 MiB, matches expectation of   0.0000 MiB
[xllama] d3d12: 8515 graph_compute calls, 10660 matmuls (0 2col), 1772.8 ms wall (1137.3 ms GPU)
[xllama] bench-result.csv written
[xllama] headless bench: done, exiting
[xllama] bench.flag detected -> headless bench mode
[xllama] headless bench: starting
[xllama] main_loop: cpurepackforcegemv.txt='2' -> repack control scope 2 (all small)
[xllama] main_loop: d3d12spinwait.txt='(absent)' -> spin_wait_us=-1 (default unbounded spin)
[xllama] main_loop: ggmlprof.txt='(absent)' -> none (default)
[xllama] bench: d3d12twocol.txt='auto' -> kernel variant 2 (prev 0)
[xllama] bench: prompt.txt 374 bytes
[xllama] bench model: qwen35-4b-mtp
[xllama] bench prompt: <|im_start|>system
You are a helpful AI assistant.<|im_end|>
<|im_start|>user
Me...
[xllama] bench tokens sidecar: bench-tokens-1.txt
[xllama] bench sampling: greedy=1 seed=1 temp=0.80 top_p=0.90 top_k=40
[xllama] gguf gpu layers: 28 on D3D12
[llama] llama_model_loader: mmap is not supported on this platform
[llama] llama_prepare_model_devices: using device D3D12 (xllama D3D12 compute (Q4_0/Q4_K/Q5_K/Q6_K matmul)) (unknown id) - 4129 MiB free
[llama] load_tensors: layer   6 assigned to device D3D12, is_swa = 0
[llama] load_tensors: layer   7 assigned to device D3D12, is_swa = 0
[llama] load_tensors: layer   8 assigned to device D3D12, is_swa = 0
[llama] load_tensors: layer   9 assigned to device D3D12, is_swa = 0
[llama] load_tensors: layer  10 assigned to device D3D12, is_swa = 0
[llama] load_tensors: layer  11 assigned to device D3D12, is_swa = 0
[llama] load_tensors: layer  12 assigned to device D3D12, is_swa = 0
[llama] load_tensors: layer  13 assigned to device D3D12, is_swa = 0
[llama] load_tensors: layer  14 assigned to device D3D12, is_swa = 0
[llama] load_tensors: layer  15 assigned to device D3D12, is_swa = 0
[llama] load_tensors: layer  16 assigned to device D3D12, is_swa = 0
[llama] load_tensors: layer  17 assigned to device D3D12, is_swa = 0
[llama] load_tensors: layer  18 assigned to device D3D12, is_swa = 0
[llama] load_tensors: layer  19 assigned to device D3D12, is_swa = 0
[llama] load_tensors: layer  20 assigned to device D3D12, is_swa = 0
[llama] load_tensors: layer  21 assigned to device D3D12, is_swa = 0
[llama] load_tensors: layer  22 assigned to device D3D12, is_swa = 0
[llama] load_tensors: layer  23 assigned to device D3D12, is_swa = 0
[llama] load_tensors: layer  24 assigned to device D3D12, is_swa = 0
[llama] load_tensors: layer  25 assigned to device D3D12, is_swa = 0
[llama] load_tensors: layer  26 assigned to device D3D12, is_swa = 0
[llama] load_tensors: layer  27 assigned to device D3D12, is_swa = 0
[llama] load_tensors: layer  28 assigned to device D3D12, is_swa = 0
[llama] load_tensors: layer  29 assigned to device D3D12, is_swa = 0
[llama] load_tensors: layer  30 assigned to device D3D12, is_swa = 0
[llama] load_tensors: layer  31 assigned to device D3D12, is_swa = 0
[llama] load_tensors: layer  32 assigned to device D3D12, is_swa = 0
[llama] load_tensors: layer  33 assigned to device D3D12, is_swa = 0
[xllama] d3d12: MUL_MAT refused: f32 2560x32 x [2560,512,1,1] src1=f32 dst=f32
[llama] model has unused tensor blk.32.attn_norm.weight (size = 10240 bytes) -- ignoring
[llama] model has unused tensor blk.32.post_attention_norm.weight (size = 10240 bytes) -- ignoring
[llama] model has unused tensor blk.32.attn_q.weight (size = 11796480 bytes) -- ignoring
[llama] model has unused tensor blk.32.attn_k.weight (size = 1474560 bytes) -- ignoring
[llama] model has unused tensor blk.32.attn_v.weight (size = 2150400 bytes) -- ignoring
[llama] model has unused tensor blk.32.attn_output.weight (size = 5898240 bytes) -- ignoring
[llama] model has unused tensor blk.32.attn_q_norm.weight (size = 1024 bytes) -- ignoring
[llama] model has unused tensor blk.32.attn_k_norm.weight (size = 1024 bytes) -- ignoring
[llama] model has unused tensor blk.32.ffn_gate.weight (size = 13271040 bytes) -- ignoring
[llama] model has unused tensor blk.32.ffn_down.weight (size = 19353600 bytes) -- ignoring
[llama] model has unused tensor blk.32.ffn_up.weight (size = 13271040 bytes) -- ignoring
[llama] model has unused tensor blk.32.nextn.eh_proj.weight (size = 13926400 bytes) -- ignoring
[llama] model has unused tensor blk.32.nextn.enorm.weight (size = 10240 bytes) -- ignoring
[llama] model has unused tensor blk.32.nextn.hnorm.weight (size = 10240 bytes) -- ignoring
[llama] model has unused tensor blk.32.nextn.shared_head_norm.weight (size = 10240 bytes) -- ignoring
[xllama] d3d12: D3D12_Weights buffer 2191.6 MiB
[llama] load_tensors: offloading output layer to GPU
[llama] load_tensors: offloading 27 repeating layers to GPU
[llama] load_tensors: offloaded 28/34 layers to GPU
[llama] load_tensors:          CPU model buffer size =   675.46 MiB
[llama] load_tensors:   CPU_REPACK model buffer size =   246.09 MiB
[llama] load_tensors: D3D12_Weights model buffer size =  2191.55 MiB
[llama] load_all_data: buffer type D3D12_Weights is not the default buffer type for device D3D12 for async uploads
[xllama] model loaded
[xllama] gpu-mem post-load: current=2209MB budget=4147MB
[xllama] offload_kqv=1 (host knob; default 0 = forced off)
[llama] llama_context: D3D12_Host  output buffer size =     0.95 MiB
[llama] llama_kv_cache: layer   7: dev = D3D12
[llama] llama_kv_cache: layer  11: dev = D3D12
[llama] llama_kv_cache: layer  15: dev = D3D12
[llama] llama_kv_cache: layer  19: dev = D3D12
[llama] llama_kv_cache: layer  23: dev = D3D12
[llama] llama_kv_cache: layer  27: dev = D3D12
[llama] llama_kv_cache: layer  31: dev = D3D12
[llama] llama_kv_cache:        CPU KV buffer size =     8.00 MiB
[xllama] d3d12: D3D12_Host buffer 56.0 MiB
[llama] llama_kv_cache: D3D12_Host KV buffer size =    56.00 MiB
[llama] llama_memory_recurrent, layer   6: dev = D3D12
[llama] llama_memory_recurrent, layer   8: dev = D3D12
[llama] llama_memory_recurrent, layer   9: dev = D3D12
[llama] llama_memory_recurrent, layer  10: dev = D3D12
[llama] llama_memory_recurrent, layer  12: dev = D3D12
[llama] llama_memory_recurrent, layer  13: dev = D3D12
[llama] llama_memory_recurrent, layer  14: dev = D3D12
[llama] llama_memory_recurrent, layer  16: dev = D3D12
[llama] llama_memory_recurrent, layer  17: dev = D3D12
[llama] llama_memory_recurrent, layer  18: dev = D3D12
[llama] llama_memory_recurrent, layer  20: dev = D3D12
[llama] llama_memory_recurrent, layer  21: dev = D3D12
[llama] llama_memory_recurrent, layer  22: dev = D3D12
[llama] llama_memory_recurrent, layer  24: dev = D3D12
[llama] llama_memory_recurrent, layer  25: dev = D3D12
[llama] llama_memory_recurrent, layer  26: dev = D3D12
[llama] llama_memory_recurrent, layer  28: dev = D3D12
[llama] llama_memory_recurrent, layer  29: dev = D3D12
[llama] llama_memory_recurrent, layer  30: dev = D3D12
[llama] llama_memory_recurrent:        CPU RS buffer size =    10.47 MiB
[xllama] d3d12: D3D12_Host buffer 39.8 MiB
[llama] llama_memory_recurrent: D3D12_Host RS buffer size =    39.78 MiB
[llama] resolve_fused_ops: layer 7 is assigned to device D3D12 but Flash Attention is assigned to device CPU (usually due to missing support)
[llama] resolve_fused_ops: Flash Attention not supported, set to disabled
[xllama] d3d12: D3D12_Host buffer 504.0 MiB
[llama] sched_reserve: D3D12_Host compute buffer size =   504.02 MiB
[llama] sched_reserve: graph splits = 262
[xllama] prompt tokens: 119
[llama] [xllama] repack ctrl scope=2 M=4096 K=2560 nrows=1 quant=scalar-all compute=gemv-all forced=1
[llama] [xllama] repack ctrl scope=2 M=9216 K=2560 nrows=1 quant=scalar-all compute=gemv-all forced=1
[llama] [xllama] repack ctrl scope=2 M=9216 K=2560 nrows=1 quant=scalar-all compute=gemv-all forced=1
[llama] [xllama] repack ctrl scope=2 M=4096 K=2560 nrows=1 quant=scalar-all compute=gemv-all forced=1
[llama] [xllama] repack ctrl scope=2 M=9216 K=2560 nrows=1 quant=scalar-all compute=gemv-all forced=1
[llama] [xllama] repack ctrl scope=2 M=9216 K=2560 nrows=1 quant=scalar-all compute=gemv-all forced=1
[llama] [xllama] repack ctrl scope=2 M=4096 K=2560 nrows=1 quant=scalar-all compute=gemv-all forced=1
[llama] [xllama] repack ctrl scope=2 M=9216 K=2560 nrows=1 quant=scalar-all compute=gemv-all forced=1
[llama] [xllama] repack ctrl scope=2 M=9216 K=2560 nrows=1 quant=scalar-all compute=gemv-all forced=1
[llama] [xllama] repack ctrl scope=2 M=8192 K=2560 nrows=1 quant=scalar-all compute=gemv-all forced=1
[llama] [xllama] repack ctrl scope=2 M=1024 K=2560 nrows=1 quant=scalar-all compute=gemv-all forced=1
[llama] [xllama] repack ctrl scope=2 M=2560 K=4096 nrows=1 quant=scalar-all compute=gemv-all forced=1
[llama] [xllama] repack ctrl scope=2 M=9216 K=2560 nrows=1 quant=scalar-all compute=gemv-all forced=1
[llama] [xllama] repack ctrl scope=2 M=9216 K=2560 nrows=1 quant=scalar-all compute=gemv-all forced=1
[llama] [xllama] repack ctrl scope=2 M=8192 K=2560 nrows=1 quant=scalar-all compute=gemv-all forced=1
[llama] [xllama] repack ctrl scope=2 M=4096 K=2560 nrows=1 quant=scalar-all compute=gemv-all forced=1
[xllama] done: load=6582ms prompt=65.6 tok/s decode=16.5 tok/s peak=3914MB drafted=0 spec_accept=0
[xllama] output: len=359 fnv1a=9afedad1ffe7c19e
[xllama] tokens dumped to Q:\Users\UserMgr1\AppData\Local\Packages\GianlucaMazza.xllama_pj67f1fcj4n14\LocalState\bench-tokens-1.txt
[llama] ~llama_context: D3D12_Host compute buffer size is 504.0198 MiB, matches expectation of 504.0198 MiB
[llama] ~llama_context: D3D12_Host compute buffer size is   0.0000 MiB, matches expectation of   0.0000 MiB
[xllama] d3d12: 8515 graph_compute calls, 10660 matmuls (0 2col), 1778.4 ms wall (1137.6 ms GPU)
[xllama] bench-result.csv written
[xllama] headless bench: done, exiting
[xllama] bench.flag detected -> headless bench mode
[xllama] headless bench: starting
[xllama] main_loop: cpurepackforcegemv.txt='2' -> repack control scope 2 (all small)
[xllama] main_loop: d3d12spinwait.txt='(absent)' -> spin_wait_us=-1 (default unbounded spin)
[xllama] main_loop: ggmlprof.txt='(absent)' -> none (default)
[xllama] bench: d3d12twocol.txt='auto' -> kernel variant 2 (prev 0)
[xllama] bench: prompt.txt 374 bytes
[xllama] bench model: qwen35-4b-mtp
[xllama] bench prompt: <|im_start|>system
You are a helpful AI assistant.<|im_end|>
<|im_start|>user
Me...
[xllama] bench tokens sidecar: bench-tokens-2.txt
[xllama] bench sampling: greedy=1 seed=1 temp=0.80 top_p=0.90 top_k=40
[xllama] gguf gpu layers: 28 on D3D12
[llama] llama_model_loader: mmap is not supported on this platform
[llama] llama_prepare_model_devices: using device D3D12 (xllama D3D12 compute (Q4_0/Q4_K/Q5_K/Q6_K matmul)) (unknown id) - 4129 MiB free
[llama] load_tensors: layer   6 assigned to device D3D12, is_swa = 0
[llama] load_tensors: layer   7 assigned to device D3D12, is_swa = 0
[llama] load_tensors: layer   8 assigned to device D3D12, is_swa = 0
[llama] load_tensors: layer   9 assigned to device D3D12, is_swa = 0
[llama] load_tensors: layer  10 assigned to device D3D12, is_swa = 0
[llama] load_tensors: layer  11 assigned to device D3D12, is_swa = 0
[llama] load_tensors: layer  12 assigned to device D3D12, is_swa = 0
[llama] load_tensors: layer  13 assigned to device D3D12, is_swa = 0
[llama] load_tensors: layer  14 assigned to device D3D12, is_swa = 0
[llama] load_tensors: layer  15 assigned to device D3D12, is_swa = 0
[llama] load_tensors: layer  16 assigned to device D3D12, is_swa = 0
[llama] load_tensors: layer  17 assigned to device D3D12, is_swa = 0
[llama] load_tensors: layer  18 assigned to device D3D12, is_swa = 0
[llama] load_tensors: layer  19 assigned to device D3D12, is_swa = 0
[llama] load_tensors: layer  20 assigned to device D3D12, is_swa = 0
[llama] load_tensors: layer  21 assigned to device D3D12, is_swa = 0
[llama] load_tensors: layer  22 assigned to device D3D12, is_swa = 0
[llama] load_tensors: layer  23 assigned to device D3D12, is_swa = 0
[llama] load_tensors: layer  24 assigned to device D3D12, is_swa = 0
[llama] load_tensors: layer  25 assigned to device D3D12, is_swa = 0
[llama] load_tensors: layer  26 assigned to device D3D12, is_swa = 0
[llama] load_tensors: layer  27 assigned to device D3D12, is_swa = 0
[llama] load_tensors: layer  28 assigned to device D3D12, is_swa = 0
[llama] load_tensors: layer  29 assigned to device D3D12, is_swa = 0
[llama] load_tensors: layer  30 assigned to device D3D12, is_swa = 0
[llama] load_tensors: layer  31 assigned to device D3D12, is_swa = 0
[llama] load_tensors: layer  32 assigned to device D3D12, is_swa = 0
[llama] load_tensors: layer  33 assigned to device D3D12, is_swa = 0
[xllama] d3d12: MUL_MAT refused: f32 2560x32 x [2560,512,1,1] src1=f32 dst=f32
[llama] model has unused tensor blk.32.attn_norm.weight (size = 10240 bytes) -- ignoring
[llama] model has unused tensor blk.32.post_attention_norm.weight (size = 10240 bytes) -- ignoring
[llama] model has unused tensor blk.32.attn_q.weight (size = 11796480 bytes) -- ignoring
[llama] model has unused tensor blk.32.attn_k.weight (size = 1474560 bytes) -- ignoring
[llama] model has unused tensor blk.32.attn_v.weight (size = 2150400 bytes) -- ignoring
[llama] model has unused tensor blk.32.attn_output.weight (size = 5898240 bytes) -- ignoring
[llama] model has unused tensor blk.32.attn_q_norm.weight (size = 1024 bytes) -- ignoring
[llama] model has unused tensor blk.32.attn_k_norm.weight (size = 1024 bytes) -- ignoring
[llama] model has unused tensor blk.32.ffn_gate.weight (size = 13271040 bytes) -- ignoring
[llama] model has unused tensor blk.32.ffn_down.weight (size = 19353600 bytes) -- ignoring
[llama] model has unused tensor blk.32.ffn_up.weight (size = 13271040 bytes) -- ignoring
[llama] model has unused tensor blk.32.nextn.eh_proj.weight (size = 13926400 bytes) -- ignoring
[llama] model has unused tensor blk.32.nextn.enorm.weight (size = 10240 bytes) -- ignoring
[llama] model has unused tensor blk.32.nextn.hnorm.weight (size = 10240 bytes) -- ignoring
[llama] model has unused tensor blk.32.nextn.shared_head_norm.weight (size = 10240 bytes) -- ignoring
[xllama] d3d12: D3D12_Weights buffer 2191.6 MiB
[llama] load_tensors: offloading output layer to GPU
[llama] load_tensors: offloading 27 repeating layers to GPU
[llama] load_tensors: offloaded 28/34 layers to GPU
[llama] load_tensors:          CPU model buffer size =   675.46 MiB
[llama] load_tensors:   CPU_REPACK model buffer size =   246.09 MiB
[llama] load_tensors: D3D12_Weights model buffer size =  2191.55 MiB
[llama] load_all_data: buffer type D3D12_Weights is not the default buffer type for device D3D12 for async uploads
[xllama] model loaded
[xllama] gpu-mem post-load: current=2209MB budget=4147MB
[xllama] offload_kqv=1 (host knob; default 0 = forced off)
[llama] llama_context: D3D12_Host  output buffer size =     0.95 MiB
[llama] llama_kv_cache: layer   7: dev = D3D12
[llama] llama_kv_cache: layer  11: dev = D3D12
[llama] llama_kv_cache: layer  15: dev = D3D12
[llama] llama_kv_cache: layer  19: dev = D3D12
[llama] llama_kv_cache: layer  23: dev = D3D12
[llama] llama_kv_cache: layer  27: dev = D3D12
[llama] llama_kv_cache: layer  31: dev = D3D12
[llama] llama_kv_cache:        CPU KV buffer size =     8.00 MiB
[xllama] d3d12: D3D12_Host buffer 56.0 MiB
[llama] llama_kv_cache: D3D12_Host KV buffer size =    56.00 MiB
[llama] llama_memory_recurrent, layer   6: dev = D3D12
[llama] llama_memory_recurrent, layer   8: dev = D3D12
[llama] llama_memory_recurrent, layer   9: dev = D3D12
[llama] llama_memory_recurrent, layer  10: dev = D3D12
[llama] llama_memory_recurrent, layer  12: dev = D3D12
[llama] llama_memory_recurrent, layer  13: dev = D3D12
[llama] llama_memory_recurrent, layer  14: dev = D3D12
[llama] llama_memory_recurrent, layer  16: dev = D3D12
[llama] llama_memory_recurrent, layer  17: dev = D3D12
[llama] llama_memory_recurrent, layer  18: dev = D3D12
[llama] llama_memory_recurrent, layer  20: dev = D3D12
[llama] llama_memory_recurrent, layer  21: dev = D3D12
[llama] llama_memory_recurrent, layer  22: dev = D3D12
[llama] llama_memory_recurrent, layer  24: dev = D3D12
[llama] llama_memory_recurrent, layer  25: dev = D3D12
[llama] llama_memory_recurrent, layer  26: dev = D3D12
[llama] llama_memory_recurrent, layer  28: dev = D3D12
[llama] llama_memory_recurrent, layer  29: dev = D3D12
[llama] llama_memory_recurrent, layer  30: dev = D3D12
[llama] llama_memory_recurrent:        CPU RS buffer size =    10.47 MiB
[xllama] d3d12: D3D12_Host buffer 39.8 MiB
[llama] llama_memory_recurrent: D3D12_Host RS buffer size =    39.78 MiB
[llama] resolve_fused_ops: layer 7 is assigned to device D3D12 but Flash Attention is assigned to device CPU (usually due to missing support)
[llama] resolve_fused_ops: Flash Attention not supported, set to disabled
[xllama] d3d12: D3D12_Host buffer 504.0 MiB
[llama] sched_reserve: D3D12_Host compute buffer size =   504.02 MiB
[llama] sched_reserve: graph splits = 262
[xllama] prompt tokens: 119
[llama] [xllama] repack ctrl scope=2 M=4096 K=2560 nrows=1 quant=scalar-all compute=gemv-all forced=1
[llama] [xllama] repack ctrl scope=2 M=9216 K=2560 nrows=1 quant=scalar-all compute=gemv-all forced=1
[llama] [xllama] repack ctrl scope=2 M=9216 K=2560 nrows=1 quant=scalar-all compute=gemv-all forced=1
[llama] [xllama] repack ctrl scope=2 M=4096 K=2560 nrows=1 quant=scalar-all compute=gemv-all forced=1
[llama] [xllama] repack ctrl scope=2 M=9216 K=2560 nrows=1 quant=scalar-all compute=gemv-all forced=1
[llama] [xllama] repack ctrl scope=2 M=9216 K=2560 nrows=1 quant=scalar-all compute=gemv-all forced=1
[llama] [xllama] repack ctrl scope=2 M=4096 K=2560 nrows=1 quant=scalar-all compute=gemv-all forced=1
[llama] [xllama] repack ctrl scope=2 M=9216 K=2560 nrows=1 quant=scalar-all compute=gemv-all forced=1
[llama] [xllama] repack ctrl scope=2 M=9216 K=2560 nrows=1 quant=scalar-all compute=gemv-all forced=1
[llama] [xllama] repack ctrl scope=2 M=8192 K=2560 nrows=1 quant=scalar-all compute=gemv-all forced=1
[llama] [xllama] repack ctrl scope=2 M=1024 K=2560 nrows=1 quant=scalar-all compute=gemv-all forced=1
[llama] [xllama] repack ctrl scope=2 M=2560 K=4096 nrows=1 quant=scalar-all compute=gemv-all forced=1
[llama] [xllama] repack ctrl scope=2 M=9216 K=2560 nrows=1 quant=scalar-all compute=gemv-all forced=1
[llama] [xllama] repack ctrl scope=2 M=9216 K=2560 nrows=1 quant=scalar-all compute=gemv-all forced=1
[llama] [xllama] repack ctrl scope=2 M=8192 K=2560 nrows=1 quant=scalar-all compute=gemv-all forced=1
[llama] [xllama] repack ctrl scope=2 M=4096 K=2560 nrows=1 quant=scalar-all compute=gemv-all forced=1
[xllama] done: load=6535ms prompt=66.0 tok/s decode=16.7 tok/s peak=3895MB drafted=0 spec_accept=0
[xllama] output: len=359 fnv1a=9afedad1ffe7c19e
[xllama] tokens dumped to Q:\Users\UserMgr1\AppData\Local\Packages\GianlucaMazza.xllama_pj67f1fcj4n14\LocalState\bench-tokens-2.txt
[llama] ~llama_context: D3D12_Host compute buffer size is 504.0198 MiB, matches expectation of 504.0198 MiB
[llama] ~llama_context: D3D12_Host compute buffer size is   0.0000 MiB, matches expectation of   0.0000 MiB
[xllama] d3d12: 8515 graph_compute calls, 10660 matmuls (0 2col), 1736.2 ms wall (1134.3 ms GPU)
[xllama] bench-result.csv written
[xllama] headless bench: done, exiting
[xllama] bench.flag detected -> headless bench mode
[xllama] headless bench: starting
[xllama] main_loop: cpurepackforcegemv.txt='2' -> repack control scope 2 (all small)
[xllama] main_loop: d3d12spinwait.txt='(absent)' -> spin_wait_us=-1 (default unbounded spin)
[xllama] main_loop: ggmlprof.txt='(absent)' -> none (default)
[xllama] bench: d3d12twocol.txt='auto' -> kernel variant 2 (prev 0)
[xllama] bench: prompt.txt 374 bytes
[xllama] bench model: qwen35-4b-mtp
[xllama] bench prompt: <|im_start|>system
You are a helpful AI assistant.<|im_end|>
<|im_start|>user
Me...
[xllama] bench tokens sidecar: bench-tokens-3.txt
[xllama] bench sampling: greedy=1 seed=1 temp=0.80 top_p=0.90 top_k=40
[xllama] gguf gpu layers: 28 on D3D12
[llama] llama_model_loader: mmap is not supported on this platform
[llama] llama_prepare_model_devices: using device D3D12 (xllama D3D12 compute (Q4_0/Q4_K/Q5_K/Q6_K matmul)) (unknown id) - 4129 MiB free
[llama] load_tensors: layer   6 assigned to device D3D12, is_swa = 0
[llama] load_tensors: layer   7 assigned to device D3D12, is_swa = 0
[llama] load_tensors: layer   8 assigned to device D3D12, is_swa = 0
[llama] load_tensors: layer   9 assigned to device D3D12, is_swa = 0
[llama] load_tensors: layer  10 assigned to device D3D12, is_swa = 0
[llama] load_tensors: layer  11 assigned to device D3D12, is_swa = 0
[llama] load_tensors: layer  12 assigned to device D3D12, is_swa = 0
[llama] load_tensors: layer  13 assigned to device D3D12, is_swa = 0
[llama] load_tensors: layer  14 assigned to device D3D12, is_swa = 0
[llama] load_tensors: layer  15 assigned to device D3D12, is_swa = 0
[llama] load_tensors: layer  16 assigned to device D3D12, is_swa = 0
[llama] load_tensors: layer  17 assigned to device D3D12, is_swa = 0
[llama] load_tensors: layer  18 assigned to device D3D12, is_swa = 0
[llama] load_tensors: layer  19 assigned to device D3D12, is_swa = 0
[llama] load_tensors: layer  20 assigned to device D3D12, is_swa = 0
[llama] load_tensors: layer  21 assigned to device D3D12, is_swa = 0
[llama] load_tensors: layer  22 assigned to device D3D12, is_swa = 0
[llama] load_tensors: layer  23 assigned to device D3D12, is_swa = 0
[llama] load_tensors: layer  24 assigned to device D3D12, is_swa = 0
[llama] load_tensors: layer  25 assigned to device D3D12, is_swa = 0
[llama] load_tensors: layer  26 assigned to device D3D12, is_swa = 0
[llama] load_tensors: layer  27 assigned to device D3D12, is_swa = 0
[llama] load_tensors: layer  28 assigned to device D3D12, is_swa = 0
[llama] load_tensors: layer  29 assigned to device D3D12, is_swa = 0
[llama] load_tensors: layer  30 assigned to device D3D12, is_swa = 0
[llama] load_tensors: layer  31 assigned to device D3D12, is_swa = 0
[llama] load_tensors: layer  32 assigned to device D3D12, is_swa = 0
[llama] load_tensors: layer  33 assigned to device D3D12, is_swa = 0
[xllama] d3d12: MUL_MAT refused: f32 2560x32 x [2560,512,1,1] src1=f32 dst=f32
[llama] model has unused tensor blk.32.attn_norm.weight (size = 10240 bytes) -- ignoring
[llama] model has unused tensor blk.32.post_attention_norm.weight (size = 10240 bytes) -- ignoring
[llama] model has unused tensor blk.32.attn_q.weight (size = 11796480 bytes) -- ignoring
[llama] model has unused tensor blk.32.attn_k.weight (size = 1474560 bytes) -- ignoring
[llama] model has unused tensor blk.32.attn_v.weight (size = 2150400 bytes) -- ignoring
[llama] model has unused tensor blk.32.attn_output.weight (size = 5898240 bytes) -- ignoring
[llama] model has unused tensor blk.32.attn_q_norm.weight (size = 1024 bytes) -- ignoring
[llama] model has unused tensor blk.32.attn_k_norm.weight (size = 1024 bytes) -- ignoring
[llama] model has unused tensor blk.32.ffn_gate.weight (size = 13271040 bytes) -- ignoring
[llama] model has unused tensor blk.32.ffn_down.weight (size = 19353600 bytes) -- ignoring
[llama] model has unused tensor blk.32.ffn_up.weight (size = 13271040 bytes) -- ignoring
[llama] model has unused tensor blk.32.nextn.eh_proj.weight (size = 13926400 bytes) -- ignoring
[llama] model has unused tensor blk.32.nextn.enorm.weight (size = 10240 bytes) -- ignoring
[llama] model has unused tensor blk.32.nextn.hnorm.weight (size = 10240 bytes) -- ignoring
[llama] model has unused tensor blk.32.nextn.shared_head_norm.weight (size = 10240 bytes) -- ignoring
[xllama] d3d12: D3D12_Weights buffer 2191.6 MiB
[llama] load_tensors: offloading output layer to GPU
[llama] load_tensors: offloading 27 repeating layers to GPU
[llama] load_tensors: offloaded 28/34 layers to GPU
[llama] load_tensors:          CPU model buffer size =   675.46 MiB
[llama] load_tensors:   CPU_REPACK model buffer size =   246.09 MiB
[llama] load_tensors: D3D12_Weights model buffer size =  2191.55 MiB
[llama] load_all_data: buffer type D3D12_Weights is not the default buffer type for device D3D12 for async uploads
[xllama] model loaded
[xllama] gpu-mem post-load: current=2209MB budget=4147MB
[xllama] offload_kqv=1 (host knob; default 0 = forced off)
[llama] llama_context: D3D12_Host  output buffer size =     0.95 MiB
[llama] llama_kv_cache: layer   7: dev = D3D12
[llama] llama_kv_cache: layer  11: dev = D3D12
[llama] llama_kv_cache: layer  15: dev = D3D12
[llama] llama_kv_cache: layer  19: dev = D3D12
[llama] llama_kv_cache: layer  23: dev = D3D12
[llama] llama_kv_cache: layer  27: dev = D3D12
[llama] llama_kv_cache: layer  31: dev = D3D12
[llama] llama_kv_cache:        CPU KV buffer size =     8.00 MiB
[xllama] d3d12: D3D12_Host buffer 56.0 MiB
[llama] llama_kv_cache: D3D12_Host KV buffer size =    56.00 MiB
[llama] llama_memory_recurrent, layer   6: dev = D3D12
[llama] llama_memory_recurrent, layer   8: dev = D3D12
[llama] llama_memory_recurrent, layer   9: dev = D3D12
[llama] llama_memory_recurrent, layer  10: dev = D3D12
[llama] llama_memory_recurrent, layer  12: dev = D3D12
[llama] llama_memory_recurrent, layer  13: dev = D3D12
[llama] llama_memory_recurrent, layer  14: dev = D3D12
[llama] llama_memory_recurrent, layer  16: dev = D3D12
[llama] llama_memory_recurrent, layer  17: dev = D3D12
[llama] llama_memory_recurrent, layer  18: dev = D3D12
[llama] llama_memory_recurrent, layer  20: dev = D3D12
[llama] llama_memory_recurrent, layer  21: dev = D3D12
[llama] llama_memory_recurrent, layer  22: dev = D3D12
[llama] llama_memory_recurrent, layer  24: dev = D3D12
[llama] llama_memory_recurrent, layer  25: dev = D3D12
[llama] llama_memory_recurrent, layer  26: dev = D3D12
[llama] llama_memory_recurrent, layer  28: dev = D3D12
[llama] llama_memory_recurrent, layer  29: dev = D3D12
[llama] llama_memory_recurrent, layer  30: dev = D3D12
[llama] llama_memory_recurrent:        CPU RS buffer size =    10.47 MiB
[xllama] d3d12: D3D12_Host buffer 39.8 MiB
[llama] llama_memory_recurrent: D3D12_Host RS buffer size =    39.78 MiB
[llama] resolve_fused_ops: layer 7 is assigned to device D3D12 but Flash Attention is assigned to device CPU (usually due to missing support)
[llama] resolve_fused_ops: Flash Attention not supported, set to disabled
[xllama] d3d12: D3D12_Host buffer 504.0 MiB
[llama] sched_reserve: D3D12_Host compute buffer size =   504.02 MiB
[llama] sched_reserve: graph splits = 262
[xllama] prompt tokens: 119
[llama] [xllama] repack ctrl scope=2 M=4096 K=2560 nrows=1 quant=scalar-all compute=gemv-all forced=1
[llama] [xllama] repack ctrl scope=2 M=9216 K=2560 nrows=1 quant=scalar-all compute=gemv-all forced=1
[llama] [xllama] repack ctrl scope=2 M=9216 K=2560 nrows=1 quant=scalar-all compute=gemv-all forced=1
[llama] [xllama] repack ctrl scope=2 M=4096 K=2560 nrows=1 quant=scalar-all compute=gemv-all forced=1
[llama] [xllama] repack ctrl scope=2 M=9216 K=2560 nrows=1 quant=scalar-all compute=gemv-all forced=1
[llama] [xllama] repack ctrl scope=2 M=9216 K=2560 nrows=1 quant=scalar-all compute=gemv-all forced=1
[llama] [xllama] repack ctrl scope=2 M=4096 K=2560 nrows=1 quant=scalar-all compute=gemv-all forced=1
[llama] [xllama] repack ctrl scope=2 M=9216 K=2560 nrows=1 quant=scalar-all compute=gemv-all forced=1
[llama] [xllama] repack ctrl scope=2 M=9216 K=2560 nrows=1 quant=scalar-all compute=gemv-all forced=1
[llama] [xllama] repack ctrl scope=2 M=8192 K=2560 nrows=1 quant=scalar-all compute=gemv-all forced=1
[llama] [xllama] repack ctrl scope=2 M=1024 K=2560 nrows=1 quant=scalar-all compute=gemv-all forced=1
[llama] [xllama] repack ctrl scope=2 M=2560 K=4096 nrows=1 quant=scalar-all compute=gemv-all forced=1
[llama] [xllama] repack ctrl scope=2 M=9216 K=2560 nrows=1 quant=scalar-all compute=gemv-all forced=1
[llama] [xllama] repack ctrl scope=2 M=9216 K=2560 nrows=1 quant=scalar-all compute=gemv-all forced=1
[llama] [xllama] repack ctrl scope=2 M=8192 K=2560 nrows=1 quant=scalar-all compute=gemv-all forced=1
[llama] [xllama] repack ctrl scope=2 M=4096 K=2560 nrows=1 quant=scalar-all compute=gemv-all forced=1
[xllama] done: load=6401ms prompt=66.0 tok/s decode=16.5 tok/s peak=3915MB drafted=0 spec_accept=0
[xllama] output: len=359 fnv1a=9afedad1ffe7c19e
[xllama] tokens dumped to Q:\Users\UserMgr1\AppData\Local\Packages\GianlucaMazza.xllama_pj67f1fcj4n14\LocalState\bench-tokens-3.txt
[llama] ~llama_context: D3D12_Host compute buffer size is 504.0198 MiB, matches expectation of 504.0198 MiB
[llama] ~llama_context: D3D12_Host compute buffer size is   0.0000 MiB, matches expectation of   0.0000 MiB
[xllama] d3d12: 8515 graph_compute calls, 10660 matmuls (0 2col), 1776.7 ms wall (1136.3 ms GPU)
[xllama] bench-result.csv written
[xllama] headless bench: done, exiting
[xllama] bench.flag detected -> headless bench mode
[xllama] headless bench: starting
[xllama] main_loop: cpurepackforcegemv.txt='2' -> repack control scope 2 (all small)
[xllama] main_loop: d3d12spinwait.txt='(absent)' -> spin_wait_us=-1 (default unbounded spin)
[xllama] main_loop: ggmlprof.txt='(absent)' -> none (default)
[xllama] bench: d3d12twocol.txt='auto' -> kernel variant 2 (prev 0)
[xllama] bench: prompt.txt 374 bytes
[xllama] bench model: qwen35-4b-mtp
[xllama] bench prompt: <|im_start|>system
You are a helpful AI assistant.<|im_end|>
<|im_start|>user
Me...
[xllama] bench tokens sidecar: bench-tokens-1.txt
[xllama] bench sampling: greedy=1 seed=1 temp=0.80 top_p=0.90 top_k=40
[xllama] gguf gpu layers: 28 on D3D12
[llama] llama_model_loader: mmap is not supported on this platform
[llama] llama_prepare_model_devices: using device D3D12 (xllama D3D12 compute (Q4_0/Q4_K/Q5_K/Q6_K matmul)) (unknown id) - 4129 MiB free
[llama] load_tensors: layer   6 assigned to device D3D12, is_swa = 0
[llama] load_tensors: layer   7 assigned to device D3D12, is_swa = 0
[llama] load_tensors: layer   8 assigned to device D3D12, is_swa = 0
[llama] load_tensors: layer   9 assigned to device D3D12, is_swa = 0
[llama] load_tensors: layer  10 assigned to device D3D12, is_swa = 0
[llama] load_tensors: layer  11 assigned to device D3D12, is_swa = 0
[llama] load_tensors: layer  12 assigned to device D3D12, is_swa = 0
[llama] load_tensors: layer  13 assigned to device D3D12, is_swa = 0
[llama] load_tensors: layer  14 assigned to device D3D12, is_swa = 0
[llama] load_tensors: layer  15 assigned to device D3D12, is_swa = 0
[llama] load_tensors: layer  16 assigned to device D3D12, is_swa = 0
[llama] load_tensors: layer  17 assigned to device D3D12, is_swa = 0
[llama] load_tensors: layer  18 assigned to device D3D12, is_swa = 0
[llama] load_tensors: layer  19 assigned to device D3D12, is_swa = 0
[llama] load_tensors: layer  20 assigned to device D3D12, is_swa = 0
[llama] load_tensors: layer  21 assigned to device D3D12, is_swa = 0
[llama] load_tensors: layer  22 assigned to device D3D12, is_swa = 0
[llama] load_tensors: layer  23 assigned to device D3D12, is_swa = 0
[llama] load_tensors: layer  24 assigned to device D3D12, is_swa = 0
[llama] load_tensors: layer  25 assigned to device D3D12, is_swa = 0
[llama] load_tensors: layer  26 assigned to device D3D12, is_swa = 0
[llama] load_tensors: layer  27 assigned to device D3D12, is_swa = 0
[llama] load_tensors: layer  28 assigned to device D3D12, is_swa = 0
[llama] load_tensors: layer  29 assigned to device D3D12, is_swa = 0
[llama] load_tensors: layer  30 assigned to device D3D12, is_swa = 0
[llama] load_tensors: layer  31 assigned to device D3D12, is_swa = 0
[llama] load_tensors: layer  32 assigned to device D3D12, is_swa = 0
[llama] load_tensors: layer  33 assigned to device D3D12, is_swa = 0
[xllama] d3d12: MUL_MAT refused: f32 2560x32 x [2560,512,1,1] src1=f32 dst=f32
[xllama] d3d12: MUL_MAT refused: q8_0 5120x2560 x [5120,512,1,1] src1=f32 dst=f32
[xllama] d3d12: D3D12_Weights buffer 2255.7 MiB
[llama] load_tensors: offloading output layer to GPU
[llama] load_tensors: offloading 27 repeating layers to GPU
[llama] load_tensors: offloaded 28/34 layers to GPU
[llama] load_tensors:          CPU model buffer size =   688.79 MiB
[llama] load_tensors:   CPU_REPACK model buffer size =   246.09 MiB
[llama] load_tensors: D3D12_Weights model buffer size =  2255.66 MiB
[llama] load_all_data: buffer type D3D12_Weights is not the default buffer type for device D3D12 for async uploads
[xllama] model loaded
[xllama] gpu-mem post-load: current=2273MB budget=4147MB
[xllama] speculative: target n_rs_seq=4 n_ubatch=512
[llama] llama_context: D3D12_Host  output buffer size =     0.95 MiB
[llama] llama_kv_cache:        CPU KV buffer size =    64.00 MiB
[llama] llama_memory_recurrent:        CPU RS buffer size =   251.25 MiB
[llama] resolve_fused_ops: layer 7 is assigned to device D3D12 but Flash Attention is assigned to device CPU (usually due to missing support)
[llama] resolve_fused_ops: Flash Attention not supported, set to disabled
[xllama] d3d12: D3D12_Host buffer 504.0 MiB
[llama] sched_reserve: D3D12_Host compute buffer size =   504.02 MiB
[llama] sched_reserve: graph splits = 262
[llama] llama_context: D3D12_Host  output buffer size =     0.95 MiB
[llama] llama_kv_cache:        CPU KV buffer size =     8.00 MiB
[llama] resolve_fused_ops: layer 32 is assigned to device D3D12 but Flash Attention is assigned to device CPU (usually due to missing support)
[llama] resolve_fused_ops: Flash Attention not supported, set to disabled
[xllama] d3d12: D3D12_Host buffer 5.8 MiB
[llama] sched_reserve: D3D12_Host compute buffer size =     5.85 MiB
[llama] sched_reserve: graph splits = 12
[xllama] mtp: draft ready, n_max=4 p_min=0.750000 dft_n_batch=6
[xllama] mtp: target nextn head layers=1
[xllama] mtp: split_mtp_weights=0 resident=0 tensors=0
[xllama] prompt tokens: 119
[xllama] d3d12: D3D12_Host buffer 20.9 MiB
[xllama] d3d12: D3D12_Host buffer 5.7 MiB
[xllama] mtp: first draft pos=119 n_embd=2560 n_max=4 row[min,max]=[-25.693439,21.764423] dft_n_batch=6 dft_pos_max=118
[llama] [xllama] repack ctrl scope=2 M=4096 K=2560 nrows=1 quant=scalar-all compute=gemv-all forced=1
[llama] [xllama] repack ctrl scope=2 M=9216 K=2560 nrows=1 quant=scalar-all compute=gemv-all forced=1
[llama] [xllama] repack ctrl scope=2 M=9216 K=2560 nrows=1 quant=scalar-all compute=gemv-all forced=1
[llama] [xllama] repack ctrl scope=2 M=4096 K=2560 nrows=1 quant=scalar-all compute=gemv-all forced=1
[llama] [xllama] repack ctrl scope=2 M=9216 K=2560 nrows=1 quant=scalar-all compute=gemv-all forced=1
[llama] [xllama] repack ctrl scope=2 M=9216 K=2560 nrows=1 quant=scalar-all compute=gemv-all forced=1
[llama] [xllama] repack ctrl scope=2 M=4096 K=2560 nrows=1 quant=scalar-all compute=gemv-all forced=1
[llama] [xllama] repack ctrl scope=2 M=9216 K=2560 nrows=1 quant=scalar-all compute=gemv-all forced=1
[llama] [xllama] repack ctrl scope=2 M=9216 K=2560 nrows=1 quant=scalar-all compute=gemv-all forced=1
[llama] [xllama] repack ctrl scope=2 M=8192 K=2560 nrows=1 quant=scalar-all compute=gemv-all forced=1
[llama] [xllama] repack ctrl scope=2 M=1024 K=2560 nrows=1 quant=scalar-all compute=gemv-all forced=1
[llama] [xllama] repack ctrl scope=2 M=2560 K=4096 nrows=1 quant=scalar-all compute=gemv-all forced=1
[llama] [xllama] repack ctrl scope=2 M=9216 K=2560 nrows=1 quant=scalar-all compute=gemv-all forced=1
[llama] [xllama] repack ctrl scope=2 M=9216 K=2560 nrows=1 quant=scalar-all compute=gemv-all forced=1
[llama] [xllama] repack ctrl scope=2 M=8192 K=2560 nrows=1 quant=scalar-all compute=gemv-all forced=1
[llama] [xllama] repack ctrl scope=2 M=4096 K=2560 nrows=1 quant=scalar-all compute=gemv-all forced=1
[xllama] d3d12: D3D12_Host buffer 21.9 MiB
[xllama] d3d12: D3D12_Host buffer 23.8 MiB
[xllama] done: load=4816ms prompt=54.9 tok/s decode=16.6 tok/s peak=4295MB drafted=22 spec_accept=21
[xllama] MTP_STATS rounds=14 decodes=106 discarded=42 catchup_tok=63 draft_ms=0.0 sample_ms=0.0 topprob_ms=0.0 catchup_ms=0.0 verify_ms=0.0 corrective_ms=0.0
[xllama] output: len=359 fnv1a=9afedad1ffe7c19e
[xllama] tokens dumped to Q:\Users\UserMgr1\AppData\Local\Packages\GianlucaMazza.xllama_pj67f1fcj4n14\LocalState\bench-tokens-1.txt
[llama] ~llama_context: D3D12_Host compute buffer size is   5.8489 MiB, matches expectation of   5.8489 MiB
[llama] ~llama_context: D3D12_Host compute buffer size is   0.0000 MiB, matches expectation of   0.0000 MiB
[xllama] d3d12: 6526 graph_compute calls, 8232 matmuls (1251 2col), 2141.7 ms wall (1597.6 ms GPU)
[llama] ~llama_context: D3D12_Host compute buffer size is 504.0198 MiB, matches expectation of 504.0198 MiB
[llama] ~llama_context: D3D12_Host compute buffer size is   0.0000 MiB, matches expectation of   0.0000 MiB
[xllama] d3d12: 0 graph_compute calls, 0 matmuls (0 2col), 0.0 ms wall (0.0 ms GPU)
[xllama] MTP_ACTIVE n_drafted=22 n_spec_accepted=21
[xllama] bench-result.csv written
[xllama] headless bench: done, exiting
[xllama] bench.flag detected -> headless bench mode
[xllama] headless bench: starting
[xllama] main_loop: cpurepackforcegemv.txt='2' -> repack control scope 2 (all small)
[xllama] main_loop: d3d12spinwait.txt='(absent)' -> spin_wait_us=-1 (default unbounded spin)
[xllama] main_loop: ggmlprof.txt='(absent)' -> none (default)
[xllama] bench: d3d12twocol.txt='auto' -> kernel variant 2 (prev 0)
[xllama] bench: prompt.txt 374 bytes
[xllama] bench model: qwen35-4b-mtp
[xllama] bench prompt: <|im_start|>system
You are a helpful AI assistant.<|im_end|>
<|im_start|>user
Me...
[xllama] bench tokens sidecar: bench-tokens-2.txt
[xllama] bench sampling: greedy=1 seed=1 temp=0.80 top_p=0.90 top_k=40
[xllama] gguf gpu layers: 28 on D3D12
[llama] llama_model_loader: mmap is not supported on this platform
[llama] llama_prepare_model_devices: using device D3D12 (xllama D3D12 compute (Q4_0/Q4_K/Q5_K/Q6_K matmul)) (unknown id) - 4129 MiB free
[llama] load_tensors: layer   6 assigned to device D3D12, is_swa = 0
[llama] load_tensors: layer   7 assigned to device D3D12, is_swa = 0
[llama] load_tensors: layer   8 assigned to device D3D12, is_swa = 0
[llama] load_tensors: layer   9 assigned to device D3D12, is_swa = 0
[llama] load_tensors: layer  10 assigned to device D3D12, is_swa = 0
[llama] load_tensors: layer  11 assigned to device D3D12, is_swa = 0
[llama] load_tensors: layer  12 assigned to device D3D12, is_swa = 0
[llama] load_tensors: layer  13 assigned to device D3D12, is_swa = 0
[llama] load_tensors: layer  14 assigned to device D3D12, is_swa = 0
[llama] load_tensors: layer  15 assigned to device D3D12, is_swa = 0
[llama] load_tensors: layer  16 assigned to device D3D12, is_swa = 0
[llama] load_tensors: layer  17 assigned to device D3D12, is_swa = 0
[llama] load_tensors: layer  18 assigned to device D3D12, is_swa = 0
[llama] load_tensors: layer  19 assigned to device D3D12, is_swa = 0
[llama] load_tensors: layer  20 assigned to device D3D12, is_swa = 0
[llama] load_tensors: layer  21 assigned to device D3D12, is_swa = 0
[llama] load_tensors: layer  22 assigned to device D3D12, is_swa = 0
[llama] load_tensors: layer  23 assigned to device D3D12, is_swa = 0
[llama] load_tensors: layer  24 assigned to device D3D12, is_swa = 0
[llama] load_tensors: layer  25 assigned to device D3D12, is_swa = 0
[llama] load_tensors: layer  26 assigned to device D3D12, is_swa = 0
[llama] load_tensors: layer  27 assigned to device D3D12, is_swa = 0
[llama] load_tensors: layer  28 assigned to device D3D12, is_swa = 0
[llama] load_tensors: layer  29 assigned to device D3D12, is_swa = 0
[llama] load_tensors: layer  30 assigned to device D3D12, is_swa = 0
[llama] load_tensors: layer  31 assigned to device D3D12, is_swa = 0
[llama] load_tensors: layer  32 assigned to device D3D12, is_swa = 0
[llama] load_tensors: layer  33 assigned to device D3D12, is_swa = 0
[xllama] d3d12: MUL_MAT refused: f32 2560x32 x [2560,512,1,1] src1=f32 dst=f32
[xllama] d3d12: MUL_MAT refused: q8_0 5120x2560 x [5120,512,1,1] src1=f32 dst=f32
[xllama] d3d12: D3D12_Weights buffer 2255.7 MiB
[llama] load_tensors: offloading output layer to GPU
[llama] load_tensors: offloading 27 repeating layers to GPU
[llama] load_tensors: offloaded 28/34 layers to GPU
[llama] load_tensors:          CPU model buffer size =   688.79 MiB
[llama] load_tensors:   CPU_REPACK model buffer size =   246.09 MiB
[llama] load_tensors: D3D12_Weights model buffer size =  2255.66 MiB
[llama] load_all_data: buffer type D3D12_Weights is not the default buffer type for device D3D12 for async uploads
[xllama] model loaded
[xllama] gpu-mem post-load: current=2273MB budget=4147MB
[xllama] speculative: target n_rs_seq=4 n_ubatch=512
[llama] llama_context: D3D12_Host  output buffer size =     0.95 MiB
[llama] llama_kv_cache:        CPU KV buffer size =    64.00 MiB
[llama] llama_memory_recurrent:        CPU RS buffer size =   251.25 MiB
[llama] resolve_fused_ops: layer 7 is assigned to device D3D12 but Flash Attention is assigned to device CPU (usually due to missing support)
[llama] resolve_fused_ops: Flash Attention not supported, set to disabled
[xllama] d3d12: D3D12_Host buffer 504.0 MiB
[llama] sched_reserve: D3D12_Host compute buffer size =   504.02 MiB
[llama] sched_reserve: graph splits = 262
[llama] llama_context: D3D12_Host  output buffer size =     0.95 MiB
[llama] llama_kv_cache:        CPU KV buffer size =     8.00 MiB
[llama] resolve_fused_ops: layer 32 is assigned to device D3D12 but Flash Attention is assigned to device CPU (usually due to missing support)
[llama] resolve_fused_ops: Flash Attention not supported, set to disabled
[xllama] d3d12: D3D12_Host buffer 5.8 MiB
[llama] sched_reserve: D3D12_Host compute buffer size =     5.85 MiB
[llama] sched_reserve: graph splits = 12
[xllama] mtp: draft ready, n_max=4 p_min=0.750000 dft_n_batch=6
[xllama] mtp: target nextn head layers=1
[xllama] mtp: split_mtp_weights=0 resident=0 tensors=0
[xllama] prompt tokens: 119
[xllama] d3d12: D3D12_Host buffer 20.9 MiB
[xllama] d3d12: D3D12_Host buffer 5.7 MiB
[xllama] mtp: first draft pos=119 n_embd=2560 n_max=4 row[min,max]=[-25.693439,21.764423] dft_n_batch=6 dft_pos_max=118
[llama] [xllama] repack ctrl scope=2 M=4096 K=2560 nrows=1 quant=scalar-all compute=gemv-all forced=1
[llama] [xllama] repack ctrl scope=2 M=9216 K=2560 nrows=1 quant=scalar-all compute=gemv-all forced=1
[llama] [xllama] repack ctrl scope=2 M=9216 K=2560 nrows=1 quant=scalar-all compute=gemv-all forced=1
[llama] [xllama] repack ctrl scope=2 M=4096 K=2560 nrows=1 quant=scalar-all compute=gemv-all forced=1
[llama] [xllama] repack ctrl scope=2 M=9216 K=2560 nrows=1 quant=scalar-all compute=gemv-all forced=1
[llama] [xllama] repack ctrl scope=2 M=9216 K=2560 nrows=1 quant=scalar-all compute=gemv-all forced=1
[llama] [xllama] repack ctrl scope=2 M=4096 K=2560 nrows=1 quant=scalar-all compute=gemv-all forced=1
[llama] [xllama] repack ctrl scope=2 M=9216 K=2560 nrows=1 quant=scalar-all compute=gemv-all forced=1
[llama] [xllama] repack ctrl scope=2 M=9216 K=2560 nrows=1 quant=scalar-all compute=gemv-all forced=1
[llama] [xllama] repack ctrl scope=2 M=8192 K=2560 nrows=1 quant=scalar-all compute=gemv-all forced=1
[llama] [xllama] repack ctrl scope=2 M=1024 K=2560 nrows=1 quant=scalar-all compute=gemv-all forced=1
[llama] [xllama] repack ctrl scope=2 M=2560 K=4096 nrows=1 quant=scalar-all compute=gemv-all forced=1
[llama] [xllama] repack ctrl scope=2 M=9216 K=2560 nrows=1 quant=scalar-all compute=gemv-all forced=1
[llama] [xllama] repack ctrl scope=2 M=9216 K=2560 nrows=1 quant=scalar-all compute=gemv-all forced=1
[llama] [xllama] repack ctrl scope=2 M=8192 K=2560 nrows=1 quant=scalar-all compute=gemv-all forced=1
[llama] [xllama] repack ctrl scope=2 M=4096 K=2560 nrows=1 quant=scalar-all compute=gemv-all forced=1
[xllama] d3d12: D3D12_Host buffer 21.9 MiB
[xllama] d3d12: D3D12_Host buffer 23.8 MiB
[xllama] done: load=4874ms prompt=55.5 tok/s decode=16.4 tok/s peak=4295MB drafted=22 spec_accept=21
[xllama] MTP_STATS rounds=14 decodes=106 discarded=42 catchup_tok=63 draft_ms=0.0 sample_ms=0.0 topprob_ms=0.0 catchup_ms=0.0 verify_ms=0.0 corrective_ms=0.0
[xllama] output: len=359 fnv1a=9afedad1ffe7c19e
[xllama] tokens dumped to Q:\Users\UserMgr1\AppData\Local\Packages\GianlucaMazza.xllama_pj67f1fcj4n14\LocalState\bench-tokens-2.txt
[llama] ~llama_context: D3D12_Host compute buffer size is   5.8489 MiB, matches expectation of   5.8489 MiB
[llama] ~llama_context: D3D12_Host compute buffer size is   0.0000 MiB, matches expectation of   0.0000 MiB
[xllama] d3d12: 6526 graph_compute calls, 8232 matmuls (1251 2col), 2160.1 ms wall (1595.6 ms GPU)
[llama] ~llama_context: D3D12_Host compute buffer size is 504.0198 MiB, matches expectation of 504.0198 MiB
[llama] ~llama_context: D3D12_Host compute buffer size is   0.0000 MiB, matches expectation of   0.0000 MiB
[xllama] d3d12: 0 graph_compute calls, 0 matmuls (0 2col), 0.0 ms wall (0.0 ms GPU)
[xllama] MTP_ACTIVE n_drafted=22 n_spec_accepted=21
[xllama] bench-result.csv written
[xllama] headless bench: done, exiting
[xllama] bench.flag detected -> headless bench mode
[xllama] headless bench: starting
[xllama] main_loop: cpurepackforcegemv.txt='2' -> repack control scope 2 (all small)
[xllama] main_loop: d3d12spinwait.txt='(absent)' -> spin_wait_us=-1 (default unbounded spin)
[xllama] main_loop: ggmlprof.txt='(absent)' -> none (default)
[xllama] bench: d3d12twocol.txt='auto' -> kernel variant 2 (prev 0)
[xllama] bench: prompt.txt 374 bytes
[xllama] bench model: qwen35-4b-mtp
[xllama] bench prompt: <|im_start|>system
You are a helpful AI assistant.<|im_end|>
<|im_start|>user
Me...
[xllama] bench tokens sidecar: bench-tokens-3.txt
[xllama] bench sampling: greedy=1 seed=1 temp=0.80 top_p=0.90 top_k=40
[xllama] gguf gpu layers: 28 on D3D12
[llama] llama_model_loader: mmap is not supported on this platform
[llama] llama_prepare_model_devices: using device D3D12 (xllama D3D12 compute (Q4_0/Q4_K/Q5_K/Q6_K matmul)) (unknown id) - 4129 MiB free
[llama] load_tensors: layer   6 assigned to device D3D12, is_swa = 0
[llama] load_tensors: layer   7 assigned to device D3D12, is_swa = 0
[llama] load_tensors: layer   8 assigned to device D3D12, is_swa = 0
[llama] load_tensors: layer   9 assigned to device D3D12, is_swa = 0
[llama] load_tensors: layer  10 assigned to device D3D12, is_swa = 0
[llama] load_tensors: layer  11 assigned to device D3D12, is_swa = 0
[llama] load_tensors: layer  12 assigned to device D3D12, is_swa = 0
[llama] load_tensors: layer  13 assigned to device D3D12, is_swa = 0
[llama] load_tensors: layer  14 assigned to device D3D12, is_swa = 0
[llama] load_tensors: layer  15 assigned to device D3D12, is_swa = 0
[llama] load_tensors: layer  16 assigned to device D3D12, is_swa = 0
[llama] load_tensors: layer  17 assigned to device D3D12, is_swa = 0
[llama] load_tensors: layer  18 assigned to device D3D12, is_swa = 0
[llama] load_tensors: layer  19 assigned to device D3D12, is_swa = 0
[llama] load_tensors: layer  20 assigned to device D3D12, is_swa = 0
[llama] load_tensors: layer  21 assigned to device D3D12, is_swa = 0
[llama] load_tensors: layer  22 assigned to device D3D12, is_swa = 0
[llama] load_tensors: layer  23 assigned to device D3D12, is_swa = 0
[llama] load_tensors: layer  24 assigned to device D3D12, is_swa = 0
[llama] load_tensors: layer  25 assigned to device D3D12, is_swa = 0
[llama] load_tensors: layer  26 assigned to device D3D12, is_swa = 0
[llama] load_tensors: layer  27 assigned to device D3D12, is_swa = 0
[llama] load_tensors: layer  28 assigned to device D3D12, is_swa = 0
[llama] load_tensors: layer  29 assigned to device D3D12, is_swa = 0
[llama] load_tensors: layer  30 assigned to device D3D12, is_swa = 0
[llama] load_tensors: layer  31 assigned to device D3D12, is_swa = 0
[llama] load_tensors: layer  32 assigned to device D3D12, is_swa = 0
[llama] load_tensors: layer  33 assigned to device D3D12, is_swa = 0
[xllama] d3d12: MUL_MAT refused: f32 2560x32 x [2560,512,1,1] src1=f32 dst=f32
[xllama] d3d12: MUL_MAT refused: q8_0 5120x2560 x [5120,512,1,1] src1=f32 dst=f32
[xllama] d3d12: D3D12_Weights buffer 2255.7 MiB
[llama] load_tensors: offloading output layer to GPU
[llama] load_tensors: offloading 27 repeating layers to GPU
[llama] load_tensors: offloaded 28/34 layers to GPU
[llama] load_tensors:          CPU model buffer size =   688.79 MiB
[llama] load_tensors:   CPU_REPACK model buffer size =   246.09 MiB
[llama] load_tensors: D3D12_Weights model buffer size =  2255.66 MiB
[llama] load_all_data: buffer type D3D12_Weights is not the default buffer type for device D3D12 for async uploads
[xllama] model loaded
[xllama] gpu-mem post-load: current=2273MB budget=4147MB
[xllama] speculative: target n_rs_seq=4 n_ubatch=512
[llama] llama_context: D3D12_Host  output buffer size =     0.95 MiB
[llama] llama_kv_cache:        CPU KV buffer size =    64.00 MiB
[llama] llama_memory_recurrent:        CPU RS buffer size =   251.25 MiB
[llama] resolve_fused_ops: layer 7 is assigned to device D3D12 but Flash Attention is assigned to device CPU (usually due to missing support)
[llama] resolve_fused_ops: Flash Attention not supported, set to disabled
[xllama] d3d12: D3D12_Host buffer 504.0 MiB
[llama] sched_reserve: D3D12_Host compute buffer size =   504.02 MiB
[llama] sched_reserve: graph splits = 262
[llama] llama_context: D3D12_Host  output buffer size =     0.95 MiB
[llama] llama_kv_cache:        CPU KV buffer size =     8.00 MiB
[llama] resolve_fused_ops: layer 32 is assigned to device D3D12 but Flash Attention is assigned to device CPU (usually due to missing support)
[llama] resolve_fused_ops: Flash Attention not supported, set to disabled
[xllama] d3d12: D3D12_Host buffer 5.8 MiB
[llama] sched_reserve: D3D12_Host compute buffer size =     5.85 MiB
[llama] sched_reserve: graph splits = 12
[xllama] mtp: draft ready, n_max=4 p_min=0.750000 dft_n_batch=6
[xllama] mtp: target nextn head layers=1
[xllama] mtp: split_mtp_weights=0 resident=0 tensors=0
[xllama] prompt tokens: 119
[xllama] d3d12: D3D12_Host buffer 20.9 MiB
[xllama] d3d12: D3D12_Host buffer 5.7 MiB
[xllama] mtp: first draft pos=119 n_embd=2560 n_max=4 row[min,max]=[-25.693439,21.764423] dft_n_batch=6 dft_pos_max=118
[llama] [xllama] repack ctrl scope=2 M=4096 K=2560 nrows=1 quant=scalar-all compute=gemv-all forced=1
[llama] [xllama] repack ctrl scope=2 M=9216 K=2560 nrows=1 quant=scalar-all compute=gemv-all forced=1
[llama] [xllama] repack ctrl scope=2 M=9216 K=2560 nrows=1 quant=scalar-all compute=gemv-all forced=1
[llama] [xllama] repack ctrl scope=2 M=4096 K=2560 nrows=1 quant=scalar-all compute=gemv-all forced=1
[llama] [xllama] repack ctrl scope=2 M=9216 K=2560 nrows=1 quant=scalar-all compute=gemv-all forced=1
[llama] [xllama] repack ctrl scope=2 M=9216 K=2560 nrows=1 quant=scalar-all compute=gemv-all forced=1
[llama] [xllama] repack ctrl scope=2 M=4096 K=2560 nrows=1 quant=scalar-all compute=gemv-all forced=1
[llama] [xllama] repack ctrl scope=2 M=9216 K=2560 nrows=1 quant=scalar-all compute=gemv-all forced=1
[llama] [xllama] repack ctrl scope=2 M=9216 K=2560 nrows=1 quant=scalar-all compute=gemv-all forced=1
[llama] [xllama] repack ctrl scope=2 M=8192 K=2560 nrows=1 quant=scalar-all compute=gemv-all forced=1
[llama] [xllama] repack ctrl scope=2 M=1024 K=2560 nrows=1 quant=scalar-all compute=gemv-all forced=1
[llama] [xllama] repack ctrl scope=2 M=2560 K=4096 nrows=1 quant=scalar-all compute=gemv-all forced=1
[llama] [xllama] repack ctrl scope=2 M=9216 K=2560 nrows=1 quant=scalar-all compute=gemv-all forced=1
[llama] [xllama] repack ctrl scope=2 M=9216 K=2560 nrows=1 quant=scalar-all compute=gemv-all forced=1
[llama] [xllama] repack ctrl scope=2 M=8192 K=2560 nrows=1 quant=scalar-all compute=gemv-all forced=1
[llama] [xllama] repack ctrl scope=2 M=4096 K=2560 nrows=1 quant=scalar-all compute=gemv-all forced=1
[xllama] d3d12: D3D12_Host buffer 21.9 MiB
[xllama] d3d12: D3D12_Host buffer 23.8 MiB
[xllama] done: load=4839ms prompt=55.5 tok/s decode=16.7 tok/s peak=4295MB drafted=22 spec_accept=21
[xllama] MTP_STATS rounds=14 decodes=106 discarded=42 catchup_tok=63 draft_ms=0.0 sample_ms=0.0 topprob_ms=0.0 catchup_ms=0.0 verify_ms=0.0 corrective_ms=0.0
[xllama] output: len=359 fnv1a=9afedad1ffe7c19e
[xllama] tokens dumped to Q:\Users\UserMgr1\AppData\Local\Packages\GianlucaMazza.xllama_pj67f1fcj4n14\LocalState\bench-tokens-3.txt
[llama] ~llama_context: D3D12_Host compute buffer size is   5.8489 MiB, matches expectation of   5.8489 MiB
[llama] ~llama_context: D3D12_Host compute buffer size is   0.0000 MiB, matches expectation of   0.0000 MiB
[xllama] d3d12: 6526 graph_compute calls, 8232 matmuls (1251 2col), 2122.8 ms wall (1602.0 ms GPU)
[llama] ~llama_context: D3D12_Host compute buffer size is 504.0198 MiB, matches expectation of 504.0198 MiB
[llama] ~llama_context: D3D12_Host compute buffer size is   0.0000 MiB, matches expectation of   0.0000 MiB
[xllama] d3d12: 0 graph_compute calls, 0 matmuls (0 2col), 0.0 ms wall (0.0 ms GPU)
[xllama] MTP_ACTIVE n_drafted=22 n_spec_accepted=21
[xllama] bench-result.csv written
[xllama] headless bench: done, exiting
[xllama] bench.flag detected -> headless bench mode
[xllama] headless bench: starting
[xllama] main_loop: cpurepackforcegemv.txt='2' -> repack control scope 2 (all small)
[xllama] main_loop: d3d12spinwait.txt='(absent)' -> spin_wait_us=-1 (default unbounded spin)
[xllama] main_loop: ggmlprof.txt='(absent)' -> none (default)
[xllama] bench: d3d12twocol.txt='auto' -> kernel variant 2 (prev 0)
[xllama] bench: prompt.txt 374 bytes
[xllama] bench model: qwen35-4b-mtp
[xllama] bench prompt: <|im_start|>system
You are a helpful AI assistant.<|im_end|>
<|im_start|>user
Me...
[xllama] bench tokens sidecar: bench-tokens-1.txt
[xllama] bench sampling: greedy=1 seed=1 temp=0.80 top_p=0.90 top_k=40
[xllama] gguf gpu layers: 28 on D3D12
[llama] llama_model_loader: mmap is not supported on this platform
[llama] llama_prepare_model_devices: using device D3D12 (xllama D3D12 compute (Q4_0/Q4_K/Q5_K/Q6_K matmul)) (unknown id) - 4129 MiB free
[llama] load_tensors: layer   6 assigned to device D3D12, is_swa = 0
[llama] load_tensors: layer   7 assigned to device D3D12, is_swa = 0
[llama] load_tensors: layer   8 assigned to device D3D12, is_swa = 0
[llama] load_tensors: layer   9 assigned to device D3D12, is_swa = 0
[llama] load_tensors: layer  10 assigned to device D3D12, is_swa = 0
[llama] load_tensors: layer  11 assigned to device D3D12, is_swa = 0
[llama] load_tensors: layer  12 assigned to device D3D12, is_swa = 0
[llama] load_tensors: layer  13 assigned to device D3D12, is_swa = 0
[llama] load_tensors: layer  14 assigned to device D3D12, is_swa = 0
[llama] load_tensors: layer  15 assigned to device D3D12, is_swa = 0
[llama] load_tensors: layer  16 assigned to device D3D12, is_swa = 0
[llama] load_tensors: layer  17 assigned to device D3D12, is_swa = 0
[llama] load_tensors: layer  18 assigned to device D3D12, is_swa = 0
[llama] load_tensors: layer  19 assigned to device D3D12, is_swa = 0
[llama] load_tensors: layer  20 assigned to device D3D12, is_swa = 0
[llama] load_tensors: layer  21 assigned to device D3D12, is_swa = 0
[llama] load_tensors: layer  22 assigned to device D3D12, is_swa = 0
[llama] load_tensors: layer  23 assigned to device D3D12, is_swa = 0
[llama] load_tensors: layer  24 assigned to device D3D12, is_swa = 0
[llama] load_tensors: layer  25 assigned to device D3D12, is_swa = 0
[llama] load_tensors: layer  26 assigned to device D3D12, is_swa = 0
[llama] load_tensors: layer  27 assigned to device D3D12, is_swa = 0
[llama] load_tensors: layer  28 assigned to device D3D12, is_swa = 0
[llama] load_tensors: layer  29 assigned to device D3D12, is_swa = 0
[llama] load_tensors: layer  30 assigned to device D3D12, is_swa = 0
[llama] load_tensors: layer  31 assigned to device D3D12, is_swa = 0
[llama] load_tensors: layer  32 assigned to device D3D12, is_swa = 0
[llama] load_tensors: layer  33 assigned to device D3D12, is_swa = 0
[xllama] d3d12: MUL_MAT refused: f32 2560x32 x [2560,512,1,1] src1=f32 dst=f32
[xllama] d3d12: MUL_MAT refused: q8_0 5120x2560 x [5120,512,1,1] src1=f32 dst=f32
[xllama] d3d12: D3D12_Weights buffer 2255.7 MiB
[llama] load_tensors: offloading output layer to GPU
[llama] load_tensors: offloading 27 repeating layers to GPU
[llama] load_tensors: offloaded 28/34 layers to GPU
[llama] load_tensors:          CPU model buffer size =   688.79 MiB
[llama] load_tensors:   CPU_REPACK model buffer size =   246.09 MiB
[llama] load_tensors: D3D12_Weights model buffer size =  2255.66 MiB
[llama] load_all_data: buffer type D3D12_Weights is not the default buffer type for device D3D12 for async uploads
[xllama] model loaded
[xllama] gpu-mem post-load: current=2273MB budget=4147MB
[xllama] speculative: target n_rs_seq=4 n_ubatch=512
[xllama] offload_kqv=1 (host knob; default 0 = forced off)
[llama] llama_context: D3D12_Host  output buffer size =     0.95 MiB
[llama] llama_kv_cache: layer   7: dev = D3D12
[llama] llama_kv_cache: layer  11: dev = D3D12
[llama] llama_kv_cache: layer  15: dev = D3D12
[llama] llama_kv_cache: layer  19: dev = D3D12
[llama] llama_kv_cache: layer  23: dev = D3D12
[llama] llama_kv_cache: layer  27: dev = D3D12
[llama] llama_kv_cache: layer  31: dev = D3D12
[llama] llama_kv_cache:        CPU KV buffer size =     8.00 MiB
[xllama] d3d12: D3D12_Host buffer 56.0 MiB
[llama] llama_kv_cache: D3D12_Host KV buffer size =    56.00 MiB
[llama] llama_memory_recurrent, layer   6: dev = D3D12
[llama] llama_memory_recurrent, layer   8: dev = D3D12
[llama] llama_memory_recurrent, layer   9: dev = D3D12
[llama] llama_memory_recurrent, layer  10: dev = D3D12
[llama] llama_memory_recurrent, layer  12: dev = D3D12
[llama] llama_memory_recurrent, layer  13: dev = D3D12
[llama] llama_memory_recurrent, layer  14: dev = D3D12
[llama] llama_memory_recurrent, layer  16: dev = D3D12
[llama] llama_memory_recurrent, layer  17: dev = D3D12
[llama] llama_memory_recurrent, layer  18: dev = D3D12
[llama] llama_memory_recurrent, layer  20: dev = D3D12
[llama] llama_memory_recurrent, layer  21: dev = D3D12
[llama] llama_memory_recurrent, layer  22: dev = D3D12
[llama] llama_memory_recurrent, layer  24: dev = D3D12
[llama] llama_memory_recurrent, layer  25: dev = D3D12
[llama] llama_memory_recurrent, layer  26: dev = D3D12
[llama] llama_memory_recurrent, layer  28: dev = D3D12
[llama] llama_memory_recurrent, layer  29: dev = D3D12
[llama] llama_memory_recurrent, layer  30: dev = D3D12
[llama] llama_memory_recurrent:        CPU RS buffer size =    52.34 MiB
[xllama] d3d12: D3D12_Host buffer 198.9 MiB
[llama] llama_memory_recurrent: D3D12_Host RS buffer size =   198.91 MiB
[llama] resolve_fused_ops: layer 7 is assigned to device D3D12 but Flash Attention is assigned to device CPU (usually due to missing support)
[llama] resolve_fused_ops: Flash Attention not supported, set to disabled
[xllama] d3d12: D3D12_Host buffer 504.0 MiB
[llama] sched_reserve: D3D12_Host compute buffer size =   504.02 MiB
[llama] sched_reserve: graph splits = 262
[llama] llama_context: D3D12_Host  output buffer size =     0.95 MiB
[llama] llama_kv_cache: layer  32: dev = D3D12
[xllama] d3d12: D3D12_Host buffer 8.0 MiB
[llama] llama_kv_cache: D3D12_Host KV buffer size =     8.00 MiB
[llama] resolve_fused_ops: layer 32 is assigned to device D3D12 but Flash Attention is assigned to device CPU (usually due to missing support)
[llama] resolve_fused_ops: Flash Attention not supported, set to disabled
[xllama] d3d12: D3D12_Host buffer 5.8 MiB
[llama] sched_reserve: D3D12_Host compute buffer size =     5.85 MiB
[llama] sched_reserve: graph splits = 12
[xllama] mtp: draft ready, n_max=4 p_min=0.750000 dft_n_batch=6
[xllama] mtp: target nextn head layers=1
[xllama] mtp: split_mtp_weights=0 resident=0 tensors=0
[xllama] prompt tokens: 119
[xllama] d3d12: D3D12_Host buffer 20.9 MiB
[xllama] d3d12: D3D12_Host buffer 5.7 MiB
[xllama] mtp: first draft pos=119 n_embd=2560 n_max=4 row[min,max]=[-25.693439,21.764423] dft_n_batch=6 dft_pos_max=118
[llama] [xllama] repack ctrl scope=2 M=4096 K=2560 nrows=1 quant=scalar-all compute=gemv-all forced=1
[llama] [xllama] repack ctrl scope=2 M=9216 K=2560 nrows=1 quant=scalar-all compute=gemv-all forced=1
[llama] [xllama] repack ctrl scope=2 M=9216 K=2560 nrows=1 quant=scalar-all compute=gemv-all forced=1
[llama] [xllama] repack ctrl scope=2 M=4096 K=2560 nrows=1 quant=scalar-all compute=gemv-all forced=1
[llama] [xllama] repack ctrl scope=2 M=9216 K=2560 nrows=1 quant=scalar-all compute=gemv-all forced=1
[llama] [xllama] repack ctrl scope=2 M=9216 K=2560 nrows=1 quant=scalar-all compute=gemv-all forced=1
[llama] [xllama] repack ctrl scope=2 M=4096 K=2560 nrows=1 quant=scalar-all compute=gemv-all forced=1
[llama] [xllama] repack ctrl scope=2 M=9216 K=2560 nrows=1 quant=scalar-all compute=gemv-all forced=1
[llama] [xllama] repack ctrl scope=2 M=9216 K=2560 nrows=1 quant=scalar-all compute=gemv-all forced=1
[llama] [xllama] repack ctrl scope=2 M=8192 K=2560 nrows=1 quant=scalar-all compute=gemv-all forced=1
[llama] [xllama] repack ctrl scope=2 M=1024 K=2560 nrows=1 quant=scalar-all compute=gemv-all forced=1
[llama] [xllama] repack ctrl scope=2 M=2560 K=4096 nrows=1 quant=scalar-all compute=gemv-all forced=1
[llama] [xllama] repack ctrl scope=2 M=9216 K=2560 nrows=1 quant=scalar-all compute=gemv-all forced=1
[llama] [xllama] repack ctrl scope=2 M=9216 K=2560 nrows=1 quant=scalar-all compute=gemv-all forced=1
[llama] [xllama] repack ctrl scope=2 M=8192 K=2560 nrows=1 quant=scalar-all compute=gemv-all forced=1
[llama] [xllama] repack ctrl scope=2 M=4096 K=2560 nrows=1 quant=scalar-all compute=gemv-all forced=1
[xllama] d3d12: D3D12_Host buffer 21.9 MiB
[xllama] d3d12: D3D12_Host buffer 23.8 MiB
[xllama] done: load=4900ms prompt=55.5 tok/s decode=16.5 tok/s peak=4295MB drafted=22 spec_accept=21
[xllama] MTP_STATS rounds=14 decodes=106 discarded=42 catchup_tok=63 draft_ms=0.0 sample_ms=0.0 topprob_ms=0.0 catchup_ms=0.0 verify_ms=0.0 corrective_ms=0.0
[xllama] output: len=359 fnv1a=9afedad1ffe7c19e
[xllama] tokens dumped to Q:\Users\UserMgr1\AppData\Local\Packages\GianlucaMazza.xllama_pj67f1fcj4n14\LocalState\bench-tokens-1.txt
[llama] ~llama_context: D3D12_Host compute buffer size is   5.8489 MiB, matches expectation of   5.8489 MiB
[llama] ~llama_context: D3D12_Host compute buffer size is   0.0000 MiB, matches expectation of   0.0000 MiB
[xllama] d3d12: 6526 graph_compute calls, 8232 matmuls (1251 2col), 2130.0 ms wall (1594.5 ms GPU)
[llama] ~llama_context: D3D12_Host compute buffer size is 504.0198 MiB, matches expectation of 504.0198 MiB
[llama] ~llama_context: D3D12_Host compute buffer size is   0.0000 MiB, matches expectation of   0.0000 MiB
[xllama] d3d12: 0 graph_compute calls, 0 matmuls (0 2col), 0.0 ms wall (0.0 ms GPU)
[xllama] MTP_ACTIVE n_drafted=22 n_spec_accepted=21
[xllama] bench-result.csv written
[xllama] headless bench: done, exiting
[xllama] bench.flag detected -> headless bench mode
[xllama] headless bench: starting
[xllama] main_loop: cpurepackforcegemv.txt='2' -> repack control scope 2 (all small)
[xllama] main_loop: d3d12spinwait.txt='(absent)' -> spin_wait_us=-1 (default unbounded spin)
[xllama] main_loop: ggmlprof.txt='(absent)' -> none (default)
[xllama] bench: d3d12twocol.txt='auto' -> kernel variant 2 (prev 0)
[xllama] bench: prompt.txt 374 bytes
[xllama] bench model: qwen35-4b-mtp
[xllama] bench prompt: <|im_start|>system
You are a helpful AI assistant.<|im_end|>
<|im_start|>user
Me...
[xllama] bench tokens sidecar: bench-tokens-2.txt
[xllama] bench sampling: greedy=1 seed=1 temp=0.80 top_p=0.90 top_k=40
[xllama] gguf gpu layers: 28 on D3D12
[llama] llama_model_loader: mmap is not supported on this platform
[llama] llama_prepare_model_devices: using device D3D12 (xllama D3D12 compute (Q4_0/Q4_K/Q5_K/Q6_K matmul)) (unknown id) - 4129 MiB free
[llama] load_tensors: layer   6 assigned to device D3D12, is_swa = 0
[llama] load_tensors: layer   7 assigned to device D3D12, is_swa = 0
[llama] load_tensors: layer   8 assigned to device D3D12, is_swa = 0
[llama] load_tensors: layer   9 assigned to device D3D12, is_swa = 0
[llama] load_tensors: layer  10 assigned to device D3D12, is_swa = 0
[llama] load_tensors: layer  11 assigned to device D3D12, is_swa = 0
[llama] load_tensors: layer  12 assigned to device D3D12, is_swa = 0
[llama] load_tensors: layer  13 assigned to device D3D12, is_swa = 0
[llama] load_tensors: layer  14 assigned to device D3D12, is_swa = 0
[llama] load_tensors: layer  15 assigned to device D3D12, is_swa = 0
[llama] load_tensors: layer  16 assigned to device D3D12, is_swa = 0
[llama] load_tensors: layer  17 assigned to device D3D12, is_swa = 0
[llama] load_tensors: layer  18 assigned to device D3D12, is_swa = 0
[llama] load_tensors: layer  19 assigned to device D3D12, is_swa = 0
[llama] load_tensors: layer  20 assigned to device D3D12, is_swa = 0
[llama] load_tensors: layer  21 assigned to device D3D12, is_swa = 0
[llama] load_tensors: layer  22 assigned to device D3D12, is_swa = 0
[llama] load_tensors: layer  23 assigned to device D3D12, is_swa = 0
[llama] load_tensors: layer  24 assigned to device D3D12, is_swa = 0
[llama] load_tensors: layer  25 assigned to device D3D12, is_swa = 0
[llama] load_tensors: layer  26 assigned to device D3D12, is_swa = 0
[llama] load_tensors: layer  27 assigned to device D3D12, is_swa = 0
[llama] load_tensors: layer  28 assigned to device D3D12, is_swa = 0
[llama] load_tensors: layer  29 assigned to device D3D12, is_swa = 0
[llama] load_tensors: layer  30 assigned to device D3D12, is_swa = 0
[llama] load_tensors: layer  31 assigned to device D3D12, is_swa = 0
[llama] load_tensors: layer  32 assigned to device D3D12, is_swa = 0
[llama] load_tensors: layer  33 assigned to device D3D12, is_swa = 0
[xllama] d3d12: MUL_MAT refused: f32 2560x32 x [2560,512,1,1] src1=f32 dst=f32
[xllama] d3d12: MUL_MAT refused: q8_0 5120x2560 x [5120,512,1,1] src1=f32 dst=f32
[xllama] d3d12: D3D12_Weights buffer 2255.7 MiB
[llama] load_tensors: offloading output layer to GPU
[llama] load_tensors: offloading 27 repeating layers to GPU
[llama] load_tensors: offloaded 28/34 layers to GPU
[llama] load_tensors:          CPU model buffer size =   688.79 MiB
[llama] load_tensors:   CPU_REPACK model buffer size =   246.09 MiB
[llama] load_tensors: D3D12_Weights model buffer size =  2255.66 MiB
[llama] load_all_data: buffer type D3D12_Weights is not the default buffer type for device D3D12 for async uploads
[xllama] model loaded
[xllama] gpu-mem post-load: current=2273MB budget=4147MB
[xllama] speculative: target n_rs_seq=4 n_ubatch=512
[xllama] offload_kqv=1 (host knob; default 0 = forced off)
[llama] llama_context: D3D12_Host  output buffer size =     0.95 MiB
[llama] llama_kv_cache: layer   7: dev = D3D12
[llama] llama_kv_cache: layer  11: dev = D3D12
[llama] llama_kv_cache: layer  15: dev = D3D12
[llama] llama_kv_cache: layer  19: dev = D3D12
[llama] llama_kv_cache: layer  23: dev = D3D12
[llama] llama_kv_cache: layer  27: dev = D3D12
[llama] llama_kv_cache: layer  31: dev = D3D12
[llama] llama_kv_cache:        CPU KV buffer size =     8.00 MiB
[xllama] d3d12: D3D12_Host buffer 56.0 MiB
[llama] llama_kv_cache: D3D12_Host KV buffer size =    56.00 MiB
[llama] llama_memory_recurrent, layer   6: dev = D3D12
[llama] llama_memory_recurrent, layer   8: dev = D3D12
[llama] llama_memory_recurrent, layer   9: dev = D3D12
[llama] llama_memory_recurrent, layer  10: dev = D3D12
[llama] llama_memory_recurrent, layer  12: dev = D3D12
[llama] llama_memory_recurrent, layer  13: dev = D3D12
[llama] llama_memory_recurrent, layer  14: dev = D3D12
[llama] llama_memory_recurrent, layer  16: dev = D3D12
[llama] llama_memory_recurrent, layer  17: dev = D3D12
[llama] llama_memory_recurrent, layer  18: dev = D3D12
[llama] llama_memory_recurrent, layer  20: dev = D3D12
[llama] llama_memory_recurrent, layer  21: dev = D3D12
[llama] llama_memory_recurrent, layer  22: dev = D3D12
[llama] llama_memory_recurrent, layer  24: dev = D3D12
[llama] llama_memory_recurrent, layer  25: dev = D3D12
[llama] llama_memory_recurrent, layer  26: dev = D3D12
[llama] llama_memory_recurrent, layer  28: dev = D3D12
[llama] llama_memory_recurrent, layer  29: dev = D3D12
[llama] llama_memory_recurrent, layer  30: dev = D3D12
[llama] llama_memory_recurrent:        CPU RS buffer size =    52.34 MiB
[xllama] d3d12: D3D12_Host buffer 198.9 MiB
[llama] llama_memory_recurrent: D3D12_Host RS buffer size =   198.91 MiB
[llama] resolve_fused_ops: layer 7 is assigned to device D3D12 but Flash Attention is assigned to device CPU (usually due to missing support)
[llama] resolve_fused_ops: Flash Attention not supported, set to disabled
[xllama] d3d12: D3D12_Host buffer 504.0 MiB
[llama] sched_reserve: D3D12_Host compute buffer size =   504.02 MiB
[llama] sched_reserve: graph splits = 262
[llama] llama_context: D3D12_Host  output buffer size =     0.95 MiB
[llama] llama_kv_cache: layer  32: dev = D3D12
[xllama] d3d12: D3D12_Host buffer 8.0 MiB
[llama] llama_kv_cache: D3D12_Host KV buffer size =     8.00 MiB
[llama] resolve_fused_ops: layer 32 is assigned to device D3D12 but Flash Attention is assigned to device CPU (usually due to missing support)
[llama] resolve_fused_ops: Flash Attention not supported, set to disabled
[xllama] d3d12: D3D12_Host buffer 5.8 MiB
[llama] sched_reserve: D3D12_Host compute buffer size =     5.85 MiB
[llama] sched_reserve: graph splits = 12
[xllama] mtp: draft ready, n_max=4 p_min=0.750000 dft_n_batch=6
[xllama] mtp: target nextn head layers=1
[xllama] mtp: split_mtp_weights=0 resident=0 tensors=0
[xllama] prompt tokens: 119
[xllama] d3d12: D3D12_Host buffer 20.9 MiB
[xllama] d3d12: D3D12_Host buffer 5.7 MiB
[xllama] mtp: first draft pos=119 n_embd=2560 n_max=4 row[min,max]=[-25.693439,21.764423] dft_n_batch=6 dft_pos_max=118
[llama] [xllama] repack ctrl scope=2 M=4096 K=2560 nrows=1 quant=scalar-all compute=gemv-all forced=1
[llama] [xllama] repack ctrl scope=2 M=9216 K=2560 nrows=1 quant=scalar-all compute=gemv-all forced=1
[llama] [xllama] repack ctrl scope=2 M=9216 K=2560 nrows=1 quant=scalar-all compute=gemv-all forced=1
[llama] [xllama] repack ctrl scope=2 M=4096 K=2560 nrows=1 quant=scalar-all compute=gemv-all forced=1
[llama] [xllama] repack ctrl scope=2 M=9216 K=2560 nrows=1 quant=scalar-all compute=gemv-all forced=1
[llama] [xllama] repack ctrl scope=2 M=9216 K=2560 nrows=1 quant=scalar-all compute=gemv-all forced=1
[llama] [xllama] repack ctrl scope=2 M=4096 K=2560 nrows=1 quant=scalar-all compute=gemv-all forced=1
[llama] [xllama] repack ctrl scope=2 M=9216 K=2560 nrows=1 quant=scalar-all compute=gemv-all forced=1
[llama] [xllama] repack ctrl scope=2 M=9216 K=2560 nrows=1 quant=scalar-all compute=gemv-all forced=1
[llama] [xllama] repack ctrl scope=2 M=8192 K=2560 nrows=1 quant=scalar-all compute=gemv-all forced=1
[llama] [xllama] repack ctrl scope=2 M=1024 K=2560 nrows=1 quant=scalar-all compute=gemv-all forced=1
[llama] [xllama] repack ctrl scope=2 M=2560 K=4096 nrows=1 quant=scalar-all compute=gemv-all forced=1
[llama] [xllama] repack ctrl scope=2 M=9216 K=2560 nrows=1 quant=scalar-all compute=gemv-all forced=1
[llama] [xllama] repack ctrl scope=2 M=9216 K=2560 nrows=1 quant=scalar-all compute=gemv-all forced=1
[llama] [xllama] repack ctrl scope=2 M=8192 K=2560 nrows=1 quant=scalar-all compute=gemv-all forced=1
[llama] [xllama] repack ctrl scope=2 M=4096 K=2560 nrows=1 quant=scalar-all compute=gemv-all forced=1
[xllama] d3d12: D3D12_Host buffer 21.9 MiB
[xllama] d3d12: D3D12_Host buffer 23.8 MiB
[xllama] done: load=4877ms prompt=55.7 tok/s decode=16.4 tok/s peak=4295MB drafted=22 spec_accept=21
[xllama] MTP_STATS rounds=14 decodes=106 discarded=42 catchup_tok=63 draft_ms=0.0 sample_ms=0.0 topprob_ms=0.0 catchup_ms=0.0 verify_ms=0.0 corrective_ms=0.0
[xllama] output: len=359 fnv1a=9afedad1ffe7c19e
[xllama] tokens dumped to Q:\Users\UserMgr1\AppData\Local\Packages\GianlucaMazza.xllama_pj67f1fcj4n14\LocalState\bench-tokens-2.txt
[llama] ~llama_context: D3D12_Host compute buffer size is   5.8489 MiB, matches expectation of   5.8489 MiB
[llama] ~llama_context: D3D12_Host compute buffer size is   0.0000 MiB, matches expectation of   0.0000 MiB
[xllama] d3d12: 6526 graph_compute calls, 8232 matmuls (1251 2col), 2147.4 ms wall (1597.4 ms GPU)
[llama] ~llama_context: D3D12_Host compute buffer size is 504.0198 MiB, matches expectation of 504.0198 MiB
[llama] ~llama_context: D3D12_Host compute buffer size is   0.0000 MiB, matches expectation of   0.0000 MiB
[xllama] d3d12: 0 graph_compute calls, 0 matmuls (0 2col), 0.0 ms wall (0.0 ms GPU)
[xllama] MTP_ACTIVE n_drafted=22 n_spec_accepted=21
[xllama] bench-result.csv written
[xllama] headless bench: done, exiting
[xllama] bench.flag detected -> headless bench mode
[xllama] headless bench: starting
[xllama] main_loop: cpurepackforcegemv.txt='2' -> repack control scope 2 (all small)
[xllama] main_loop: d3d12spinwait.txt='(absent)' -> spin_wait_us=-1 (default unbounded spin)
[xllama] main_loop: ggmlprof.txt='(absent)' -> none (default)
[xllama] bench: d3d12twocol.txt='auto' -> kernel variant 2 (prev 0)
[xllama] bench: prompt.txt 374 bytes
[xllama] bench model: qwen35-4b-mtp
[xllama] bench prompt: <|im_start|>system
You are a helpful AI assistant.<|im_end|>
<|im_start|>user
Me...
[xllama] bench tokens sidecar: bench-tokens-3.txt
[xllama] bench sampling: greedy=1 seed=1 temp=0.80 top_p=0.90 top_k=40
[xllama] gguf gpu layers: 28 on D3D12
[llama] llama_model_loader: mmap is not supported on this platform
[llama] llama_prepare_model_devices: using device D3D12 (xllama D3D12 compute (Q4_0/Q4_K/Q5_K/Q6_K matmul)) (unknown id) - 4129 MiB free
[llama] load_tensors: layer   6 assigned to device D3D12, is_swa = 0
[llama] load_tensors: layer   7 assigned to device D3D12, is_swa = 0
[llama] load_tensors: layer   8 assigned to device D3D12, is_swa = 0
[llama] load_tensors: layer   9 assigned to device D3D12, is_swa = 0
[llama] load_tensors: layer  10 assigned to device D3D12, is_swa = 0
[llama] load_tensors: layer  11 assigned to device D3D12, is_swa = 0
[llama] load_tensors: layer  12 assigned to device D3D12, is_swa = 0
[llama] load_tensors: layer  13 assigned to device D3D12, is_swa = 0
[llama] load_tensors: layer  14 assigned to device D3D12, is_swa = 0
[llama] load_tensors: layer  15 assigned to device D3D12, is_swa = 0
[llama] load_tensors: layer  16 assigned to device D3D12, is_swa = 0
[llama] load_tensors: layer  17 assigned to device D3D12, is_swa = 0
[llama] load_tensors: layer  18 assigned to device D3D12, is_swa = 0
[llama] load_tensors: layer  19 assigned to device D3D12, is_swa = 0
[llama] load_tensors: layer  20 assigned to device D3D12, is_swa = 0
[llama] load_tensors: layer  21 assigned to device D3D12, is_swa = 0
[llama] load_tensors: layer  22 assigned to device D3D12, is_swa = 0
[llama] load_tensors: layer  23 assigned to device D3D12, is_swa = 0
[llama] load_tensors: layer  24 assigned to device D3D12, is_swa = 0
[llama] load_tensors: layer  25 assigned to device D3D12, is_swa = 0
[llama] load_tensors: layer  26 assigned to device D3D12, is_swa = 0
[llama] load_tensors: layer  27 assigned to device D3D12, is_swa = 0
[llama] load_tensors: layer  28 assigned to device D3D12, is_swa = 0
[llama] load_tensors: layer  29 assigned to device D3D12, is_swa = 0
[llama] load_tensors: layer  30 assigned to device D3D12, is_swa = 0
[llama] load_tensors: layer  31 assigned to device D3D12, is_swa = 0
[llama] load_tensors: layer  32 assigned to device D3D12, is_swa = 0
[llama] load_tensors: layer  33 assigned to device D3D12, is_swa = 0
[xllama] d3d12: MUL_MAT refused: f32 2560x32 x [2560,512,1,1] src1=f32 dst=f32
[xllama] d3d12: MUL_MAT refused: q8_0 5120x2560 x [5120,512,1,1] src1=f32 dst=f32
[xllama] d3d12: D3D12_Weights buffer 2255.7 MiB
[llama] load_tensors: offloading output layer to GPU
[llama] load_tensors: offloading 27 repeating layers to GPU
[llama] load_tensors: offloaded 28/34 layers to GPU
[llama] load_tensors:          CPU model buffer size =   688.79 MiB
[llama] load_tensors:   CPU_REPACK model buffer size =   246.09 MiB
[llama] load_tensors: D3D12_Weights model buffer size =  2255.66 MiB
[llama] load_all_data: buffer type D3D12_Weights is not the default buffer type for device D3D12 for async uploads
[xllama] model loaded
[xllama] gpu-mem post-load: current=2273MB budget=4147MB
[xllama] speculative: target n_rs_seq=4 n_ubatch=512
[xllama] offload_kqv=1 (host knob; default 0 = forced off)
[llama] llama_context: D3D12_Host  output buffer size =     0.95 MiB
[llama] llama_kv_cache: layer   7: dev = D3D12
[llama] llama_kv_cache: layer  11: dev = D3D12
[llama] llama_kv_cache: layer  15: dev = D3D12
[llama] llama_kv_cache: layer  19: dev = D3D12
[llama] llama_kv_cache: layer  23: dev = D3D12
[llama] llama_kv_cache: layer  27: dev = D3D12
[llama] llama_kv_cache: layer  31: dev = D3D12
[llama] llama_kv_cache:        CPU KV buffer size =     8.00 MiB
[xllama] d3d12: D3D12_Host buffer 56.0 MiB
[llama] llama_kv_cache: D3D12_Host KV buffer size =    56.00 MiB
[llama] llama_memory_recurrent, layer   6: dev = D3D12
[llama] llama_memory_recurrent, layer   8: dev = D3D12
[llama] llama_memory_recurrent, layer   9: dev = D3D12
[llama] llama_memory_recurrent, layer  10: dev = D3D12
[llama] llama_memory_recurrent, layer  12: dev = D3D12
[llama] llama_memory_recurrent, layer  13: dev = D3D12
[llama] llama_memory_recurrent, layer  14: dev = D3D12
[llama] llama_memory_recurrent, layer  16: dev = D3D12
[llama] llama_memory_recurrent, layer  17: dev = D3D12
[llama] llama_memory_recurrent, layer  18: dev = D3D12
[llama] llama_memory_recurrent, layer  20: dev = D3D12
[llama] llama_memory_recurrent, layer  21: dev = D3D12
[llama] llama_memory_recurrent, layer  22: dev = D3D12
[llama] llama_memory_recurrent, layer  24: dev = D3D12
[llama] llama_memory_recurrent, layer  25: dev = D3D12
[llama] llama_memory_recurrent, layer  26: dev = D3D12
[llama] llama_memory_recurrent, layer  28: dev = D3D12
[llama] llama_memory_recurrent, layer  29: dev = D3D12
[llama] llama_memory_recurrent, layer  30: dev = D3D12
[llama] llama_memory_recurrent:        CPU RS buffer size =    52.34 MiB
[xllama] d3d12: D3D12_Host buffer 198.9 MiB
[llama] llama_memory_recurrent: D3D12_Host RS buffer size =   198.91 MiB
[llama] resolve_fused_ops: layer 7 is assigned to device D3D12 but Flash Attention is assigned to device CPU (usually due to missing support)
[llama] resolve_fused_ops: Flash Attention not supported, set to disabled
[xllama] d3d12: D3D12_Host buffer 504.0 MiB
[llama] sched_reserve: D3D12_Host compute buffer size =   504.02 MiB
[llama] sched_reserve: graph splits = 262
[llama] llama_context: D3D12_Host  output buffer size =     0.95 MiB
[llama] llama_kv_cache: layer  32: dev = D3D12
[xllama] d3d12: D3D12_Host buffer 8.0 MiB
[llama] llama_kv_cache: D3D12_Host KV buffer size =     8.00 MiB
[llama] resolve_fused_ops: layer 32 is assigned to device D3D12 but Flash Attention is assigned to device CPU (usually due to missing support)
[llama] resolve_fused_ops: Flash Attention not supported, set to disabled
[xllama] d3d12: D3D12_Host buffer 5.8 MiB
[llama] sched_reserve: D3D12_Host compute buffer size =     5.85 MiB
[llama] sched_reserve: graph splits = 12
[xllama] mtp: draft ready, n_max=4 p_min=0.750000 dft_n_batch=6
[xllama] mtp: target nextn head layers=1
[xllama] mtp: split_mtp_weights=0 resident=0 tensors=0
[xllama] prompt tokens: 119
[xllama] d3d12: D3D12_Host buffer 20.9 MiB
[xllama] d3d12: D3D12_Host buffer 5.7 MiB
[xllama] mtp: first draft pos=119 n_embd=2560 n_max=4 row[min,max]=[-25.693439,21.764423] dft_n_batch=6 dft_pos_max=118
[llama] [xllama] repack ctrl scope=2 M=4096 K=2560 nrows=1 quant=scalar-all compute=gemv-all forced=1
[llama] [xllama] repack ctrl scope=2 M=9216 K=2560 nrows=1 quant=scalar-all compute=gemv-all forced=1
[llama] [xllama] repack ctrl scope=2 M=9216 K=2560 nrows=1 quant=scalar-all compute=gemv-all forced=1
[llama] [xllama] repack ctrl scope=2 M=4096 K=2560 nrows=1 quant=scalar-all compute=gemv-all forced=1
[llama] [xllama] repack ctrl scope=2 M=9216 K=2560 nrows=1 quant=scalar-all compute=gemv-all forced=1
[llama] [xllama] repack ctrl scope=2 M=9216 K=2560 nrows=1 quant=scalar-all compute=gemv-all forced=1
[llama] [xllama] repack ctrl scope=2 M=4096 K=2560 nrows=1 quant=scalar-all compute=gemv-all forced=1
[llama] [xllama] repack ctrl scope=2 M=9216 K=2560 nrows=1 quant=scalar-all compute=gemv-all forced=1
[llama] [xllama] repack ctrl scope=2 M=9216 K=2560 nrows=1 quant=scalar-all compute=gemv-all forced=1
[llama] [xllama] repack ctrl scope=2 M=8192 K=2560 nrows=1 quant=scalar-all compute=gemv-all forced=1
[llama] [xllama] repack ctrl scope=2 M=1024 K=2560 nrows=1 quant=scalar-all compute=gemv-all forced=1
[llama] [xllama] repack ctrl scope=2 M=2560 K=4096 nrows=1 quant=scalar-all compute=gemv-all forced=1
[llama] [xllama] repack ctrl scope=2 M=9216 K=2560 nrows=1 quant=scalar-all compute=gemv-all forced=1
[llama] [xllama] repack ctrl scope=2 M=9216 K=2560 nrows=1 quant=scalar-all compute=gemv-all forced=1
[llama] [xllama] repack ctrl scope=2 M=8192 K=2560 nrows=1 quant=scalar-all compute=gemv-all forced=1
[llama] [xllama] repack ctrl scope=2 M=4096 K=2560 nrows=1 quant=scalar-all compute=gemv-all forced=1
[xllama] d3d12: D3D12_Host buffer 21.9 MiB
[xllama] d3d12: D3D12_Host buffer 23.8 MiB
[xllama] done: load=4888ms prompt=54.9 tok/s decode=16.6 tok/s peak=4295MB drafted=22 spec_accept=21
[xllama] MTP_STATS rounds=14 decodes=106 discarded=42 catchup_tok=63 draft_ms=0.0 sample_ms=0.0 topprob_ms=0.0 catchup_ms=0.0 verify_ms=0.0 corrective_ms=0.0
[xllama] output: len=359 fnv1a=9afedad1ffe7c19e
[xllama] tokens dumped to Q:\Users\UserMgr1\AppData\Local\Packages\GianlucaMazza.xllama_pj67f1fcj4n14\LocalState\bench-tokens-3.txt
[llama] ~llama_context: D3D12_Host compute buffer size is   5.8489 MiB, matches expectation of   5.8489 MiB
[llama] ~llama_context: D3D12_Host compute buffer size is   0.0000 MiB, matches expectation of   0.0000 MiB
[xllama] d3d12: 6526 graph_compute calls, 8232 matmuls (1251 2col), 2184.3 ms wall (1596.8 ms GPU)
[llama] ~llama_context: D3D12_Host compute buffer size is 504.0198 MiB, matches expectation of 504.0198 MiB
[llama] ~llama_context: D3D12_Host compute buffer size is   0.0000 MiB, matches expectation of   0.0000 MiB
[xllama] d3d12: 0 graph_compute calls, 0 matmuls (0 2col), 0.0 ms wall (0.0 ms GPU)
[xllama] MTP_ACTIVE n_drafted=22 n_spec_accepted=21
[xllama] bench-result.csv written
[xllama] headless bench: done, exiting
[xllama] bench.flag detected -> headless bench mode
[xllama] headless bench: starting
[xllama] main_loop: cpurepackforcegemv.txt='2' -> repack control scope 2 (all small)
[xllama] main_loop: d3d12spinwait.txt='(absent)' -> spin_wait_us=-1 (default unbounded spin)
[xllama] main_loop: ggmlprof.txt='(absent)' -> none (default)
[xllama] bench: d3d12twocol.txt='auto' -> kernel variant 2 (prev 0)
[xllama] bench: prompt.txt 374 bytes
[xllama] bench model: qwen35-4b-mtp
[xllama] bench prompt: <|im_start|>system
You are a helpful AI assistant.<|im_end|>
<|im_start|>user
Me...
[xllama] bench tokens sidecar: bench-tokens-1.txt
[xllama] bench sampling: greedy=1 seed=1 temp=0.80 top_p=0.90 top_k=40
[xllama] gguf gpu layers: 28 on D3D12
[llama] llama_model_loader: mmap is not supported on this platform
[llama] llama_prepare_model_devices: using device D3D12 (xllama D3D12 compute (Q4_0/Q4_K/Q5_K/Q6_K matmul)) (unknown id) - 4129 MiB free
[llama] load_tensors: layer   6 assigned to device D3D12, is_swa = 0
[llama] load_tensors: layer   7 assigned to device D3D12, is_swa = 0
[llama] load_tensors: layer   8 assigned to device D3D12, is_swa = 0
[llama] load_tensors: layer   9 assigned to device D3D12, is_swa = 0
[llama] load_tensors: layer  10 assigned to device D3D12, is_swa = 0
[llama] load_tensors: layer  11 assigned to device D3D12, is_swa = 0
[llama] load_tensors: layer  12 assigned to device D3D12, is_swa = 0
[llama] load_tensors: layer  13 assigned to device D3D12, is_swa = 0
[llama] load_tensors: layer  14 assigned to device D3D12, is_swa = 0
[llama] load_tensors: layer  15 assigned to device D3D12, is_swa = 0
[llama] load_tensors: layer  16 assigned to device D3D12, is_swa = 0
[llama] load_tensors: layer  17 assigned to device D3D12, is_swa = 0
[llama] load_tensors: layer  18 assigned to device D3D12, is_swa = 0
[llama] load_tensors: layer  19 assigned to device D3D12, is_swa = 0
[llama] load_tensors: layer  20 assigned to device D3D12, is_swa = 0
[llama] load_tensors: layer  21 assigned to device D3D12, is_swa = 0
[llama] load_tensors: layer  22 assigned to device D3D12, is_swa = 0
[llama] load_tensors: layer  23 assigned to device D3D12, is_swa = 0
[llama] load_tensors: layer  24 assigned to device D3D12, is_swa = 0
[llama] load_tensors: layer  25 assigned to device D3D12, is_swa = 0
[llama] load_tensors: layer  26 assigned to device D3D12, is_swa = 0
[llama] load_tensors: layer  27 assigned to device D3D12, is_swa = 0
[llama] load_tensors: layer  28 assigned to device D3D12, is_swa = 0
[llama] load_tensors: layer  29 assigned to device D3D12, is_swa = 0
[llama] load_tensors: layer  30 assigned to device D3D12, is_swa = 0
[llama] load_tensors: layer  31 assigned to device D3D12, is_swa = 0
[llama] load_tensors: layer  32 assigned to device D3D12, is_swa = 0
[llama] load_tensors: layer  33 assigned to device D3D12, is_swa = 0
[xllama] d3d12: MUL_MAT refused: f32 2560x32 x [2560,512,1,1] src1=f32 dst=f32
[xllama] d3d12: MUL_MAT refused: q8_0 5120x2560 x [5120,512,1,1] src1=f32 dst=f32
[xllama] d3d12: D3D12_Weights buffer 2255.7 MiB
[llama] load_tensors: offloading output layer to GPU
[llama] load_tensors: offloading 27 repeating layers to GPU
[llama] load_tensors: offloaded 28/34 layers to GPU
[llama] load_tensors:          CPU model buffer size =   688.79 MiB
[llama] load_tensors:   CPU_REPACK model buffer size =   246.09 MiB
[llama] load_tensors: D3D12_Weights model buffer size =  2255.66 MiB
[llama] load_all_data: buffer type D3D12_Weights is not the default buffer type for device D3D12 for async uploads
[xllama] model loaded
[xllama] gpu-mem post-load: current=2273MB budget=4147MB
[xllama] speculative: target n_rs_seq=4 n_ubatch=512
[llama] llama_context: D3D12_Host  output buffer size =     0.95 MiB
[llama] llama_kv_cache:        CPU KV buffer size =    64.00 MiB
[llama] llama_memory_recurrent:        CPU RS buffer size =   251.25 MiB
[llama] resolve_fused_ops: layer 7 is assigned to device D3D12 but Flash Attention is assigned to device CPU (usually due to missing support)
[llama] resolve_fused_ops: Flash Attention not supported, set to disabled
[xllama] d3d12: D3D12_Host buffer 504.0 MiB
[llama] sched_reserve: D3D12_Host compute buffer size =   504.02 MiB
[llama] sched_reserve: graph splits = 262
[llama] llama_context: D3D12_Host  output buffer size =     0.95 MiB
[llama] llama_kv_cache:        CPU KV buffer size =     8.00 MiB
[llama] resolve_fused_ops: layer 32 is assigned to device D3D12 but Flash Attention is assigned to device CPU (usually due to missing support)
[llama] resolve_fused_ops: Flash Attention not supported, set to disabled
[xllama] d3d12: D3D12_Host buffer 5.8 MiB
[llama] sched_reserve: D3D12_Host compute buffer size =     5.85 MiB
[llama] sched_reserve: graph splits = 12
[xllama] mtp: draft ready, n_max=4 p_min=0.750000 dft_n_batch=6
[xllama] mtp: target nextn head layers=1
[xllama] mtp: split_mtp_weights=0 resident=0 tensors=0
[xllama] prompt tokens: 119
[xllama] d3d12: D3D12_Host buffer 20.9 MiB
[xllama] d3d12: D3D12_Host buffer 5.7 MiB
[xllama] mtp: first draft pos=119 n_embd=2560 n_max=4 row[min,max]=[-25.693439,21.764423] dft_n_batch=6 dft_pos_max=118
[llama] [xllama] repack ctrl scope=2 M=4096 K=2560 nrows=1 quant=scalar-all compute=gemv-all forced=1
[llama] [xllama] repack ctrl scope=2 M=9216 K=2560 nrows=1 quant=scalar-all compute=gemv-all forced=1
[llama] [xllama] repack ctrl scope=2 M=9216 K=2560 nrows=1 quant=scalar-all compute=gemv-all forced=1
[llama] [xllama] repack ctrl scope=2 M=4096 K=2560 nrows=1 quant=scalar-all compute=gemv-all forced=1
[llama] [xllama] repack ctrl scope=2 M=9216 K=2560 nrows=1 quant=scalar-all compute=gemv-all forced=1
[llama] [xllama] repack ctrl scope=2 M=9216 K=2560 nrows=1 quant=scalar-all compute=gemv-all forced=1
[llama] [xllama] repack ctrl scope=2 M=4096 K=2560 nrows=1 quant=scalar-all compute=gemv-all forced=1
[llama] [xllama] repack ctrl scope=2 M=9216 K=2560 nrows=1 quant=scalar-all compute=gemv-all forced=1
[llama] [xllama] repack ctrl scope=2 M=9216 K=2560 nrows=1 quant=scalar-all compute=gemv-all forced=1
[llama] [xllama] repack ctrl scope=2 M=8192 K=2560 nrows=1 quant=scalar-all compute=gemv-all forced=1
[llama] [xllama] repack ctrl scope=2 M=1024 K=2560 nrows=1 quant=scalar-all compute=gemv-all forced=1
[llama] [xllama] repack ctrl scope=2 M=2560 K=4096 nrows=1 quant=scalar-all compute=gemv-all forced=1
[llama] [xllama] repack ctrl scope=2 M=9216 K=2560 nrows=1 quant=scalar-all compute=gemv-all forced=1
[llama] [xllama] repack ctrl scope=2 M=9216 K=2560 nrows=1 quant=scalar-all compute=gemv-all forced=1
[llama] [xllama] repack ctrl scope=2 M=8192 K=2560 nrows=1 quant=scalar-all compute=gemv-all forced=1
[llama] [xllama] repack ctrl scope=2 M=4096 K=2560 nrows=1 quant=scalar-all compute=gemv-all forced=1
[xllama] d3d12: D3D12_Host buffer 21.9 MiB
[xllama] d3d12: D3D12_Host buffer 23.8 MiB
[xllama] done: load=4813ms prompt=55.5 tok/s decode=16.4 tok/s peak=4295MB drafted=22 spec_accept=21
[xllama] MTP_STATS rounds=14 decodes=106 discarded=42 catchup_tok=63 draft_ms=0.0 sample_ms=0.0 topprob_ms=0.0 catchup_ms=0.0 verify_ms=0.0 corrective_ms=0.0
[xllama] output: len=359 fnv1a=9afedad1ffe7c19e
[xllama] tokens dumped to Q:\Users\UserMgr1\AppData\Local\Packages\GianlucaMazza.xllama_pj67f1fcj4n14\LocalState\bench-tokens-1.txt
[llama] ~llama_context: D3D12_Host compute buffer size is   5.8489 MiB, matches expectation of   5.8489 MiB
[llama] ~llama_context: D3D12_Host compute buffer size is   0.0000 MiB, matches expectation of   0.0000 MiB
[xllama] d3d12: 6526 graph_compute calls, 8232 matmuls (1251 2col), 2149.5 ms wall (1598.5 ms GPU)
[llama] ~llama_context: D3D12_Host compute buffer size is 504.0198 MiB, matches expectation of 504.0198 MiB
[llama] ~llama_context: D3D12_Host compute buffer size is   0.0000 MiB, matches expectation of   0.0000 MiB
[xllama] d3d12: 0 graph_compute calls, 0 matmuls (0 2col), 0.0 ms wall (0.0 ms GPU)
[xllama] MTP_ACTIVE n_drafted=22 n_spec_accepted=21
[xllama] bench-result.csv written
[xllama] headless bench: done, exiting
[xllama] bench.flag detected -> headless bench mode
[xllama] headless bench: starting
[xllama] main_loop: cpurepackforcegemv.txt='2' -> repack control scope 2 (all small)
[xllama] main_loop: d3d12spinwait.txt='(absent)' -> spin_wait_us=-1 (default unbounded spin)
[xllama] main_loop: ggmlprof.txt='(absent)' -> none (default)
[xllama] bench: d3d12twocol.txt='auto' -> kernel variant 2 (prev 0)
[xllama] bench: prompt.txt 374 bytes
[xllama] bench model: qwen35-4b-mtp
[xllama] bench prompt: <|im_start|>system
You are a helpful AI assistant.<|im_end|>
<|im_start|>user
Me...
[xllama] bench tokens sidecar: bench-tokens-2.txt
[xllama] bench sampling: greedy=1 seed=1 temp=0.80 top_p=0.90 top_k=40
[xllama] gguf gpu layers: 28 on D3D12
[llama] llama_model_loader: mmap is not supported on this platform
[llama] llama_prepare_model_devices: using device D3D12 (xllama D3D12 compute (Q4_0/Q4_K/Q5_K/Q6_K matmul)) (unknown id) - 4129 MiB free
[llama] load_tensors: layer   6 assigned to device D3D12, is_swa = 0
[llama] load_tensors: layer   7 assigned to device D3D12, is_swa = 0
[llama] load_tensors: layer   8 assigned to device D3D12, is_swa = 0
[llama] load_tensors: layer   9 assigned to device D3D12, is_swa = 0
[llama] load_tensors: layer  10 assigned to device D3D12, is_swa = 0
[llama] load_tensors: layer  11 assigned to device D3D12, is_swa = 0
[llama] load_tensors: layer  12 assigned to device D3D12, is_swa = 0
[llama] load_tensors: layer  13 assigned to device D3D12, is_swa = 0
[llama] load_tensors: layer  14 assigned to device D3D12, is_swa = 0
[llama] load_tensors: layer  15 assigned to device D3D12, is_swa = 0
[llama] load_tensors: layer  16 assigned to device D3D12, is_swa = 0
[llama] load_tensors: layer  17 assigned to device D3D12, is_swa = 0
[llama] load_tensors: layer  18 assigned to device D3D12, is_swa = 0
[llama] load_tensors: layer  19 assigned to device D3D12, is_swa = 0
[llama] load_tensors: layer  20 assigned to device D3D12, is_swa = 0
[llama] load_tensors: layer  21 assigned to device D3D12, is_swa = 0
[llama] load_tensors: layer  22 assigned to device D3D12, is_swa = 0
[llama] load_tensors: layer  23 assigned to device D3D12, is_swa = 0
[llama] load_tensors: layer  24 assigned to device D3D12, is_swa = 0
[llama] load_tensors: layer  25 assigned to device D3D12, is_swa = 0
[llama] load_tensors: layer  26 assigned to device D3D12, is_swa = 0
[llama] load_tensors: layer  27 assigned to device D3D12, is_swa = 0
[llama] load_tensors: layer  28 assigned to device D3D12, is_swa = 0
[llama] load_tensors: layer  29 assigned to device D3D12, is_swa = 0
[llama] load_tensors: layer  30 assigned to device D3D12, is_swa = 0
[llama] load_tensors: layer  31 assigned to device D3D12, is_swa = 0
[llama] load_tensors: layer  32 assigned to device D3D12, is_swa = 0
[llama] load_tensors: layer  33 assigned to device D3D12, is_swa = 0
[xllama] d3d12: MUL_MAT refused: f32 2560x32 x [2560,512,1,1] src1=f32 dst=f32
[xllama] d3d12: MUL_MAT refused: q8_0 5120x2560 x [5120,512,1,1] src1=f32 dst=f32
[xllama] d3d12: D3D12_Weights buffer 2255.7 MiB
[llama] load_tensors: offloading output layer to GPU
[llama] load_tensors: offloading 27 repeating layers to GPU
[llama] load_tensors: offloaded 28/34 layers to GPU
[llama] load_tensors:          CPU model buffer size =   688.79 MiB
[llama] load_tensors:   CPU_REPACK model buffer size =   246.09 MiB
[llama] load_tensors: D3D12_Weights model buffer size =  2255.66 MiB
[llama] load_all_data: buffer type D3D12_Weights is not the default buffer type for device D3D12 for async uploads
[xllama] model loaded
[xllama] gpu-mem post-load: current=2273MB budget=4147MB
[xllama] speculative: target n_rs_seq=4 n_ubatch=512
[llama] llama_context: D3D12_Host  output buffer size =     0.95 MiB
[llama] llama_kv_cache:        CPU KV buffer size =    64.00 MiB
[llama] llama_memory_recurrent:        CPU RS buffer size =   251.25 MiB
[llama] resolve_fused_ops: layer 7 is assigned to device D3D12 but Flash Attention is assigned to device CPU (usually due to missing support)
[llama] resolve_fused_ops: Flash Attention not supported, set to disabled
[xllama] d3d12: D3D12_Host buffer 504.0 MiB
[llama] sched_reserve: D3D12_Host compute buffer size =   504.02 MiB
[llama] sched_reserve: graph splits = 262
[llama] llama_context: D3D12_Host  output buffer size =     0.95 MiB
[llama] llama_kv_cache:        CPU KV buffer size =     8.00 MiB
[llama] resolve_fused_ops: layer 32 is assigned to device D3D12 but Flash Attention is assigned to device CPU (usually due to missing support)
[llama] resolve_fused_ops: Flash Attention not supported, set to disabled
[xllama] d3d12: D3D12_Host buffer 5.8 MiB
[llama] sched_reserve: D3D12_Host compute buffer size =     5.85 MiB
[llama] sched_reserve: graph splits = 12
[xllama] mtp: draft ready, n_max=4 p_min=0.750000 dft_n_batch=6
[xllama] mtp: target nextn head layers=1
[xllama] mtp: split_mtp_weights=0 resident=0 tensors=0
[xllama] prompt tokens: 119
[xllama] d3d12: D3D12_Host buffer 20.9 MiB
[xllama] d3d12: D3D12_Host buffer 5.7 MiB
[xllama] mtp: first draft pos=119 n_embd=2560 n_max=4 row[min,max]=[-25.693439,21.764423] dft_n_batch=6 dft_pos_max=118
[llama] [xllama] repack ctrl scope=2 M=4096 K=2560 nrows=1 quant=scalar-all compute=gemv-all forced=1
[llama] [xllama] repack ctrl scope=2 M=9216 K=2560 nrows=1 quant=scalar-all compute=gemv-all forced=1
[llama] [xllama] repack ctrl scope=2 M=9216 K=2560 nrows=1 quant=scalar-all compute=gemv-all forced=1
[llama] [xllama] repack ctrl scope=2 M=4096 K=2560 nrows=1 quant=scalar-all compute=gemv-all forced=1
[llama] [xllama] repack ctrl scope=2 M=9216 K=2560 nrows=1 quant=scalar-all compute=gemv-all forced=1
[llama] [xllama] repack ctrl scope=2 M=9216 K=2560 nrows=1 quant=scalar-all compute=gemv-all forced=1
[llama] [xllama] repack ctrl scope=2 M=4096 K=2560 nrows=1 quant=scalar-all compute=gemv-all forced=1
[llama] [xllama] repack ctrl scope=2 M=9216 K=2560 nrows=1 quant=scalar-all compute=gemv-all forced=1
[llama] [xllama] repack ctrl scope=2 M=9216 K=2560 nrows=1 quant=scalar-all compute=gemv-all forced=1
[llama] [xllama] repack ctrl scope=2 M=8192 K=2560 nrows=1 quant=scalar-all compute=gemv-all forced=1
[llama] [xllama] repack ctrl scope=2 M=1024 K=2560 nrows=1 quant=scalar-all compute=gemv-all forced=1
[llama] [xllama] repack ctrl scope=2 M=2560 K=4096 nrows=1 quant=scalar-all compute=gemv-all forced=1
[llama] [xllama] repack ctrl scope=2 M=9216 K=2560 nrows=1 quant=scalar-all compute=gemv-all forced=1
[llama] [xllama] repack ctrl scope=2 M=9216 K=2560 nrows=1 quant=scalar-all compute=gemv-all forced=1
[llama] [xllama] repack ctrl scope=2 M=8192 K=2560 nrows=1 quant=scalar-all compute=gemv-all forced=1
[llama] [xllama] repack ctrl scope=2 M=4096 K=2560 nrows=1 quant=scalar-all compute=gemv-all forced=1
[xllama] d3d12: D3D12_Host buffer 21.9 MiB
[xllama] d3d12: D3D12_Host buffer 23.8 MiB
[xllama] done: load=4852ms prompt=55.6 tok/s decode=16.4 tok/s peak=4295MB drafted=22 spec_accept=21
[xllama] MTP_STATS rounds=14 decodes=106 discarded=42 catchup_tok=63 draft_ms=0.0 sample_ms=0.0 topprob_ms=0.0 catchup_ms=0.0 verify_ms=0.0 corrective_ms=0.0
[xllama] output: len=359 fnv1a=9afedad1ffe7c19e
[xllama] tokens dumped to Q:\Users\UserMgr1\AppData\Local\Packages\GianlucaMazza.xllama_pj67f1fcj4n14\LocalState\bench-tokens-2.txt
[llama] ~llama_context: D3D12_Host compute buffer size is   5.8489 MiB, matches expectation of   5.8489 MiB
[llama] ~llama_context: D3D12_Host compute buffer size is   0.0000 MiB, matches expectation of   0.0000 MiB
[xllama] d3d12: 6526 graph_compute calls, 8232 matmuls (1251 2col), 2176.3 ms wall (1596.3 ms GPU)
[llama] ~llama_context: D3D12_Host compute buffer size is 504.0198 MiB, matches expectation of 504.0198 MiB
[llama] ~llama_context: D3D12_Host compute buffer size is   0.0000 MiB, matches expectation of   0.0000 MiB
[xllama] d3d12: 0 graph_compute calls, 0 matmuls (0 2col), 0.0 ms wall (0.0 ms GPU)
[xllama] MTP_ACTIVE n_drafted=22 n_spec_accepted=21
[xllama] bench-result.csv written
[xllama] headless bench: done, exiting
[xllama] bench.flag detected -> headless bench mode
[xllama] headless bench: starting
[xllama] main_loop: cpurepackforcegemv.txt='2' -> repack control scope 2 (all small)
[xllama] main_loop: d3d12spinwait.txt='(absent)' -> spin_wait_us=-1 (default unbounded spin)
[xllama] main_loop: ggmlprof.txt='(absent)' -> none (default)
[xllama] bench: d3d12twocol.txt='auto' -> kernel variant 2 (prev 0)
[xllama] bench: prompt.txt 374 bytes
[xllama] bench model: qwen35-4b-mtp
[xllama] bench prompt: <|im_start|>system
You are a helpful AI assistant.<|im_end|>
<|im_start|>user
Me...
[xllama] bench tokens sidecar: bench-tokens-3.txt
[xllama] bench sampling: greedy=1 seed=1 temp=0.80 top_p=0.90 top_k=40
[xllama] gguf gpu layers: 28 on D3D12
[llama] llama_model_loader: mmap is not supported on this platform
[llama] llama_prepare_model_devices: using device D3D12 (xllama D3D12 compute (Q4_0/Q4_K/Q5_K/Q6_K matmul)) (unknown id) - 4129 MiB free
[llama] load_tensors: layer   6 assigned to device D3D12, is_swa = 0
[llama] load_tensors: layer   7 assigned to device D3D12, is_swa = 0
[llama] load_tensors: layer   8 assigned to device D3D12, is_swa = 0
[llama] load_tensors: layer   9 assigned to device D3D12, is_swa = 0
[llama] load_tensors: layer  10 assigned to device D3D12, is_swa = 0
[llama] load_tensors: layer  11 assigned to device D3D12, is_swa = 0
[llama] load_tensors: layer  12 assigned to device D3D12, is_swa = 0
[llama] load_tensors: layer  13 assigned to device D3D12, is_swa = 0
[llama] load_tensors: layer  14 assigned to device D3D12, is_swa = 0
[llama] load_tensors: layer  15 assigned to device D3D12, is_swa = 0
[llama] load_tensors: layer  16 assigned to device D3D12, is_swa = 0
[llama] load_tensors: layer  17 assigned to device D3D12, is_swa = 0
[llama] load_tensors: layer  18 assigned to device D3D12, is_swa = 0
[llama] load_tensors: layer  19 assigned to device D3D12, is_swa = 0
[llama] load_tensors: layer  20 assigned to device D3D12, is_swa = 0
[llama] load_tensors: layer  21 assigned to device D3D12, is_swa = 0
[llama] load_tensors: layer  22 assigned to device D3D12, is_swa = 0
[llama] load_tensors: layer  23 assigned to device D3D12, is_swa = 0
[llama] load_tensors: layer  24 assigned to device D3D12, is_swa = 0
[llama] load_tensors: layer  25 assigned to device D3D12, is_swa = 0
[llama] load_tensors: layer  26 assigned to device D3D12, is_swa = 0
[llama] load_tensors: layer  27 assigned to device D3D12, is_swa = 0
[llama] load_tensors: layer  28 assigned to device D3D12, is_swa = 0
[llama] load_tensors: layer  29 assigned to device D3D12, is_swa = 0
[llama] load_tensors: layer  30 assigned to device D3D12, is_swa = 0
[llama] load_tensors: layer  31 assigned to device D3D12, is_swa = 0
[llama] load_tensors: layer  32 assigned to device D3D12, is_swa = 0
[llama] load_tensors: layer  33 assigned to device D3D12, is_swa = 0
[xllama] d3d12: MUL_MAT refused: f32 2560x32 x [2560,512,1,1] src1=f32 dst=f32
[xllama] d3d12: MUL_MAT refused: q8_0 5120x2560 x [5120,512,1,1] src1=f32 dst=f32
[xllama] d3d12: D3D12_Weights buffer 2255.7 MiB
[llama] load_tensors: offloading output layer to GPU
[llama] load_tensors: offloading 27 repeating layers to GPU
[llama] load_tensors: offloaded 28/34 layers to GPU
[llama] load_tensors:          CPU model buffer size =   688.79 MiB
[llama] load_tensors:   CPU_REPACK model buffer size =   246.09 MiB
[llama] load_tensors: D3D12_Weights model buffer size =  2255.66 MiB
[llama] load_all_data: buffer type D3D12_Weights is not the default buffer type for device D3D12 for async uploads
[xllama] model loaded
[xllama] gpu-mem post-load: current=2273MB budget=4147MB
[xllama] speculative: target n_rs_seq=4 n_ubatch=512
[llama] llama_context: D3D12_Host  output buffer size =     0.95 MiB
[llama] llama_kv_cache:        CPU KV buffer size =    64.00 MiB
[llama] llama_memory_recurrent:        CPU RS buffer size =   251.25 MiB
[llama] resolve_fused_ops: layer 7 is assigned to device D3D12 but Flash Attention is assigned to device CPU (usually due to missing support)
[llama] resolve_fused_ops: Flash Attention not supported, set to disabled
[xllama] d3d12: D3D12_Host buffer 504.0 MiB
[llama] sched_reserve: D3D12_Host compute buffer size =   504.02 MiB
[llama] sched_reserve: graph splits = 262
[llama] llama_context: D3D12_Host  output buffer size =     0.95 MiB
[llama] llama_kv_cache:        CPU KV buffer size =     8.00 MiB
[llama] resolve_fused_ops: layer 32 is assigned to device D3D12 but Flash Attention is assigned to device CPU (usually due to missing support)
[llama] resolve_fused_ops: Flash Attention not supported, set to disabled
[xllama] d3d12: D3D12_Host buffer 5.8 MiB
[llama] sched_reserve: D3D12_Host compute buffer size =     5.85 MiB
[llama] sched_reserve: graph splits = 12
[xllama] mtp: draft ready, n_max=4 p_min=0.750000 dft_n_batch=6
[xllama] mtp: target nextn head layers=1
[xllama] mtp: split_mtp_weights=0 resident=0 tensors=0
[xllama] prompt tokens: 119
[xllama] d3d12: D3D12_Host buffer 20.9 MiB
[xllama] d3d12: D3D12_Host buffer 5.7 MiB
[xllama] mtp: first draft pos=119 n_embd=2560 n_max=4 row[min,max]=[-25.693439,21.764423] dft_n_batch=6 dft_pos_max=118
[llama] [xllama] repack ctrl scope=2 M=4096 K=2560 nrows=1 quant=scalar-all compute=gemv-all forced=1
[llama] [xllama] repack ctrl scope=2 M=9216 K=2560 nrows=1 quant=scalar-all compute=gemv-all forced=1
[llama] [xllama] repack ctrl scope=2 M=9216 K=2560 nrows=1 quant=scalar-all compute=gemv-all forced=1
[llama] [xllama] repack ctrl scope=2 M=4096 K=2560 nrows=1 quant=scalar-all compute=gemv-all forced=1
[llama] [xllama] repack ctrl scope=2 M=9216 K=2560 nrows=1 quant=scalar-all compute=gemv-all forced=1
[llama] [xllama] repack ctrl scope=2 M=9216 K=2560 nrows=1 quant=scalar-all compute=gemv-all forced=1
[llama] [xllama] repack ctrl scope=2 M=4096 K=2560 nrows=1 quant=scalar-all compute=gemv-all forced=1
[llama] [xllama] repack ctrl scope=2 M=9216 K=2560 nrows=1 quant=scalar-all compute=gemv-all forced=1
[llama] [xllama] repack ctrl scope=2 M=9216 K=2560 nrows=1 quant=scalar-all compute=gemv-all forced=1
[llama] [xllama] repack ctrl scope=2 M=8192 K=2560 nrows=1 quant=scalar-all compute=gemv-all forced=1
[llama] [xllama] repack ctrl scope=2 M=1024 K=2560 nrows=1 quant=scalar-all compute=gemv-all forced=1
[llama] [xllama] repack ctrl scope=2 M=2560 K=4096 nrows=1 quant=scalar-all compute=gemv-all forced=1
[llama] [xllama] repack ctrl scope=2 M=9216 K=2560 nrows=1 quant=scalar-all compute=gemv-all forced=1
[llama] [xllama] repack ctrl scope=2 M=9216 K=2560 nrows=1 quant=scalar-all compute=gemv-all forced=1
[llama] [xllama] repack ctrl scope=2 M=8192 K=2560 nrows=1 quant=scalar-all compute=gemv-all forced=1
[llama] [xllama] repack ctrl scope=2 M=4096 K=2560 nrows=1 quant=scalar-all compute=gemv-all forced=1
[xllama] d3d12: D3D12_Host buffer 21.9 MiB
[xllama] d3d12: D3D12_Host buffer 23.8 MiB
[xllama] done: load=4817ms prompt=55.5 tok/s decode=16.4 tok/s peak=4295MB drafted=22 spec_accept=21
[xllama] MTP_STATS rounds=14 decodes=106 discarded=42 catchup_tok=63 draft_ms=0.0 sample_ms=0.0 topprob_ms=0.0 catchup_ms=0.0 verify_ms=0.0 corrective_ms=0.0
[xllama] output: len=359 fnv1a=9afedad1ffe7c19e
[xllama] tokens dumped to Q:\Users\UserMgr1\AppData\Local\Packages\GianlucaMazza.xllama_pj67f1fcj4n14\LocalState\bench-tokens-3.txt
[llama] ~llama_context: D3D12_Host compute buffer size is   5.8489 MiB, matches expectation of   5.8489 MiB
[llama] ~llama_context: D3D12_Host compute buffer size is   0.0000 MiB, matches expectation of   0.0000 MiB
[xllama] d3d12: 6526 graph_compute calls, 8232 matmuls (1251 2col), 2143.7 ms wall (1601.2 ms GPU)
[llama] ~llama_context: D3D12_Host compute buffer size is 504.0198 MiB, matches expectation of 504.0198 MiB
[llama] ~llama_context: D3D12_Host compute buffer size is   0.0000 MiB, matches expectation of   0.0000 MiB
[xllama] d3d12: 0 graph_compute calls, 0 matmuls (0 2col), 0.0 ms wall (0.0 ms GPU)
[xllama] MTP_ACTIVE n_drafted=22 n_spec_accepted=21
[xllama] bench-result.csv written
[xllama] headless bench: done, exiting
[xllama] bench.flag detected -> headless bench mode
[xllama] headless bench: starting
[xllama] main_loop: cpurepackforcegemv.txt='2' -> repack control scope 2 (all small)
[xllama] main_loop: d3d12spinwait.txt='(absent)' -> spin_wait_us=-1 (default unbounded spin)
[xllama] main_loop: ggmlprof.txt='(absent)' -> none (default)
[xllama] bench: d3d12twocol.txt='auto' -> kernel variant 2 (prev 0)
[xllama] bench: prompt.txt 374 bytes
[xllama] bench model: qwen35-4b-mtp
[xllama] bench prompt: <|im_start|>system
You are a helpful AI assistant.<|im_end|>
<|im_start|>user
Me...
[xllama] bench tokens sidecar: bench-tokens-1.txt
[xllama] bench sampling: greedy=1 seed=1 temp=0.80 top_p=0.90 top_k=40
[xllama] gguf gpu layers: 28 on D3D12
[llama] llama_model_loader: mmap is not supported on this platform
[llama] llama_prepare_model_devices: using device D3D12 (xllama D3D12 compute (Q4_0/Q4_K/Q5_K/Q6_K matmul)) (unknown id) - 4129 MiB free
[llama] load_tensors: layer   6 assigned to device D3D12, is_swa = 0
[llama] load_tensors: layer   7 assigned to device D3D12, is_swa = 0
[llama] load_tensors: layer   8 assigned to device D3D12, is_swa = 0
[llama] load_tensors: layer   9 assigned to device D3D12, is_swa = 0
[llama] load_tensors: layer  10 assigned to device D3D12, is_swa = 0
[llama] load_tensors: layer  11 assigned to device D3D12, is_swa = 0
[llama] load_tensors: layer  12 assigned to device D3D12, is_swa = 0
[llama] load_tensors: layer  13 assigned to device D3D12, is_swa = 0
[llama] load_tensors: layer  14 assigned to device D3D12, is_swa = 0
[llama] load_tensors: layer  15 assigned to device D3D12, is_swa = 0
[llama] load_tensors: layer  16 assigned to device D3D12, is_swa = 0
[llama] load_tensors: layer  17 assigned to device D3D12, is_swa = 0
[llama] load_tensors: layer  18 assigned to device D3D12, is_swa = 0
[llama] load_tensors: layer  19 assigned to device D3D12, is_swa = 0
[llama] load_tensors: layer  20 assigned to device D3D12, is_swa = 0
[llama] load_tensors: layer  21 assigned to device D3D12, is_swa = 0
[llama] load_tensors: layer  22 assigned to device D3D12, is_swa = 0
[llama] load_tensors: layer  23 assigned to device D3D12, is_swa = 0
[llama] load_tensors: layer  24 assigned to device D3D12, is_swa = 0
[llama] load_tensors: layer  25 assigned to device D3D12, is_swa = 0
[llama] load_tensors: layer  26 assigned to device D3D12, is_swa = 0
[llama] load_tensors: layer  27 assigned to device D3D12, is_swa = 0
[llama] load_tensors: layer  28 assigned to device D3D12, is_swa = 0
[llama] load_tensors: layer  29 assigned to device D3D12, is_swa = 0
[llama] load_tensors: layer  30 assigned to device D3D12, is_swa = 0
[llama] load_tensors: layer  31 assigned to device D3D12, is_swa = 0
[llama] load_tensors: layer  32 assigned to device D3D12, is_swa = 0
[llama] load_tensors: layer  33 assigned to device D3D12, is_swa = 0
[xllama] d3d12: MUL_MAT refused: f32 2560x32 x [2560,512,1,1] src1=f32 dst=f32
[xllama] d3d12: MUL_MAT refused: q8_0 5120x2560 x [5120,512,1,1] src1=f32 dst=f32
[xllama] d3d12: D3D12_Weights buffer 2255.7 MiB
[llama] load_tensors: offloading output layer to GPU
[llama] load_tensors: offloading 27 repeating layers to GPU
[llama] load_tensors: offloaded 28/34 layers to GPU
[llama] load_tensors:          CPU model buffer size =   688.79 MiB
[llama] load_tensors:   CPU_REPACK model buffer size =   246.09 MiB
[llama] load_tensors: D3D12_Weights model buffer size =  2255.66 MiB
[llama] load_all_data: buffer type D3D12_Weights is not the default buffer type for device D3D12 for async uploads
[xllama] model loaded
[xllama] gpu-mem post-load: current=2273MB budget=4147MB
[xllama] speculative: target n_rs_seq=4 n_ubatch=512
[xllama] offload_kqv=1 (host knob; default 0 = forced off)
[llama] llama_context: D3D12_Host  output buffer size =     0.95 MiB
[llama] llama_kv_cache: layer   7: dev = D3D12
[llama] llama_kv_cache: layer  11: dev = D3D12
[llama] llama_kv_cache: layer  15: dev = D3D12
[llama] llama_kv_cache: layer  19: dev = D3D12
[llama] llama_kv_cache: layer  23: dev = D3D12
[llama] llama_kv_cache: layer  27: dev = D3D12
[llama] llama_kv_cache: layer  31: dev = D3D12
[llama] llama_kv_cache:        CPU KV buffer size =     8.00 MiB
[xllama] d3d12: D3D12_Host buffer 56.0 MiB
[llama] llama_kv_cache: D3D12_Host KV buffer size =    56.00 MiB
[llama] llama_memory_recurrent, layer   6: dev = D3D12
[llama] llama_memory_recurrent, layer   8: dev = D3D12
[llama] llama_memory_recurrent, layer   9: dev = D3D12
[llama] llama_memory_recurrent, layer  10: dev = D3D12
[llama] llama_memory_recurrent, layer  12: dev = D3D12
[llama] llama_memory_recurrent, layer  13: dev = D3D12
[llama] llama_memory_recurrent, layer  14: dev = D3D12
[llama] llama_memory_recurrent, layer  16: dev = D3D12
[llama] llama_memory_recurrent, layer  17: dev = D3D12
[llama] llama_memory_recurrent, layer  18: dev = D3D12
[llama] llama_memory_recurrent, layer  20: dev = D3D12
[llama] llama_memory_recurrent, layer  21: dev = D3D12
[llama] llama_memory_recurrent, layer  22: dev = D3D12
[llama] llama_memory_recurrent, layer  24: dev = D3D12
[llama] llama_memory_recurrent, layer  25: dev = D3D12
[llama] llama_memory_recurrent, layer  26: dev = D3D12
[llama] llama_memory_recurrent, layer  28: dev = D3D12
[llama] llama_memory_recurrent, layer  29: dev = D3D12
[llama] llama_memory_recurrent, layer  30: dev = D3D12
[llama] llama_memory_recurrent:        CPU RS buffer size =    52.34 MiB
[xllama] d3d12: D3D12_Host buffer 198.9 MiB
[llama] llama_memory_recurrent: D3D12_Host RS buffer size =   198.91 MiB
[llama] resolve_fused_ops: layer 7 is assigned to device D3D12 but Flash Attention is assigned to device CPU (usually due to missing support)
[llama] resolve_fused_ops: Flash Attention not supported, set to disabled
[xllama] d3d12: D3D12_Host buffer 504.0 MiB
[llama] sched_reserve: D3D12_Host compute buffer size =   504.02 MiB
[llama] sched_reserve: graph splits = 262
[llama] llama_context: D3D12_Host  output buffer size =     0.95 MiB
[llama] llama_kv_cache: layer  32: dev = D3D12
[xllama] d3d12: D3D12_Host buffer 8.0 MiB
[llama] llama_kv_cache: D3D12_Host KV buffer size =     8.00 MiB
[llama] resolve_fused_ops: layer 32 is assigned to device D3D12 but Flash Attention is assigned to device CPU (usually due to missing support)
[llama] resolve_fused_ops: Flash Attention not supported, set to disabled
[xllama] d3d12: D3D12_Host buffer 5.8 MiB
[llama] sched_reserve: D3D12_Host compute buffer size =     5.85 MiB
[llama] sched_reserve: graph splits = 12
[xllama] mtp: draft ready, n_max=4 p_min=0.750000 dft_n_batch=6
[xllama] mtp: target nextn head layers=1
[xllama] mtp: split_mtp_weights=0 resident=0 tensors=0
[xllama] prompt tokens: 119
[xllama] d3d12: D3D12_Host buffer 20.9 MiB
[xllama] d3d12: D3D12_Host buffer 5.7 MiB
[xllama] mtp: first draft pos=119 n_embd=2560 n_max=4 row[min,max]=[-25.693439,21.764423] dft_n_batch=6 dft_pos_max=118
[llama] [xllama] repack ctrl scope=2 M=4096 K=2560 nrows=1 quant=scalar-all compute=gemv-all forced=1
[llama] [xllama] repack ctrl scope=2 M=9216 K=2560 nrows=1 quant=scalar-all compute=gemv-all forced=1
[llama] [xllama] repack ctrl scope=2 M=9216 K=2560 nrows=1 quant=scalar-all compute=gemv-all forced=1
[llama] [xllama] repack ctrl scope=2 M=4096 K=2560 nrows=1 quant=scalar-all compute=gemv-all forced=1
[llama] [xllama] repack ctrl scope=2 M=9216 K=2560 nrows=1 quant=scalar-all compute=gemv-all forced=1
[llama] [xllama] repack ctrl scope=2 M=9216 K=2560 nrows=1 quant=scalar-all compute=gemv-all forced=1
[llama] [xllama] repack ctrl scope=2 M=4096 K=2560 nrows=1 quant=scalar-all compute=gemv-all forced=1
[llama] [xllama] repack ctrl scope=2 M=9216 K=2560 nrows=1 quant=scalar-all compute=gemv-all forced=1
[llama] [xllama] repack ctrl scope=2 M=9216 K=2560 nrows=1 quant=scalar-all compute=gemv-all forced=1
[llama] [xllama] repack ctrl scope=2 M=8192 K=2560 nrows=1 quant=scalar-all compute=gemv-all forced=1
[llama] [xllama] repack ctrl scope=2 M=1024 K=2560 nrows=1 quant=scalar-all compute=gemv-all forced=1
[llama] [xllama] repack ctrl scope=2 M=2560 K=4096 nrows=1 quant=scalar-all compute=gemv-all forced=1
[llama] [xllama] repack ctrl scope=2 M=9216 K=2560 nrows=1 quant=scalar-all compute=gemv-all forced=1
[llama] [xllama] repack ctrl scope=2 M=9216 K=2560 nrows=1 quant=scalar-all compute=gemv-all forced=1
[llama] [xllama] repack ctrl scope=2 M=8192 K=2560 nrows=1 quant=scalar-all compute=gemv-all forced=1
[llama] [xllama] repack ctrl scope=2 M=4096 K=2560 nrows=1 quant=scalar-all compute=gemv-all forced=1
[xllama] d3d12: D3D12_Host buffer 21.9 MiB
[xllama] d3d12: D3D12_Host buffer 23.8 MiB
[xllama] done: load=4833ms prompt=55.7 tok/s decode=16.5 tok/s peak=4295MB drafted=22 spec_accept=21
[xllama] MTP_STATS rounds=14 decodes=106 discarded=42 catchup_tok=63 draft_ms=0.0 sample_ms=0.0 topprob_ms=0.0 catchup_ms=0.0 verify_ms=0.0 corrective_ms=0.0
[xllama] output: len=359 fnv1a=9afedad1ffe7c19e
[xllama] tokens dumped to Q:\Users\UserMgr1\AppData\Local\Packages\GianlucaMazza.xllama_pj67f1fcj4n14\LocalState\bench-tokens-1.txt
[llama] ~llama_context: D3D12_Host compute buffer size is   5.8489 MiB, matches expectation of   5.8489 MiB
[llama] ~llama_context: D3D12_Host compute buffer size is   0.0000 MiB, matches expectation of   0.0000 MiB
[xllama] d3d12: 6526 graph_compute calls, 8232 matmuls (1251 2col), 2149.6 ms wall (1598.0 ms GPU)
[llama] ~llama_context: D3D12_Host compute buffer size is 504.0198 MiB, matches expectation of 504.0198 MiB
[llama] ~llama_context: D3D12_Host compute buffer size is   0.0000 MiB, matches expectation of   0.0000 MiB
[xllama] d3d12: 0 graph_compute calls, 0 matmuls (0 2col), 0.0 ms wall (0.0 ms GPU)
[xllama] MTP_ACTIVE n_drafted=22 n_spec_accepted=21
[xllama] bench-result.csv written
[xllama] headless bench: done, exiting
[xllama] bench.flag detected -> headless bench mode
[xllama] headless bench: starting
[xllama] main_loop: cpurepackforcegemv.txt='2' -> repack control scope 2 (all small)
[xllama] main_loop: d3d12spinwait.txt='(absent)' -> spin_wait_us=-1 (default unbounded spin)
[xllama] main_loop: ggmlprof.txt='(absent)' -> none (default)
[xllama] bench: d3d12twocol.txt='auto' -> kernel variant 2 (prev 0)
[xllama] bench: prompt.txt 374 bytes
[xllama] bench model: qwen35-4b-mtp
[xllama] bench prompt: <|im_start|>system
You are a helpful AI assistant.<|im_end|>
<|im_start|>user
Me...
[xllama] bench tokens sidecar: bench-tokens-2.txt
[xllama] bench sampling: greedy=1 seed=1 temp=0.80 top_p=0.90 top_k=40
[xllama] gguf gpu layers: 28 on D3D12
[llama] llama_model_loader: mmap is not supported on this platform
[llama] llama_prepare_model_devices: using device D3D12 (xllama D3D12 compute (Q4_0/Q4_K/Q5_K/Q6_K matmul)) (unknown id) - 4129 MiB free
[llama] load_tensors: layer   6 assigned to device D3D12, is_swa = 0
[llama] load_tensors: layer   7 assigned to device D3D12, is_swa = 0
[llama] load_tensors: layer   8 assigned to device D3D12, is_swa = 0
[llama] load_tensors: layer   9 assigned to device D3D12, is_swa = 0
[llama] load_tensors: layer  10 assigned to device D3D12, is_swa = 0
[llama] load_tensors: layer  11 assigned to device D3D12, is_swa = 0
[llama] load_tensors: layer  12 assigned to device D3D12, is_swa = 0
[llama] load_tensors: layer  13 assigned to device D3D12, is_swa = 0
[llama] load_tensors: layer  14 assigned to device D3D12, is_swa = 0
[llama] load_tensors: layer  15 assigned to device D3D12, is_swa = 0
[llama] load_tensors: layer  16 assigned to device D3D12, is_swa = 0
[llama] load_tensors: layer  17 assigned to device D3D12, is_swa = 0
[llama] load_tensors: layer  18 assigned to device D3D12, is_swa = 0
[llama] load_tensors: layer  19 assigned to device D3D12, is_swa = 0
[llama] load_tensors: layer  20 assigned to device D3D12, is_swa = 0
[llama] load_tensors: layer  21 assigned to device D3D12, is_swa = 0
[llama] load_tensors: layer  22 assigned to device D3D12, is_swa = 0
[llama] load_tensors: layer  23 assigned to device D3D12, is_swa = 0
[llama] load_tensors: layer  24 assigned to device D3D12, is_swa = 0
[llama] load_tensors: layer  25 assigned to device D3D12, is_swa = 0
[llama] load_tensors: layer  26 assigned to device D3D12, is_swa = 0
[llama] load_tensors: layer  27 assigned to device D3D12, is_swa = 0
[llama] load_tensors: layer  28 assigned to device D3D12, is_swa = 0
[llama] load_tensors: layer  29 assigned to device D3D12, is_swa = 0
[llama] load_tensors: layer  30 assigned to device D3D12, is_swa = 0
[llama] load_tensors: layer  31 assigned to device D3D12, is_swa = 0
[llama] load_tensors: layer  32 assigned to device D3D12, is_swa = 0
[llama] load_tensors: layer  33 assigned to device D3D12, is_swa = 0
[xllama] d3d12: MUL_MAT refused: f32 2560x32 x [2560,512,1,1] src1=f32 dst=f32
[xllama] d3d12: MUL_MAT refused: q8_0 5120x2560 x [5120,512,1,1] src1=f32 dst=f32
[xllama] d3d12: D3D12_Weights buffer 2255.7 MiB
[llama] load_tensors: offloading output layer to GPU
[llama] load_tensors: offloading 27 repeating layers to GPU
[llama] load_tensors: offloaded 28/34 layers to GPU
[llama] load_tensors:          CPU model buffer size =   688.79 MiB
[llama] load_tensors:   CPU_REPACK model buffer size =   246.09 MiB
[llama] load_tensors: D3D12_Weights model buffer size =  2255.66 MiB
[llama] load_all_data: buffer type D3D12_Weights is not the default buffer type for device D3D12 for async uploads
[xllama] model loaded
[xllama] gpu-mem post-load: current=2273MB budget=4147MB
[xllama] speculative: target n_rs_seq=4 n_ubatch=512
[xllama] offload_kqv=1 (host knob; default 0 = forced off)
[llama] llama_context: D3D12_Host  output buffer size =     0.95 MiB
[llama] llama_kv_cache: layer   7: dev = D3D12
[llama] llama_kv_cache: layer  11: dev = D3D12
[llama] llama_kv_cache: layer  15: dev = D3D12
[llama] llama_kv_cache: layer  19: dev = D3D12
[llama] llama_kv_cache: layer  23: dev = D3D12
[llama] llama_kv_cache: layer  27: dev = D3D12
[llama] llama_kv_cache: layer  31: dev = D3D12
[llama] llama_kv_cache:        CPU KV buffer size =     8.00 MiB
[xllama] d3d12: D3D12_Host buffer 56.0 MiB
[llama] llama_kv_cache: D3D12_Host KV buffer size =    56.00 MiB
[llama] llama_memory_recurrent, layer   6: dev = D3D12
[llama] llama_memory_recurrent, layer   8: dev = D3D12
[llama] llama_memory_recurrent, layer   9: dev = D3D12
[llama] llama_memory_recurrent, layer  10: dev = D3D12
[llama] llama_memory_recurrent, layer  12: dev = D3D12
[llama] llama_memory_recurrent, layer  13: dev = D3D12
[llama] llama_memory_recurrent, layer  14: dev = D3D12
[llama] llama_memory_recurrent, layer  16: dev = D3D12
[llama] llama_memory_recurrent, layer  17: dev = D3D12
[llama] llama_memory_recurrent, layer  18: dev = D3D12
[llama] llama_memory_recurrent, layer  20: dev = D3D12
[llama] llama_memory_recurrent, layer  21: dev = D3D12
[llama] llama_memory_recurrent, layer  22: dev = D3D12
[llama] llama_memory_recurrent, layer  24: dev = D3D12
[llama] llama_memory_recurrent, layer  25: dev = D3D12
[llama] llama_memory_recurrent, layer  26: dev = D3D12
[llama] llama_memory_recurrent, layer  28: dev = D3D12
[llama] llama_memory_recurrent, layer  29: dev = D3D12
[llama] llama_memory_recurrent, layer  30: dev = D3D12
[llama] llama_memory_recurrent:        CPU RS buffer size =    52.34 MiB
[xllama] d3d12: D3D12_Host buffer 198.9 MiB
[llama] llama_memory_recurrent: D3D12_Host RS buffer size =   198.91 MiB
[llama] resolve_fused_ops: layer 7 is assigned to device D3D12 but Flash Attention is assigned to device CPU (usually due to missing support)
[llama] resolve_fused_ops: Flash Attention not supported, set to disabled
[xllama] d3d12: D3D12_Host buffer 504.0 MiB
[llama] sched_reserve: D3D12_Host compute buffer size =   504.02 MiB
[llama] sched_reserve: graph splits = 262
[llama] llama_context: D3D12_Host  output buffer size =     0.95 MiB
[llama] llama_kv_cache: layer  32: dev = D3D12
[xllama] d3d12: D3D12_Host buffer 8.0 MiB
[llama] llama_kv_cache: D3D12_Host KV buffer size =     8.00 MiB
[llama] resolve_fused_ops: layer 32 is assigned to device D3D12 but Flash Attention is assigned to device CPU (usually due to missing support)
[llama] resolve_fused_ops: Flash Attention not supported, set to disabled
[xllama] d3d12: D3D12_Host buffer 5.8 MiB
[llama] sched_reserve: D3D12_Host compute buffer size =     5.85 MiB
[llama] sched_reserve: graph splits = 12
[xllama] mtp: draft ready, n_max=4 p_min=0.750000 dft_n_batch=6
[xllama] mtp: target nextn head layers=1
[xllama] mtp: split_mtp_weights=0 resident=0 tensors=0
[xllama] prompt tokens: 119
[xllama] d3d12: D3D12_Host buffer 20.9 MiB
[xllama] d3d12: D3D12_Host buffer 5.7 MiB
[xllama] mtp: first draft pos=119 n_embd=2560 n_max=4 row[min,max]=[-25.693439,21.764423] dft_n_batch=6 dft_pos_max=118
[llama] [xllama] repack ctrl scope=2 M=4096 K=2560 nrows=1 quant=scalar-all compute=gemv-all forced=1
[llama] [xllama] repack ctrl scope=2 M=9216 K=2560 nrows=1 quant=scalar-all compute=gemv-all forced=1
[llama] [xllama] repack ctrl scope=2 M=9216 K=2560 nrows=1 quant=scalar-all compute=gemv-all forced=1
[llama] [xllama] repack ctrl scope=2 M=4096 K=2560 nrows=1 quant=scalar-all compute=gemv-all forced=1
[llama] [xllama] repack ctrl scope=2 M=9216 K=2560 nrows=1 quant=scalar-all compute=gemv-all forced=1
[llama] [xllama] repack ctrl scope=2 M=9216 K=2560 nrows=1 quant=scalar-all compute=gemv-all forced=1
[llama] [xllama] repack ctrl scope=2 M=4096 K=2560 nrows=1 quant=scalar-all compute=gemv-all forced=1
[llama] [xllama] repack ctrl scope=2 M=9216 K=2560 nrows=1 quant=scalar-all compute=gemv-all forced=1
[llama] [xllama] repack ctrl scope=2 M=9216 K=2560 nrows=1 quant=scalar-all compute=gemv-all forced=1
[llama] [xllama] repack ctrl scope=2 M=8192 K=2560 nrows=1 quant=scalar-all compute=gemv-all forced=1
[llama] [xllama] repack ctrl scope=2 M=1024 K=2560 nrows=1 quant=scalar-all compute=gemv-all forced=1
[llama] [xllama] repack ctrl scope=2 M=2560 K=4096 nrows=1 quant=scalar-all compute=gemv-all forced=1
[llama] [xllama] repack ctrl scope=2 M=9216 K=2560 nrows=1 quant=scalar-all compute=gemv-all forced=1
[llama] [xllama] repack ctrl scope=2 M=9216 K=2560 nrows=1 quant=scalar-all compute=gemv-all forced=1
[llama] [xllama] repack ctrl scope=2 M=8192 K=2560 nrows=1 quant=scalar-all compute=gemv-all forced=1
[llama] [xllama] repack ctrl scope=2 M=4096 K=2560 nrows=1 quant=scalar-all compute=gemv-all forced=1
[xllama] d3d12: D3D12_Host buffer 21.9 MiB
[xllama] d3d12: D3D12_Host buffer 23.8 MiB
[xllama] done: load=4839ms prompt=55.6 tok/s decode=16.4 tok/s peak=4295MB drafted=22 spec_accept=21
[xllama] MTP_STATS rounds=14 decodes=106 discarded=42 catchup_tok=63 draft_ms=0.0 sample_ms=0.0 topprob_ms=0.0 catchup_ms=0.0 verify_ms=0.0 corrective_ms=0.0
[xllama] output: len=359 fnv1a=9afedad1ffe7c19e
[xllama] tokens dumped to Q:\Users\UserMgr1\AppData\Local\Packages\GianlucaMazza.xllama_pj67f1fcj4n14\LocalState\bench-tokens-2.txt
[llama] ~llama_context: D3D12_Host compute buffer size is   5.8489 MiB, matches expectation of   5.8489 MiB
[llama] ~llama_context: D3D12_Host compute buffer size is   0.0000 MiB, matches expectation of   0.0000 MiB
[xllama] d3d12: 6526 graph_compute calls, 8232 matmuls (1251 2col), 2136.4 ms wall (1593.4 ms GPU)
[llama] ~llama_context: D3D12_Host compute buffer size is 504.0198 MiB, matches expectation of 504.0198 MiB
[llama] ~llama_context: D3D12_Host compute buffer size is   0.0000 MiB, matches expectation of   0.0000 MiB
[xllama] d3d12: 0 graph_compute calls, 0 matmuls (0 2col), 0.0 ms wall (0.0 ms GPU)
[xllama] MTP_ACTIVE n_drafted=22 n_spec_accepted=21
[xllama] bench-result.csv written
[xllama] headless bench: done, exiting
[xllama] bench.flag detected -> headless bench mode
[xllama] headless bench: starting
[xllama] main_loop: cpurepackforcegemv.txt='2' -> repack control scope 2 (all small)
[xllama] main_loop: d3d12spinwait.txt='(absent)' -> spin_wait_us=-1 (default unbounded spin)
[xllama] main_loop: ggmlprof.txt='(absent)' -> none (default)
[xllama] bench: d3d12twocol.txt='auto' -> kernel variant 2 (prev 0)
[xllama] bench: prompt.txt 374 bytes
[xllama] bench model: qwen35-4b-mtp
[xllama] bench prompt: <|im_start|>system
You are a helpful AI assistant.<|im_end|>
<|im_start|>user
Me...
[xllama] bench tokens sidecar: bench-tokens-3.txt
[xllama] bench sampling: greedy=1 seed=1 temp=0.80 top_p=0.90 top_k=40
[xllama] gguf gpu layers: 28 on D3D12
[llama] llama_model_loader: mmap is not supported on this platform
[llama] llama_prepare_model_devices: using device D3D12 (xllama D3D12 compute (Q4_0/Q4_K/Q5_K/Q6_K matmul)) (unknown id) - 4129 MiB free
[llama] load_tensors: layer   6 assigned to device D3D12, is_swa = 0
[llama] load_tensors: layer   7 assigned to device D3D12, is_swa = 0
[llama] load_tensors: layer   8 assigned to device D3D12, is_swa = 0
[llama] load_tensors: layer   9 assigned to device D3D12, is_swa = 0
[llama] load_tensors: layer  10 assigned to device D3D12, is_swa = 0
[llama] load_tensors: layer  11 assigned to device D3D12, is_swa = 0
[llama] load_tensors: layer  12 assigned to device D3D12, is_swa = 0
[llama] load_tensors: layer  13 assigned to device D3D12, is_swa = 0
[llama] load_tensors: layer  14 assigned to device D3D12, is_swa = 0
[llama] load_tensors: layer  15 assigned to device D3D12, is_swa = 0
[llama] load_tensors: layer  16 assigned to device D3D12, is_swa = 0
[llama] load_tensors: layer  17 assigned to device D3D12, is_swa = 0
[llama] load_tensors: layer  18 assigned to device D3D12, is_swa = 0
[llama] load_tensors: layer  19 assigned to device D3D12, is_swa = 0
[llama] load_tensors: layer  20 assigned to device D3D12, is_swa = 0
[llama] load_tensors: layer  21 assigned to device D3D12, is_swa = 0
[llama] load_tensors: layer  22 assigned to device D3D12, is_swa = 0
[llama] load_tensors: layer  23 assigned to device D3D12, is_swa = 0
[llama] load_tensors: layer  24 assigned to device D3D12, is_swa = 0
[llama] load_tensors: layer  25 assigned to device D3D12, is_swa = 0
[llama] load_tensors: layer  26 assigned to device D3D12, is_swa = 0
[llama] load_tensors: layer  27 assigned to device D3D12, is_swa = 0
[llama] load_tensors: layer  28 assigned to device D3D12, is_swa = 0
[llama] load_tensors: layer  29 assigned to device D3D12, is_swa = 0
[llama] load_tensors: layer  30 assigned to device D3D12, is_swa = 0
[llama] load_tensors: layer  31 assigned to device D3D12, is_swa = 0
[llama] load_tensors: layer  32 assigned to device D3D12, is_swa = 0
[llama] load_tensors: layer  33 assigned to device D3D12, is_swa = 0
[xllama] d3d12: MUL_MAT refused: f32 2560x32 x [2560,512,1,1] src1=f32 dst=f32
[xllama] d3d12: MUL_MAT refused: q8_0 5120x2560 x [5120,512,1,1] src1=f32 dst=f32
[xllama] d3d12: D3D12_Weights buffer 2255.7 MiB
[llama] load_tensors: offloading output layer to GPU
[llama] load_tensors: offloading 27 repeating layers to GPU
[llama] load_tensors: offloaded 28/34 layers to GPU
[llama] load_tensors:          CPU model buffer size =   688.79 MiB
[llama] load_tensors:   CPU_REPACK model buffer size =   246.09 MiB
[llama] load_tensors: D3D12_Weights model buffer size =  2255.66 MiB
[llama] load_all_data: buffer type D3D12_Weights is not the default buffer type for device D3D12 for async uploads
[xllama] model loaded
[xllama] gpu-mem post-load: current=2273MB budget=4147MB
[xllama] speculative: target n_rs_seq=4 n_ubatch=512
[xllama] offload_kqv=1 (host knob; default 0 = forced off)
[llama] llama_context: D3D12_Host  output buffer size =     0.95 MiB
[llama] llama_kv_cache: layer   7: dev = D3D12
[llama] llama_kv_cache: layer  11: dev = D3D12
[llama] llama_kv_cache: layer  15: dev = D3D12
[llama] llama_kv_cache: layer  19: dev = D3D12
[llama] llama_kv_cache: layer  23: dev = D3D12
[llama] llama_kv_cache: layer  27: dev = D3D12
[llama] llama_kv_cache: layer  31: dev = D3D12
[llama] llama_kv_cache:        CPU KV buffer size =     8.00 MiB
[xllama] d3d12: D3D12_Host buffer 56.0 MiB
[llama] llama_kv_cache: D3D12_Host KV buffer size =    56.00 MiB
[llama] llama_memory_recurrent, layer   6: dev = D3D12
[llama] llama_memory_recurrent, layer   8: dev = D3D12
[llama] llama_memory_recurrent, layer   9: dev = D3D12
[llama] llama_memory_recurrent, layer  10: dev = D3D12
[llama] llama_memory_recurrent, layer  12: dev = D3D12
[llama] llama_memory_recurrent, layer  13: dev = D3D12
[llama] llama_memory_recurrent, layer  14: dev = D3D12
[llama] llama_memory_recurrent, layer  16: dev = D3D12
[llama] llama_memory_recurrent, layer  17: dev = D3D12
[llama] llama_memory_recurrent, layer  18: dev = D3D12
[llama] llama_memory_recurrent, layer  20: dev = D3D12
[llama] llama_memory_recurrent, layer  21: dev = D3D12
[llama] llama_memory_recurrent, layer  22: dev = D3D12
[llama] llama_memory_recurrent, layer  24: dev = D3D12
[llama] llama_memory_recurrent, layer  25: dev = D3D12
[llama] llama_memory_recurrent, layer  26: dev = D3D12
[llama] llama_memory_recurrent, layer  28: dev = D3D12
[llama] llama_memory_recurrent, layer  29: dev = D3D12
[llama] llama_memory_recurrent, layer  30: dev = D3D12
[llama] llama_memory_recurrent:        CPU RS buffer size =    52.34 MiB
[xllama] d3d12: D3D12_Host buffer 198.9 MiB
[llama] llama_memory_recurrent: D3D12_Host RS buffer size =   198.91 MiB
[llama] resolve_fused_ops: layer 7 is assigned to device D3D12 but Flash Attention is assigned to device CPU (usually due to missing support)
[llama] resolve_fused_ops: Flash Attention not supported, set to disabled
[xllama] d3d12: D3D12_Host buffer 504.0 MiB
[llama] sched_reserve: D3D12_Host compute buffer size =   504.02 MiB
[llama] sched_reserve: graph splits = 262
[llama] llama_context: D3D12_Host  output buffer size =     0.95 MiB
[llama] llama_kv_cache: layer  32: dev = D3D12
[xllama] d3d12: D3D12_Host buffer 8.0 MiB
[llama] llama_kv_cache: D3D12_Host KV buffer size =     8.00 MiB
[llama] resolve_fused_ops: layer 32 is assigned to device D3D12 but Flash Attention is assigned to device CPU (usually due to missing support)
[llama] resolve_fused_ops: Flash Attention not supported, set to disabled
[xllama] d3d12: D3D12_Host buffer 5.8 MiB
[llama] sched_reserve: D3D12_Host compute buffer size =     5.85 MiB
[llama] sched_reserve: graph splits = 12
[xllama] mtp: draft ready, n_max=4 p_min=0.750000 dft_n_batch=6
[xllama] mtp: target nextn head layers=1
[xllama] mtp: split_mtp_weights=0 resident=0 tensors=0
[xllama] prompt tokens: 119
[xllama] d3d12: D3D12_Host buffer 20.9 MiB
[xllama] d3d12: D3D12_Host buffer 5.7 MiB
[xllama] mtp: first draft pos=119 n_embd=2560 n_max=4 row[min,max]=[-25.693439,21.764423] dft_n_batch=6 dft_pos_max=118
[llama] [xllama] repack ctrl scope=2 M=4096 K=2560 nrows=1 quant=scalar-all compute=gemv-all forced=1
[llama] [xllama] repack ctrl scope=2 M=9216 K=2560 nrows=1 quant=scalar-all compute=gemv-all forced=1
[llama] [xllama] repack ctrl scope=2 M=9216 K=2560 nrows=1 quant=scalar-all compute=gemv-all forced=1
[llama] [xllama] repack ctrl scope=2 M=4096 K=2560 nrows=1 quant=scalar-all compute=gemv-all forced=1
[llama] [xllama] repack ctrl scope=2 M=9216 K=2560 nrows=1 quant=scalar-all compute=gemv-all forced=1
[llama] [xllama] repack ctrl scope=2 M=9216 K=2560 nrows=1 quant=scalar-all compute=gemv-all forced=1
[llama] [xllama] repack ctrl scope=2 M=4096 K=2560 nrows=1 quant=scalar-all compute=gemv-all forced=1
[llama] [xllama] repack ctrl scope=2 M=9216 K=2560 nrows=1 quant=scalar-all compute=gemv-all forced=1
[llama] [xllama] repack ctrl scope=2 M=9216 K=2560 nrows=1 quant=scalar-all compute=gemv-all forced=1
[llama] [xllama] repack ctrl scope=2 M=8192 K=2560 nrows=1 quant=scalar-all compute=gemv-all forced=1
[llama] [xllama] repack ctrl scope=2 M=1024 K=2560 nrows=1 quant=scalar-all compute=gemv-all forced=1
[llama] [xllama] repack ctrl scope=2 M=2560 K=4096 nrows=1 quant=scalar-all compute=gemv-all forced=1
[llama] [xllama] repack ctrl scope=2 M=9216 K=2560 nrows=1 quant=scalar-all compute=gemv-all forced=1
[llama] [xllama] repack ctrl scope=2 M=9216 K=2560 nrows=1 quant=scalar-all compute=gemv-all forced=1
[llama] [xllama] repack ctrl scope=2 M=8192 K=2560 nrows=1 quant=scalar-all compute=gemv-all forced=1
[llama] [xllama] repack ctrl scope=2 M=4096 K=2560 nrows=1 quant=scalar-all compute=gemv-all forced=1
[xllama] d3d12: D3D12_Host buffer 21.9 MiB
[xllama] d3d12: D3D12_Host buffer 23.8 MiB
[xllama] done: load=4864ms prompt=55.7 tok/s decode=16.7 tok/s peak=4295MB drafted=22 spec_accept=21
[xllama] MTP_STATS rounds=14 decodes=106 discarded=42 catchup_tok=63 draft_ms=0.0 sample_ms=0.0 topprob_ms=0.0 catchup_ms=0.0 verify_ms=0.0 corrective_ms=0.0
[xllama] output: len=359 fnv1a=9afedad1ffe7c19e
[xllama] tokens dumped to Q:\Users\UserMgr1\AppData\Local\Packages\GianlucaMazza.xllama_pj67f1fcj4n14\LocalState\bench-tokens-3.txt
[llama] ~llama_context: D3D12_Host compute buffer size is   5.8489 MiB, matches expectation of   5.8489 MiB
[llama] ~llama_context: D3D12_Host compute buffer size is   0.0000 MiB, matches expectation of   0.0000 MiB
[xllama] d3d12: 6526 graph_compute calls, 8232 matmuls (1251 2col), 2126.6 ms wall (1598.7 ms GPU)
[llama] ~llama_context: D3D12_Host compute buffer size is 504.0198 MiB, matches expectation of 504.0198 MiB
[llama] ~llama_context: D3D12_Host compute buffer size is   0.0000 MiB, matches expectation of   0.0000 MiB
[xllama] d3d12: 0 graph_compute calls, 0 matmuls (0 2col), 0.0 ms wall (0.0 ms GPU)
[xllama] MTP_ACTIVE n_drafted=22 n_spec_accepted=21
[xllama] bench-result.csv written
[xllama] headless bench: done, exiting
[xllama] bench.flag detected -> headless bench mode
[xllama] headless bench: starting
[xllama] main_loop: cpurepackforcegemv.txt='2' -> repack control scope 2 (all small)
[xllama] main_loop: d3d12spinwait.txt='(absent)' -> spin_wait_us=-1 (default unbounded spin)
[xllama] main_loop: ggmlprof.txt='sched' -> GGML_SCHED_DEBUG=1
[xllama] bench: d3d12twocol.txt='auto' -> kernel variant 2 (prev 0)
[xllama] bench: prompt.txt 374 bytes
[xllama] bench model: qwen35-4b-mtp
[xllama] bench prompt: <|im_start|>system
You are a helpful AI assistant.<|im_end|>
<|im_start|>user
Me...
[xllama] bench tokens sidecar: bench-tokens-1.txt
[xllama] bench sampling: greedy=1 seed=1 temp=0.80 top_p=0.90 top_k=40
[xllama] gguf gpu layers: 28 on D3D12
[llama] llama_model_loader: mmap is not supported on this platform
[llama] llama_prepare_model_devices: using device D3D12 (xllama D3D12 compute (Q4_0/Q4_K/Q5_K/Q6_K matmul)) (unknown id) - 4129 MiB free
[llama] load_tensors: layer   6 assigned to device D3D12, is_swa = 0
[llama] load_tensors: layer   7 assigned to device D3D12, is_swa = 0
[llama] load_tensors: layer   8 assigned to device D3D12, is_swa = 0
[llama] load_tensors: layer   9 assigned to device D3D12, is_swa = 0
[llama] load_tensors: layer  10 assigned to device D3D12, is_swa = 0
[llama] load_tensors: layer  11 assigned to device D3D12, is_swa = 0
[llama] load_tensors: layer  12 assigned to device D3D12, is_swa = 0
[llama] load_tensors: layer  13 assigned to device D3D12, is_swa = 0
[llama] load_tensors: layer  14 assigned to device D3D12, is_swa = 0
[llama] load_tensors: layer  15 assigned to device D3D12, is_swa = 0
[llama] load_tensors: layer  16 assigned to device D3D12, is_swa = 0
[llama] load_tensors: layer  17 assigned to device D3D12, is_swa = 0
[llama] load_tensors: layer  18 assigned to device D3D12, is_swa = 0
[llama] load_tensors: layer  19 assigned to device D3D12, is_swa = 0
[llama] load_tensors: layer  20 assigned to device D3D12, is_swa = 0
[llama] load_tensors: layer  21 assigned to device D3D12, is_swa = 0
[llama] load_tensors: layer  22 assigned to device D3D12, is_swa = 0
[llama] load_tensors: layer  23 assigned to device D3D12, is_swa = 0
[llama] load_tensors: layer  24 assigned to device D3D12, is_swa = 0
[llama] load_tensors: layer  25 assigned to device D3D12, is_swa = 0
[llama] load_tensors: layer  26 assigned to device D3D12, is_swa = 0
[llama] load_tensors: layer  27 assigned to device D3D12, is_swa = 0
[llama] load_tensors: layer  28 assigned to device D3D12, is_swa = 0
[llama] load_tensors: layer  29 assigned to device D3D12, is_swa = 0
[llama] load_tensors: layer  30 assigned to device D3D12, is_swa = 0
[llama] load_tensors: layer  31 assigned to device D3D12, is_swa = 0
[llama] load_tensors: layer  32 assigned to device D3D12, is_swa = 0
[llama] load_tensors: layer  33 assigned to device D3D12, is_swa = 0
[xllama] d3d12: MUL_MAT refused: f32 2560x32 x [2560,512,1,1] src1=f32 dst=f32
[xllama] d3d12: MUL_MAT refused: q8_0 5120x2560 x [5120,512,1,1] src1=f32 dst=f32
[xllama] d3d12: D3D12_Weights buffer 2255.7 MiB
[llama] load_tensors: offloading output layer to GPU
[llama] load_tensors: offloading 27 repeating layers to GPU
[llama] load_tensors: offloaded 28/34 layers to GPU
[llama] load_tensors:          CPU model buffer size =   688.79 MiB
[llama] load_tensors:   CPU_REPACK model buffer size =   246.09 MiB
[llama] load_tensors: D3D12_Weights model buffer size =  2255.66 MiB
[llama] load_all_data: buffer type D3D12_Weights is not the default buffer type for device D3D12 for async uploads
[xllama] model loaded
[xllama] gpu-mem post-load: current=2273MB budget=4147MB
[xllama] speculative: target n_rs_seq=4 n_ubatch=512
[llama] llama_context: D3D12_Host  output buffer size =     0.95 MiB
[llama] llama_kv_cache:        CPU KV buffer size =    64.00 MiB
[llama] llama_memory_recurrent:        CPU RS buffer size =   251.25 MiB
[llama] 
## SPLIT #1: D3D12 # 0 inputs[llama] 
## SPLIT #3: D3D12 # 0 inputs[llama] 
## SPLIT #5: D3D12 # 0 inputs[llama] 
## SPLIT #7: D3D12 # 0 inputs[llama] 
## SPLIT #9: D3D12 # 0 inputs[llama] 
## SPLIT #11: D3D12 # 0 inputs[llama] 
## SPLIT #13: D3D12 # 0 inputs[llama] 
## SPLIT #15: D3D12 # 0 inputs[llama] 
## SPLIT #17: D3D12 # 0 inputs[llama] 
## SPLIT #19: D3D12 # 0 inputs[llama] 
## SPLIT #21: D3D12 # 0 inputs[llama] 
## SPLIT #23: D3D12 # 0 inputs[llama] 
## SPLIT #25: D3D12 # 0 inputs[llama] 
## SPLIT #27: D3D12 # 0 inputs[llama] 
## SPLIT #29: D3D12 # 0 inputs[llama] 
## SPLIT #31: D3D12 # 0 inputs[llama] 
## SPLIT #33: D3D12 # 0 inputs[llama] 
## SPLIT #35: D3D12 # 0 inputs[llama] 
## SPLIT #37: D3D12 # 0 inputs[llama] 
## SPLIT #39: D3D12 # 0 inputs[llama] 
## SPLIT #41: D3D12 # 0 inputs[llama] 
## SPLIT #43: D3D12 # 0 inputs[llama] 
## SPLIT #45: D3D12 # 0 inputs[llama] 
## SPLIT #47: D3D12 # 0 inputs[llama] 
## SPLIT #49: D3D12 # 0 inputs[llama] 
## SPLIT #51: D3D12 # 0 inputs[llama] 
## SPLIT #53: D3D12 # 0 inputs[llama] 
## SPLIT #55: D3D12 # 0 inputs[llama] 
## SPLIT #57: D3D12 # 0 inputs[llama] 
## SPLIT #59: D3D12 # 0 inputs[llama] 
## SPLIT #61: D3D12 # 0 inputs[llama] 
## SPLIT #63: D3D12 # 0 inputs[llama] 
## SPLIT #65: D3D12 # 0 inputs[llama] 
## SPLIT #67: D3D12 # 0 inputs[llama] 
## SPLIT #69: D3D12 # 0 inputs[llama] 
## SPLIT #71: D3D12 # 0 inputs[llama] 
## SPLIT #73: D3D12 # 0 inputs[llama] 
## SPLIT #75: D3D12 # 0 inputs[llama] 
## SPLIT #77: D3D12 # 0 inputs[llama] 
## SPLIT #79: D3D12 # 0 inputs[llama] 
## SPLIT #81: D3D12 # 0 inputs[llama] 
## SPLIT #83: D3D12 # 0 inputs[llama] 
## SPLIT #85: D3D12 # 0 inputs[llama] 
## SPLIT #87: D3D12 # 0 inputs[llama] 
## SPLIT #89: D3D12 # 0 inputs[llama] 
## SPLIT #91: D3D12 # 0 inputs[llama] 
## SPLIT #93: D3D12 # 0 inputs[llama] 
## SPLIT #95: D3D12 # 0 inputs[llama] 
## SPLIT #97: D3D12 # 0 inputs[llama] 
## SPLIT #99: D3D12 # 0 inputs[llama] 
## SPLIT #101: D3D12 # 0 inputs[llama] 
## SPLIT #103: D3D12 # 0 inputs[llama] 
## SPLIT #105: D3D12 # 0 inputs[llama] 
## SPLIT #107: D3D12 # 0 inputs[llama] 
## SPLIT #109: D3D12 # 0 inputs[llama] 
## SPLIT #111: D3D12 # 0 inputs[llama] 
## SPLIT #113: D3D12 # 0 inputs[llama] 
## SPLIT #115: D3D12 # 0 inputs[llama] 
## SPLIT #117: D3D12 # 0 inputs[llama] 
## SPLIT #119: D3D12 # 0 inputs[llama] 
## SPLIT #121: D3D12 # 0 inputs[llama] 
## SPLIT #123: D3D12 # 0 inputs[llama] 
## SPLIT #125: D3D12 # 0 inputs[llama] 
## SPLIT #127: D3D12 # 0 inputs[llama] 
## SPLIT #129: D3D12 # 0 inputs[llama] 
## SPLIT #131: D3D12 # 0 inputs[llama] 
## SPLIT #133: D3D12 # 0 inputs[llama] 
## SPLIT #135: D3D12 # 0 inputs[llama] 
## SPLIT #137: D3D12 # 0 inputs[llama] 
## SPLIT #139: D3D12 # 0 inputs[llama] 
## SPLIT #141: D3D12 # 0 inputs[llama] 
## SPLIT #143: D3D12 # 0 inputs[llama] 
## SPLIT #145: D3D12 # 0 inputs[llama] 
## SPLIT #147: D3D12 # 0 inputs[llama] 
## SPLIT #149: D3D12 # 0 inputs[llama] 
## SPLIT #151: D3D12 # 0 inputs[llama] 
## SPLIT #153: D3D12 # 0 inputs[llama] 
## SPLIT #155: D3D12 # 0 inputs[llama] 
## SPLIT #157: D3D12 # 0 inputs[llama] 
## SPLIT #159: D3D12 # 0 inputs[llama] 
## SPLIT #161: D3D12 # 0 inputs[llama] 
## SPLIT #163: D3D12 # 0 inputs[llama] 
## SPLIT #165: D3D12 # 0 inputs[llama] 
## SPLIT #167: D3D12 # 0 inputs[llama] 
## SPLIT #169: D3D12 # 0 inputs[llama] 
## SPLIT #171: D3D12 # 0 inputs[llama] 
## SPLIT #173: D3D12 # 0 inputs[llama] 
## SPLIT #175: D3D12 # 0 inputs[llama] 
## SPLIT #177: D3D12 # 0 inputs[llama] 
## SPLIT #179: D3D12 # 0 inputs[llama] 
## SPLIT #181: D3D12 # 0 inputs[llama] 
## SPLIT #183: D3D12 # 0 inputs[llama] 
## SPLIT #185: D3D12 # 0 inputs[llama] 
## SPLIT #187: D3D12 # 0 inputs[llama] 
## SPLIT #189: D3D12 # 0 inputs[llama] 
## SPLIT #191: D3D12 # 0 inputs[llama] 
## SPLIT #193: D3D12 # 0 inputs[llama] 
## SPLIT #195: D3D12 # 0 inputs[llama] 
## SPLIT #197: D3D12 # 0 inputs[llama] 
## SPLIT #199: D3D12 # 0 inputs[llama] 
## SPLIT #201: D3D12 # 0 inputs[llama] 
## SPLIT #203: D3D12 # 0 inputs[llama] 
## SPLIT #205: D3D12 # 0 inputs[llama] 
## SPLIT #207: D3D12 # 0 inputs[llama] 
## SPLIT #209: D3D12 # 0 inputs[llama] 
## SPLIT #211: D3D12 # 0 inputs[llama] 
## SPLIT #213: D3D12 # 0 inputs[llama] 
## SPLIT #215: D3D12 # 0 inputs[llama] 
## SPLIT #217: D3D12 # 0 inputs[llama] 
## SPLIT #219: D3D12 # 0 inputs[llama] 
## SPLIT #221: D3D12 # 0 inputs[llama] 
## SPLIT #223: D3D12 # 0 inputs[llama] 
## SPLIT #225: D3D12 # 0 inputs[llama] 
## SPLIT #227: D3D12 # 0 inputs[llama] 
## SPLIT #229: D3D12 # 0 inputs[llama] 
## SPLIT #231: D3D12 # 0 inputs[llama] 
## SPLIT #233: D3D12 # 0 inputs[llama] 
## SPLIT #235: D3D12 # 0 inputs[llama] 
## SPLIT #237: D3D12 # 0 inputs[llama] 
## SPLIT #239: D3D12 # 0 inputs[llama] 
## SPLIT #241: D3D12 # 0 inputs[llama] 
## SPLIT #243: D3D12 # 0 inputs[llama] 
## SPLIT #245: D3D12 # 0 inputs[llama] 
## SPLIT #247: D3D12 # 0 inputs[llama] 
## SPLIT #249: D3D12 # 0 inputs[llama] 
## SPLIT #251: D3D12 # 0 inputs[llama] 
## SPLIT #253: D3D12 # 0 inputs[llama] 
## SPLIT #255: D3D12 # 0 inputs[llama] 
## SPLIT #257: D3D12 # 0 inputs[llama] 
## SPLIT #259: D3D12 # 0 inputs[llama] 
## SPLIT #261: D3D12 # 0 inputs[llama] resolve_fused_ops: layer 7 is assigned to device D3D12 but Flash Attention is assigned to device CPU (usually due to missing support)
[llama] resolve_fused_ops: Flash Attention not supported, set to disabled
[llama] 
## SPLIT #1: D3D12 # 0 inputs[llama] 
## SPLIT #3: D3D12 # 0 inputs[llama] 
## SPLIT #5: D3D12 # 0 inputs[llama] 
## SPLIT #7: D3D12 # 0 inputs[llama] 
## SPLIT #9: D3D12 # 0 inputs[llama] 
## SPLIT #11: D3D12 # 0 inputs[llama] 
## SPLIT #13: D3D12 # 0 inputs[llama] 
## SPLIT #15: D3D12 # 0 inputs[llama] 
## SPLIT #17: D3D12 # 0 inputs[llama] 
## SPLIT #19: D3D12 # 0 inputs[llama] 
## SPLIT #21: D3D12 # 0 inputs[llama] 
## SPLIT #23: D3D12 # 0 inputs[llama] 
## SPLIT #25: D3D12 # 0 inputs[llama] 
## SPLIT #27: D3D12 # 0 inputs[llama] 
## SPLIT #29: D3D12 # 0 inputs[llama] 
## SPLIT #31: D3D12 # 0 inputs[llama] 
## SPLIT #33: D3D12 # 0 inputs[llama] 
## SPLIT #35: D3D12 # 0 inputs[llama] 
## SPLIT #37: D3D12 # 0 inputs[llama] 
## SPLIT #39: D3D12 # 0 inputs[llama] 
## SPLIT #41: D3D12 # 0 inputs[llama] 
## SPLIT #43: D3D12 # 0 inputs[llama] 
## SPLIT #45: D3D12 # 0 inputs[llama] 
## SPLIT #47: D3D12 # 0 inputs[llama] 
## SPLIT #49: D3D12 # 0 inputs[llama] 
## SPLIT #51: D3D12 # 0 inputs[llama] 
## SPLIT #53: D3D12 # 0 inputs[llama] 
## SPLIT #55: D3D12 # 0 inputs[llama] 
## SPLIT #57: D3D12 # 0 inputs[llama] 
## SPLIT #59: D3D12 # 0 inputs[llama] 
## SPLIT #61: D3D12 # 0 inputs[llama] 
## SPLIT #63: D3D12 # 0 inputs[llama] 
## SPLIT #65: D3D12 # 0 inputs[llama] 
## SPLIT #67: D3D12 # 0 inputs[llama] 
## SPLIT #69: D3D12 # 0 inputs[llama] 
## SPLIT #71: D3D12 # 0 inputs[llama] 
## SPLIT #73: D3D12 # 0 inputs[llama] 
## SPLIT #75: D3D12 # 0 inputs[llama] 
## SPLIT #77: D3D12 # 0 inputs[llama] 
## SPLIT #79: D3D12 # 0 inputs[llama] 
## SPLIT #81: D3D12 # 0 inputs[llama] 
## SPLIT #83: D3D12 # 0 inputs[llama] 
## SPLIT #85: D3D12 # 0 inputs[llama] 
## SPLIT #87: D3D12 # 0 inputs[llama] 
## SPLIT #89: D3D12 # 0 inputs[llama] 
## SPLIT #91: D3D12 # 0 inputs[llama] 
## SPLIT #93: D3D12 # 0 inputs[llama] 
## SPLIT #95: D3D12 # 0 inputs[llama] 
## SPLIT #97: D3D12 # 0 inputs[llama] 
## SPLIT #99: D3D12 # 0 inputs[llama] 
## SPLIT #101: D3D12 # 0 inputs[llama] 
## SPLIT #103: D3D12 # 0 inputs[llama] 
## SPLIT #105: D3D12 # 0 inputs[llama] 
## SPLIT #107: D3D12 # 0 inputs[llama] 
## SPLIT #109: D3D12 # 0 inputs[llama] 
## SPLIT #111: D3D12 # 0 inputs[llama] 
## SPLIT #113: D3D12 # 0 inputs[llama] 
## SPLIT #115: D3D12 # 0 inputs[llama] 
## SPLIT #117: D3D12 # 0 inputs[llama] 
## SPLIT #119: D3D12 # 0 inputs[llama] 
## SPLIT #121: D3D12 # 0 inputs[llama] 
## SPLIT #123: D3D12 # 0 inputs[llama] 
## SPLIT #125: D3D12 # 0 inputs[llama] 
## SPLIT #127: D3D12 # 0 inputs[llama] 
## SPLIT #129: D3D12 # 0 inputs[llama] 
## SPLIT #131: D3D12 # 0 inputs[llama] 
## SPLIT #133: D3D12 # 0 inputs[llama] 
## SPLIT #135: D3D12 # 0 inputs[llama] 
## SPLIT #137: D3D12 # 0 inputs[llama] 
## SPLIT #139: D3D12 # 0 inputs[llama] 
## SPLIT #141: D3D12 # 0 inputs[llama] 
## SPLIT #143: D3D12 # 0 inputs[llama] 
## SPLIT #145: D3D12 # 0 inputs[llama] 
## SPLIT #147: D3D12 # 0 inputs[llama] 
## SPLIT #149: D3D12 # 0 inputs[llama] 
## SPLIT #151: D3D12 # 0 inputs[llama] 
## SPLIT #153: D3D12 # 0 inputs[llama] 
## SPLIT #155: D3D12 # 0 inputs[llama] 
## SPLIT #157: D3D12 # 0 inputs[llama] 
## SPLIT #159: D3D12 # 0 inputs[llama] 
## SPLIT #161: D3D12 # 0 inputs[llama] 
## SPLIT #163: D3D12 # 0 inputs[llama] 
## SPLIT #165: D3D12 # 0 inputs[llama] 
## SPLIT #167: D3D12 # 0 inputs[llama] 
## SPLIT #169: D3D12 # 0 inputs[llama] 
## SPLIT #171: D3D12 # 0 inputs[llama] 
## SPLIT #173: D3D12 # 0 inputs[llama] 
## SPLIT #175: D3D12 # 0 inputs[llama] 
## SPLIT #177: D3D12 # 0 inputs[llama] 
## SPLIT #179: D3D12 # 0 inputs[llama] 
## SPLIT #181: D3D12 # 0 inputs[llama] 
## SPLIT #183: D3D12 # 0 inputs[llama] 
## SPLIT #185: D3D12 # 0 inputs[llama] 
## SPLIT #187: D3D12 # 0 inputs[llama] 
## SPLIT #189: D3D12 # 0 inputs[llama] 
## SPLIT #191: D3D12 # 0 inputs[llama] 
## SPLIT #193: D3D12 # 0 inputs[llama] 
## SPLIT #195: D3D12 # 0 inputs[llama] 
## SPLIT #197: D3D12 # 0 inputs[llama] 
## SPLIT #199: D3D12 # 0 inputs[llama] 
## SPLIT #201: D3D12 # 0 inputs[llama] 
## SPLIT #203: D3D12 # 0 inputs[llama] 
## SPLIT #205: D3D12 # 0 inputs[llama] 
## SPLIT #207: D3D12 # 0 inputs[llama] 
## SPLIT #209: D3D12 # 0 inputs[llama] 
## SPLIT #211: D3D12 # 0 inputs[llama] 
## SPLIT #213: D3D12 # 0 inputs[llama] 
## SPLIT #215: D3D12 # 0 inputs[llama] 
## SPLIT #217: D3D12 # 0 inputs[llama] 
## SPLIT #219: D3D12 # 0 inputs[llama] 
## SPLIT #221: D3D12 # 0 inputs[llama] 
## SPLIT #223: D3D12 # 0 inputs[llama] 
## SPLIT #225: D3D12 # 0 inputs[llama] 
## SPLIT #227: D3D12 # 0 inputs[llama] 
## SPLIT #229: D3D12 # 0 inputs[llama] 
## SPLIT #231: D3D12 # 0 inputs[llama] 
## SPLIT #233: D3D12 # 0 inputs[llama] 
## SPLIT #235: D3D12 # 0 inputs[llama] 
## SPLIT #237: D3D12 # 0 inputs[llama] 
## SPLIT #239: D3D12 # 0 inputs[llama] 
## SPLIT #241: D3D12 # 0 inputs[llama] 
## SPLIT #243: D3D12 # 0 inputs[llama] 
## SPLIT #245: D3D12 # 0 inputs[llama] 
## SPLIT #247: D3D12 # 0 inputs[llama] 
## SPLIT #249: D3D12 # 0 inputs[llama] 
## SPLIT #251: D3D12 # 0 inputs[llama] 
## SPLIT #253: D3D12 # 0 inputs[llama] 
## SPLIT #255: D3D12 # 0 inputs[llama] 
## SPLIT #257: D3D12 # 0 inputs[llama] 
## SPLIT #259: D3D12 # 0 inputs[llama] 
## SPLIT #261: D3D12 # 0 inputs[llama] 
## SPLIT #1: D3D12 # 0 inputs[llama] 
## SPLIT #3: D3D12 # 0 inputs[llama] 
## SPLIT #5: D3D12 # 0 inputs[llama] 
## SPLIT #7: D3D12 # 0 inputs[llama] 
## SPLIT #9: D3D12 # 0 inputs[llama] 
## SPLIT #11: D3D12 # 0 inputs[llama] 
## SPLIT #13: D3D12 # 0 inputs[llama] 
## SPLIT #15: D3D12 # 0 inputs[llama] 
## SPLIT #17: D3D12 # 0 inputs[llama] 
## SPLIT #19: D3D12 # 0 inputs[llama] 
## SPLIT #21: D3D12 # 0 inputs[llama] 
## SPLIT #23: D3D12 # 0 inputs[llama] 
## SPLIT #25: D3D12 # 0 inputs[llama] 
## SPLIT #27: D3D12 # 0 inputs[llama] 
## SPLIT #29: D3D12 # 0 inputs[llama] 
## SPLIT #31: D3D12 # 0 inputs[llama] 
## SPLIT #33: D3D12 # 0 inputs[llama] 
## SPLIT #35: D3D12 # 0 inputs[llama] 
## SPLIT #37: D3D12 # 0 inputs[llama] 
## SPLIT #39: D3D12 # 0 inputs[llama] 
## SPLIT #41: D3D12 # 0 inputs[llama] 
## SPLIT #43: D3D12 # 0 inputs[llama] 
## SPLIT #45: D3D12 # 0 inputs[llama] 
## SPLIT #47: D3D12 # 0 inputs[llama] 
## SPLIT #49: D3D12 # 0 inputs[llama] 
## SPLIT #51: D3D12 # 0 inputs[llama] 
## SPLIT #53: D3D12 # 0 inputs[llama] 
## SPLIT #55: D3D12 # 0 inputs[llama] 
## SPLIT #57: D3D12 # 0 inputs[llama] 
## SPLIT #59: D3D12 # 0 inputs[llama] 
## SPLIT #61: D3D12 # 0 inputs[llama] 
## SPLIT #63: D3D12 # 0 inputs[llama] 
## SPLIT #65: D3D12 # 0 inputs[llama] 
## SPLIT #67: D3D12 # 0 inputs[llama] 
## SPLIT #69: D3D12 # 0 inputs[llama] 
## SPLIT #71: D3D12 # 0 inputs[llama] 
## SPLIT #73: D3D12 # 0 inputs[llama] 
## SPLIT #75: D3D12 # 0 inputs[llama] 
## SPLIT #77: D3D12 # 0 inputs[llama] 
## SPLIT #79: D3D12 # 0 inputs[llama] 
## SPLIT #81: D3D12 # 0 inputs[llama] 
## SPLIT #83: D3D12 # 0 inputs[llama] 
## SPLIT #85: D3D12 # 0 inputs[llama] 
## SPLIT #87: D3D12 # 0 inputs[llama] 
## SPLIT #89: D3D12 # 0 inputs[llama] 
## SPLIT #91: D3D12 # 0 inputs[llama] 
## SPLIT #93: D3D12 # 0 inputs[llama] 
## SPLIT #95: D3D12 # 0 inputs[llama] 
## SPLIT #97: D3D12 # 0 inputs[llama] 
## SPLIT #99: D3D12 # 0 inputs[llama] 
## SPLIT #101: D3D12 # 0 inputs[llama] 
## SPLIT #103: D3D12 # 0 inputs[llama] 
## SPLIT #105: D3D12 # 0 inputs[llama] 
## SPLIT #107: D3D12 # 0 inputs[llama] 
## SPLIT #109: D3D12 # 0 inputs[llama] 
## SPLIT #111: D3D12 # 0 inputs[llama] 
## SPLIT #113: D3D12 # 0 inputs[llama] 
## SPLIT #115: D3D12 # 0 inputs[llama] 
## SPLIT #117: D3D12 # 0 inputs[llama] 
## SPLIT #119: D3D12 # 0 inputs[llama] 
## SPLIT #121: D3D12 # 0 inputs[llama] 
## SPLIT #123: D3D12 # 0 inputs[llama] 
## SPLIT #125: D3D12 # 0 inputs[llama] 
## SPLIT #127: D3D12 # 0 inputs[llama] 
## SPLIT #129: D3D12 # 0 inputs[llama] 
## SPLIT #131: D3D12 # 0 inputs[llama] 
## SPLIT #133: D3D12 # 0 inputs[llama] 
## SPLIT #135: D3D12 # 0 inputs[llama] 
## SPLIT #137: D3D12 # 0 inputs[llama] 
## SPLIT #139: D3D12 # 0 inputs[llama] 
## SPLIT #141: D3D12 # 0 inputs[llama] 
## SPLIT #143: D3D12 # 0 inputs[llama] 
## SPLIT #145: D3D12 # 0 inputs[llama] 
## SPLIT #147: D3D12 # 0 inputs[llama] 
## SPLIT #149: D3D12 # 0 inputs[llama] 
## SPLIT #151: D3D12 # 0 inputs[llama] 
## SPLIT #153: D3D12 # 0 inputs[llama] 
## SPLIT #155: D3D12 # 0 inputs[llama] 
## SPLIT #157: D3D12 # 0 inputs[llama] 
## SPLIT #159: D3D12 # 0 inputs[llama] 
## SPLIT #161: D3D12 # 0 inputs[llama] 
## SPLIT #163: D3D12 # 0 inputs[llama] 
## SPLIT #165: D3D12 # 0 inputs[llama] 
## SPLIT #167: D3D12 # 0 inputs[llama] 
## SPLIT #169: D3D12 # 0 inputs[llama] 
## SPLIT #171: D3D12 # 0 inputs[llama] 
## SPLIT #173: D3D12 # 0 inputs[llama] 
## SPLIT #175: D3D12 # 0 inputs[llama] 
## SPLIT #177: D3D12 # 0 inputs[llama] 
## SPLIT #179: D3D12 # 0 inputs[llama] 
## SPLIT #181: D3D12 # 0 inputs[llama] 
## SPLIT #183: D3D12 # 0 inputs[llama] 
## SPLIT #185: D3D12 # 0 inputs[llama] 
## SPLIT #187: D3D12 # 0 inputs[llama] 
## SPLIT #189: D3D12 # 0 inputs[llama] 
## SPLIT #191: D3D12 # 0 inputs[llama] 
## SPLIT #193: D3D12 # 0 inputs[llama] 
## SPLIT #195: D3D12 # 0 inputs[llama] 
## SPLIT #197: D3D12 # 0 inputs[llama] 
## SPLIT #199: D3D12 # 0 inputs[llama] 
## SPLIT #201: D3D12 # 0 inputs[llama] 
## SPLIT #203: D3D12 # 0 inputs[llama] 
## SPLIT #205: D3D12 # 0 inputs[llama] 
## SPLIT #207: D3D12 # 0 inputs[llama] 
## SPLIT #209: D3D12 # 0 inputs[llama] 
## SPLIT #211: D3D12 # 0 inputs[llama] 
## SPLIT #213: D3D12 # 0 inputs[llama] 
## SPLIT #215: D3D12 # 0 inputs[llama] 
## SPLIT #217: D3D12 # 0 inputs[llama] 
## SPLIT #219: D3D12 # 0 inputs[llama] 
## SPLIT #221: D3D12 # 0 inputs[llama] 
## SPLIT #223: D3D12 # 0 inputs[llama] 
## SPLIT #225: D3D12 # 0 inputs[llama] 
## SPLIT #227: D3D12 # 0 inputs[llama] 
## SPLIT #229: D3D12 # 0 inputs[llama] 
## SPLIT #231: D3D12 # 0 inputs[llama] 
## SPLIT #233: D3D12 # 0 inputs[llama] 
## SPLIT #235: D3D12 # 0 inputs[llama] 
## SPLIT #237: D3D12 # 0 inputs[llama] 
## SPLIT #239: D3D12 # 0 inputs[llama] 
## SPLIT #241: D3D12 # 0 inputs[llama] 
## SPLIT #243: D3D12 # 0 inputs[llama] 
## SPLIT #245: D3D12 # 0 inputs[llama] 
## SPLIT #247: D3D12 # 0 inputs[llama] 
## SPLIT #249: D3D12 # 0 inputs[llama] 
## SPLIT #251: D3D12 # 0 inputs[llama] 
## SPLIT #253: D3D12 # 0 inputs[llama] 
## SPLIT #255: D3D12 # 0 inputs[llama] 
## SPLIT #257: D3D12 # 0 inputs[llama] 
## SPLIT #259: D3D12 # 0 inputs[llama] 
## SPLIT #261: D3D12 # 0 inputs[llama] 
## SPLIT #1: D3D12 # 0 inputs[llama] 
## SPLIT #3: D3D12 # 0 inputs[llama] 
## SPLIT #5: D3D12 # 0 inputs[llama] 
## SPLIT #7: D3D12 # 0 inputs[llama] 
## SPLIT #9: D3D12 # 0 inputs[llama] 
## SPLIT #11: D3D12 # 0 inputs[llama] 
## SPLIT #13: D3D12 # 0 inputs[llama] 
## SPLIT #15: D3D12 # 0 inputs[llama] 
## SPLIT #17: D3D12 # 0 inputs[llama] 
## SPLIT #19: D3D12 # 0 inputs[llama] 
## SPLIT #21: D3D12 # 0 inputs[llama] 
## SPLIT #23: D3D12 # 0 inputs[llama] 
## SPLIT #25: D3D12 # 0 inputs[llama] 
## SPLIT #27: D3D12 # 0 inputs[llama] 
## SPLIT #29: D3D12 # 0 inputs[llama] 
## SPLIT #31: D3D12 # 0 inputs[llama] 
## SPLIT #33: D3D12 # 0 inputs[llama] 
## SPLIT #35: D3D12 # 0 inputs[llama] 
## SPLIT #37: D3D12 # 0 inputs[llama] 
## SPLIT #39: D3D12 # 0 inputs[llama] 
## SPLIT #41: D3D12 # 0 inputs[llama] 
## SPLIT #43: D3D12 # 0 inputs[llama] 
## SPLIT #45: D3D12 # 0 inputs[llama] 
## SPLIT #47: D3D12 # 0 inputs[llama] 
## SPLIT #49: D3D12 # 0 inputs[llama] 
## SPLIT #51: D3D12 # 0 inputs[llama] 
## SPLIT #53: D3D12 # 0 inputs[llama] 
## SPLIT #55: D3D12 # 0 inputs[llama] 
## SPLIT #57: D3D12 # 0 inputs[llama] 
## SPLIT #59: D3D12 # 0 inputs[llama] 
## SPLIT #61: D3D12 # 0 inputs[llama] 
## SPLIT #63: D3D12 # 0 inputs[llama] 
## SPLIT #65: D3D12 # 0 inputs[llama] 
## SPLIT #67: D3D12 # 0 inputs[llama] 
## SPLIT #69: D3D12 # 0 inputs[llama] 
## SPLIT #71: D3D12 # 0 inputs[llama] 
## SPLIT #73: D3D12 # 0 inputs[llama] 
## SPLIT #75: D3D12 # 0 inputs[llama] 
## SPLIT #77: D3D12 # 0 inputs[llama] 
## SPLIT #79: D3D12 # 0 inputs[llama] 
## SPLIT #81: D3D12 # 0 inputs[llama] 
## SPLIT #83: D3D12 # 0 inputs[llama] 
## SPLIT #85: D3D12 # 0 inputs[llama] 
## SPLIT #87: D3D12 # 0 inputs[llama] 
## SPLIT #89: D3D12 # 0 inputs[llama] 
## SPLIT #91: D3D12 # 0 inputs[llama] 
## SPLIT #93: D3D12 # 0 inputs[llama] 
## SPLIT #95: D3D12 # 0 inputs[llama] 
## SPLIT #97: D3D12 # 0 inputs[llama] 
## SPLIT #99: D3D12 # 0 inputs[llama] 
## SPLIT #101: D3D12 # 0 inputs[llama] 
## SPLIT #103: D3D12 # 0 inputs[llama] 
## SPLIT #105: D3D12 # 0 inputs[llama] 
## SPLIT #107: D3D12 # 0 inputs[llama] 
## SPLIT #109: D3D12 # 0 inputs[llama] 
## SPLIT #111: D3D12 # 0 inputs[llama] 
## SPLIT #113: D3D12 # 0 inputs[llama] 
## SPLIT #115: D3D12 # 0 inputs[llama] 
## SPLIT #117: D3D12 # 0 inputs[llama] 
## SPLIT #119: D3D12 # 0 inputs[llama] 
## SPLIT #121: D3D12 # 0 inputs[llama] 
## SPLIT #123: D3D12 # 0 inputs[llama] 
## SPLIT #125: D3D12 # 0 inputs[llama] 
## SPLIT #127: D3D12 # 0 inputs[llama] 
## SPLIT #129: D3D12 # 0 inputs[llama] 
## SPLIT #131: D3D12 # 0 inputs[llama] 
## SPLIT #133: D3D12 # 0 inputs[llama] 
## SPLIT #135: D3D12 # 0 inputs[llama] 
## SPLIT #137: D3D12 # 0 inputs[llama] 
## SPLIT #139: D3D12 # 0 inputs[llama] 
## SPLIT #141: D3D12 # 0 inputs[llama] 
## SPLIT #143: D3D12 # 0 inputs[llama] 
## SPLIT #145: D3D12 # 0 inputs[llama] 
## SPLIT #147: D3D12 # 0 inputs[llama] 
## SPLIT #149: D3D12 # 0 inputs[llama] 
## SPLIT #151: D3D12 # 0 inputs[llama] 
## SPLIT #153: D3D12 # 0 inputs[llama] 
## SPLIT #155: D3D12 # 0 inputs[llama] 
## SPLIT #157: D3D12 # 0 inputs[llama] 
## SPLIT #159: D3D12 # 0 inputs[llama] 
## SPLIT #161: D3D12 # 0 inputs[llama] 
## SPLIT #163: D3D12 # 0 inputs[llama] 
## SPLIT #165: D3D12 # 0 inputs[llama] 
## SPLIT #167: D3D12 # 0 inputs[llama] 
## SPLIT #169: D3D12 # 0 inputs[llama] 
## SPLIT #171: D3D12 # 0 inputs[llama] 
## SPLIT #173: D3D12 # 0 inputs[llama] 
## SPLIT #175: D3D12 # 0 inputs[llama] 
## SPLIT #177: D3D12 # 0 inputs[llama] 
## SPLIT #179: D3D12 # 0 inputs[llama] 
## SPLIT #181: D3D12 # 0 inputs[llama] 
## SPLIT #183: D3D12 # 0 inputs[llama] 
## SPLIT #185: D3D12 # 0 inputs[llama] 
## SPLIT #187: D3D12 # 0 inputs[llama] 
## SPLIT #189: D3D12 # 0 inputs[llama] 
## SPLIT #191: D3D12 # 0 inputs[llama] 
## SPLIT #193: D3D12 # 0 inputs[llama] 
## SPLIT #195: D3D12 # 0 inputs[llama] 
## SPLIT #197: D3D12 # 0 inputs[llama] 
## SPLIT #199: D3D12 # 0 inputs[llama] 
## SPLIT #201: D3D12 # 0 inputs[llama] 
## SPLIT #203: D3D12 # 0 inputs[llama] 
## SPLIT #205: D3D12 # 0 inputs[llama] 
## SPLIT #207: D3D12 # 0 inputs[llama] 
## SPLIT #209: D3D12 # 0 inputs[llama] 
## SPLIT #211: D3D12 # 0 inputs[llama] 
## SPLIT #213: D3D12 # 0 inputs[llama] 
## SPLIT #215: D3D12 # 0 inputs[llama] 
## SPLIT #217: D3D12 # 0 inputs[llama] 
## SPLIT #219: D3D12 # 0 inputs[llama] 
## SPLIT #221: D3D12 # 0 inputs[llama] 
## SPLIT #223: D3D12 # 0 inputs[llama] 
## SPLIT #225: D3D12 # 0 inputs[llama] 
## SPLIT #227: D3D12 # 0 inputs[llama] 
## SPLIT #229: D3D12 # 0 inputs[llama] 
## SPLIT #231: D3D12 # 0 inputs[llama] 
## SPLIT #233: D3D12 # 0 inputs[llama] 
## SPLIT #235: D3D12 # 0 inputs[llama] 
## SPLIT #237: D3D12 # 0 inputs[llama] 
## SPLIT #239: D3D12 # 0 inputs[llama] 
## SPLIT #241: D3D12 # 0 inputs[llama] 
## SPLIT #243: D3D12 # 0 inputs[llama] 
## SPLIT #245: D3D12 # 0 inputs[llama] 
## SPLIT #247: D3D12 # 0 inputs[llama] 
## SPLIT #249: D3D12 # 0 inputs[llama] 
## SPLIT #251: D3D12 # 0 inputs[llama] 
## SPLIT #253: D3D12 # 0 inputs[llama] 
## SPLIT #255: D3D12 # 0 inputs[llama] 
## SPLIT #257: D3D12 # 0 inputs[llama] 
## SPLIT #259: D3D12 # 0 inputs[llama] 
## SPLIT #261: D3D12 # 0 inputs[llama] 
## SPLIT #1: D3D12 # 0 inputs[llama] 
## SPLIT #3: D3D12 # 0 inputs[llama] 
## SPLIT #5: D3D12 # 0 inputs[llama] 
## SPLIT #7: D3D12 # 0 inputs[llama] 
## SPLIT #9: D3D12 # 0 inputs[llama] 
## SPLIT #11: D3D12 # 0 inputs[llama] 
## SPLIT #13: D3D12 # 0 inputs[llama] 
## SPLIT #15: D3D12 # 0 inputs[llama] 
## SPLIT #17: D3D12 # 0 inputs[llama] 
## SPLIT #19: D3D12 # 0 inputs[llama] 
## SPLIT #21: D3D12 # 0 inputs[llama] 
## SPLIT #23: D3D12 # 0 inputs[llama] 
## SPLIT #25: D3D12 # 0 inputs[llama] 
## SPLIT #27: D3D12 # 0 inputs[llama] 
## SPLIT #29: D3D12 # 0 inputs[llama] 
## SPLIT #31: D3D12 # 0 inputs[llama] 
## SPLIT #33: D3D12 # 0 inputs[llama] 
## SPLIT #35: D3D12 # 0 inputs[llama] 
## SPLIT #37: D3D12 # 0 inputs[llama] 
## SPLIT #39: D3D12 # 0 inputs[llama] 
## SPLIT #41: D3D12 # 0 inputs[llama] 
## SPLIT #43: D3D12 # 0 inputs[llama] 
## SPLIT #45: D3D12 # 0 inputs[llama] 
## SPLIT #47: D3D12 # 0 inputs[llama] 
## SPLIT #49: D3D12 # 0 inputs[llama] 
## SPLIT #51: D3D12 # 0 inputs[llama] 
## SPLIT #53: D3D12 # 0 inputs[llama] 
## SPLIT #55: D3D12 # 0 inputs[llama] 
## SPLIT #57: D3D12 # 0 inputs[llama] 
## SPLIT #59: D3D12 # 0 inputs[llama] 
## SPLIT #61: D3D12 # 0 inputs[llama] 
## SPLIT #63: D3D12 # 0 inputs[llama] 
## SPLIT #65: D3D12 # 0 inputs[llama] 
## SPLIT #67: D3D12 # 0 inputs[llama] 
## SPLIT #69: D3D12 # 0 inputs[llama] 
## SPLIT #71: D3D12 # 0 inputs[llama] 
## SPLIT #73: D3D12 # 0 inputs[llama] 
## SPLIT #75: D3D12 # 0 inputs[llama] 
## SPLIT #77: D3D12 # 0 inputs[llama] 
## SPLIT #79: D3D12 # 0 inputs[llama] 
## SPLIT #81: D3D12 # 0 inputs[llama] 
## SPLIT #83: D3D12 # 0 inputs[llama] 
## SPLIT #85: D3D12 # 0 inputs[llama] 
## SPLIT #87: D3D12 # 0 inputs[llama] 
## SPLIT #89: D3D12 # 0 inputs[llama] 
## SPLIT #91: D3D12 # 0 inputs[llama] 
## SPLIT #93: D3D12 # 0 inputs[llama] 
## SPLIT #95: D3D12 # 0 inputs[llama] 
## SPLIT #97: D3D12 # 0 inputs[llama] 
## SPLIT #99: D3D12 # 0 inputs[llama] 
## SPLIT #101: D3D12 # 0 inputs[llama] 
## SPLIT #103: D3D12 # 0 inputs[llama] 
## SPLIT #105: D3D12 # 0 inputs[llama] 
## SPLIT #107: D3D12 # 0 inputs[llama] 
## SPLIT #109: D3D12 # 0 inputs[llama] 
## SPLIT #111: D3D12 # 0 inputs[llama] 
## SPLIT #113: D3D12 # 0 inputs[llama] 
## SPLIT #115: D3D12 # 0 inputs[llama] 
## SPLIT #117: D3D12 # 0 inputs[llama] 
## SPLIT #119: D3D12 # 0 inputs[llama] 
## SPLIT #121: D3D12 # 0 inputs[llama] 
## SPLIT #123: D3D12 # 0 inputs[llama] 
## SPLIT #125: D3D12 # 0 inputs[llama] 
## SPLIT #127: D3D12 # 0 inputs[llama] 
## SPLIT #129: D3D12 # 0 inputs[llama] 
## SPLIT #131: D3D12 # 0 inputs[llama] 
## SPLIT #133: D3D12 # 0 inputs[llama] 
## SPLIT #135: D3D12 # 0 inputs[llama] 
## SPLIT #137: D3D12 # 0 inputs[llama] 
## SPLIT #139: D3D12 # 0 inputs[llama] 
## SPLIT #141: D3D12 # 0 inputs[llama] 
## SPLIT #143: D3D12 # 0 inputs[llama] 
## SPLIT #145: D3D12 # 0 inputs[llama] 
## SPLIT #147: D3D12 # 0 inputs[llama] 
## SPLIT #149: D3D12 # 0 inputs[llama] 
## SPLIT #151: D3D12 # 0 inputs[llama] 
## SPLIT #153: D3D12 # 0 inputs[llama] 
## SPLIT #155: D3D12 # 0 inputs[llama] 
## SPLIT #157: D3D12 # 0 inputs[llama] 
## SPLIT #159: D3D12 # 0 inputs[llama] 
## SPLIT #161: D3D12 # 0 inputs[llama] 
## SPLIT #163: D3D12 # 0 inputs[llama] 
## SPLIT #165: D3D12 # 0 inputs[llama] 
## SPLIT #167: D3D12 # 0 inputs[llama] 
## SPLIT #169: D3D12 # 0 inputs[llama] 
## SPLIT #171: D3D12 # 0 inputs[llama] 
## SPLIT #173: D3D12 # 0 inputs[llama] 
## SPLIT #175: D3D12 # 0 inputs[llama] 
## SPLIT #177: D3D12 # 0 inputs[llama] 
## SPLIT #179: D3D12 # 0 inputs[llama] 
## SPLIT #181: D3D12 # 0 inputs[llama] 
## SPLIT #183: D3D12 # 0 inputs[llama] 
## SPLIT #185: D3D12 # 0 inputs[llama] 
## SPLIT #187: D3D12 # 0 inputs[llama] 
## SPLIT #189: D3D12 # 0 inputs[llama] 
## SPLIT #191: D3D12 # 0 inputs[llama] 
## SPLIT #193: D3D12 # 0 inputs[llama] 
## SPLIT #195: D3D12 # 0 inputs[llama] 
## SPLIT #197: D3D12 # 0 inputs[llama] 
## SPLIT #199: D3D12 # 0 inputs[llama] 
## SPLIT #201: D3D12 # 0 inputs[llama] 
## SPLIT #203: D3D12 # 0 inputs[llama] 
## SPLIT #205: D3D12 # 0 inputs[llama] 
## SPLIT #207: D3D12 # 0 inputs[llama] 
## SPLIT #209: D3D12 # 0 inputs[llama] 
## SPLIT #211: D3D12 # 0 inputs[llama] 
## SPLIT #213: D3D12 # 0 inputs[llama] 
## SPLIT #215: D3D12 # 0 inputs[llama] 
## SPLIT #217: D3D12 # 0 inputs[llama] 
## SPLIT #219: D3D12 # 0 inputs[llama] 
## SPLIT #221: D3D12 # 0 inputs[llama] 
## SPLIT #223: D3D12 # 0 inputs[llama] 
## SPLIT #225: D3D12 # 0 inputs[llama] 
## SPLIT #227: D3D12 # 0 inputs[llama] 
## SPLIT #229: D3D12 # 0 inputs[llama] 
## SPLIT #231: D3D12 # 0 inputs[llama] 
## SPLIT #233: D3D12 # 0 inputs[llama] 
## SPLIT #235: D3D12 # 0 inputs[llama] 
## SPLIT #237: D3D12 # 0 inputs[llama] 
## SPLIT #239: D3D12 # 0 inputs[llama] 
## SPLIT #241: D3D12 # 0 inputs[llama] 
## SPLIT #243: D3D12 # 0 inputs[llama] 
## SPLIT #245: D3D12 # 0 inputs[llama] 
## SPLIT #247: D3D12 # 0 inputs[llama] 
## SPLIT #249: D3D12 # 0 inputs[llama] 
## SPLIT #251: D3D12 # 0 inputs[llama] 
## SPLIT #253: D3D12 # 0 inputs[llama] 
## SPLIT #255: D3D12 # 0 inputs[llama] 
## SPLIT #257: D3D12 # 0 inputs[llama] 
## SPLIT #259: D3D12 # 0 inputs[llama] 
## SPLIT #261: D3D12 # 0 inputs[xllama] d3d12: D3D12_Host buffer 504.0 MiB
[llama] 
## SPLIT #1: D3D12 # 0 inputs[llama] 
## SPLIT #3: D3D12 # 0 inputs[llama] 
## SPLIT #5: D3D12 # 0 inputs[llama] 
## SPLIT #7: D3D12 # 0 inputs[llama] 
## SPLIT #9: D3D12 # 0 inputs[llama] 
## SPLIT #11: D3D12 # 0 inputs[llama] 
## SPLIT #13: D3D12 # 0 inputs[llama] 
## SPLIT #15: D3D12 # 0 inputs[llama] 
## SPLIT #17: D3D12 # 0 inputs[llama] 
## SPLIT #19: D3D12 # 0 inputs[llama] 
## SPLIT #21: D3D12 # 0 inputs[llama] 
## SPLIT #23: D3D12 # 0 inputs[llama] 
## SPLIT #25: D3D12 # 0 inputs[llama] 
## SPLIT #27: D3D12 # 0 inputs[llama] 
## SPLIT #29: D3D12 # 0 inputs[llama] 
## SPLIT #31: D3D12 # 0 inputs[llama] 
## SPLIT #33: D3D12 # 0 inputs[llama] 
## SPLIT #35: D3D12 # 0 inputs[llama] 
## SPLIT #37: D3D12 # 0 inputs[llama] 
## SPLIT #39: D3D12 # 0 inputs[llama] 
## SPLIT #41: D3D12 # 0 inputs[llama] 
## SPLIT #43: D3D12 # 0 inputs[llama] 
## SPLIT #45: D3D12 # 0 inputs[llama] 
## SPLIT #47: D3D12 # 0 inputs[llama] 
## SPLIT #49: D3D12 # 0 inputs[llama] 
## SPLIT #51: D3D12 # 0 inputs[llama] 
## SPLIT #53: D3D12 # 0 inputs[llama] 
## SPLIT #55: D3D12 # 0 inputs[llama] 
## SPLIT #57: D3D12 # 0 inputs[llama] 
## SPLIT #59: D3D12 # 0 inputs[llama] 
## SPLIT #61: D3D12 # 0 inputs[llama] 
## SPLIT #63: D3D12 # 0 inputs[llama] 
## SPLIT #65: D3D12 # 0 inputs[llama] 
## SPLIT #67: D3D12 # 0 inputs[llama] 
## SPLIT #69: D3D12 # 0 inputs[llama] 
## SPLIT #71: D3D12 # 0 inputs[llama] 
## SPLIT #73: D3D12 # 0 inputs[llama] 
## SPLIT #75: D3D12 # 0 inputs[llama] 
## SPLIT #77: D3D12 # 0 inputs[llama] 
## SPLIT #79: D3D12 # 0 inputs[llama] 
## SPLIT #81: D3D12 # 0 inputs[llama] 
## SPLIT #83: D3D12 # 0 inputs[llama] 
## SPLIT #85: D3D12 # 0 inputs[llama] 
## SPLIT #87: D3D12 # 0 inputs[llama] 
## SPLIT #89: D3D12 # 0 inputs[llama] 
## SPLIT #91: D3D12 # 0 inputs[llama] 
## SPLIT #93: D3D12 # 0 inputs[llama] 
## SPLIT #95: D3D12 # 0 inputs[llama] 
## SPLIT #97: D3D12 # 0 inputs[llama] 
## SPLIT #99: D3D12 # 0 inputs[llama] 
## SPLIT #101: D3D12 # 0 inputs[llama] 
## SPLIT #103: D3D12 # 0 inputs[llama] 
## SPLIT #105: D3D12 # 0 inputs[llama] 
## SPLIT #107: D3D12 # 0 inputs[llama] 
## SPLIT #109: D3D12 # 0 inputs[llama] 
## SPLIT #111: D3D12 # 0 inputs[llama] 
## SPLIT #113: D3D12 # 0 inputs[llama] 
## SPLIT #115: D3D12 # 0 inputs[llama] 
## SPLIT #117: D3D12 # 0 inputs[llama] 
## SPLIT #119: D3D12 # 0 inputs[llama] 
## SPLIT #121: D3D12 # 0 inputs[llama] 
## SPLIT #123: D3D12 # 0 inputs[llama] 
## SPLIT #125: D3D12 # 0 inputs[llama] 
## SPLIT #127: D3D12 # 0 inputs[llama] 
## SPLIT #129: D3D12 # 0 inputs[llama] 
## SPLIT #131: D3D12 # 0 inputs[llama] 
## SPLIT #133: D3D12 # 0 inputs[llama] 
## SPLIT #135: D3D12 # 0 inputs[llama] 
## SPLIT #137: D3D12 # 0 inputs[llama] 
## SPLIT #139: D3D12 # 0 inputs[llama] 
## SPLIT #141: D3D12 # 0 inputs[llama] 
## SPLIT #143: D3D12 # 0 inputs[llama] 
## SPLIT #145: D3D12 # 0 inputs[llama] 
## SPLIT #147: D3D12 # 0 inputs[llama] 
## SPLIT #149: D3D12 # 0 inputs[llama] 
## SPLIT #151: D3D12 # 0 inputs[llama] 
## SPLIT #153: D3D12 # 0 inputs[llama] 
## SPLIT #155: D3D12 # 0 inputs[llama] 
## SPLIT #157: D3D12 # 0 inputs[llama] 
## SPLIT #159: D3D12 # 0 inputs[llama] 
## SPLIT #161: D3D12 # 0 inputs[llama] 
## SPLIT #163: D3D12 # 0 inputs[llama] 
## SPLIT #165: D3D12 # 0 inputs[llama] 
## SPLIT #167: D3D12 # 0 inputs[llama] 
## SPLIT #169: D3D12 # 0 inputs[llama] 
## SPLIT #171: D3D12 # 0 inputs[llama] 
## SPLIT #173: D3D12 # 0 inputs[llama] 
## SPLIT #175: D3D12 # 0 inputs[llama] 
## SPLIT #177: D3D12 # 0 inputs[llama] 
## SPLIT #179: D3D12 # 0 inputs[llama] 
## SPLIT #181: D3D12 # 0 inputs[llama] 
## SPLIT #183: D3D12 # 0 inputs[llama] 
## SPLIT #185: D3D12 # 0 inputs[llama] 
## SPLIT #187: D3D12 # 0 inputs[llama] 
## SPLIT #189: D3D12 # 0 inputs[llama] 
## SPLIT #191: D3D12 # 0 inputs[llama] 
## SPLIT #193: D3D12 # 0 inputs[llama] 
## SPLIT #195: D3D12 # 0 inputs[llama] 
## SPLIT #197: D3D12 # 0 inputs[llama] 
## SPLIT #199: D3D12 # 0 inputs[llama] 
## SPLIT #201: D3D12 # 0 inputs[llama] 
## SPLIT #203: D3D12 # 0 inputs[llama] 
## SPLIT #205: D3D12 # 0 inputs[llama] 
## SPLIT #207: D3D12 # 0 inputs[llama] 
## SPLIT #209: D3D12 # 0 inputs[llama] 
## SPLIT #211: D3D12 # 0 inputs[llama] 
## SPLIT #213: D3D12 # 0 inputs[llama] 
## SPLIT #215: D3D12 # 0 inputs[llama] 
## SPLIT #217: D3D12 # 0 inputs[llama] 
## SPLIT #219: D3D12 # 0 inputs[llama] 
## SPLIT #221: D3D12 # 0 inputs[llama] 
## SPLIT #223: D3D12 # 0 inputs[llama] 
## SPLIT #225: D3D12 # 0 inputs[llama] 
## SPLIT #227: D3D12 # 0 inputs[llama] 
## SPLIT #229: D3D12 # 0 inputs[llama] 
## SPLIT #231: D3D12 # 0 inputs[llama] 
## SPLIT #233: D3D12 # 0 inputs[llama] 
## SPLIT #235: D3D12 # 0 inputs[llama] 
## SPLIT #237: D3D12 # 0 inputs[llama] 
## SPLIT #239: D3D12 # 0 inputs[llama] 
## SPLIT #241: D3D12 # 0 inputs[llama] 
## SPLIT #243: D3D12 # 0 inputs[llama] 
## SPLIT #245: D3D12 # 0 inputs[llama] 
## SPLIT #247: D3D12 # 0 inputs[llama] 
## SPLIT #249: D3D12 # 0 inputs[llama] 
## SPLIT #251: D3D12 # 0 inputs[llama] 
## SPLIT #253: D3D12 # 0 inputs[llama] 
## SPLIT #255: D3D12 # 0 inputs[llama] 
## SPLIT #257: D3D12 # 0 inputs[llama] 
## SPLIT #259: D3D12 # 0 inputs[llama] 
## SPLIT #261: D3D12 # 0 inputs[llama] 
## SPLIT #1: D3D12 # 0 inputs[llama] 
## SPLIT #3: D3D12 # 0 inputs[llama] 
## SPLIT #5: D3D12 # 0 inputs[llama] 
## SPLIT #7: D3D12 # 0 inputs[llama] 
## SPLIT #9: D3D12 # 0 inputs[llama] 
## SPLIT #11: D3D12 # 0 inputs[llama] 
## SPLIT #13: D3D12 # 0 inputs[llama] 
## SPLIT #15: D3D12 # 0 inputs[llama] 
## SPLIT #17: D3D12 # 0 inputs[llama] 
## SPLIT #19: D3D12 # 0 inputs[llama] 
## SPLIT #21: D3D12 # 0 inputs[llama] 
## SPLIT #23: D3D12 # 0 inputs[llama] 
## SPLIT #25: D3D12 # 0 inputs[llama] 
## SPLIT #27: D3D12 # 0 inputs[llama] 
## SPLIT #29: D3D12 # 0 inputs[llama] 
## SPLIT #31: D3D12 # 0 inputs[llama] 
## SPLIT #33: D3D12 # 0 inputs[llama] 
## SPLIT #35: D3D12 # 0 inputs[llama] 
## SPLIT #37: D3D12 # 0 inputs[llama] 
## SPLIT #39: D3D12 # 0 inputs[llama] 
## SPLIT #41: D3D12 # 0 inputs[llama] 
## SPLIT #43: D3D12 # 0 inputs[llama] 
## SPLIT #45: D3D12 # 0 inputs[llama] 
## SPLIT #47: D3D12 # 0 inputs[llama] 
## SPLIT #49: D3D12 # 0 inputs[llama] 
## SPLIT #51: D3D12 # 0 inputs[llama] 
## SPLIT #53: D3D12 # 0 inputs[llama] 
## SPLIT #55: D3D12 # 0 inputs[llama] 
## SPLIT #57: D3D12 # 0 inputs[llama] 
## SPLIT #59: D3D12 # 0 inputs[llama] 
## SPLIT #61: D3D12 # 0 inputs[llama] 
## SPLIT #63: D3D12 # 0 inputs[llama] 
## SPLIT #65: D3D12 # 0 inputs[llama] 
## SPLIT #67: D3D12 # 0 inputs[llama] 
## SPLIT #69: D3D12 # 0 inputs[llama] 
## SPLIT #71: D3D12 # 0 inputs[llama] 
## SPLIT #73: D3D12 # 0 inputs[llama] 
## SPLIT #75: D3D12 # 0 inputs[llama] 
## SPLIT #77: D3D12 # 0 inputs[llama] 
## SPLIT #79: D3D12 # 0 inputs[llama] 
## SPLIT #81: D3D12 # 0 inputs[llama] 
## SPLIT #83: D3D12 # 0 inputs[llama] 
## SPLIT #85: D3D12 # 0 inputs[llama] 
## SPLIT #87: D3D12 # 0 inputs[llama] 
## SPLIT #89: D3D12 # 0 inputs[llama] 
## SPLIT #91: D3D12 # 0 inputs[llama] 
## SPLIT #93: D3D12 # 0 inputs[llama] 
## SPLIT #95: D3D12 # 0 inputs[llama] 
## SPLIT #97: D3D12 # 0 inputs[llama] 
## SPLIT #99: D3D12 # 0 inputs[llama] 
## SPLIT #101: D3D12 # 0 inputs[llama] 
## SPLIT #103: D3D12 # 0 inputs[llama] 
## SPLIT #105: D3D12 # 0 inputs[llama] 
## SPLIT #107: D3D12 # 0 inputs[llama] 
## SPLIT #109: D3D12 # 0 inputs[llama] 
## SPLIT #111: D3D12 # 0 inputs[llama] 
## SPLIT #113: D3D12 # 0 inputs[llama] 
## SPLIT #115: D3D12 # 0 inputs[llama] 
## SPLIT #117: D3D12 # 0 inputs[llama] 
## SPLIT #119: D3D12 # 0 inputs[llama] 
## SPLIT #121: D3D12 # 0 inputs[llama] 
## SPLIT #123: D3D12 # 0 inputs[llama] 
## SPLIT #125: D3D12 # 0 inputs[llama] 
## SPLIT #127: D3D12 # 0 inputs[llama] 
## SPLIT #129: D3D12 # 0 inputs[llama] 
## SPLIT #131: D3D12 # 0 inputs[llama] 
## SPLIT #133: D3D12 # 0 inputs[llama] 
## SPLIT #135: D3D12 # 0 inputs[llama] 
## SPLIT #137: D3D12 # 0 inputs[llama] 
## SPLIT #139: D3D12 # 0 inputs[llama] 
## SPLIT #141: D3D12 # 0 inputs[llama] 
## SPLIT #143: D3D12 # 0 inputs[llama] 
## SPLIT #145: D3D12 # 0 inputs[llama] 
## SPLIT #147: D3D12 # 0 inputs[llama] 
## SPLIT #149: D3D12 # 0 inputs[llama] 
## SPLIT #151: D3D12 # 0 inputs[llama] 
## SPLIT #153: D3D12 # 0 inputs[llama] 
## SPLIT #155: D3D12 # 0 inputs[llama] 
## SPLIT #157: D3D12 # 0 inputs[llama] 
## SPLIT #159: D3D12 # 0 inputs[llama] 
## SPLIT #161: D3D12 # 0 inputs[llama] 
## SPLIT #163: D3D12 # 0 inputs[llama] 
## SPLIT #165: D3D12 # 0 inputs[llama] 
## SPLIT #167: D3D12 # 0 inputs[llama] 
## SPLIT #169: D3D12 # 0 inputs[llama] 
## SPLIT #171: D3D12 # 0 inputs[llama] 
## SPLIT #173: D3D12 # 0 inputs[llama] 
## SPLIT #175: D3D12 # 0 inputs[llama] 
## SPLIT #177: D3D12 # 0 inputs[llama] 
## SPLIT #179: D3D12 # 0 inputs[llama] 
## SPLIT #181: D3D12 # 0 inputs[llama] 
## SPLIT #183: D3D12 # 0 inputs[llama] 
## SPLIT #185: D3D12 # 0 inputs[llama] 
## SPLIT #187: D3D12 # 0 inputs[llama] 
## SPLIT #189: D3D12 # 0 inputs[llama] 
## SPLIT #191: D3D12 # 0 inputs[llama] 
## SPLIT #193: D3D12 # 0 inputs[llama] 
## SPLIT #195: D3D12 # 0 inputs[llama] 
## SPLIT #197: D3D12 # 0 inputs[llama] 
## SPLIT #199: D3D12 # 0 inputs[llama] 
## SPLIT #201: D3D12 # 0 inputs[llama] 
## SPLIT #203: D3D12 # 0 inputs[llama] 
## SPLIT #205: D3D12 # 0 inputs[llama] 
## SPLIT #207: D3D12 # 0 inputs[llama] 
## SPLIT #209: D3D12 # 0 inputs[llama] 
## SPLIT #211: D3D12 # 0 inputs[llama] 
## SPLIT #213: D3D12 # 0 inputs[llama] 
## SPLIT #215: D3D12 # 0 inputs[llama] 
## SPLIT #217: D3D12 # 0 inputs[llama] 
## SPLIT #219: D3D12 # 0 inputs[llama] 
## SPLIT #221: D3D12 # 0 inputs[llama] 
## SPLIT #223: D3D12 # 0 inputs[llama] 
## SPLIT #225: D3D12 # 0 inputs[llama] 
## SPLIT #227: D3D12 # 0 inputs[llama] 
## SPLIT #229: D3D12 # 0 inputs[llama] 
## SPLIT #231: D3D12 # 0 inputs[llama] 
## SPLIT #233: D3D12 # 0 inputs[llama] 
## SPLIT #235: D3D12 # 0 inputs[llama] 
## SPLIT #237: D3D12 # 0 inputs[llama] 
## SPLIT #239: D3D12 # 0 inputs[llama] 
## SPLIT #241: D3D12 # 0 inputs[llama] 
## SPLIT #243: D3D12 # 0 inputs[llama] 
## SPLIT #245: D3D12 # 0 inputs[llama] 
## SPLIT #247: D3D12 # 0 inputs[llama] 
## SPLIT #249: D3D12 # 0 inputs[llama] 
## SPLIT #251: D3D12 # 0 inputs[llama] 
## SPLIT #253: D3D12 # 0 inputs[llama] 
## SPLIT #255: D3D12 # 0 inputs[llama] 
## SPLIT #257: D3D12 # 0 inputs[llama] 
## SPLIT #259: D3D12 # 0 inputs[llama] 
## SPLIT #261: D3D12 # 0 inputs[llama] sched_reserve: D3D12_Host compute buffer size =   504.02 MiB
[llama] sched_reserve: graph splits = 262
[llama] llama_context: D3D12_Host  output buffer size =     0.95 MiB
[llama] llama_kv_cache:        CPU KV buffer size =     8.00 MiB
[llama] 
## SPLIT #1: D3D12 # 0 inputs[llama] 
## SPLIT #3: D3D12 # 0 inputs[llama] 
## SPLIT #5: D3D12 # 0 inputs[llama] 
## SPLIT #7: D3D12 # 0 inputs[llama] 
## SPLIT #9: D3D12 # 0 inputs[llama] 
## SPLIT #11: D3D12 # 0 inputs[llama] resolve_fused_ops: layer 32 is assigned to device D3D12 but Flash Attention is assigned to device CPU (usually due to missing support)
[llama] resolve_fused_ops: Flash Attention not supported, set to disabled
[llama] 
## SPLIT #1: D3D12 # 0 inputs[llama] 
## SPLIT #3: D3D12 # 0 inputs[llama] 
## SPLIT #5: D3D12 # 0 inputs[llama] 
## SPLIT #7: D3D12 # 0 inputs[llama] 
## SPLIT #9: D3D12 # 0 inputs[llama] 
## SPLIT #11: D3D12 # 0 inputs[llama] 
## SPLIT #1: D3D12 # 0 inputs[llama] 
## SPLIT #3: D3D12 # 0 inputs[llama] 
## SPLIT #5: D3D12 # 0 inputs[llama] 
## SPLIT #7: D3D12 # 0 inputs[llama] 
## SPLIT #9: D3D12 # 0 inputs[llama] 
## SPLIT #11: D3D12 # 0 inputs[llama] 
## SPLIT #1: D3D12 # 0 inputs[llama] 
## SPLIT #3: D3D12 # 0 inputs[llama] 
## SPLIT #5: D3D12 # 0 inputs[llama] 
## SPLIT #7: D3D12 # 0 inputs[llama] 
## SPLIT #9: D3D12 # 0 inputs[llama] 
## SPLIT #11: D3D12 # 0 inputs[llama] 
## SPLIT #1: D3D12 # 0 inputs[llama] 
## SPLIT #3: D3D12 # 0 inputs[llama] 
## SPLIT #5: D3D12 # 0 inputs[llama] 
## SPLIT #7: D3D12 # 0 inputs[llama] 
## SPLIT #9: D3D12 # 0 inputs[llama] 
## SPLIT #11: D3D12 # 0 inputs[xllama] d3d12: D3D12_Host buffer 5.8 MiB
[llama] 
## SPLIT #1: D3D12 # 0 inputs[llama] 
## SPLIT #3: D3D12 # 0 inputs[llama] 
## SPLIT #5: D3D12 # 0 inputs[llama] 
## SPLIT #7: D3D12 # 0 inputs[llama] 
## SPLIT #9: D3D12 # 0 inputs[llama] 
## SPLIT #11: D3D12 # 0 inputs[llama] 
## SPLIT #1: D3D12 # 0 inputs[llama] 
## SPLIT #3: D3D12 # 0 inputs[llama] 
## SPLIT #5: D3D12 # 0 inputs[llama] 
## SPLIT #7: D3D12 # 0 inputs[llama] 
## SPLIT #9: D3D12 # 0 inputs[llama] 
## SPLIT #11: D3D12 # 0 inputs[llama] sched_reserve: D3D12_Host compute buffer size =     5.85 MiB
[llama] sched_reserve: graph splits = 12
[xllama] mtp: draft ready, n_max=4 p_min=0.750000 dft_n_batch=6
[xllama] mtp: target nextn head layers=1
[xllama] mtp: split_mtp_weights=0 resident=0 tensors=0
[xllama] prompt tokens: 119
[xllama] d3d12: D3D12_Host buffer 20.9 MiB
[llama] 
## SPLIT #1: D3D12 # 0 inputs[llama] 
## SPLIT #3: D3D12 # 0 inputs[llama] 
## SPLIT #5: D3D12 # 0 inputs[llama] 
## SPLIT #7: D3D12 # 0 inputs[llama] 
## SPLIT #9: D3D12 # 0 inputs[llama] 
## SPLIT #11: D3D12 # 0 inputs[llama] 
## SPLIT #13: D3D12 # 0 inputs[llama] 
## SPLIT #15: D3D12 # 0 inputs[llama] 
## SPLIT #17: D3D12 # 0 inputs[llama] 
## SPLIT #19: D3D12 # 0 inputs[llama] 
## SPLIT #21: D3D12 # 0 inputs[llama] 
## SPLIT #23: D3D12 # 0 inputs[llama] 
## SPLIT #25: D3D12 # 0 inputs[llama] 
## SPLIT #27: D3D12 # 0 inputs[llama] 
## SPLIT #29: D3D12 # 0 inputs[llama] 
## SPLIT #31: D3D12 # 0 inputs[llama] 
## SPLIT #33: D3D12 # 0 inputs[llama] 
## SPLIT #35: D3D12 # 0 inputs[llama] 
## SPLIT #37: D3D12 # 0 inputs[llama] 
## SPLIT #39: D3D12 # 0 inputs[llama] 
## SPLIT #41: D3D12 # 0 inputs[llama] 
## SPLIT #43: D3D12 # 0 inputs[llama] 
## SPLIT #45: D3D12 # 0 inputs[llama] 
## SPLIT #47: D3D12 # 0 inputs[llama] 
## SPLIT #49: D3D12 # 0 inputs[llama] 
## SPLIT #51: D3D12 # 0 inputs[llama] 
## SPLIT #53: D3D12 # 0 inputs[llama] 
## SPLIT #55: D3D12 # 0 inputs[llama] 
## SPLIT #57: D3D12 # 0 inputs[llama] 
## SPLIT #59: D3D12 # 0 inputs[llama] 
## SPLIT #61: D3D12 # 0 inputs[llama] 
## SPLIT #63: D3D12 # 0 inputs[llama] 
## SPLIT #65: D3D12 # 0 inputs[llama] 
## SPLIT #67: D3D12 # 0 inputs[llama] 
## SPLIT #69: D3D12 # 0 inputs[llama] 
## SPLIT #71: D3D12 # 0 inputs[llama] 
## SPLIT #73: D3D12 # 0 inputs[llama] 
## SPLIT #75: D3D12 # 0 inputs[llama] 
## SPLIT #77: D3D12 # 0 inputs[llama] 
## SPLIT #79: D3D12 # 0 inputs[llama] 
## SPLIT #81: D3D12 # 0 inputs[llama] 
## SPLIT #83: D3D12 # 0 inputs[llama] 
## SPLIT #85: D3D12 # 0 inputs[llama] 
## SPLIT #87: D3D12 # 0 inputs[llama] 
## SPLIT #89: D3D12 # 0 inputs[llama] 
## SPLIT #91: D3D12 # 0 inputs[llama] 
## SPLIT #93: D3D12 # 0 inputs[llama] 
## SPLIT #95: D3D12 # 0 inputs[llama] 
## SPLIT #97: D3D12 # 0 inputs[llama] 
## SPLIT #99: D3D12 # 0 inputs[llama] 
## SPLIT #101: D3D12 # 0 inputs[llama] 
## SPLIT #103: D3D12 # 0 inputs[llama] 
## SPLIT #105: D3D12 # 0 inputs[llama] 
## SPLIT #107: D3D12 # 0 inputs[llama] 
## SPLIT #109: D3D12 # 0 inputs[llama] 
## SPLIT #111: D3D12 # 0 inputs[llama] 
## SPLIT #113: D3D12 # 0 inputs[llama] 
## SPLIT #115: D3D12 # 0 inputs[llama] 
## SPLIT #117: D3D12 # 0 inputs[llama] 
## SPLIT #119: D3D12 # 0 inputs[llama] 
## SPLIT #121: D3D12 # 0 inputs[llama] 
## SPLIT #123: D3D12 # 0 inputs[llama] 
## SPLIT #125: D3D12 # 0 inputs[llama] 
## SPLIT #127: D3D12 # 0 inputs[llama] 
## SPLIT #129: D3D12 # 0 inputs[llama] 
## SPLIT #131: D3D12 # 0 inputs[llama] 
## SPLIT #133: D3D12 # 0 inputs[llama] 
## SPLIT #135: D3D12 # 0 inputs[llama] 
## SPLIT #137: D3D12 # 0 inputs[llama] 
## SPLIT #139: D3D12 # 0 inputs[llama] 
## SPLIT #141: D3D12 # 0 inputs[llama] 
## SPLIT #143: D3D12 # 0 inputs[llama] 
## SPLIT #145: D3D12 # 0 inputs[llama] 
## SPLIT #147: D3D12 # 0 inputs[llama] 
## SPLIT #149: D3D12 # 0 inputs[llama] 
## SPLIT #151: D3D12 # 0 inputs[llama] 
## SPLIT #153: D3D12 # 0 inputs[llama] 
## SPLIT #155: D3D12 # 0 inputs[llama] 
## SPLIT #157: D3D12 # 0 inputs[llama] 
## SPLIT #159: D3D12 # 0 inputs[llama] 
## SPLIT #161: D3D12 # 0 inputs[llama] 
## SPLIT #163: D3D12 # 0 inputs[llama] 
## SPLIT #165: D3D12 # 0 inputs[llama] 
## SPLIT #167: D3D12 # 0 inputs[llama] 
## SPLIT #169: D3D12 # 0 inputs[llama] 
## SPLIT #171: D3D12 # 0 inputs[llama] 
## SPLIT #173: D3D12 # 0 inputs[llama] 
## SPLIT #175: D3D12 # 0 inputs[llama] 
## SPLIT #177: D3D12 # 0 inputs[llama] 
## SPLIT #179: D3D12 # 0 inputs[llama] 
## SPLIT #181: D3D12 # 0 inputs[llama] 
## SPLIT #183: D3D12 # 0 inputs[llama] 
## SPLIT #185: D3D12 # 0 inputs[llama] 
## SPLIT #187: D3D12 # 0 inputs[llama] 
## SPLIT #189: D3D12 # 0 inputs[llama] 
## SPLIT #191: D3D12 # 0 inputs[llama] 
## SPLIT #193: D3D12 # 0 inputs[llama] 
## SPLIT #195: D3D12 # 0 inputs[llama] 
## SPLIT #197: D3D12 # 0 inputs[llama] 
## SPLIT #199: D3D12 # 0 inputs[llama] 
## SPLIT #201: D3D12 # 0 inputs[llama] 
## SPLIT #203: D3D12 # 0 inputs[llama] 
## SPLIT #205: D3D12 # 0 inputs[llama] 
## SPLIT #207: D3D12 # 0 inputs[llama] 
## SPLIT #209: D3D12 # 0 inputs[llama] 
## SPLIT #211: D3D12 # 0 inputs[llama] 
## SPLIT #213: D3D12 # 0 inputs[llama] 
## SPLIT #215: D3D12 # 0 inputs[llama] 
## SPLIT #217: D3D12 # 0 inputs[llama] 
## SPLIT #219: D3D12 # 0 inputs[llama] 
## SPLIT #221: D3D12 # 0 inputs[llama] 
## SPLIT #223: D3D12 # 0 inputs[llama] 
## SPLIT #225: D3D12 # 0 inputs[llama] 
## SPLIT #227: D3D12 # 0 inputs[llama] 
## SPLIT #229: D3D12 # 0 inputs[llama] 
## SPLIT #231: D3D12 # 0 inputs[llama] 
## SPLIT #233: D3D12 # 0 inputs[llama] 
## SPLIT #235: D3D12 # 0 inputs[llama] 
## SPLIT #237: D3D12 # 0 inputs[llama] 
## SPLIT #239: D3D12 # 0 inputs[llama] 
## SPLIT #241: D3D12 # 0 inputs[llama] 
## SPLIT #243: D3D12 # 0 inputs[llama] 
## SPLIT #245: D3D12 # 0 inputs[llama] 
## SPLIT #247: D3D12 # 0 inputs[llama] 
## SPLIT #249: D3D12 # 0 inputs[llama] 
## SPLIT #251: D3D12 # 0 inputs[llama] 
## SPLIT #253: D3D12 # 0 inputs[llama] 
## SPLIT #255: D3D12 # 0 inputs[llama] 
## SPLIT #257: D3D12 # 0 inputs[llama] 
## SPLIT #259: D3D12 # 0 inputs[llama] 
## SPLIT #261: D3D12 # 0 inputs[xllama] d3d12: D3D12_Host buffer 5.7 MiB
[llama] 
## SPLIT #1: D3D12 # 0 inputs[llama] 
## SPLIT #3: D3D12 # 0 inputs[llama] 
## SPLIT #5: D3D12 # 0 inputs[llama] 
## SPLIT #7: D3D12 # 0 inputs[llama] 
## SPLIT #9: D3D12 # 0 inputs[llama] 
## SPLIT #11: D3D12 # 0 inputs[llama] 
## SPLIT #1: D3D12 # 0 inputs[llama] 
## SPLIT #3: D3D12 # 0 inputs[llama] 
## SPLIT #5: D3D12 # 0 inputs[llama] 
## SPLIT #7: D3D12 # 0 inputs[llama] 
## SPLIT #9: D3D12 # 0 inputs[llama] 
## SPLIT #11: D3D12 # 0 inputs[xllama] mtp: first draft pos=119 n_embd=2560 n_max=4 row[min,max]=[-25.693439,21.764423] dft_n_batch=6 dft_pos_max=118
[llama] 
## SPLIT #1: D3D12 # 0 inputs[llama] 
## SPLIT #3: D3D12 # 0 inputs[llama] 
## SPLIT #5: D3D12 # 0 inputs[llama] 
## SPLIT #7: D3D12 # 0 inputs[llama] 
## SPLIT #9: D3D12 # 0 inputs[llama] 
## SPLIT #11: D3D12 # 0 inputs[llama] 
## SPLIT #1: D3D12 # 0 inputs[llama] 
## SPLIT #3: D3D12 # 0 inputs[llama] 
## SPLIT #5: D3D12 # 0 inputs[llama] 
## SPLIT #7: D3D12 # 0 inputs[llama] 
## SPLIT #9: D3D12 # 0 inputs[llama] 
## SPLIT #11: D3D12 # 0 inputs[llama] 
## SPLIT #13: D3D12 # 0 inputs[llama] 
## SPLIT #15: D3D12 # 0 inputs[llama] 
## SPLIT #17: D3D12 # 0 inputs[llama] 
## SPLIT #19: D3D12 # 0 inputs[llama] 
## SPLIT #21: D3D12 # 0 inputs[llama] 
## SPLIT #23: D3D12 # 0 inputs[llama] 
## SPLIT #25: D3D12 # 0 inputs[llama] 
## SPLIT #27: D3D12 # 0 inputs[llama] 
## SPLIT #29: D3D12 # 0 inputs[llama] 
## SPLIT #31: D3D12 # 0 inputs[llama] 
## SPLIT #33: D3D12 # 0 inputs[llama] 
## SPLIT #35: D3D12 # 0 inputs[llama] 
## SPLIT #37: D3D12 # 0 inputs[llama] 
## SPLIT #39: D3D12 # 0 inputs[llama] 
## SPLIT #41: D3D12 # 0 inputs[llama] 
## SPLIT #43: D3D12 # 0 inputs[llama] 
## SPLIT #45: D3D12 # 0 inputs[llama] 
## SPLIT #47: D3D12 # 0 inputs[llama] 
## SPLIT #49: D3D12 # 0 inputs[llama] 
## SPLIT #51: D3D12 # 0 inputs[llama] 
## SPLIT #53: D3D12 # 0 inputs[llama] 
## SPLIT #55: D3D12 # 0 inputs[llama] 
## SPLIT #57: D3D12 # 0 inputs[llama] 
## SPLIT #59: D3D12 # 0 inputs[llama] 
## SPLIT #61: D3D12 # 0 inputs[llama] 
## SPLIT #63: D3D12 # 0 inputs[llama] 
## SPLIT #65: D3D12 # 0 inputs[llama] 
## SPLIT #67: D3D12 # 0 inputs[llama] 
## SPLIT #69: D3D12 # 0 inputs[llama] 
## SPLIT #71: D3D12 # 0 inputs[llama] 
## SPLIT #73: D3D12 # 0 inputs[llama] 
## SPLIT #75: D3D12 # 0 inputs[llama] 
## SPLIT #77: D3D12 # 0 inputs[llama] 
## SPLIT #79: D3D12 # 0 inputs[llama] 
## SPLIT #81: D3D12 # 0 inputs[llama] 
## SPLIT #83: D3D12 # 0 inputs[llama] 
## SPLIT #85: D3D12 # 0 inputs[llama] 
## SPLIT #87: D3D12 # 0 inputs[llama] 
## SPLIT #89: D3D12 # 0 inputs[llama] 
## SPLIT #91: D3D12 # 0 inputs[llama] 
## SPLIT #93: D3D12 # 0 inputs[llama] 
## SPLIT #95: D3D12 # 0 inputs[llama] 
## SPLIT #97: D3D12 # 0 inputs[llama] 
## SPLIT #99: D3D12 # 0 inputs[llama] 
## SPLIT #101: D3D12 # 0 inputs[llama] 
## SPLIT #103: D3D12 # 0 inputs[llama] 
## SPLIT #105: D3D12 # 0 inputs[llama] 
## SPLIT #107: D3D12 # 0 inputs[llama] 
## SPLIT #109: D3D12 # 0 inputs[llama] 
## SPLIT #111: D3D12 # 0 inputs[llama] 
## SPLIT #113: D3D12 # 0 inputs[llama] 
## SPLIT #115: D3D12 # 0 inputs[llama] 
## SPLIT #117: D3D12 # 0 inputs[llama] 
## SPLIT #119: D3D12 # 0 inputs[llama] 
## SPLIT #121: D3D12 # 0 inputs[llama] 
## SPLIT #123: D3D12 # 0 inputs[llama] 
## SPLIT #125: D3D12 # 0 inputs[llama] 
## SPLIT #127: D3D12 # 0 inputs[llama] 
## SPLIT #129: D3D12 # 0 inputs[llama] 
## SPLIT #131: D3D12 # 0 inputs[llama] 
## SPLIT #133: D3D12 # 0 inputs[llama] 
## SPLIT #135: D3D12 # 0 inputs[llama] 
## SPLIT #137: D3D12 # 0 inputs[llama] 
## SPLIT #139: D3D12 # 0 inputs[llama] 
## SPLIT #141: D3D12 # 0 inputs[llama] 
## SPLIT #143: D3D12 # 0 inputs[llama] 
## SPLIT #145: D3D12 # 0 inputs[llama] 
## SPLIT #147: D3D12 # 0 inputs[llama] 
## SPLIT #149: D3D12 # 0 inputs[llama] 
## SPLIT #151: D3D12 # 0 inputs[llama] 
## SPLIT #153: D3D12 # 0 inputs[llama] 
## SPLIT #155: D3D12 # 0 inputs[llama] 
## SPLIT #157: D3D12 # 0 inputs[llama] 
## SPLIT #159: D3D12 # 0 inputs[llama] 
## SPLIT #161: D3D12 # 0 inputs[llama] 
## SPLIT #163: D3D12 # 0 inputs[llama] 
## SPLIT #165: D3D12 # 0 inputs[llama] 
## SPLIT #167: D3D12 # 0 inputs[llama] 
## SPLIT #169: D3D12 # 0 inputs[llama] 
## SPLIT #171: D3D12 # 0 inputs[llama] 
## SPLIT #173: D3D12 # 0 inputs[llama] 
## SPLIT #175: D3D12 # 0 inputs[llama] 
## SPLIT #177: D3D12 # 0 inputs[llama] 
## SPLIT #179: D3D12 # 0 inputs[llama] 
## SPLIT #181: D3D12 # 0 inputs[llama] 
## SPLIT #183: D3D12 # 0 inputs[llama] 
## SPLIT #185: D3D12 # 0 inputs[llama] 
## SPLIT #187: D3D12 # 0 inputs[llama] 
## SPLIT #189: D3D12 # 0 inputs[llama] 
## SPLIT #191: D3D12 # 0 inputs[llama] 
## SPLIT #193: D3D12 # 0 inputs[llama] 
## SPLIT #195: D3D12 # 0 inputs[llama] 
## SPLIT #197: D3D12 # 0 inputs[llama] 
## SPLIT #199: D3D12 # 0 inputs[llama] 
## SPLIT #201: D3D12 # 0 inputs[llama] 
## SPLIT #203: D3D12 # 0 inputs[llama] 
## SPLIT #205: D3D12 # 0 inputs[llama] 
## SPLIT #207: D3D12 # 0 inputs[llama] 
## SPLIT #209: D3D12 # 0 inputs[llama] 
## SPLIT #211: D3D12 # 0 inputs[llama] 
## SPLIT #213: D3D12 # 0 inputs[llama] 
## SPLIT #215: D3D12 # 0 inputs[llama] 
## SPLIT #217: D3D12 # 0 inputs[llama] 
## SPLIT #219: D3D12 # 0 inputs[llama] 
## SPLIT #221: D3D12 # 0 inputs[llama] 
## SPLIT #223: D3D12 # 0 inputs[llama] 
## SPLIT #225: D3D12 # 0 inputs[llama] 
## SPLIT #227: D3D12 # 0 inputs[llama] 
## SPLIT #229: D3D12 # 0 inputs[llama] 
## SPLIT #231: D3D12 # 0 inputs[llama] 
## SPLIT #233: D3D12 # 0 inputs[llama] 
## SPLIT #235: D3D12 # 0 inputs[llama] 
## SPLIT #237: D3D12 # 0 inputs[llama] 
## SPLIT #239: D3D12 # 0 inputs[llama] 
## SPLIT #241: D3D12 # 0 inputs[llama] 
## SPLIT #243: D3D12 # 0 inputs[llama] 
## SPLIT #245: D3D12 # 0 inputs[llama] 
## SPLIT #247: D3D12 # 0 inputs[llama] 
## SPLIT #249: D3D12 # 0 inputs[llama] 
## SPLIT #251: D3D12 # 0 inputs[llama] 
## SPLIT #253: D3D12 # 0 inputs[llama] 
## SPLIT #255: D3D12 # 0 inputs[llama] 
## SPLIT #257: D3D12 # 0 inputs[llama] 
## SPLIT #259: D3D12 # 0 inputs[llama] 
## SPLIT #261: D3D12 # 0 inputs[llama] [xllama] repack ctrl scope=2 M=4096 K=2560 nrows=1 quant=scalar-all compute=gemv-all forced=1
[llama] [xllama] repack ctrl scope=2 M=9216 K=2560 nrows=1 quant=scalar-all compute=gemv-all forced=1
[llama] [xllama] repack ctrl scope=2 M=9216 K=2560 nrows=1 quant=scalar-all compute=gemv-all forced=1
[llama] [xllama] repack ctrl scope=2 M=4096 K=2560 nrows=1 quant=scalar-all compute=gemv-all forced=1
[llama] [xllama] repack ctrl scope=2 M=9216 K=2560 nrows=1 quant=scalar-all compute=gemv-all forced=1
[llama] [xllama] repack ctrl scope=2 M=9216 K=2560 nrows=1 quant=scalar-all compute=gemv-all forced=1
[llama] [xllama] repack ctrl scope=2 M=4096 K=2560 nrows=1 quant=scalar-all compute=gemv-all forced=1
[llama] [xllama] repack ctrl scope=2 M=9216 K=2560 nrows=1 quant=scalar-all compute=gemv-all forced=1
[llama] [xllama] repack ctrl scope=2 M=9216 K=2560 nrows=1 quant=scalar-all compute=gemv-all forced=1
[llama] [xllama] repack ctrl scope=2 M=8192 K=2560 nrows=1 quant=scalar-all compute=gemv-all forced=1
[llama] [xllama] repack ctrl scope=2 M=1024 K=2560 nrows=1 quant=scalar-all compute=gemv-all forced=1
[llama] [xllama] repack ctrl scope=2 M=2560 K=4096 nrows=1 quant=scalar-all compute=gemv-all forced=1
[llama] [xllama] repack ctrl scope=2 M=9216 K=2560 nrows=1 quant=scalar-all compute=gemv-all forced=1
[llama] [xllama] repack ctrl scope=2 M=9216 K=2560 nrows=1 quant=scalar-all compute=gemv-all forced=1
[llama] [xllama] repack ctrl scope=2 M=8192 K=2560 nrows=1 quant=scalar-all compute=gemv-all forced=1
[llama] [xllama] repack ctrl scope=2 M=4096 K=2560 nrows=1 quant=scalar-all compute=gemv-all forced=1
[xllama] d3d12: D3D12_Host buffer 21.9 MiB
[llama] 
## SPLIT #1: D3D12 # 0 inputs[llama] 
## SPLIT #3: D3D12 # 0 inputs[llama] 
## SPLIT #5: D3D12 # 0 inputs[llama] 
## SPLIT #7: D3D12 # 0 inputs[llama] 
## SPLIT #9: D3D12 # 0 inputs[llama] 
## SPLIT #11: D3D12 # 0 inputs[llama] 
## SPLIT #13: D3D12 # 0 inputs[llama] 
## SPLIT #15: D3D12 # 0 inputs[llama] 
## SPLIT #17: D3D12 # 0 inputs[llama] 
## SPLIT #19: D3D12 # 0 inputs[llama] 
## SPLIT #21: D3D12 # 0 inputs[llama] 
## SPLIT #23: D3D12 # 0 inputs[llama] 
## SPLIT #25: D3D12 # 0 inputs[llama] 
## SPLIT #27: D3D12 # 0 inputs[llama] 
## SPLIT #29: D3D12 # 0 inputs[llama] 
## SPLIT #31: D3D12 # 0 inputs[llama] 
## SPLIT #33: D3D12 # 0 inputs[llama] 
## SPLIT #35: D3D12 # 0 inputs[llama] 
## SPLIT #37: D3D12 # 0 inputs[llama] 
## SPLIT #39: D3D12 # 0 inputs[llama] 
## SPLIT #41: D3D12 # 0 inputs[llama] 
## SPLIT #43: D3D12 # 0 inputs[llama] 
## SPLIT #45: D3D12 # 0 inputs[llama] 
## SPLIT #47: D3D12 # 0 inputs[llama] 
## SPLIT #49: D3D12 # 0 inputs[llama] 
## SPLIT #51: D3D12 # 0 inputs[llama] 
## SPLIT #53: D3D12 # 0 inputs[llama] 
## SPLIT #55: D3D12 # 0 inputs[llama] 
## SPLIT #57: D3D12 # 0 inputs[llama] 
## SPLIT #59: D3D12 # 0 inputs[llama] 
## SPLIT #61: D3D12 # 0 inputs[llama] 
## SPLIT #63: D3D12 # 0 inputs[llama] 
## SPLIT #65: D3D12 # 0 inputs[llama] 
## SPLIT #67: D3D12 # 0 inputs[llama] 
## SPLIT #69: D3D12 # 0 inputs[llama] 
## SPLIT #71: D3D12 # 0 inputs[llama] 
## SPLIT #73: D3D12 # 0 inputs[llama] 
## SPLIT #75: D3D12 # 0 inputs[llama] 
## SPLIT #77: D3D12 # 0 inputs[llama] 
## SPLIT #79: D3D12 # 0 inputs[llama] 
## SPLIT #81: D3D12 # 0 inputs[llama] 
## SPLIT #83: D3D12 # 0 inputs[llama] 
## SPLIT #85: D3D12 # 0 inputs[llama] 
## SPLIT #87: D3D12 # 0 inputs[llama] 
## SPLIT #89: D3D12 # 0 inputs[llama] 
## SPLIT #91: D3D12 # 0 inputs[llama] 
## SPLIT #93: D3D12 # 0 inputs[llama] 
## SPLIT #95: D3D12 # 0 inputs[llama] 
## SPLIT #97: D3D12 # 0 inputs[llama] 
## SPLIT #99: D3D12 # 0 inputs[llama] 
## SPLIT #101: D3D12 # 0 inputs[llama] 
## SPLIT #103: D3D12 # 0 inputs[llama] 
## SPLIT #105: D3D12 # 0 inputs[llama] 
## SPLIT #107: D3D12 # 0 inputs[llama] 
## SPLIT #109: D3D12 # 0 inputs[llama] 
## SPLIT #111: D3D12 # 0 inputs[llama] 
## SPLIT #113: D3D12 # 0 inputs[llama] 
## SPLIT #115: D3D12 # 0 inputs[llama] 
## SPLIT #117: D3D12 # 0 inputs[llama] 
## SPLIT #119: D3D12 # 0 inputs[llama] 
## SPLIT #121: D3D12 # 0 inputs[llama] 
## SPLIT #123: D3D12 # 0 inputs[llama] 
## SPLIT #125: D3D12 # 0 inputs[llama] 
## SPLIT #127: D3D12 # 0 inputs[llama] 
## SPLIT #129: D3D12 # 0 inputs[llama] 
## SPLIT #131: D3D12 # 0 inputs[llama] 
## SPLIT #133: D3D12 # 0 inputs[llama] 
## SPLIT #135: D3D12 # 0 inputs[llama] 
## SPLIT #137: D3D12 # 0 inputs[llama] 
## SPLIT #139: D3D12 # 0 inputs[llama] 
## SPLIT #141: D3D12 # 0 inputs[llama] 
## SPLIT #143: D3D12 # 0 inputs[llama] 
## SPLIT #145: D3D12 # 0 inputs[llama] 
## SPLIT #147: D3D12 # 0 inputs[llama] 
## SPLIT #149: D3D12 # 0 inputs[llama] 
## SPLIT #151: D3D12 # 0 inputs[llama] 
## SPLIT #153: D3D12 # 0 inputs[llama] 
## SPLIT #155: D3D12 # 0 inputs[llama] 
## SPLIT #157: D3D12 # 0 inputs[llama] 
## SPLIT #159: D3D12 # 0 inputs[llama] 
## SPLIT #161: D3D12 # 0 inputs[llama] 
## SPLIT #163: D3D12 # 0 inputs[llama] 
## SPLIT #165: D3D12 # 0 inputs[llama] 
## SPLIT #167: D3D12 # 0 inputs[llama] 
## SPLIT #169: D3D12 # 0 inputs[llama] 
## SPLIT #171: D3D12 # 0 inputs[llama] 
## SPLIT #173: D3D12 # 0 inputs[llama] 
## SPLIT #175: D3D12 # 0 inputs[llama] 
## SPLIT #177: D3D12 # 0 inputs[llama] 
## SPLIT #179: D3D12 # 0 inputs[llama] 
## SPLIT #181: D3D12 # 0 inputs[llama] 
## SPLIT #183: D3D12 # 0 inputs[llama] 
## SPLIT #185: D3D12 # 0 inputs[llama] 
## SPLIT #187: D3D12 # 0 inputs[llama] 
## SPLIT #189: D3D12 # 0 inputs[llama] 
## SPLIT #191: D3D12 # 0 inputs[llama] 
## SPLIT #193: D3D12 # 0 inputs[llama] 
## SPLIT #195: D3D12 # 0 inputs[llama] 
## SPLIT #197: D3D12 # 0 inputs[llama] 
## SPLIT #199: D3D12 # 0 inputs[llama] 
## SPLIT #201: D3D12 # 0 inputs[llama] 
## SPLIT #203: D3D12 # 0 inputs[llama] 
## SPLIT #205: D3D12 # 0 inputs[llama] 
## SPLIT #207: D3D12 # 0 inputs[llama] 
## SPLIT #209: D3D12 # 0 inputs[llama] 
## SPLIT #211: D3D12 # 0 inputs[llama] 
## SPLIT #213: D3D12 # 0 inputs[llama] 
## SPLIT #215: D3D12 # 0 inputs[llama] 
## SPLIT #217: D3D12 # 0 inputs[llama] 
## SPLIT #219: D3D12 # 0 inputs[llama] 
## SPLIT #221: D3D12 # 0 inputs[llama] 
## SPLIT #223: D3D12 # 0 inputs[llama] 
## SPLIT #225: D3D12 # 0 inputs[llama] 
## SPLIT #227: D3D12 # 0 inputs[llama] 
## SPLIT #229: D3D12 # 0 inputs[llama] 
## SPLIT #231: D3D12 # 0 inputs[llama] 
## SPLIT #233: D3D12 # 0 inputs[llama] 
## SPLIT #235: D3D12 # 0 inputs[llama] 
## SPLIT #237: D3D12 # 0 inputs[llama] 
## SPLIT #239: D3D12 # 0 inputs[llama] 
## SPLIT #241: D3D12 # 0 inputs[llama] 
## SPLIT #243: D3D12 # 0 inputs[llama] 
## SPLIT #245: D3D12 # 0 inputs[llama] 
## SPLIT #247: D3D12 # 0 inputs[llama] 
## SPLIT #249: D3D12 # 0 inputs[llama] 
## SPLIT #251: D3D12 # 0 inputs[llama] 
## SPLIT #253: D3D12 # 0 inputs[llama] 
## SPLIT #255: D3D12 # 0 inputs[llama] 
## SPLIT #257: D3D12 # 0 inputs[llama] 
## SPLIT #259: D3D12 # 0 inputs[llama] 
## SPLIT #261: D3D12 # 0 inputs[llama] 
## SPLIT #1: D3D12 # 0 inputs[llama] 
## SPLIT #3: D3D12 # 0 inputs[llama] 
## SPLIT #5: D3D12 # 0 inputs[llama] 
## SPLIT #7: D3D12 # 0 inputs[llama] 
## SPLIT #9: D3D12 # 0 inputs[llama] 
## SPLIT #11: D3D12 # 0 inputs[llama] 
## SPLIT #1: D3D12 # 0 inputs[llama] 
## SPLIT #3: D3D12 # 0 inputs[llama] 
## SPLIT #5: D3D12 # 0 inputs[llama] 
## SPLIT #7: D3D12 # 0 inputs[llama] 
## SPLIT #9: D3D12 # 0 inputs[llama] 
## SPLIT #11: D3D12 # 0 inputs[llama] 
## SPLIT #1: D3D12 # 0 inputs[llama] 
## SPLIT #3: D3D12 # 0 inputs[llama] 
## SPLIT #5: D3D12 # 0 inputs[llama] 
## SPLIT #7: D3D12 # 0 inputs[llama] 
## SPLIT #9: D3D12 # 0 inputs[llama] 
## SPLIT #11: D3D12 # 0 inputs[llama] 
## SPLIT #13: D3D12 # 0 inputs[llama] 
## SPLIT #15: D3D12 # 0 inputs[llama] 
## SPLIT #17: D3D12 # 0 inputs[llama] 
## SPLIT #19: D3D12 # 0 inputs[llama] 
## SPLIT #21: D3D12 # 0 inputs[llama] 
## SPLIT #23: D3D12 # 0 inputs[llama] 
## SPLIT #25: D3D12 # 0 inputs[llama] 
## SPLIT #27: D3D12 # 0 inputs[llama] 
## SPLIT #29: D3D12 # 0 inputs[llama] 
## SPLIT #31: D3D12 # 0 inputs[llama] 
## SPLIT #33: D3D12 # 0 inputs[llama] 
## SPLIT #35: D3D12 # 0 inputs[llama] 
## SPLIT #37: D3D12 # 0 inputs[llama] 
## SPLIT #39: D3D12 # 0 inputs[llama] 
## SPLIT #41: D3D12 # 0 inputs[llama] 
## SPLIT #43: D3D12 # 0 inputs[llama] 
## SPLIT #45: D3D12 # 0 inputs[llama] 
## SPLIT #47: D3D12 # 0 inputs[llama] 
## SPLIT #49: D3D12 # 0 inputs[llama] 
## SPLIT #51: D3D12 # 0 inputs[llama] 
## SPLIT #53: D3D12 # 0 inputs[llama] 
## SPLIT #55: D3D12 # 0 inputs[llama] 
## SPLIT #57: D3D12 # 0 inputs[llama] 
## SPLIT #59: D3D12 # 0 inputs[llama] 
## SPLIT #61: D3D12 # 0 inputs[llama] 
## SPLIT #63: D3D12 # 0 inputs[llama] 
## SPLIT #65: D3D12 # 0 inputs[llama] 
## SPLIT #67: D3D12 # 0 inputs[llama] 
## SPLIT #69: D3D12 # 0 inputs[llama] 
## SPLIT #71: D3D12 # 0 inputs[llama] 
## SPLIT #73: D3D12 # 0 inputs[llama] 
## SPLIT #75: D3D12 # 0 inputs[llama] 
## SPLIT #77: D3D12 # 0 inputs[llama] 
## SPLIT #79: D3D12 # 0 inputs[llama] 
## SPLIT #81: D3D12 # 0 inputs[llama] 
## SPLIT #83: D3D12 # 0 inputs[llama] 
## SPLIT #85: D3D12 # 0 inputs[llama] 
## SPLIT #87: D3D12 # 0 inputs[llama] 
## SPLIT #89: D3D12 # 0 inputs[llama] 
## SPLIT #91: D3D12 # 0 inputs[llama] 
## SPLIT #93: D3D12 # 0 inputs[llama] 
## SPLIT #95: D3D12 # 0 inputs[llama] 
## SPLIT #97: D3D12 # 0 inputs[llama] 
## SPLIT #99: D3D12 # 0 inputs[llama] 
## SPLIT #101: D3D12 # 0 inputs[llama] 
## SPLIT #103: D3D12 # 0 inputs[llama] 
## SPLIT #105: D3D12 # 0 inputs[llama] 
## SPLIT #107: D3D12 # 0 inputs[llama] 
## SPLIT #109: D3D12 # 0 inputs[llama] 
## SPLIT #111: D3D12 # 0 inputs[llama] 
## SPLIT #113: D3D12 # 0 inputs[llama] 
## SPLIT #115: D3D12 # 0 inputs[llama] 
## SPLIT #117: D3D12 # 0 inputs[llama] 
## SPLIT #119: D3D12 # 0 inputs[llama] 
## SPLIT #121: D3D12 # 0 inputs[llama] 
## SPLIT #123: D3D12 # 0 inputs[llama] 
## SPLIT #125: D3D12 # 0 inputs[llama] 
## SPLIT #127: D3D12 # 0 inputs[llama] 
## SPLIT #129: D3D12 # 0 inputs[llama] 
## SPLIT #131: D3D12 # 0 inputs[llama] 
## SPLIT #133: D3D12 # 0 inputs[llama] 
## SPLIT #135: D3D12 # 0 inputs[llama] 
## SPLIT #137: D3D12 # 0 inputs[llama] 
## SPLIT #139: D3D12 # 0 inputs[llama] 
## SPLIT #141: D3D12 # 0 inputs[llama] 
## SPLIT #143: D3D12 # 0 inputs[llama] 
## SPLIT #145: D3D12 # 0 inputs[llama] 
## SPLIT #147: D3D12 # 0 inputs[llama] 
## SPLIT #149: D3D12 # 0 inputs[llama] 
## SPLIT #151: D3D12 # 0 inputs[llama] 
## SPLIT #153: D3D12 # 0 inputs[llama] 
## SPLIT #155: D3D12 # 0 inputs[llama] 
## SPLIT #157: D3D12 # 0 inputs[llama] 
## SPLIT #159: D3D12 # 0 inputs[llama] 
## SPLIT #161: D3D12 # 0 inputs[llama] 
## SPLIT #163: D3D12 # 0 inputs[llama] 
## SPLIT #165: D3D12 # 0 inputs[llama] 
## SPLIT #167: D3D12 # 0 inputs[llama] 
## SPLIT #169: D3D12 # 0 inputs[llama] 
## SPLIT #171: D3D12 # 0 inputs[llama] 
## SPLIT #173: D3D12 # 0 inputs[llama] 
## SPLIT #175: D3D12 # 0 inputs[llama] 
## SPLIT #177: D3D12 # 0 inputs[llama] 
## SPLIT #179: D3D12 # 0 inputs[llama] 
## SPLIT #181: D3D12 # 0 inputs[llama] 
## SPLIT #183: D3D12 # 0 inputs[llama] 
## SPLIT #185: D3D12 # 0 inputs[llama] 
## SPLIT #187: D3D12 # 0 inputs[llama] 
## SPLIT #189: D3D12 # 0 inputs[llama] 
## SPLIT #191: D3D12 # 0 inputs[llama] 
## SPLIT #193: D3D12 # 0 inputs[llama] 
## SPLIT #195: D3D12 # 0 inputs[llama] 
## SPLIT #197: D3D12 # 0 inputs[llama] 
## SPLIT #199: D3D12 # 0 inputs[llama] 
## SPLIT #201: D3D12 # 0 inputs[llama] 
## SPLIT #203: D3D12 # 0 inputs[llama] 
## SPLIT #205: D3D12 # 0 inputs[llama] 
## SPLIT #207: D3D12 # 0 inputs[llama] 
## SPLIT #209: D3D12 # 0 inputs[llama] 
## SPLIT #211: D3D12 # 0 inputs[llama] 
## SPLIT #213: D3D12 # 0 inputs[llama] 
## SPLIT #215: D3D12 # 0 inputs[llama] 
## SPLIT #217: D3D12 # 0 inputs[llama] 
## SPLIT #219: D3D12 # 0 inputs[llama] 
## SPLIT #221: D3D12 # 0 inputs[llama] 
## SPLIT #223: D3D12 # 0 inputs[llama] 
## SPLIT #225: D3D12 # 0 inputs[llama] 
## SPLIT #227: D3D12 # 0 inputs[llama] 
## SPLIT #229: D3D12 # 0 inputs[llama] 
## SPLIT #231: D3D12 # 0 inputs[llama] 
## SPLIT #233: D3D12 # 0 inputs[llama] 
## SPLIT #235: D3D12 # 0 inputs[llama] 
## SPLIT #237: D3D12 # 0 inputs[llama] 
## SPLIT #239: D3D12 # 0 inputs[llama] 
## SPLIT #241: D3D12 # 0 inputs[llama] 
## SPLIT #243: D3D12 # 0 inputs[llama] 
## SPLIT #245: D3D12 # 0 inputs[llama] 
## SPLIT #247: D3D12 # 0 inputs[llama] 
## SPLIT #249: D3D12 # 0 inputs[llama] 
## SPLIT #251: D3D12 # 0 inputs[llama] 
## SPLIT #253: D3D12 # 0 inputs[llama] 
## SPLIT #255: D3D12 # 0 inputs[llama] 
## SPLIT #257: D3D12 # 0 inputs[llama] 
## SPLIT #259: D3D12 # 0 inputs[llama] 
## SPLIT #261: D3D12 # 0 inputs[llama] 
## SPLIT #1: D3D12 # 0 inputs[llama] 
## SPLIT #3: D3D12 # 0 inputs[llama] 
## SPLIT #5: D3D12 # 0 inputs[llama] 
## SPLIT #7: D3D12 # 0 inputs[llama] 
## SPLIT #9: D3D12 # 0 inputs[llama] 
## SPLIT #11: D3D12 # 0 inputs[llama] 
## SPLIT #13: D3D12 # 0 inputs[llama] 
## SPLIT #15: D3D12 # 0 inputs[llama] 
## SPLIT #17: D3D12 # 0 inputs[llama] 
## SPLIT #19: D3D12 # 0 inputs[llama] 
## SPLIT #21: D3D12 # 0 inputs[llama] 
## SPLIT #23: D3D12 # 0 inputs[llama] 
## SPLIT #25: D3D12 # 0 inputs[llama] 
## SPLIT #27: D3D12 # 0 inputs[llama] 
## SPLIT #29: D3D12 # 0 inputs[llama] 
## SPLIT #31: D3D12 # 0 inputs[llama] 
## SPLIT #33: D3D12 # 0 inputs[llama] 
## SPLIT #35: D3D12 # 0 inputs[llama] 
## SPLIT #37: D3D12 # 0 inputs[llama] 
## SPLIT #39: D3D12 # 0 inputs[llama] 
## SPLIT #41: D3D12 # 0 inputs[llama] 
## SPLIT #43: D3D12 # 0 inputs[llama] 
## SPLIT #45: D3D12 # 0 inputs[llama] 
## SPLIT #47: D3D12 # 0 inputs[llama] 
## SPLIT #49: D3D12 # 0 inputs[llama] 
## SPLIT #51: D3D12 # 0 inputs[llama] 
## SPLIT #53: D3D12 # 0 inputs[llama] 
## SPLIT #55: D3D12 # 0 inputs[llama] 
## SPLIT #57: D3D12 # 0 inputs[llama] 
## SPLIT #59: D3D12 # 0 inputs[llama] 
## SPLIT #61: D3D12 # 0 inputs[llama] 
## SPLIT #63: D3D12 # 0 inputs[llama] 
## SPLIT #65: D3D12 # 0 inputs[llama] 
## SPLIT #67: D3D12 # 0 inputs[llama] 
## SPLIT #69: D3D12 # 0 inputs[llama] 
## SPLIT #71: D3D12 # 0 inputs[llama] 
## SPLIT #73: D3D12 # 0 inputs[llama] 
## SPLIT #75: D3D12 # 0 inputs[llama] 
## SPLIT #77: D3D12 # 0 inputs[llama] 
## SPLIT #79: D3D12 # 0 inputs[llama] 
## SPLIT #81: D3D12 # 0 inputs[llama] 
## SPLIT #83: D3D12 # 0 inputs[llama] 
## SPLIT #85: D3D12 # 0 inputs[llama] 
## SPLIT #87: D3D12 # 0 inputs[llama] 
## SPLIT #89: D3D12 # 0 inputs[llama] 
## SPLIT #91: D3D12 # 0 inputs[llama] 
## SPLIT #93: D3D12 # 0 inputs[llama] 
## SPLIT #95: D3D12 # 0 inputs[llama] 
## SPLIT #97: D3D12 # 0 inputs[llama] 
## SPLIT #99: D3D12 # 0 inputs[llama] 
## SPLIT #101: D3D12 # 0 inputs[llama] 
## SPLIT #103: D3D12 # 0 inputs[llama] 
## SPLIT #105: D3D12 # 0 inputs[llama] 
## SPLIT #107: D3D12 # 0 inputs[llama] 
## SPLIT #109: D3D12 # 0 inputs[llama] 
## SPLIT #111: D3D12 # 0 inputs[llama] 
## SPLIT #113: D3D12 # 0 inputs[llama] 
## SPLIT #115: D3D12 # 0 inputs[llama] 
## SPLIT #117: D3D12 # 0 inputs[llama] 
## SPLIT #119: D3D12 # 0 inputs[llama] 
## SPLIT #121: D3D12 # 0 inputs[llama] 
## SPLIT #123: D3D12 # 0 inputs[llama] 
## SPLIT #125: D3D12 # 0 inputs[llama] 
## SPLIT #127: D3D12 # 0 inputs[llama] 
## SPLIT #129: D3D12 # 0 inputs[llama] 
## SPLIT #131: D3D12 # 0 inputs[llama] 
## SPLIT #133: D3D12 # 0 inputs[llama] 
## SPLIT #135: D3D12 # 0 inputs[llama] 
## SPLIT #137: D3D12 # 0 inputs[llama] 
## SPLIT #139: D3D12 # 0 inputs[llama] 
## SPLIT #141: D3D12 # 0 inputs[llama] 
## SPLIT #143: D3D12 # 0 inputs[llama] 
## SPLIT #145: D3D12 # 0 inputs[llama] 
## SPLIT #147: D3D12 # 0 inputs[llama] 
## SPLIT #149: D3D12 # 0 inputs[llama] 
## SPLIT #151: D3D12 # 0 inputs[llama] 
## SPLIT #153: D3D12 # 0 inputs[llama] 
## SPLIT #155: D3D12 # 0 inputs[llama] 
## SPLIT #157: D3D12 # 0 inputs[llama] 
## SPLIT #159: D3D12 # 0 inputs[llama] 
## SPLIT #161: D3D12 # 0 inputs[llama] 
## SPLIT #163: D3D12 # 0 inputs[llama] 
## SPLIT #165: D3D12 # 0 inputs[llama] 
## SPLIT #167: D3D12 # 0 inputs[llama] 
## SPLIT #169: D3D12 # 0 inputs[llama] 
## SPLIT #171: D3D12 # 0 inputs[llama] 
## SPLIT #173: D3D12 # 0 inputs[llama] 
## SPLIT #175: D3D12 # 0 inputs[llama] 
## SPLIT #177: D3D12 # 0 inputs[llama] 
## SPLIT #179: D3D12 # 0 inputs[llama] 
## SPLIT #181: D3D12 # 0 inputs[llama] 
## SPLIT #183: D3D12 # 0 inputs[llama] 
## SPLIT #185: D3D12 # 0 inputs[llama] 
## SPLIT #187: D3D12 # 0 inputs[llama] 
## SPLIT #189: D3D12 # 0 inputs[llama] 
## SPLIT #191: D3D12 # 0 inputs[llama] 
## SPLIT #193: D3D12 # 0 inputs[llama] 
## SPLIT #195: D3D12 # 0 inputs[llama] 
## SPLIT #197: D3D12 # 0 inputs[llama] 
## SPLIT #199: D3D12 # 0 inputs[llama] 
## SPLIT #201: D3D12 # 0 inputs[llama] 
## SPLIT #203: D3D12 # 0 inputs[llama] 
## SPLIT #205: D3D12 # 0 inputs[llama] 
## SPLIT #207: D3D12 # 0 inputs[llama] 
## SPLIT #209: D3D12 # 0 inputs[llama] 
## SPLIT #211: D3D12 # 0 inputs[llama] 
## SPLIT #213: D3D12 # 0 inputs[llama] 
## SPLIT #215: D3D12 # 0 inputs[llama] 
## SPLIT #217: D3D12 # 0 inputs[llama] 
## SPLIT #219: D3D12 # 0 inputs[llama] 
## SPLIT #221: D3D12 # 0 inputs[llama] 
## SPLIT #223: D3D12 # 0 inputs[llama] 
## SPLIT #225: D3D12 # 0 inputs[llama] 
## SPLIT #227: D3D12 # 0 inputs[llama] 
## SPLIT #229: D3D12 # 0 inputs[llama] 
## SPLIT #231: D3D12 # 0 inputs[llama] 
## SPLIT #233: D3D12 # 0 inputs[llama] 
## SPLIT #235: D3D12 # 0 inputs[llama] 
## SPLIT #237: D3D12 # 0 inputs[llama] 
## SPLIT #239: D3D12 # 0 inputs[llama] 
## SPLIT #241: D3D12 # 0 inputs[llama] 
## SPLIT #243: D3D12 # 0 inputs[llama] 
## SPLIT #245: D3D12 # 0 inputs[llama] 
## SPLIT #247: D3D12 # 0 inputs[llama] 
## SPLIT #249: D3D12 # 0 inputs[llama] 
## SPLIT #251: D3D12 # 0 inputs[llama] 
## SPLIT #253: D3D12 # 0 inputs[llama] 
## SPLIT #255: D3D12 # 0 inputs[llama] 
## SPLIT #257: D3D12 # 0 inputs[llama] 
## SPLIT #259: D3D12 # 0 inputs[llama] 
## SPLIT #261: D3D12 # 0 inputs[llama] 
## SPLIT #1: D3D12 # 0 inputs[llama] 
## SPLIT #3: D3D12 # 0 inputs[llama] 
## SPLIT #5: D3D12 # 0 inputs[llama] 
## SPLIT #7: D3D12 # 0 inputs[llama] 
## SPLIT #9: D3D12 # 0 inputs[llama] 
## SPLIT #11: D3D12 # 0 inputs[llama] 
## SPLIT #1: D3D12 # 0 inputs[llama] 
## SPLIT #3: D3D12 # 0 inputs[llama] 
## SPLIT #5: D3D12 # 0 inputs[llama] 
## SPLIT #7: D3D12 # 0 inputs[llama] 
## SPLIT #9: D3D12 # 0 inputs[llama] 
## SPLIT #11: D3D12 # 0 inputs[llama] 
## SPLIT #1: D3D12 # 0 inputs[llama] 
## SPLIT #3: D3D12 # 0 inputs[llama] 
## SPLIT #5: D3D12 # 0 inputs[llama] 
## SPLIT #7: D3D12 # 0 inputs[llama] 
## SPLIT #9: D3D12 # 0 inputs[llama] 
## SPLIT #11: D3D12 # 0 inputs[llama] 
## SPLIT #13: D3D12 # 0 inputs[llama] 
## SPLIT #15: D3D12 # 0 inputs[llama] 
## SPLIT #17: D3D12 # 0 inputs[llama] 
## SPLIT #19: D3D12 # 0 inputs[llama] 
## SPLIT #21: D3D12 # 0 inputs[llama] 
## SPLIT #23: D3D12 # 0 inputs[llama] 
## SPLIT #25: D3D12 # 0 inputs[llama] 
## SPLIT #27: D3D12 # 0 inputs[llama] 
## SPLIT #29: D3D12 # 0 inputs[llama] 
## SPLIT #31: D3D12 # 0 inputs[llama] 
## SPLIT #33: D3D12 # 0 inputs[llama] 
## SPLIT #35: D3D12 # 0 inputs[llama] 
## SPLIT #37: D3D12 # 0 inputs[llama] 
## SPLIT #39: D3D12 # 0 inputs[llama] 
## SPLIT #41: D3D12 # 0 inputs[llama] 
## SPLIT #43: D3D12 # 0 inputs[llama] 
## SPLIT #45: D3D12 # 0 inputs[llama] 
## SPLIT #47: D3D12 # 0 inputs[llama] 
## SPLIT #49: D3D12 # 0 inputs[llama] 
## SPLIT #51: D3D12 # 0 inputs[llama] 
## SPLIT #53: D3D12 # 0 inputs[llama] 
## SPLIT #55: D3D12 # 0 inputs[llama] 
## SPLIT #57: D3D12 # 0 inputs[llama] 
## SPLIT #59: D3D12 # 0 inputs[llama] 
## SPLIT #61: D3D12 # 0 inputs[llama] 
## SPLIT #63: D3D12 # 0 inputs[llama] 
## SPLIT #65: D3D12 # 0 inputs[llama] 
## SPLIT #67: D3D12 # 0 inputs[llama] 
## SPLIT #69: D3D12 # 0 inputs[llama] 
## SPLIT #71: D3D12 # 0 inputs[llama] 
## SPLIT #73: D3D12 # 0 inputs[llama] 
## SPLIT #75: D3D12 # 0 inputs[llama] 
## SPLIT #77: D3D12 # 0 inputs[llama] 
## SPLIT #79: D3D12 # 0 inputs[llama] 
## SPLIT #81: D3D12 # 0 inputs[llama] 
## SPLIT #83: D3D12 # 0 inputs[llama] 
## SPLIT #85: D3D12 # 0 inputs[llama] 
## SPLIT #87: D3D12 # 0 inputs[llama] 
## SPLIT #89: D3D12 # 0 inputs[llama] 
## SPLIT #91: D3D12 # 0 inputs[llama] 
## SPLIT #93: D3D12 # 0 inputs[llama] 
## SPLIT #95: D3D12 # 0 inputs[llama] 
## SPLIT #97: D3D12 # 0 inputs[llama] 
## SPLIT #99: D3D12 # 0 inputs[llama] 
## SPLIT #101: D3D12 # 0 inputs[llama] 
## SPLIT #103: D3D12 # 0 inputs[llama] 
## SPLIT #105: D3D12 # 0 inputs[llama] 
## SPLIT #107: D3D12 # 0 inputs[llama] 
## SPLIT #109: D3D12 # 0 inputs[llama] 
## SPLIT #111: D3D12 # 0 inputs[llama] 
## SPLIT #113: D3D12 # 0 inputs[llama] 
## SPLIT #115: D3D12 # 0 inputs[llama] 
## SPLIT #117: D3D12 # 0 inputs[llama] 
## SPLIT #119: D3D12 # 0 inputs[llama] 
## SPLIT #121: D3D12 # 0 inputs[llama] 
## SPLIT #123: D3D12 # 0 inputs[llama] 
## SPLIT #125: D3D12 # 0 inputs[llama] 
## SPLIT #127: D3D12 # 0 inputs[llama] 
## SPLIT #129: D3D12 # 0 inputs[llama] 
## SPLIT #131: D3D12 # 0 inputs[llama] 
## SPLIT #133: D3D12 # 0 inputs[llama] 
## SPLIT #135: D3D12 # 0 inputs[llama] 
## SPLIT #137: D3D12 # 0 inputs[llama] 
## SPLIT #139: D3D12 # 0 inputs[llama] 
## SPLIT #141: D3D12 # 0 inputs[llama] 
## SPLIT #143: D3D12 # 0 inputs[llama] 
## SPLIT #145: D3D12 # 0 inputs[llama] 
## SPLIT #147: D3D12 # 0 inputs[llama] 
## SPLIT #149: D3D12 # 0 inputs[llama] 
## SPLIT #151: D3D12 # 0 inputs[llama] 
## SPLIT #153: D3D12 # 0 inputs[llama] 
## SPLIT #155: D3D12 # 0 inputs[llama] 
## SPLIT #157: D3D12 # 0 inputs[llama] 
## SPLIT #159: D3D12 # 0 inputs[llama] 
## SPLIT #161: D3D12 # 0 inputs[llama] 
## SPLIT #163: D3D12 # 0 inputs[llama] 
## SPLIT #165: D3D12 # 0 inputs[llama] 
## SPLIT #167: D3D12 # 0 inputs[llama] 
## SPLIT #169: D3D12 # 0 inputs[llama] 
## SPLIT #171: D3D12 # 0 inputs[llama] 
## SPLIT #173: D3D12 # 0 inputs[llama] 
## SPLIT #175: D3D12 # 0 inputs[llama] 
## SPLIT #177: D3D12 # 0 inputs[llama] 
## SPLIT #179: D3D12 # 0 inputs[llama] 
## SPLIT #181: D3D12 # 0 inputs[llama] 
## SPLIT #183: D3D12 # 0 inputs[llama] 
## SPLIT #185: D3D12 # 0 inputs[llama] 
## SPLIT #187: D3D12 # 0 inputs[llama] 
## SPLIT #189: D3D12 # 0 inputs[llama] 
## SPLIT #191: D3D12 # 0 inputs[llama] 
## SPLIT #193: D3D12 # 0 inputs[llama] 
## SPLIT #195: D3D12 # 0 inputs[llama] 
## SPLIT #197: D3D12 # 0 inputs[llama] 
## SPLIT #199: D3D12 # 0 inputs[llama] 
## SPLIT #201: D3D12 # 0 inputs[llama] 
## SPLIT #203: D3D12 # 0 inputs[llama] 
## SPLIT #205: D3D12 # 0 inputs[llama] 
## SPLIT #207: D3D12 # 0 inputs[llama] 
## SPLIT #209: D3D12 # 0 inputs[llama] 
## SPLIT #211: D3D12 # 0 inputs[llama] 
## SPLIT #213: D3D12 # 0 inputs[llama] 
## SPLIT #215: D3D12 # 0 inputs[llama] 
## SPLIT #217: D3D12 # 0 inputs[llama] 
## SPLIT #219: D3D12 # 0 inputs[llama] 
## SPLIT #221: D3D12 # 0 inputs[llama] 
## SPLIT #223: D3D12 # 0 inputs[llama] 
## SPLIT #225: D3D12 # 0 inputs[llama] 
## SPLIT #227: D3D12 # 0 inputs[llama] 
## SPLIT #229: D3D12 # 0 inputs[llama] 
## SPLIT #231: D3D12 # 0 inputs[llama] 
## SPLIT #233: D3D12 # 0 inputs[llama] 
## SPLIT #235: D3D12 # 0 inputs[llama] 
## SPLIT #237: D3D12 # 0 inputs[llama] 
## SPLIT #239: D3D12 # 0 inputs[llama] 
## SPLIT #241: D3D12 # 0 inputs[llama] 
## SPLIT #243: D3D12 # 0 inputs[llama] 
## SPLIT #245: D3D12 # 0 inputs[llama] 
## SPLIT #247: D3D12 # 0 inputs[llama] 
## SPLIT #249: D3D12 # 0 inputs[llama] 
## SPLIT #251: D3D12 # 0 inputs[llama] 
## SPLIT #253: D3D12 # 0 inputs[llama] 
## SPLIT #255: D3D12 # 0 inputs[llama] 
## SPLIT #257: D3D12 # 0 inputs[llama] 
## SPLIT #259: D3D12 # 0 inputs[llama] 
## SPLIT #261: D3D12 # 0 inputs[llama] 
## SPLIT #1: D3D12 # 0 inputs[llama] 
## SPLIT #3: D3D12 # 0 inputs[llama] 
## SPLIT #5: D3D12 # 0 inputs[llama] 
## SPLIT #7: D3D12 # 0 inputs[llama] 
## SPLIT #9: D3D12 # 0 inputs[llama] 
## SPLIT #11: D3D12 # 0 inputs[llama] 
## SPLIT #13: D3D12 # 0 inputs[llama] 
## SPLIT #15: D3D12 # 0 inputs[llama] 
## SPLIT #17: D3D12 # 0 inputs[llama] 
## SPLIT #19: D3D12 # 0 inputs[llama] 
## SPLIT #21: D3D12 # 0 inputs[llama] 
## SPLIT #23: D3D12 # 0 inputs[llama] 
## SPLIT #25: D3D12 # 0 inputs[llama] 
## SPLIT #27: D3D12 # 0 inputs[llama] 
## SPLIT #29: D3D12 # 0 inputs[llama] 
## SPLIT #31: D3D12 # 0 inputs[llama] 
## SPLIT #33: D3D12 # 0 inputs[llama] 
## SPLIT #35: D3D12 # 0 inputs[llama] 
## SPLIT #37: D3D12 # 0 inputs[llama] 
## SPLIT #39: D3D12 # 0 inputs[llama] 
## SPLIT #41: D3D12 # 0 inputs[llama] 
## SPLIT #43: D3D12 # 0 inputs[llama] 
## SPLIT #45: D3D12 # 0 inputs[llama] 
## SPLIT #47: D3D12 # 0 inputs[llama] 
## SPLIT #49: D3D12 # 0 inputs[llama] 
## SPLIT #51: D3D12 # 0 inputs[llama] 
## SPLIT #53: D3D12 # 0 inputs[llama] 
## SPLIT #55: D3D12 # 0 inputs[llama] 
## SPLIT #57: D3D12 # 0 inputs[llama] 
## SPLIT #59: D3D12 # 0 inputs[llama] 
## SPLIT #61: D3D12 # 0 inputs[llama] 
## SPLIT #63: D3D12 # 0 inputs[llama] 
## SPLIT #65: D3D12 # 0 inputs[llama] 
## SPLIT #67: D3D12 # 0 inputs[llama] 
## SPLIT #69: D3D12 # 0 inputs[llama] 
## SPLIT #71: D3D12 # 0 inputs[llama] 
## SPLIT #73: D3D12 # 0 inputs[llama] 
## SPLIT #75: D3D12 # 0 inputs[llama] 
## SPLIT #77: D3D12 # 0 inputs[llama] 
## SPLIT #79: D3D12 # 0 inputs[llama] 
## SPLIT #81: D3D12 # 0 inputs[llama] 
## SPLIT #83: D3D12 # 0 inputs[llama] 
## SPLIT #85: D3D12 # 0 inputs[llama] 
## SPLIT #87: D3D12 # 0 inputs[llama] 
## SPLIT #89: D3D12 # 0 inputs[llama] 
## SPLIT #91: D3D12 # 0 inputs[llama] 
## SPLIT #93: D3D12 # 0 inputs[llama] 
## SPLIT #95: D3D12 # 0 inputs[llama] 
## SPLIT #97: D3D12 # 0 inputs[llama] 
## SPLIT #99: D3D12 # 0 inputs[llama] 
## SPLIT #101: D3D12 # 0 inputs[llama] 
## SPLIT #103: D3D12 # 0 inputs[llama] 
## SPLIT #105: D3D12 # 0 inputs[llama] 
## SPLIT #107: D3D12 # 0 inputs[llama] 
## SPLIT #109: D3D12 # 0 inputs[llama] 
## SPLIT #111: D3D12 # 0 inputs[llama] 
## SPLIT #113: D3D12 # 0 inputs[llama] 
## SPLIT #115: D3D12 # 0 inputs[llama] 
## SPLIT #117: D3D12 # 0 inputs[llama] 
## SPLIT #119: D3D12 # 0 inputs[llama] 
## SPLIT #121: D3D12 # 0 inputs[llama] 
## SPLIT #123: D3D12 # 0 inputs[llama] 
## SPLIT #125: D3D12 # 0 inputs[llama] 
## SPLIT #127: D3D12 # 0 inputs[llama] 
## SPLIT #129: D3D12 # 0 inputs[llama] 
## SPLIT #131: D3D12 # 0 inputs[llama] 
## SPLIT #133: D3D12 # 0 inputs[llama] 
## SPLIT #135: D3D12 # 0 inputs[llama] 
## SPLIT #137: D3D12 # 0 inputs[llama] 
## SPLIT #139: D3D12 # 0 inputs[llama] 
## SPLIT #141: D3D12 # 0 inputs[llama] 
## SPLIT #143: D3D12 # 0 inputs[llama] 
## SPLIT #145: D3D12 # 0 inputs[llama] 
## SPLIT #147: D3D12 # 0 inputs[llama] 
## SPLIT #149: D3D12 # 0 inputs[llama] 
## SPLIT #151: D3D12 # 0 inputs[llama] 
## SPLIT #153: D3D12 # 0 inputs[llama] 
## SPLIT #155: D3D12 # 0 inputs[llama] 
## SPLIT #157: D3D12 # 0 inputs[llama] 
## SPLIT #159: D3D12 # 0 inputs[llama] 
## SPLIT #161: D3D12 # 0 inputs[llama] 
## SPLIT #163: D3D12 # 0 inputs[llama] 
## SPLIT #165: D3D12 # 0 inputs[llama] 
## SPLIT #167: D3D12 # 0 inputs[llama] 
## SPLIT #169: D3D12 # 0 inputs[llama] 
## SPLIT #171: D3D12 # 0 inputs[llama] 
## SPLIT #173: D3D12 # 0 inputs[llama] 
## SPLIT #175: D3D12 # 0 inputs[llama] 
## SPLIT #177: D3D12 # 0 inputs[llama] 
## SPLIT #179: D3D12 # 0 inputs[llama] 
## SPLIT #181: D3D12 # 0 inputs[llama] 
## SPLIT #183: D3D12 # 0 inputs[llama] 
## SPLIT #185: D3D12 # 0 inputs[llama] 
## SPLIT #187: D3D12 # 0 inputs[llama] 
## SPLIT #189: D3D12 # 0 inputs[llama] 
## SPLIT #191: D3D12 # 0 inputs[llama] 
## SPLIT #193: D3D12 # 0 inputs[llama] 
## SPLIT #195: D3D12 # 0 inputs[llama] 
## SPLIT #197: D3D12 # 0 inputs[llama] 
## SPLIT #199: D3D12 # 0 inputs[llama] 
## SPLIT #201: D3D12 # 0 inputs[llama] 
## SPLIT #203: D3D12 # 0 inputs[llama] 
## SPLIT #205: D3D12 # 0 inputs[llama] 
## SPLIT #207: D3D12 # 0 inputs[llama] 
## SPLIT #209: D3D12 # 0 inputs[llama] 
## SPLIT #211: D3D12 # 0 inputs[llama] 
## SPLIT #213: D3D12 # 0 inputs[llama] 
## SPLIT #215: D3D12 # 0 inputs[llama] 
## SPLIT #217: D3D12 # 0 inputs[llama] 
## SPLIT #219: D3D12 # 0 inputs[llama] 
## SPLIT #221: D3D12 # 0 inputs[llama] 
## SPLIT #223: D3D12 # 0 inputs[llama] 
## SPLIT #225: D3D12 # 0 inputs[llama] 
## SPLIT #227: D3D12 # 0 inputs[llama] 
## SPLIT #229: D3D12 # 0 inputs[llama] 
## SPLIT #231: D3D12 # 0 inputs[llama] 
## SPLIT #233: D3D12 # 0 inputs[llama] 
## SPLIT #235: D3D12 # 0 inputs[llama] 
## SPLIT #237: D3D12 # 0 inputs[llama] 
## SPLIT #239: D3D12 # 0 inputs[llama] 
## SPLIT #241: D3D12 # 0 inputs[llama] 
## SPLIT #243: D3D12 # 0 inputs[llama] 
## SPLIT #245: D3D12 # 0 inputs[llama] 
## SPLIT #247: D3D12 # 0 inputs[llama] 
## SPLIT #249: D3D12 # 0 inputs[llama] 
## SPLIT #251: D3D12 # 0 inputs[llama] 
## SPLIT #253: D3D12 # 0 inputs[llama] 
## SPLIT #255: D3D12 # 0 inputs[llama] 
## SPLIT #257: D3D12 # 0 inputs[llama] 
## SPLIT #259: D3D12 # 0 inputs[llama] 
## SPLIT #261: D3D12 # 0 inputs[llama] 
## SPLIT #1: D3D12 # 0 inputs[llama] 
## SPLIT #3: D3D12 # 0 inputs[llama] 
## SPLIT #5: D3D12 # 0 inputs[llama] 
## SPLIT #7: D3D12 # 0 inputs[llama] 
## SPLIT #9: D3D12 # 0 inputs[llama] 
## SPLIT #11: D3D12 # 0 inputs[llama] 
## SPLIT #1: D3D12 # 0 inputs[llama] 
## SPLIT #3: D3D12 # 0 inputs[llama] 
## SPLIT #5: D3D12 # 0 inputs[llama] 
## SPLIT #7: D3D12 # 0 inputs[llama] 
## SPLIT #9: D3D12 # 0 inputs[llama] 
## SPLIT #11: D3D12 # 0 inputs[llama] 
## SPLIT #1: D3D12 # 0 inputs[llama] 
## SPLIT #3: D3D12 # 0 inputs[llama] 
## SPLIT #5: D3D12 # 0 inputs[llama] 
## SPLIT #7: D3D12 # 0 inputs[llama] 
## SPLIT #9: D3D12 # 0 inputs[llama] 
## SPLIT #11: D3D12 # 0 inputs[llama] 
## SPLIT #13: D3D12 # 0 inputs[llama] 
## SPLIT #15: D3D12 # 0 inputs[llama] 
## SPLIT #17: D3D12 # 0 inputs[llama] 
## SPLIT #19: D3D12 # 0 inputs[llama] 
## SPLIT #21: D3D12 # 0 inputs[llama] 
## SPLIT #23: D3D12 # 0 inputs[llama] 
## SPLIT #25: D3D12 # 0 inputs[llama] 
## SPLIT #27: D3D12 # 0 inputs[llama] 
## SPLIT #29: D3D12 # 0 inputs[llama] 
## SPLIT #31: D3D12 # 0 inputs[llama] 
## SPLIT #33: D3D12 # 0 inputs[llama] 
## SPLIT #35: D3D12 # 0 inputs[llama] 
## SPLIT #37: D3D12 # 0 inputs[llama] 
## SPLIT #39: D3D12 # 0 inputs[llama] 
## SPLIT #41: D3D12 # 0 inputs[llama] 
## SPLIT #43: D3D12 # 0 inputs[llama] 
## SPLIT #45: D3D12 # 0 inputs[llama] 
## SPLIT #47: D3D12 # 0 inputs[llama] 
## SPLIT #49: D3D12 # 0 inputs[llama] 
## SPLIT #51: D3D12 # 0 inputs[llama] 
## SPLIT #53: D3D12 # 0 inputs[llama] 
## SPLIT #55: D3D12 # 0 inputs[llama] 
## SPLIT #57: D3D12 # 0 inputs[llama] 
## SPLIT #59: D3D12 # 0 inputs[llama] 
## SPLIT #61: D3D12 # 0 inputs[llama] 
## SPLIT #63: D3D12 # 0 inputs[llama] 
## SPLIT #65: D3D12 # 0 inputs[llama] 
## SPLIT #67: D3D12 # 0 inputs[llama] 
## SPLIT #69: D3D12 # 0 inputs[llama] 
## SPLIT #71: D3D12 # 0 inputs[llama] 
## SPLIT #73: D3D12 # 0 inputs[llama] 
## SPLIT #75: D3D12 # 0 inputs[llama] 
## SPLIT #77: D3D12 # 0 inputs[llama] 
## SPLIT #79: D3D12 # 0 inputs[llama] 
## SPLIT #81: D3D12 # 0 inputs[llama] 
## SPLIT #83: D3D12 # 0 inputs[llama] 
## SPLIT #85: D3D12 # 0 inputs[llama] 
## SPLIT #87: D3D12 # 0 inputs[llama] 
## SPLIT #89: D3D12 # 0 inputs[llama] 
## SPLIT #91: D3D12 # 0 inputs[llama] 
## SPLIT #93: D3D12 # 0 inputs[llama] 
## SPLIT #95: D3D12 # 0 inputs[llama] 
## SPLIT #97: D3D12 # 0 inputs[llama] 
## SPLIT #99: D3D12 # 0 inputs[llama] 
## SPLIT #101: D3D12 # 0 inputs[llama] 
## SPLIT #103: D3D12 # 0 inputs[llama] 
## SPLIT #105: D3D12 # 0 inputs[llama] 
## SPLIT #107: D3D12 # 0 inputs[llama] 
## SPLIT #109: D3D12 # 0 inputs[llama] 
## SPLIT #111: D3D12 # 0 inputs[llama] 
## SPLIT #113: D3D12 # 0 inputs[llama] 
## SPLIT #115: D3D12 # 0 inputs[llama] 
## SPLIT #117: D3D12 # 0 inputs[llama] 
## SPLIT #119: D3D12 # 0 inputs[llama] 
## SPLIT #121: D3D12 # 0 inputs[llama] 
## SPLIT #123: D3D12 # 0 inputs[llama] 
## SPLIT #125: D3D12 # 0 inputs[llama] 
## SPLIT #127: D3D12 # 0 inputs[llama] 
## SPLIT #129: D3D12 # 0 inputs[llama] 
## SPLIT #131: D3D12 # 0 inputs[llama] 
## SPLIT #133: D3D12 # 0 inputs[llama] 
## SPLIT #135: D3D12 # 0 inputs[llama] 
## SPLIT #137: D3D12 # 0 inputs[llama] 
## SPLIT #139: D3D12 # 0 inputs[llama] 
## SPLIT #141: D3D12 # 0 inputs[llama] 
## SPLIT #143: D3D12 # 0 inputs[llama] 
## SPLIT #145: D3D12 # 0 inputs[llama] 
## SPLIT #147: D3D12 # 0 inputs[llama] 
## SPLIT #149: D3D12 # 0 inputs[llama] 
## SPLIT #151: D3D12 # 0 inputs[llama] 
## SPLIT #153: D3D12 # 0 inputs[llama] 
## SPLIT #155: D3D12 # 0 inputs[llama] 
## SPLIT #157: D3D12 # 0 inputs[llama] 
## SPLIT #159: D3D12 # 0 inputs[llama] 
## SPLIT #161: D3D12 # 0 inputs[llama] 
## SPLIT #163: D3D12 # 0 inputs[llama] 
## SPLIT #165: D3D12 # 0 inputs[llama] 
## SPLIT #167: D3D12 # 0 inputs[llama] 
## SPLIT #169: D3D12 # 0 inputs[llama] 
## SPLIT #171: D3D12 # 0 inputs[llama] 
## SPLIT #173: D3D12 # 0 inputs[llama] 
## SPLIT #175: D3D12 # 0 inputs[llama] 
## SPLIT #177: D3D12 # 0 inputs[llama] 
## SPLIT #179: D3D12 # 0 inputs[llama] 
## SPLIT #181: D3D12 # 0 inputs[llama] 
## SPLIT #183: D3D12 # 0 inputs[llama] 
## SPLIT #185: D3D12 # 0 inputs[llama] 
## SPLIT #187: D3D12 # 0 inputs[llama] 
## SPLIT #189: D3D12 # 0 inputs[llama] 
## SPLIT #191: D3D12 # 0 inputs[llama] 
## SPLIT #193: D3D12 # 0 inputs[llama] 
## SPLIT #195: D3D12 # 0 inputs[llama] 
## SPLIT #197: D3D12 # 0 inputs[llama] 
## SPLIT #199: D3D12 # 0 inputs[llama] 
## SPLIT #201: D3D12 # 0 inputs[llama] 
## SPLIT #203: D3D12 # 0 inputs[llama] 
## SPLIT #205: D3D12 # 0 inputs[llama] 
## SPLIT #207: D3D12 # 0 inputs[llama] 
## SPLIT #209: D3D12 # 0 inputs[llama] 
## SPLIT #211: D3D12 # 0 inputs[llama] 
## SPLIT #213: D3D12 # 0 inputs[llama] 
## SPLIT #215: D3D12 # 0 inputs[llama] 
## SPLIT #217: D3D12 # 0 inputs[llama] 
## SPLIT #219: D3D12 # 0 inputs[llama] 
## SPLIT #221: D3D12 # 0 inputs[llama] 
## SPLIT #223: D3D12 # 0 inputs[llama] 
## SPLIT #225: D3D12 # 0 inputs[llama] 
## SPLIT #227: D3D12 # 0 inputs[llama] 
## SPLIT #229: D3D12 # 0 inputs[llama] 
## SPLIT #231: D3D12 # 0 inputs[llama] 
## SPLIT #233: D3D12 # 0 inputs[llama] 
## SPLIT #235: D3D12 # 0 inputs[llama] 
## SPLIT #237: D3D12 # 0 inputs[llama] 
## SPLIT #239: D3D12 # 0 inputs[llama] 
## SPLIT #241: D3D12 # 0 inputs[llama] 
## SPLIT #243: D3D12 # 0 inputs[llama] 
## SPLIT #245: D3D12 # 0 inputs[llama] 
## SPLIT #247: D3D12 # 0 inputs[llama] 
## SPLIT #249: D3D12 # 0 inputs[llama] 
## SPLIT #251: D3D12 # 0 inputs[llama] 
## SPLIT #253: D3D12 # 0 inputs[llama] 
## SPLIT #255: D3D12 # 0 inputs[llama] 
## SPLIT #257: D3D12 # 0 inputs[llama] 
## SPLIT #259: D3D12 # 0 inputs[llama] 
## SPLIT #261: D3D12 # 0 inputs[llama] 
## SPLIT #1: D3D12 # 0 inputs[llama] 
## SPLIT #3: D3D12 # 0 inputs[llama] 
## SPLIT #5: D3D12 # 0 inputs[llama] 
## SPLIT #7: D3D12 # 0 inputs[llama] 
## SPLIT #9: D3D12 # 0 inputs[llama] 
## SPLIT #11: D3D12 # 0 inputs[llama] 
## SPLIT #13: D3D12 # 0 inputs[llama] 
## SPLIT #15: D3D12 # 0 inputs[llama] 
## SPLIT #17: D3D12 # 0 inputs[llama] 
## SPLIT #19: D3D12 # 0 inputs[llama] 
## SPLIT #21: D3D12 # 0 inputs[llama] 
## SPLIT #23: D3D12 # 0 inputs[llama] 
## SPLIT #25: D3D12 # 0 inputs[llama] 
## SPLIT #27: D3D12 # 0 inputs[llama] 
## SPLIT #29: D3D12 # 0 inputs[llama] 
## SPLIT #31: D3D12 # 0 inputs[llama] 
## SPLIT #33: D3D12 # 0 inputs[llama] 
## SPLIT #35: D3D12 # 0 inputs[llama] 
## SPLIT #37: D3D12 # 0 inputs[llama] 
## SPLIT #39: D3D12 # 0 inputs[llama] 
## SPLIT #41: D3D12 # 0 inputs[llama] 
## SPLIT #43: D3D12 # 0 inputs[llama] 
## SPLIT #45: D3D12 # 0 inputs[llama] 
## SPLIT #47: D3D12 # 0 inputs[llama] 
## SPLIT #49: D3D12 # 0 inputs[llama] 
## SPLIT #51: D3D12 # 0 inputs[llama] 
## SPLIT #53: D3D12 # 0 inputs[llama] 
## SPLIT #55: D3D12 # 0 inputs[llama] 
## SPLIT #57: D3D12 # 0 inputs[llama] 
## SPLIT #59: D3D12 # 0 inputs[llama] 
## SPLIT #61: D3D12 # 0 inputs[llama] 
## SPLIT #63: D3D12 # 0 inputs[llama] 
## SPLIT #65: D3D12 # 0 inputs[llama] 
## SPLIT #67: D3D12 # 0 inputs[llama] 
## SPLIT #69: D3D12 # 0 inputs[llama] 
## SPLIT #71: D3D12 # 0 inputs[llama] 
## SPLIT #73: D3D12 # 0 inputs[llama] 
## SPLIT #75: D3D12 # 0 inputs[llama] 
## SPLIT #77: D3D12 # 0 inputs[llama] 
## SPLIT #79: D3D12 # 0 inputs[llama] 
## SPLIT #81: D3D12 # 0 inputs[llama] 
## SPLIT #83: D3D12 # 0 inputs[llama] 
## SPLIT #85: D3D12 # 0 inputs[llama] 
## SPLIT #87: D3D12 # 0 inputs[llama] 
## SPLIT #89: D3D12 # 0 inputs[llama] 
## SPLIT #91: D3D12 # 0 inputs[llama] 
## SPLIT #93: D3D12 # 0 inputs[llama] 
## SPLIT #95: D3D12 # 0 inputs[llama] 
## SPLIT #97: D3D12 # 0 inputs[llama] 
## SPLIT #99: D3D12 # 0 inputs[llama] 
## SPLIT #101: D3D12 # 0 inputs[llama] 
## SPLIT #103: D3D12 # 0 inputs[llama] 
## SPLIT #105: D3D12 # 0 inputs[llama] 
## SPLIT #107: D3D12 # 0 inputs[llama] 
## SPLIT #109: D3D12 # 0 inputs[llama] 
## SPLIT #111: D3D12 # 0 inputs[llama] 
## SPLIT #113: D3D12 # 0 inputs[llama] 
## SPLIT #115: D3D12 # 0 inputs[llama] 
## SPLIT #117: D3D12 # 0 inputs[llama] 
## SPLIT #119: D3D12 # 0 inputs[llama] 
## SPLIT #121: D3D12 # 0 inputs[llama] 
## SPLIT #123: D3D12 # 0 inputs[llama] 
## SPLIT #125: D3D12 # 0 inputs[llama] 
## SPLIT #127: D3D12 # 0 inputs[llama] 
## SPLIT #129: D3D12 # 0 inputs[llama] 
## SPLIT #131: D3D12 # 0 inputs[llama] 
## SPLIT #133: D3D12 # 0 inputs[llama] 
## SPLIT #135: D3D12 # 0 inputs[llama] 
## SPLIT #137: D3D12 # 0 inputs[llama] 
## SPLIT #139: D3D12 # 0 inputs[llama] 
## SPLIT #141: D3D12 # 0 inputs[llama] 
## SPLIT #143: D3D12 # 0 inputs[llama] 
## SPLIT #145: D3D12 # 0 inputs[llama] 
## SPLIT #147: D3D12 # 0 inputs[llama] 
## SPLIT #149: D3D12 # 0 inputs[llama] 
## SPLIT #151: D3D12 # 0 inputs[llama] 
## SPLIT #153: D3D12 # 0 inputs[llama] 
## SPLIT #155: D3D12 # 0 inputs[llama] 
## SPLIT #157: D3D12 # 0 inputs[llama] 
## SPLIT #159: D3D12 # 0 inputs[llama] 
## SPLIT #161: D3D12 # 0 inputs[llama] 
## SPLIT #163: D3D12 # 0 inputs[llama] 
## SPLIT #165: D3D12 # 0 inputs[llama] 
## SPLIT #167: D3D12 # 0 inputs[llama] 
## SPLIT #169: D3D12 # 0 inputs[llama] 
## SPLIT #171: D3D12 # 0 inputs[llama] 
## SPLIT #173: D3D12 # 0 inputs[llama] 
## SPLIT #175: D3D12 # 0 inputs[llama] 
## SPLIT #177: D3D12 # 0 inputs[llama] 
## SPLIT #179: D3D12 # 0 inputs[llama] 
## SPLIT #181: D3D12 # 0 inputs[llama] 
## SPLIT #183: D3D12 # 0 inputs[llama] 
## SPLIT #185: D3D12 # 0 inputs[llama] 
## SPLIT #187: D3D12 # 0 inputs[llama] 
## SPLIT #189: D3D12 # 0 inputs[llama] 
## SPLIT #191: D3D12 # 0 inputs[llama] 
## SPLIT #193: D3D12 # 0 inputs[llama] 
## SPLIT #195: D3D12 # 0 inputs[llama] 
## SPLIT #197: D3D12 # 0 inputs[llama] 
## SPLIT #199: D3D12 # 0 inputs[llama] 
## SPLIT #201: D3D12 # 0 inputs[llama] 
## SPLIT #203: D3D12 # 0 inputs[llama] 
## SPLIT #205: D3D12 # 0 inputs[llama] 
## SPLIT #207: D3D12 # 0 inputs[llama] 
## SPLIT #209: D3D12 # 0 inputs[llama] 
## SPLIT #211: D3D12 # 0 inputs[llama] 
## SPLIT #213: D3D12 # 0 inputs[llama] 
## SPLIT #215: D3D12 # 0 inputs[llama] 
## SPLIT #217: D3D12 # 0 inputs[llama] 
## SPLIT #219: D3D12 # 0 inputs[llama] 
## SPLIT #221: D3D12 # 0 inputs[llama] 
## SPLIT #223: D3D12 # 0 inputs[llama] 
## SPLIT #225: D3D12 # 0 inputs[llama] 
## SPLIT #227: D3D12 # 0 inputs[llama] 
## SPLIT #229: D3D12 # 0 inputs[llama] 
## SPLIT #231: D3D12 # 0 inputs[llama] 
## SPLIT #233: D3D12 # 0 inputs[llama] 
## SPLIT #235: D3D12 # 0 inputs[llama] 
## SPLIT #237: D3D12 # 0 inputs[llama] 
## SPLIT #239: D3D12 # 0 inputs[llama] 
## SPLIT #241: D3D12 # 0 inputs[llama] 
## SPLIT #243: D3D12 # 0 inputs[llama] 
## SPLIT #245: D3D12 # 0 inputs[llama] 
## SPLIT #247: D3D12 # 0 inputs[llama] 
## SPLIT #249: D3D12 # 0 inputs[llama] 
## SPLIT #251: D3D12 # 0 inputs[llama] 
## SPLIT #253: D3D12 # 0 inputs[llama] 
## SPLIT #255: D3D12 # 0 inputs[llama] 
## SPLIT #257: D3D12 # 0 inputs[llama] 
## SPLIT #259: D3D12 # 0 inputs[llama] 
## SPLIT #261: D3D12 # 0 inputs[llama] 
## SPLIT #1: D3D12 # 0 inputs[llama] 
## SPLIT #3: D3D12 # 0 inputs[llama] 
## SPLIT #5: D3D12 # 0 inputs[llama] 
## SPLIT #7: D3D12 # 0 inputs[llama] 
## SPLIT #9: D3D12 # 0 inputs[llama] 
## SPLIT #11: D3D12 # 0 inputs[llama] 
## SPLIT #1: D3D12 # 0 inputs[llama] 
## SPLIT #3: D3D12 # 0 inputs[llama] 
## SPLIT #5: D3D12 # 0 inputs[llama] 
## SPLIT #7: D3D12 # 0 inputs[llama] 
## SPLIT #9: D3D12 # 0 inputs[llama] 
## SPLIT #11: D3D12 # 0 inputs[llama] 
## SPLIT #1: D3D12 # 0 inputs[llama] 
## SPLIT #3: D3D12 # 0 inputs[llama] 
## SPLIT #5: D3D12 # 0 inputs[llama] 
## SPLIT #7: D3D12 # 0 inputs[llama] 
## SPLIT #9: D3D12 # 0 inputs[llama] 
## SPLIT #11: D3D12 # 0 inputs[llama] 
## SPLIT #1: D3D12 # 0 inputs[llama] 
## SPLIT #3: D3D12 # 0 inputs[llama] 
## SPLIT #5: D3D12 # 0 inputs[llama] 
## SPLIT #7: D3D12 # 0 inputs[llama] 
## SPLIT #9: D3D12 # 0 inputs[llama] 
## SPLIT #11: D3D12 # 0 inputs[llama] 
## SPLIT #1: D3D12 # 0 inputs[llama] 
## SPLIT #3: D3D12 # 0 inputs[llama] 
## SPLIT #5: D3D12 # 0 inputs[llama] 
## SPLIT #7: D3D12 # 0 inputs[llama] 
## SPLIT #9: D3D12 # 0 inputs[llama] 
## SPLIT #11: D3D12 # 0 inputs[llama] 
## SPLIT #13: D3D12 # 0 inputs[llama] 
## SPLIT #15: D3D12 # 0 inputs[llama] 
## SPLIT #17: D3D12 # 0 inputs[llama] 
## SPLIT #19: D3D12 # 0 inputs[llama] 
## SPLIT #21: D3D12 # 0 inputs[llama] 
## SPLIT #23: D3D12 # 0 inputs[llama] 
## SPLIT #25: D3D12 # 0 inputs[llama] 
## SPLIT #27: D3D12 # 0 inputs[llama] 
## SPLIT #29: D3D12 # 0 inputs[llama] 
## SPLIT #31: D3D12 # 0 inputs[llama] 
## SPLIT #33: D3D12 # 0 inputs[llama] 
## SPLIT #35: D3D12 # 0 inputs[llama] 
## SPLIT #37: D3D12 # 0 inputs[llama] 
## SPLIT #39: D3D12 # 0 inputs[llama] 
## SPLIT #41: D3D12 # 0 inputs[llama] 
## SPLIT #43: D3D12 # 0 inputs[llama] 
## SPLIT #45: D3D12 # 0 inputs[llama] 
## SPLIT #47: D3D12 # 0 inputs[llama] 
## SPLIT #49: D3D12 # 0 inputs[llama] 
## SPLIT #51: D3D12 # 0 inputs[llama] 
## SPLIT #53: D3D12 # 0 inputs[llama] 
## SPLIT #55: D3D12 # 0 inputs[llama] 
## SPLIT #57: D3D12 # 0 inputs[llama] 
## SPLIT #59: D3D12 # 0 inputs[llama] 
## SPLIT #61: D3D12 # 0 inputs[llama] 
## SPLIT #63: D3D12 # 0 inputs[llama] 
## SPLIT #65: D3D12 # 0 inputs[llama] 
## SPLIT #67: D3D12 # 0 inputs[llama] 
## SPLIT #69: D3D12 # 0 inputs[llama] 
## SPLIT #71: D3D12 # 0 inputs[llama] 
## SPLIT #73: D3D12 # 0 inputs[llama] 
## SPLIT #75: D3D12 # 0 inputs[llama] 
## SPLIT #77: D3D12 # 0 inputs[llama] 
## SPLIT #79: D3D12 # 0 inputs[llama] 
## SPLIT #81: D3D12 # 0 inputs[llama] 
## SPLIT #83: D3D12 # 0 inputs[llama] 
## SPLIT #85: D3D12 # 0 inputs[llama] 
## SPLIT #87: D3D12 # 0 inputs[llama] 
## SPLIT #89: D3D12 # 0 inputs[llama] 
## SPLIT #91: D3D12 # 0 inputs[llama] 
## SPLIT #93: D3D12 # 0 inputs[llama] 
## SPLIT #95: D3D12 # 0 inputs[llama] 
## SPLIT #97: D3D12 # 0 inputs[llama] 
## SPLIT #99: D3D12 # 0 inputs[llama] 
## SPLIT #101: D3D12 # 0 inputs[llama] 
## SPLIT #103: D3D12 # 0 inputs[llama] 
## SPLIT #105: D3D12 # 0 inputs[llama] 
## SPLIT #107: D3D12 # 0 inputs[llama] 
## SPLIT #109: D3D12 # 0 inputs[llama] 
## SPLIT #111: D3D12 # 0 inputs[llama] 
## SPLIT #113: D3D12 # 0 inputs[llama] 
## SPLIT #115: D3D12 # 0 inputs[llama] 
## SPLIT #117: D3D12 # 0 inputs[llama] 
## SPLIT #119: D3D12 # 0 inputs[llama] 
## SPLIT #121: D3D12 # 0 inputs[llama] 
## SPLIT #123: D3D12 # 0 inputs[llama] 
## SPLIT #125: D3D12 # 0 inputs[llama] 
## SPLIT #127: D3D12 # 0 inputs[llama] 
## SPLIT #129: D3D12 # 0 inputs[llama] 
## SPLIT #131: D3D12 # 0 inputs[llama] 
## SPLIT #133: D3D12 # 0 inputs[llama] 
## SPLIT #135: D3D12 # 0 inputs[llama] 
## SPLIT #137: D3D12 # 0 inputs[llama] 
## SPLIT #139: D3D12 # 0 inputs[llama] 
## SPLIT #141: D3D12 # 0 inputs[llama] 
## SPLIT #143: D3D12 # 0 inputs[llama] 
## SPLIT #145: D3D12 # 0 inputs[llama] 
## SPLIT #147: D3D12 # 0 inputs[llama] 
## SPLIT #149: D3D12 # 0 inputs[llama] 
## SPLIT #151: D3D12 # 0 inputs[llama] 
## SPLIT #153: D3D12 # 0 inputs[llama] 
## SPLIT #155: D3D12 # 0 inputs[llama] 
## SPLIT #157: D3D12 # 0 inputs[llama] 
## SPLIT #159: D3D12 # 0 inputs[llama] 
## SPLIT #161: D3D12 # 0 inputs[llama] 
## SPLIT #163: D3D12 # 0 inputs[llama] 
## SPLIT #165: D3D12 # 0 inputs[llama] 
## SPLIT #167: D3D12 # 0 inputs[llama] 
## SPLIT #169: D3D12 # 0 inputs[llama] 
## SPLIT #171: D3D12 # 0 inputs[llama] 
## SPLIT #173: D3D12 # 0 inputs[llama] 
## SPLIT #175: D3D12 # 0 inputs[llama] 
## SPLIT #177: D3D12 # 0 inputs[llama] 
## SPLIT #179: D3D12 # 0 inputs[llama] 
## SPLIT #181: D3D12 # 0 inputs[llama] 
## SPLIT #183: D3D12 # 0 inputs[llama] 
## SPLIT #185: D3D12 # 0 inputs[llama] 
## SPLIT #187: D3D12 # 0 inputs[llama] 
## SPLIT #189: D3D12 # 0 inputs[llama] 
## SPLIT #191: D3D12 # 0 inputs[llama] 
## SPLIT #193: D3D12 # 0 inputs[llama] 
## SPLIT #195: D3D12 # 0 inputs[llama] 
## SPLIT #197: D3D12 # 0 inputs[llama] 
## SPLIT #199: D3D12 # 0 inputs[llama] 
## SPLIT #201: D3D12 # 0 inputs[llama] 
## SPLIT #203: D3D12 # 0 inputs[llama] 
## SPLIT #205: D3D12 # 0 inputs[llama] 
## SPLIT #207: D3D12 # 0 inputs[llama] 
## SPLIT #209: D3D12 # 0 inputs[llama] 
## SPLIT #211: D3D12 # 0 inputs[llama] 
## SPLIT #213: D3D12 # 0 inputs[llama] 
## SPLIT #215: D3D12 # 0 inputs[llama] 
## SPLIT #217: D3D12 # 0 inputs[llama] 
## SPLIT #219: D3D12 # 0 inputs[llama] 
## SPLIT #221: D3D12 # 0 inputs[llama] 
## SPLIT #223: D3D12 # 0 inputs[llama] 
## SPLIT #225: D3D12 # 0 inputs[llama] 
## SPLIT #227: D3D12 # 0 inputs[llama] 
## SPLIT #229: D3D12 # 0 inputs[llama] 
## SPLIT #231: D3D12 # 0 inputs[llama] 
## SPLIT #233: D3D12 # 0 inputs[llama] 
## SPLIT #235: D3D12 # 0 inputs[llama] 
## SPLIT #237: D3D12 # 0 inputs[llama] 
## SPLIT #239: D3D12 # 0 inputs[llama] 
## SPLIT #241: D3D12 # 0 inputs[llama] 
## SPLIT #243: D3D12 # 0 inputs[llama] 
## SPLIT #245: D3D12 # 0 inputs[llama] 
## SPLIT #247: D3D12 # 0 inputs[llama] 
## SPLIT #249: D3D12 # 0 inputs[llama] 
## SPLIT #251: D3D12 # 0 inputs[llama] 
## SPLIT #253: D3D12 # 0 inputs[llama] 
## SPLIT #255: D3D12 # 0 inputs[llama] 
## SPLIT #257: D3D12 # 0 inputs[llama] 
## SPLIT #259: D3D12 # 0 inputs[llama] 
## SPLIT #261: D3D12 # 0 inputs[xllama] d3d12: D3D12_Host buffer 23.8 MiB
[llama] 
## SPLIT #1: D3D12 # 0 inputs[llama] 
## SPLIT #3: D3D12 # 0 inputs[llama] 
## SPLIT #5: D3D12 # 0 inputs[llama] 
## SPLIT #7: D3D12 # 0 inputs[llama] 
## SPLIT #9: D3D12 # 0 inputs[llama] 
## SPLIT #11: D3D12 # 0 inputs[llama] 
## SPLIT #13: D3D12 # 0 inputs[llama] 
## SPLIT #15: D3D12 # 0 inputs[llama] 
## SPLIT #17: D3D12 # 0 inputs[llama] 
## SPLIT #19: D3D12 # 0 inputs[llama] 
## SPLIT #21: D3D12 # 0 inputs[llama] 
## SPLIT #23: D3D12 # 0 inputs[llama] 
## SPLIT #25: D3D12 # 0 inputs[llama] 
## SPLIT #27: D3D12 # 0 inputs[llama] 
## SPLIT #29: D3D12 # 0 inputs[llama] 
## SPLIT #31: D3D12 # 0 inputs[llama] 
## SPLIT #33: D3D12 # 0 inputs[llama] 
## SPLIT #35: D3D12 # 0 inputs[llama] 
## SPLIT #37: D3D12 # 0 inputs[llama] 
## SPLIT #39: D3D12 # 0 inputs[llama] 
## SPLIT #41: D3D12 # 0 inputs[llama] 
## SPLIT #43: D3D12 # 0 inputs[llama] 
## SPLIT #45: D3D12 # 0 inputs[llama] 
## SPLIT #47: D3D12 # 0 inputs[llama] 
## SPLIT #49: D3D12 # 0 inputs[llama] 
## SPLIT #51: D3D12 # 0 inputs[llama] 
## SPLIT #53: D3D12 # 0 inputs[llama] 
## SPLIT #55: D3D12 # 0 inputs[llama] 
## SPLIT #57: D3D12 # 0 inputs[llama] 
## SPLIT #59: D3D12 # 0 inputs[llama] 
## SPLIT #61: D3D12 # 0 inputs[llama] 
## SPLIT #63: D3D12 # 0 inputs[llama] 
## SPLIT #65: D3D12 # 0 inputs[llama] 
## SPLIT #67: D3D12 # 0 inputs[llama] 
## SPLIT #69: D3D12 # 0 inputs[llama] 
## SPLIT #71: D3D12 # 0 inputs[llama] 
## SPLIT #73: D3D12 # 0 inputs[llama] 
## SPLIT #75: D3D12 # 0 inputs[llama] 
## SPLIT #77: D3D12 # 0 inputs[llama] 
## SPLIT #79: D3D12 # 0 inputs[llama] 
## SPLIT #81: D3D12 # 0 inputs[llama] 
## SPLIT #83: D3D12 # 0 inputs[llama] 
## SPLIT #85: D3D12 # 0 inputs[llama] 
## SPLIT #87: D3D12 # 0 inputs[llama] 
## SPLIT #89: D3D12 # 0 inputs[llama] 
## SPLIT #91: D3D12 # 0 inputs[llama] 
## SPLIT #93: D3D12 # 0 inputs[llama] 
## SPLIT #95: D3D12 # 0 inputs[llama] 
## SPLIT #97: D3D12 # 0 inputs[llama] 
## SPLIT #99: D3D12 # 0 inputs[llama] 
## SPLIT #101: D3D12 # 0 inputs[llama] 
## SPLIT #103: D3D12 # 0 inputs[llama] 
## SPLIT #105: D3D12 # 0 inputs[llama] 
## SPLIT #107: D3D12 # 0 inputs[llama] 
## SPLIT #109: D3D12 # 0 inputs[llama] 
## SPLIT #111: D3D12 # 0 inputs[llama] 
## SPLIT #113: D3D12 # 0 inputs[llama] 
## SPLIT #115: D3D12 # 0 inputs[llama] 
## SPLIT #117: D3D12 # 0 inputs[llama] 
## SPLIT #119: D3D12 # 0 inputs[llama] 
## SPLIT #121: D3D12 # 0 inputs[llama] 
## SPLIT #123: D3D12 # 0 inputs[llama] 
## SPLIT #125: D3D12 # 0 inputs[llama] 
## SPLIT #127: D3D12 # 0 inputs[llama] 
## SPLIT #129: D3D12 # 0 inputs[llama] 
## SPLIT #131: D3D12 # 0 inputs[llama] 
## SPLIT #133: D3D12 # 0 inputs[llama] 
## SPLIT #135: D3D12 # 0 inputs[llama] 
## SPLIT #137: D3D12 # 0 inputs[llama] 
## SPLIT #139: D3D12 # 0 inputs[llama] 
## SPLIT #141: D3D12 # 0 inputs[llama] 
## SPLIT #143: D3D12 # 0 inputs[llama] 
## SPLIT #145: D3D12 # 0 inputs[llama] 
## SPLIT #147: D3D12 # 0 inputs[llama] 
## SPLIT #149: D3D12 # 0 inputs[llama] 
## SPLIT #151: D3D12 # 0 inputs[llama] 
## SPLIT #153: D3D12 # 0 inputs[llama] 
## SPLIT #155: D3D12 # 0 inputs[llama] 
## SPLIT #157: D3D12 # 0 inputs[llama] 
## SPLIT #159: D3D12 # 0 inputs[llama] 
## SPLIT #161: D3D12 # 0 inputs[llama] 
## SPLIT #163: D3D12 # 0 inputs[llama] 
## SPLIT #165: D3D12 # 0 inputs[llama] 
## SPLIT #167: D3D12 # 0 inputs[llama] 
## SPLIT #169: D3D12 # 0 inputs[llama] 
## SPLIT #171: D3D12 # 0 inputs[llama] 
## SPLIT #173: D3D12 # 0 inputs[llama] 
## SPLIT #175: D3D12 # 0 inputs[llama] 
## SPLIT #177: D3D12 # 0 inputs[llama] 
## SPLIT #179: D3D12 # 0 inputs[llama] 
## SPLIT #181: D3D12 # 0 inputs[llama] 
## SPLIT #183: D3D12 # 0 inputs[llama] 
## SPLIT #185: D3D12 # 0 inputs[llama] 
## SPLIT #187: D3D12 # 0 inputs[llama] 
## SPLIT #189: D3D12 # 0 inputs[llama] 
## SPLIT #191: D3D12 # 0 inputs[llama] 
## SPLIT #193: D3D12 # 0 inputs[llama] 
## SPLIT #195: D3D12 # 0 inputs[llama] 
## SPLIT #197: D3D12 # 0 inputs[llama] 
## SPLIT #199: D3D12 # 0 inputs[llama] 
## SPLIT #201: D3D12 # 0 inputs[llama] 
## SPLIT #203: D3D12 # 0 inputs[llama] 
## SPLIT #205: D3D12 # 0 inputs[llama] 
## SPLIT #207: D3D12 # 0 inputs[llama] 
## SPLIT #209: D3D12 # 0 inputs[llama] 
## SPLIT #211: D3D12 # 0 inputs[llama] 
## SPLIT #213: D3D12 # 0 inputs[llama] 
## SPLIT #215: D3D12 # 0 inputs[llama] 
## SPLIT #217: D3D12 # 0 inputs[llama] 
## SPLIT #219: D3D12 # 0 inputs[llama] 
## SPLIT #221: D3D12 # 0 inputs[llama] 
## SPLIT #223: D3D12 # 0 inputs[llama] 
## SPLIT #225: D3D12 # 0 inputs[llama] 
## SPLIT #227: D3D12 # 0 inputs[llama] 
## SPLIT #229: D3D12 # 0 inputs[llama] 
## SPLIT #231: D3D12 # 0 inputs[llama] 
## SPLIT #233: D3D12 # 0 inputs[llama] 
## SPLIT #235: D3D12 # 0 inputs[llama] 
## SPLIT #237: D3D12 # 0 inputs[llama] 
## SPLIT #239: D3D12 # 0 inputs[llama] 
## SPLIT #241: D3D12 # 0 inputs[llama] 
## SPLIT #243: D3D12 # 0 inputs[llama] 
## SPLIT #245: D3D12 # 0 inputs[llama] 
## SPLIT #247: D3D12 # 0 inputs[llama] 
## SPLIT #249: D3D12 # 0 inputs[llama] 
## SPLIT #251: D3D12 # 0 inputs[llama] 
## SPLIT #253: D3D12 # 0 inputs[llama] 
## SPLIT #255: D3D12 # 0 inputs[llama] 
## SPLIT #257: D3D12 # 0 inputs[llama] 
## SPLIT #259: D3D12 # 0 inputs[llama] 
## SPLIT #261: D3D12 # 0 inputs[llama] 
## SPLIT #1: D3D12 # 0 inputs[llama] 
## SPLIT #3: D3D12 # 0 inputs[llama] 
## SPLIT #5: D3D12 # 0 inputs[llama] 
## SPLIT #7: D3D12 # 0 inputs[llama] 
## SPLIT #9: D3D12 # 0 inputs[llama] 
## SPLIT #11: D3D12 # 0 inputs[llama] 
## SPLIT #1: D3D12 # 0 inputs[llama] 
## SPLIT #3: D3D12 # 0 inputs[llama] 
## SPLIT #5: D3D12 # 0 inputs[llama] 
## SPLIT #7: D3D12 # 0 inputs[llama] 
## SPLIT #9: D3D12 # 0 inputs[llama] 
## SPLIT #11: D3D12 # 0 inputs[llama] 
## SPLIT #1: D3D12 # 0 inputs[llama] 
## SPLIT #3: D3D12 # 0 inputs[llama] 
## SPLIT #5: D3D12 # 0 inputs[llama] 
## SPLIT #7: D3D12 # 0 inputs[llama] 
## SPLIT #9: D3D12 # 0 inputs[llama] 
## SPLIT #11: D3D12 # 0 inputs[llama] 
## SPLIT #13: D3D12 # 0 inputs[llama] 
## SPLIT #15: D3D12 # 0 inputs[llama] 
## SPLIT #17: D3D12 # 0 inputs[llama] 
## SPLIT #19: D3D12 # 0 inputs[llama] 
## SPLIT #21: D3D12 # 0 inputs[llama] 
## SPLIT #23: D3D12 # 0 inputs[llama] 
## SPLIT #25: D3D12 # 0 inputs[llama] 
## SPLIT #27: D3D12 # 0 inputs[llama] 
## SPLIT #29: D3D12 # 0 inputs[llama] 
## SPLIT #31: D3D12 # 0 inputs[llama] 
## SPLIT #33: D3D12 # 0 inputs[llama] 
## SPLIT #35: D3D12 # 0 inputs[llama] 
## SPLIT #37: D3D12 # 0 inputs[llama] 
## SPLIT #39: D3D12 # 0 inputs[llama] 
## SPLIT #41: D3D12 # 0 inputs[llama] 
## SPLIT #43: D3D12 # 0 inputs[llama] 
## SPLIT #45: D3D12 # 0 inputs[llama] 
## SPLIT #47: D3D12 # 0 inputs[llama] 
## SPLIT #49: D3D12 # 0 inputs[llama] 
## SPLIT #51: D3D12 # 0 inputs[llama] 
## SPLIT #53: D3D12 # 0 inputs[llama] 
## SPLIT #55: D3D12 # 0 inputs[llama] 
## SPLIT #57: D3D12 # 0 inputs[llama] 
## SPLIT #59: D3D12 # 0 inputs[llama] 
## SPLIT #61: D3D12 # 0 inputs[llama] 
## SPLIT #63: D3D12 # 0 inputs[llama] 
## SPLIT #65: D3D12 # 0 inputs[llama] 
## SPLIT #67: D3D12 # 0 inputs[llama] 
## SPLIT #69: D3D12 # 0 inputs[llama] 
## SPLIT #71: D3D12 # 0 inputs[llama] 
## SPLIT #73: D3D12 # 0 inputs[llama] 
## SPLIT #75: D3D12 # 0 inputs[llama] 
## SPLIT #77: D3D12 # 0 inputs[llama] 
## SPLIT #79: D3D12 # 0 inputs[llama] 
## SPLIT #81: D3D12 # 0 inputs[llama] 
## SPLIT #83: D3D12 # 0 inputs[llama] 
## SPLIT #85: D3D12 # 0 inputs[llama] 
## SPLIT #87: D3D12 # 0 inputs[llama] 
## SPLIT #89: D3D12 # 0 inputs[llama] 
## SPLIT #91: D3D12 # 0 inputs[llama] 
## SPLIT #93: D3D12 # 0 inputs[llama] 
## SPLIT #95: D3D12 # 0 inputs[llama] 
## SPLIT #97: D3D12 # 0 inputs[llama] 
## SPLIT #99: D3D12 # 0 inputs[llama] 
## SPLIT #101: D3D12 # 0 inputs[llama] 
## SPLIT #103: D3D12 # 0 inputs[llama] 
## SPLIT #105: D3D12 # 0 inputs[llama] 
## SPLIT #107: D3D12 # 0 inputs[llama] 
## SPLIT #109: D3D12 # 0 inputs[llama] 
## SPLIT #111: D3D12 # 0 inputs[llama] 
## SPLIT #113: D3D12 # 0 inputs[llama] 
## SPLIT #115: D3D12 # 0 inputs[llama] 
## SPLIT #117: D3D12 # 0 inputs[llama] 
## SPLIT #119: D3D12 # 0 inputs[llama] 
## SPLIT #121: D3D12 # 0 inputs[llama] 
## SPLIT #123: D3D12 # 0 inputs[llama] 
## SPLIT #125: D3D12 # 0 inputs[llama] 
## SPLIT #127: D3D12 # 0 inputs[llama] 
## SPLIT #129: D3D12 # 0 inputs[llama] 
## SPLIT #131: D3D12 # 0 inputs[llama] 
## SPLIT #133: D3D12 # 0 inputs[llama] 
## SPLIT #135: D3D12 # 0 inputs[llama] 
## SPLIT #137: D3D12 # 0 inputs[llama] 
## SPLIT #139: D3D12 # 0 inputs[llama] 
## SPLIT #141: D3D12 # 0 inputs[llama] 
## SPLIT #143: D3D12 # 0 inputs[llama] 
## SPLIT #145: D3D12 # 0 inputs[llama] 
## SPLIT #147: D3D12 # 0 inputs[llama] 
## SPLIT #149: D3D12 # 0 inputs[llama] 
## SPLIT #151: D3D12 # 0 inputs[llama] 
## SPLIT #153: D3D12 # 0 inputs[llama] 
## SPLIT #155: D3D12 # 0 inputs[llama] 
## SPLIT #157: D3D12 # 0 inputs[llama] 
## SPLIT #159: D3D12 # 0 inputs[llama] 
## SPLIT #161: D3D12 # 0 inputs[llama] 
## SPLIT #163: D3D12 # 0 inputs[llama] 
## SPLIT #165: D3D12 # 0 inputs[llama] 
## SPLIT #167: D3D12 # 0 inputs[llama] 
## SPLIT #169: D3D12 # 0 inputs[llama] 
## SPLIT #171: D3D12 # 0 inputs[llama] 
## SPLIT #173: D3D12 # 0 inputs[llama] 
## SPLIT #175: D3D12 # 0 inputs[llama] 
## SPLIT #177: D3D12 # 0 inputs[llama] 
## SPLIT #179: D3D12 # 0 inputs[llama] 
## SPLIT #181: D3D12 # 0 inputs[llama] 
## SPLIT #183: D3D12 # 0 inputs[llama] 
## SPLIT #185: D3D12 # 0 inputs[llama] 
## SPLIT #187: D3D12 # 0 inputs[llama] 
## SPLIT #189: D3D12 # 0 inputs[llama] 
## SPLIT #191: D3D12 # 0 inputs[llama] 
## SPLIT #193: D3D12 # 0 inputs[llama] 
## SPLIT #195: D3D12 # 0 inputs[llama] 
## SPLIT #197: D3D12 # 0 inputs[llama] 
## SPLIT #199: D3D12 # 0 inputs[llama] 
## SPLIT #201: D3D12 # 0 inputs[llama] 
## SPLIT #203: D3D12 # 0 inputs[llama] 
## SPLIT #205: D3D12 # 0 inputs[llama] 
## SPLIT #207: D3D12 # 0 inputs[llama] 
## SPLIT #209: D3D12 # 0 inputs[llama] 
## SPLIT #211: D3D12 # 0 inputs[llama] 
## SPLIT #213: D3D12 # 0 inputs[llama] 
## SPLIT #215: D3D12 # 0 inputs[llama] 
## SPLIT #217: D3D12 # 0 inputs[llama] 
## SPLIT #219: D3D12 # 0 inputs[llama] 
## SPLIT #221: D3D12 # 0 inputs[llama] 
## SPLIT #223: D3D12 # 0 inputs[llama] 
## SPLIT #225: D3D12 # 0 inputs[llama] 
## SPLIT #227: D3D12 # 0 inputs[llama] 
## SPLIT #229: D3D12 # 0 inputs[llama] 
## SPLIT #231: D3D12 # 0 inputs[llama] 
## SPLIT #233: D3D12 # 0 inputs[llama] 
## SPLIT #235: D3D12 # 0 inputs[llama] 
## SPLIT #237: D3D12 # 0 inputs[llama] 
## SPLIT #239: D3D12 # 0 inputs[llama] 
## SPLIT #241: D3D12 # 0 inputs[llama] 
## SPLIT #243: D3D12 # 0 inputs[llama] 
## SPLIT #245: D3D12 # 0 inputs[llama] 
## SPLIT #247: D3D12 # 0 inputs[llama] 
## SPLIT #249: D3D12 # 0 inputs[llama] 
## SPLIT #251: D3D12 # 0 inputs[llama] 
## SPLIT #253: D3D12 # 0 inputs[llama] 
## SPLIT #255: D3D12 # 0 inputs[llama] 
## SPLIT #257: D3D12 # 0 inputs[llama] 
## SPLIT #259: D3D12 # 0 inputs[llama] 
## SPLIT #261: D3D12 # 0 inputs[llama] 
## SPLIT #1: D3D12 # 0 inputs[llama] 
## SPLIT #3: D3D12 # 0 inputs[llama] 
## SPLIT #5: D3D12 # 0 inputs[llama] 
## SPLIT #7: D3D12 # 0 inputs[llama] 
## SPLIT #9: D3D12 # 0 inputs[llama] 
## SPLIT #11: D3D12 # 0 inputs[llama] 
## SPLIT #13: D3D12 # 0 inputs[llama] 
## SPLIT #15: D3D12 # 0 inputs[llama] 
## SPLIT #17: D3D12 # 0 inputs[llama] 
## SPLIT #19: D3D12 # 0 inputs[llama] 
## SPLIT #21: D3D12 # 0 inputs[llama] 
## SPLIT #23: D3D12 # 0 inputs[llama] 
## SPLIT #25: D3D12 # 0 inputs[llama] 
## SPLIT #27: D3D12 # 0 inputs[llama] 
## SPLIT #29: D3D12 # 0 inputs[llama] 
## SPLIT #31: D3D12 # 0 inputs[llama] 
## SPLIT #33: D3D12 # 0 inputs[llama] 
## SPLIT #35: D3D12 # 0 inputs[llama] 
## SPLIT #37: D3D12 # 0 inputs[llama] 
## SPLIT #39: D3D12 # 0 inputs[llama] 
## SPLIT #41: D3D12 # 0 inputs[llama] 
## SPLIT #43: D3D12 # 0 inputs[llama] 
## SPLIT #45: D3D12 # 0 inputs[llama] 
## SPLIT #47: D3D12 # 0 inputs[llama] 
## SPLIT #49: D3D12 # 0 inputs[llama] 
## SPLIT #51: D3D12 # 0 inputs[llama] 
## SPLIT #53: D3D12 # 0 inputs[llama] 
## SPLIT #55: D3D12 # 0 inputs[llama] 
## SPLIT #57: D3D12 # 0 inputs[llama] 
## SPLIT #59: D3D12 # 0 inputs[llama] 
## SPLIT #61: D3D12 # 0 inputs[llama] 
## SPLIT #63: D3D12 # 0 inputs[llama] 
## SPLIT #65: D3D12 # 0 inputs[llama] 
## SPLIT #67: D3D12 # 0 inputs[llama] 
## SPLIT #69: D3D12 # 0 inputs[llama] 
## SPLIT #71: D3D12 # 0 inputs[llama] 
## SPLIT #73: D3D12 # 0 inputs[llama] 
## SPLIT #75: D3D12 # 0 inputs[llama] 
## SPLIT #77: D3D12 # 0 inputs[llama] 
## SPLIT #79: D3D12 # 0 inputs[llama] 
## SPLIT #81: D3D12 # 0 inputs[llama] 
## SPLIT #83: D3D12 # 0 inputs[llama] 
## SPLIT #85: D3D12 # 0 inputs[llama] 
## SPLIT #87: D3D12 # 0 inputs[llama] 
## SPLIT #89: D3D12 # 0 inputs[llama] 
## SPLIT #91: D3D12 # 0 inputs[llama] 
## SPLIT #93: D3D12 # 0 inputs[llama] 
## SPLIT #95: D3D12 # 0 inputs[llama] 
## SPLIT #97: D3D12 # 0 inputs[llama] 
## SPLIT #99: D3D12 # 0 inputs[llama] 
## SPLIT #101: D3D12 # 0 inputs[llama] 
## SPLIT #103: D3D12 # 0 inputs[llama] 
## SPLIT #105: D3D12 # 0 inputs[llama] 
## SPLIT #107: D3D12 # 0 inputs[llama] 
## SPLIT #109: D3D12 # 0 inputs[llama] 
## SPLIT #111: D3D12 # 0 inputs[llama] 
## SPLIT #113: D3D12 # 0 inputs[llama] 
## SPLIT #115: D3D12 # 0 inputs[llama] 
## SPLIT #117: D3D12 # 0 inputs[llama] 
## SPLIT #119: D3D12 # 0 inputs[llama] 
## SPLIT #121: D3D12 # 0 inputs[llama] 
## SPLIT #123: D3D12 # 0 inputs[llama] 
## SPLIT #125: D3D12 # 0 inputs[llama] 
## SPLIT #127: D3D12 # 0 inputs[llama] 
## SPLIT #129: D3D12 # 0 inputs[llama] 
## SPLIT #131: D3D12 # 0 inputs[llama] 
## SPLIT #133: D3D12 # 0 inputs[llama] 
## SPLIT #135: D3D12 # 0 inputs[llama] 
## SPLIT #137: D3D12 # 0 inputs[llama] 
## SPLIT #139: D3D12 # 0 inputs[llama] 
## SPLIT #141: D3D12 # 0 inputs[llama] 
## SPLIT #143: D3D12 # 0 inputs[llama] 
## SPLIT #145: D3D12 # 0 inputs[llama] 
## SPLIT #147: D3D12 # 0 inputs[llama] 
## SPLIT #149: D3D12 # 0 inputs[llama] 
## SPLIT #151: D3D12 # 0 inputs[llama] 
## SPLIT #153: D3D12 # 0 inputs[llama] 
## SPLIT #155: D3D12 # 0 inputs[llama] 
## SPLIT #157: D3D12 # 0 inputs[llama] 
## SPLIT #159: D3D12 # 0 inputs[llama] 
## SPLIT #161: D3D12 # 0 inputs[llama] 
## SPLIT #163: D3D12 # 0 inputs[llama] 
## SPLIT #165: D3D12 # 0 inputs[llama] 
## SPLIT #167: D3D12 # 0 inputs[llama] 
## SPLIT #169: D3D12 # 0 inputs[llama] 
## SPLIT #171: D3D12 # 0 inputs[llama] 
## SPLIT #173: D3D12 # 0 inputs[llama] 
## SPLIT #175: D3D12 # 0 inputs[llama] 
## SPLIT #177: D3D12 # 0 inputs[llama] 
## SPLIT #179: D3D12 # 0 inputs[llama] 
## SPLIT #181: D3D12 # 0 inputs[llama] 
## SPLIT #183: D3D12 # 0 inputs[llama] 
## SPLIT #185: D3D12 # 0 inputs[llama] 
## SPLIT #187: D3D12 # 0 inputs[llama] 
## SPLIT #189: D3D12 # 0 inputs[llama] 
## SPLIT #191: D3D12 # 0 inputs[llama] 
## SPLIT #193: D3D12 # 0 inputs[llama] 
## SPLIT #195: D3D12 # 0 inputs[llama] 
## SPLIT #197: D3D12 # 0 inputs[llama] 
## SPLIT #199: D3D12 # 0 inputs[llama] 
## SPLIT #201: D3D12 # 0 inputs[llama] 
## SPLIT #203: D3D12 # 0 inputs[llama] 
## SPLIT #205: D3D12 # 0 inputs[llama] 
## SPLIT #207: D3D12 # 0 inputs[llama] 
## SPLIT #209: D3D12 # 0 inputs[llama] 
## SPLIT #211: D3D12 # 0 inputs[llama] 
## SPLIT #213: D3D12 # 0 inputs[llama] 
## SPLIT #215: D3D12 # 0 inputs[llama] 
## SPLIT #217: D3D12 # 0 inputs[llama] 
## SPLIT #219: D3D12 # 0 inputs[llama] 
## SPLIT #221: D3D12 # 0 inputs[llama] 
## SPLIT #223: D3D12 # 0 inputs[llama] 
## SPLIT #225: D3D12 # 0 inputs[llama] 
## SPLIT #227: D3D12 # 0 inputs[llama] 
## SPLIT #229: D3D12 # 0 inputs[llama] 
## SPLIT #231: D3D12 # 0 inputs[llama] 
## SPLIT #233: D3D12 # 0 inputs[llama] 
## SPLIT #235: D3D12 # 0 inputs[llama] 
## SPLIT #237: D3D12 # 0 inputs[llama] 
## SPLIT #239: D3D12 # 0 inputs[llama] 
## SPLIT #241: D3D12 # 0 inputs[llama] 
## SPLIT #243: D3D12 # 0 inputs[llama] 
## SPLIT #245: D3D12 # 0 inputs[llama] 
## SPLIT #247: D3D12 # 0 inputs[llama] 
## SPLIT #249: D3D12 # 0 inputs[llama] 
## SPLIT #251: D3D12 # 0 inputs[llama] 
## SPLIT #253: D3D12 # 0 inputs[llama] 
## SPLIT #255: D3D12 # 0 inputs[llama] 
## SPLIT #257: D3D12 # 0 inputs[llama] 
## SPLIT #259: D3D12 # 0 inputs[llama] 
## SPLIT #261: D3D12 # 0 inputs[llama] 
## SPLIT #1: D3D12 # 0 inputs[llama] 
## SPLIT #3: D3D12 # 0 inputs[llama] 
## SPLIT #5: D3D12 # 0 inputs[llama] 
## SPLIT #7: D3D12 # 0 inputs[llama] 
## SPLIT #9: D3D12 # 0 inputs[llama] 
## SPLIT #11: D3D12 # 0 inputs[llama] 
## SPLIT #1: D3D12 # 0 inputs[llama] 
## SPLIT #3: D3D12 # 0 inputs[llama] 
## SPLIT #5: D3D12 # 0 inputs[llama] 
## SPLIT #7: D3D12 # 0 inputs[llama] 
## SPLIT #9: D3D12 # 0 inputs[llama] 
## SPLIT #11: D3D12 # 0 inputs[llama] 
## SPLIT #1: D3D12 # 0 inputs[llama] 
## SPLIT #3: D3D12 # 0 inputs[llama] 
## SPLIT #5: D3D12 # 0 inputs[llama] 
## SPLIT #7: D3D12 # 0 inputs[llama] 
## SPLIT #9: D3D12 # 0 inputs[llama] 
## SPLIT #11: D3D12 # 0 inputs[llama] 
## SPLIT #13: D3D12 # 0 inputs[llama] 
## SPLIT #15: D3D12 # 0 inputs[llama] 
## SPLIT #17: D3D12 # 0 inputs[llama] 
## SPLIT #19: D3D12 # 0 inputs[llama] 
## SPLIT #21: D3D12 # 0 inputs[llama] 
## SPLIT #23: D3D12 # 0 inputs[llama] 
## SPLIT #25: D3D12 # 0 inputs[llama] 
## SPLIT #27: D3D12 # 0 inputs[llama] 
## SPLIT #29: D3D12 # 0 inputs[llama] 
## SPLIT #31: D3D12 # 0 inputs[llama] 
## SPLIT #33: D3D12 # 0 inputs[llama] 
## SPLIT #35: D3D12 # 0 inputs[llama] 
## SPLIT #37: D3D12 # 0 inputs[llama] 
## SPLIT #39: D3D12 # 0 inputs[llama] 
## SPLIT #41: D3D12 # 0 inputs[llama] 
## SPLIT #43: D3D12 # 0 inputs[llama] 
## SPLIT #45: D3D12 # 0 inputs[llama] 
## SPLIT #47: D3D12 # 0 inputs[llama] 
## SPLIT #49: D3D12 # 0 inputs[llama] 
## SPLIT #51: D3D12 # 0 inputs[llama] 
## SPLIT #53: D3D12 # 0 inputs[llama] 
## SPLIT #55: D3D12 # 0 inputs[llama] 
## SPLIT #57: D3D12 # 0 inputs[llama] 
## SPLIT #59: D3D12 # 0 inputs[llama] 
## SPLIT #61: D3D12 # 0 inputs[llama] 
## SPLIT #63: D3D12 # 0 inputs[llama] 
## SPLIT #65: D3D12 # 0 inputs[llama] 
## SPLIT #67: D3D12 # 0 inputs[llama] 
## SPLIT #69: D3D12 # 0 inputs[llama] 
## SPLIT #71: D3D12 # 0 inputs[llama] 
## SPLIT #73: D3D12 # 0 inputs[llama] 
## SPLIT #75: D3D12 # 0 inputs[llama] 
## SPLIT #77: D3D12 # 0 inputs[llama] 
## SPLIT #79: D3D12 # 0 inputs[llama] 
## SPLIT #81: D3D12 # 0 inputs[llama] 
## SPLIT #83: D3D12 # 0 inputs[llama] 
## SPLIT #85: D3D12 # 0 inputs[llama] 
## SPLIT #87: D3D12 # 0 inputs[llama] 
## SPLIT #89: D3D12 # 0 inputs[llama] 
## SPLIT #91: D3D12 # 0 inputs[llama] 
## SPLIT #93: D3D12 # 0 inputs[llama] 
## SPLIT #95: D3D12 # 0 inputs[llama] 
## SPLIT #97: D3D12 # 0 inputs[llama] 
## SPLIT #99: D3D12 # 0 inputs[llama] 
## SPLIT #101: D3D12 # 0 inputs[llama] 
## SPLIT #103: D3D12 # 0 inputs[llama] 
## SPLIT #105: D3D12 # 0 inputs[llama] 
## SPLIT #107: D3D12 # 0 inputs[llama] 
## SPLIT #109: D3D12 # 0 inputs[llama] 
## SPLIT #111: D3D12 # 0 inputs[llama] 
## SPLIT #113: D3D12 # 0 inputs[llama] 
## SPLIT #115: D3D12 # 0 inputs[llama] 
## SPLIT #117: D3D12 # 0 inputs[llama] 
## SPLIT #119: D3D12 # 0 inputs[llama] 
## SPLIT #121: D3D12 # 0 inputs[llama] 
## SPLIT #123: D3D12 # 0 inputs[llama] 
## SPLIT #125: D3D12 # 0 inputs[llama] 
## SPLIT #127: D3D12 # 0 inputs[llama] 
## SPLIT #129: D3D12 # 0 inputs[llama] 
## SPLIT #131: D3D12 # 0 inputs[llama] 
## SPLIT #133: D3D12 # 0 inputs[llama] 
## SPLIT #135: D3D12 # 0 inputs[llama] 
## SPLIT #137: D3D12 # 0 inputs[llama] 
## SPLIT #139: D3D12 # 0 inputs[llama] 
## SPLIT #141: D3D12 # 0 inputs[llama] 
## SPLIT #143: D3D12 # 0 inputs[llama] 
## SPLIT #145: D3D12 # 0 inputs[llama] 
## SPLIT #147: D3D12 # 0 inputs[llama] 
## SPLIT #149: D3D12 # 0 inputs[llama] 
## SPLIT #151: D3D12 # 0 inputs[llama] 
## SPLIT #153: D3D12 # 0 inputs[llama] 
## SPLIT #155: D3D12 # 0 inputs[llama] 
## SPLIT #157: D3D12 # 0 inputs[llama] 
## SPLIT #159: D3D12 # 0 inputs[llama] 
## SPLIT #161: D3D12 # 0 inputs[llama] 
## SPLIT #163: D3D12 # 0 inputs[llama] 
## SPLIT #165: D3D12 # 0 inputs[llama] 
## SPLIT #167: D3D12 # 0 inputs[llama] 
## SPLIT #169: D3D12 # 0 inputs[llama] 
## SPLIT #171: D3D12 # 0 inputs[llama] 
## SPLIT #173: D3D12 # 0 inputs[llama] 
## SPLIT #175: D3D12 # 0 inputs[llama] 
## SPLIT #177: D3D12 # 0 inputs[llama] 
## SPLIT #179: D3D12 # 0 inputs[llama] 
## SPLIT #181: D3D12 # 0 inputs[llama] 
## SPLIT #183: D3D12 # 0 inputs[llama] 
## SPLIT #185: D3D12 # 0 inputs[llama] 
## SPLIT #187: D3D12 # 0 inputs[llama] 
## SPLIT #189: D3D12 # 0 inputs[llama] 
## SPLIT #191: D3D12 # 0 inputs[llama] 
## SPLIT #193: D3D12 # 0 inputs[llama] 
## SPLIT #195: D3D12 # 0 inputs[llama] 
## SPLIT #197: D3D12 # 0 inputs[llama] 
## SPLIT #199: D3D12 # 0 inputs[llama] 
## SPLIT #201: D3D12 # 0 inputs[llama] 
## SPLIT #203: D3D12 # 0 inputs[llama] 
## SPLIT #205: D3D12 # 0 inputs[llama] 
## SPLIT #207: D3D12 # 0 inputs[llama] 
## SPLIT #209: D3D12 # 0 inputs[llama] 
## SPLIT #211: D3D12 # 0 inputs[llama] 
## SPLIT #213: D3D12 # 0 inputs[llama] 
## SPLIT #215: D3D12 # 0 inputs[llama] 
## SPLIT #217: D3D12 # 0 inputs[llama] 
## SPLIT #219: D3D12 # 0 inputs[llama] 
## SPLIT #221: D3D12 # 0 inputs[llama] 
## SPLIT #223: D3D12 # 0 inputs[llama] 
## SPLIT #225: D3D12 # 0 inputs[llama] 
## SPLIT #227: D3D12 # 0 inputs[llama] 
## SPLIT #229: D3D12 # 0 inputs[llama] 
## SPLIT #231: D3D12 # 0 inputs[llama] 
## SPLIT #233: D3D12 # 0 inputs[llama] 
## SPLIT #235: D3D12 # 0 inputs[llama] 
## SPLIT #237: D3D12 # 0 inputs[llama] 
## SPLIT #239: D3D12 # 0 inputs[llama] 
## SPLIT #241: D3D12 # 0 inputs[llama] 
## SPLIT #243: D3D12 # 0 inputs[llama] 
## SPLIT #245: D3D12 # 0 inputs[llama] 
## SPLIT #247: D3D12 # 0 inputs[llama] 
## SPLIT #249: D3D12 # 0 inputs[llama] 
## SPLIT #251: D3D12 # 0 inputs[llama] 
## SPLIT #253: D3D12 # 0 inputs[llama] 
## SPLIT #255: D3D12 # 0 inputs[llama] 
## SPLIT #257: D3D12 # 0 inputs[llama] 
## SPLIT #259: D3D12 # 0 inputs[llama] 
## SPLIT #261: D3D12 # 0 inputs[llama] 
## SPLIT #1: D3D12 # 0 inputs[llama] 
## SPLIT #3: D3D12 # 0 inputs[llama] 
## SPLIT #5: D3D12 # 0 inputs[llama] 
## SPLIT #7: D3D12 # 0 inputs[llama] 
## SPLIT #9: D3D12 # 0 inputs[llama] 
## SPLIT #11: D3D12 # 0 inputs[llama] 
## SPLIT #13: D3D12 # 0 inputs[llama] 
## SPLIT #15: D3D12 # 0 inputs[llama] 
## SPLIT #17: D3D12 # 0 inputs[llama] 
## SPLIT #19: D3D12 # 0 inputs[llama] 
## SPLIT #21: D3D12 # 0 inputs[llama] 
## SPLIT #23: D3D12 # 0 inputs[llama] 
## SPLIT #25: D3D12 # 0 inputs[llama] 
## SPLIT #27: D3D12 # 0 inputs[llama] 
## SPLIT #29: D3D12 # 0 inputs[llama] 
## SPLIT #31: D3D12 # 0 inputs[llama] 
## SPLIT #33: D3D12 # 0 inputs[llama] 
## SPLIT #35: D3D12 # 0 inputs[llama] 
## SPLIT #37: D3D12 # 0 inputs[llama] 
## SPLIT #39: D3D12 # 0 inputs[llama] 
## SPLIT #41: D3D12 # 0 inputs[llama] 
## SPLIT #43: D3D12 # 0 inputs[llama] 
## SPLIT #45: D3D12 # 0 inputs[llama] 
## SPLIT #47: D3D12 # 0 inputs[llama] 
## SPLIT #49: D3D12 # 0 inputs[llama] 
## SPLIT #51: D3D12 # 0 inputs[llama] 
## SPLIT #53: D3D12 # 0 inputs[llama] 
## SPLIT #55: D3D12 # 0 inputs[llama] 
## SPLIT #57: D3D12 # 0 inputs[llama] 
## SPLIT #59: D3D12 # 0 inputs[llama] 
## SPLIT #61: D3D12 # 0 inputs[llama] 
## SPLIT #63: D3D12 # 0 inputs[llama] 
## SPLIT #65: D3D12 # 0 inputs[llama] 
## SPLIT #67: D3D12 # 0 inputs[llama] 
## SPLIT #69: D3D12 # 0 inputs[llama] 
## SPLIT #71: D3D12 # 0 inputs[llama] 
## SPLIT #73: D3D12 # 0 inputs[llama] 
## SPLIT #75: D3D12 # 0 inputs[llama] 
## SPLIT #77: D3D12 # 0 inputs[llama] 
## SPLIT #79: D3D12 # 0 inputs[llama] 
## SPLIT #81: D3D12 # 0 inputs[llama] 
## SPLIT #83: D3D12 # 0 inputs[llama] 
## SPLIT #85: D3D12 # 0 inputs[llama] 
## SPLIT #87: D3D12 # 0 inputs[llama] 
## SPLIT #89: D3D12 # 0 inputs[llama] 
## SPLIT #91: D3D12 # 0 inputs[llama] 
## SPLIT #93: D3D12 # 0 inputs[llama] 
## SPLIT #95: D3D12 # 0 inputs[llama] 
## SPLIT #97: D3D12 # 0 inputs[llama] 
## SPLIT #99: D3D12 # 0 inputs[llama] 
## SPLIT #101: D3D12 # 0 inputs[llama] 
## SPLIT #103: D3D12 # 0 inputs[llama] 
## SPLIT #105: D3D12 # 0 inputs[llama] 
## SPLIT #107: D3D12 # 0 inputs[llama] 
## SPLIT #109: D3D12 # 0 inputs[llama] 
## SPLIT #111: D3D12 # 0 inputs[llama] 
## SPLIT #113: D3D12 # 0 inputs[llama] 
## SPLIT #115: D3D12 # 0 inputs[llama] 
## SPLIT #117: D3D12 # 0 inputs[llama] 
## SPLIT #119: D3D12 # 0 inputs[llama] 
## SPLIT #121: D3D12 # 0 inputs[llama] 
## SPLIT #123: D3D12 # 0 inputs[llama] 
## SPLIT #125: D3D12 # 0 inputs[llama] 
## SPLIT #127: D3D12 # 0 inputs[llama] 
## SPLIT #129: D3D12 # 0 inputs[llama] 
## SPLIT #131: D3D12 # 0 inputs[llama] 
## SPLIT #133: D3D12 # 0 inputs[llama] 
## SPLIT #135: D3D12 # 0 inputs[llama] 
## SPLIT #137: D3D12 # 0 inputs[llama] 
## SPLIT #139: D3D12 # 0 inputs[llama] 
## SPLIT #141: D3D12 # 0 inputs[llama] 
## SPLIT #143: D3D12 # 0 inputs[llama] 
## SPLIT #145: D3D12 # 0 inputs[llama] 
## SPLIT #147: D3D12 # 0 inputs[llama] 
## SPLIT #149: D3D12 # 0 inputs[llama] 
## SPLIT #151: D3D12 # 0 inputs[llama] 
## SPLIT #153: D3D12 # 0 inputs[llama] 
## SPLIT #155: D3D12 # 0 inputs[llama] 
## SPLIT #157: D3D12 # 0 inputs[llama] 
## SPLIT #159: D3D12 # 0 inputs[llama] 
## SPLIT #161: D3D12 # 0 inputs[llama] 
## SPLIT #163: D3D12 # 0 inputs[llama] 
## SPLIT #165: D3D12 # 0 inputs[llama] 
## SPLIT #167: D3D12 # 0 inputs[llama] 
## SPLIT #169: D3D12 # 0 inputs[llama] 
## SPLIT #171: D3D12 # 0 inputs[llama] 
## SPLIT #173: D3D12 # 0 inputs[llama] 
## SPLIT #175: D3D12 # 0 inputs[llama] 
## SPLIT #177: D3D12 # 0 inputs[llama] 
## SPLIT #179: D3D12 # 0 inputs[llama] 
## SPLIT #181: D3D12 # 0 inputs[llama] 
## SPLIT #183: D3D12 # 0 inputs[llama] 
## SPLIT #185: D3D12 # 0 inputs[llama] 
## SPLIT #187: D3D12 # 0 inputs[llama] 
## SPLIT #189: D3D12 # 0 inputs[llama] 
## SPLIT #191: D3D12 # 0 inputs[llama] 
## SPLIT #193: D3D12 # 0 inputs[llama] 
## SPLIT #195: D3D12 # 0 inputs[llama] 
## SPLIT #197: D3D12 # 0 inputs[llama] 
## SPLIT #199: D3D12 # 0 inputs[llama] 
## SPLIT #201: D3D12 # 0 inputs[llama] 
## SPLIT #203: D3D12 # 0 inputs[llama] 
## SPLIT #205: D3D12 # 0 inputs[llama] 
## SPLIT #207: D3D12 # 0 inputs[llama] 
## SPLIT #209: D3D12 # 0 inputs[llama] 
## SPLIT #211: D3D12 # 0 inputs[llama] 
## SPLIT #213: D3D12 # 0 inputs[llama] 
## SPLIT #215: D3D12 # 0 inputs[llama] 
## SPLIT #217: D3D12 # 0 inputs[llama] 
## SPLIT #219: D3D12 # 0 inputs[llama] 
## SPLIT #221: D3D12 # 0 inputs[llama] 
## SPLIT #223: D3D12 # 0 inputs[llama] 
## SPLIT #225: D3D12 # 0 inputs[llama] 
## SPLIT #227: D3D12 # 0 inputs[llama] 
## SPLIT #229: D3D12 # 0 inputs[llama] 
## SPLIT #231: D3D12 # 0 inputs[llama] 
## SPLIT #233: D3D12 # 0 inputs[llama] 
## SPLIT #235: D3D12 # 0 inputs[llama] 
## SPLIT #237: D3D12 # 0 inputs[llama] 
## SPLIT #239: D3D12 # 0 inputs[llama] 
## SPLIT #241: D3D12 # 0 inputs[llama] 
## SPLIT #243: D3D12 # 0 inputs[llama] 
## SPLIT #245: D3D12 # 0 inputs[llama] 
## SPLIT #247: D3D12 # 0 inputs[llama] 
## SPLIT #249: D3D12 # 0 inputs[llama] 
## SPLIT #251: D3D12 # 0 inputs[llama] 
## SPLIT #253: D3D12 # 0 inputs[llama] 
## SPLIT #255: D3D12 # 0 inputs[llama] 
## SPLIT #257: D3D12 # 0 inputs[llama] 
## SPLIT #259: D3D12 # 0 inputs[llama] 
## SPLIT #261: D3D12 # 0 inputs[llama] 
## SPLIT #1: D3D12 # 0 inputs[llama] 
## SPLIT #3: D3D12 # 0 inputs[llama] 
## SPLIT #5: D3D12 # 0 inputs[llama] 
## SPLIT #7: D3D12 # 0 inputs[llama] 
## SPLIT #9: D3D12 # 0 inputs[llama] 
## SPLIT #11: D3D12 # 0 inputs[llama] 
## SPLIT #1: D3D12 # 0 inputs[llama] 
## SPLIT #3: D3D12 # 0 inputs[llama] 
## SPLIT #5: D3D12 # 0 inputs[llama] 
## SPLIT #7: D3D12 # 0 inputs[llama] 
## SPLIT #9: D3D12 # 0 inputs[llama] 
## SPLIT #11: D3D12 # 0 inputs[llama] 
## SPLIT #1: D3D12 # 0 inputs[llama] 
## SPLIT #3: D3D12 # 0 inputs[llama] 
## SPLIT #5: D3D12 # 0 inputs[llama] 
## SPLIT #7: D3D12 # 0 inputs[llama] 
## SPLIT #9: D3D12 # 0 inputs[llama] 
## SPLIT #11: D3D12 # 0 inputs[llama] 
## SPLIT #13: D3D12 # 0 inputs[llama] 
## SPLIT #15: D3D12 # 0 inputs[llama] 
## SPLIT #17: D3D12 # 0 inputs[llama] 
## SPLIT #19: D3D12 # 0 inputs[llama] 
## SPLIT #21: D3D12 # 0 inputs[llama] 
## SPLIT #23: D3D12 # 0 inputs[llama] 
## SPLIT #25: D3D12 # 0 inputs[llama] 
## SPLIT #27: D3D12 # 0 inputs[llama] 
## SPLIT #29: D3D12 # 0 inputs[llama] 
## SPLIT #31: D3D12 # 0 inputs[llama] 
## SPLIT #33: D3D12 # 0 inputs[llama] 
## SPLIT #35: D3D12 # 0 inputs[llama] 
## SPLIT #37: D3D12 # 0 inputs[llama] 
## SPLIT #39: D3D12 # 0 inputs[llama] 
## SPLIT #41: D3D12 # 0 inputs[llama] 
## SPLIT #43: D3D12 # 0 inputs[llama] 
## SPLIT #45: D3D12 # 0 inputs[llama] 
## SPLIT #47: D3D12 # 0 inputs[llama] 
## SPLIT #49: D3D12 # 0 inputs[llama] 
## SPLIT #51: D3D12 # 0 inputs[llama] 
## SPLIT #53: D3D12 # 0 inputs[llama] 
## SPLIT #55: D3D12 # 0 inputs[llama] 
## SPLIT #57: D3D12 # 0 inputs[llama] 
## SPLIT #59: D3D12 # 0 inputs[llama] 
## SPLIT #61: D3D12 # 0 inputs[llama] 
## SPLIT #63: D3D12 # 0 inputs[llama] 
## SPLIT #65: D3D12 # 0 inputs[llama] 
## SPLIT #67: D3D12 # 0 inputs[llama] 
## SPLIT #69: D3D12 # 0 inputs[llama] 
## SPLIT #71: D3D12 # 0 inputs[llama] 
## SPLIT #73: D3D12 # 0 inputs[llama] 
## SPLIT #75: D3D12 # 0 inputs[llama] 
## SPLIT #77: D3D12 # 0 inputs[llama] 
## SPLIT #79: D3D12 # 0 inputs[llama] 
## SPLIT #81: D3D12 # 0 inputs[llama] 
## SPLIT #83: D3D12 # 0 inputs[llama] 
## SPLIT #85: D3D12 # 0 inputs[llama] 
## SPLIT #87: D3D12 # 0 inputs[llama] 
## SPLIT #89: D3D12 # 0 inputs[llama] 
## SPLIT #91: D3D12 # 0 inputs[llama] 
## SPLIT #93: D3D12 # 0 inputs[llama] 
## SPLIT #95: D3D12 # 0 inputs[llama] 
## SPLIT #97: D3D12 # 0 inputs[llama] 
## SPLIT #99: D3D12 # 0 inputs[llama] 
## SPLIT #101: D3D12 # 0 inputs[llama] 
## SPLIT #103: D3D12 # 0 inputs[llama] 
## SPLIT #105: D3D12 # 0 inputs[llama] 
## SPLIT #107: D3D12 # 0 inputs[llama] 
## SPLIT #109: D3D12 # 0 inputs[llama] 
## SPLIT #111: D3D12 # 0 inputs[llama] 
## SPLIT #113: D3D12 # 0 inputs[llama] 
## SPLIT #115: D3D12 # 0 inputs[llama] 
## SPLIT #117: D3D12 # 0 inputs[llama] 
## SPLIT #119: D3D12 # 0 inputs[llama] 
## SPLIT #121: D3D12 # 0 inputs[llama] 
## SPLIT #123: D3D12 # 0 inputs[llama] 
## SPLIT #125: D3D12 # 0 inputs[llama] 
## SPLIT #127: D3D12 # 0 inputs[llama] 
## SPLIT #129: D3D12 # 0 inputs[llama] 
## SPLIT #131: D3D12 # 0 inputs[llama] 
## SPLIT #133: D3D12 # 0 inputs[llama] 
## SPLIT #135: D3D12 # 0 inputs[llama] 
## SPLIT #137: D3D12 # 0 inputs[llama] 
## SPLIT #139: D3D12 # 0 inputs[llama] 
## SPLIT #141: D3D12 # 0 inputs[llama] 
## SPLIT #143: D3D12 # 0 inputs[llama] 
## SPLIT #145: D3D12 # 0 inputs[llama] 
## SPLIT #147: D3D12 # 0 inputs[llama] 
## SPLIT #149: D3D12 # 0 inputs[llama] 
## SPLIT #151: D3D12 # 0 inputs[llama] 
## SPLIT #153: D3D12 # 0 inputs[llama] 
## SPLIT #155: D3D12 # 0 inputs[llama] 
## SPLIT #157: D3D12 # 0 inputs[llama] 
## SPLIT #159: D3D12 # 0 inputs[llama] 
## SPLIT #161: D3D12 # 0 inputs[llama] 
## SPLIT #163: D3D12 # 0 inputs[llama] 
## SPLIT #165: D3D12 # 0 inputs[llama] 
## SPLIT #167: D3D12 # 0 inputs[llama] 
## SPLIT #169: D3D12 # 0 inputs[llama] 
## SPLIT #171: D3D12 # 0 inputs[llama] 
## SPLIT #173: D3D12 # 0 inputs[llama] 
## SPLIT #175: D3D12 # 0 inputs[llama] 
## SPLIT #177: D3D12 # 0 inputs[llama] 
## SPLIT #179: D3D12 # 0 inputs[llama] 
## SPLIT #181: D3D12 # 0 inputs[llama] 
## SPLIT #183: D3D12 # 0 inputs[llama] 
## SPLIT #185: D3D12 # 0 inputs[llama] 
## SPLIT #187: D3D12 # 0 inputs[llama] 
## SPLIT #189: D3D12 # 0 inputs[llama] 
## SPLIT #191: D3D12 # 0 inputs[llama] 
## SPLIT #193: D3D12 # 0 inputs[llama] 
## SPLIT #195: D3D12 # 0 inputs[llama] 
## SPLIT #197: D3D12 # 0 inputs[llama] 
## SPLIT #199: D3D12 # 0 inputs[llama] 
## SPLIT #201: D3D12 # 0 inputs[llama] 
## SPLIT #203: D3D12 # 0 inputs[llama] 
## SPLIT #205: D3D12 # 0 inputs[llama] 
## SPLIT #207: D3D12 # 0 inputs[llama] 
## SPLIT #209: D3D12 # 0 inputs[llama] 
## SPLIT #211: D3D12 # 0 inputs[llama] 
## SPLIT #213: D3D12 # 0 inputs[llama] 
## SPLIT #215: D3D12 # 0 inputs[llama] 
## SPLIT #217: D3D12 # 0 inputs[llama] 
## SPLIT #219: D3D12 # 0 inputs[llama] 
## SPLIT #221: D3D12 # 0 inputs[llama] 
## SPLIT #223: D3D12 # 0 inputs[llama] 
## SPLIT #225: D3D12 # 0 inputs[llama] 
## SPLIT #227: D3D12 # 0 inputs[llama] 
## SPLIT #229: D3D12 # 0 inputs[llama] 
## SPLIT #231: D3D12 # 0 inputs[llama] 
## SPLIT #233: D3D12 # 0 inputs[llama] 
## SPLIT #235: D3D12 # 0 inputs[llama] 
## SPLIT #237: D3D12 # 0 inputs[llama] 
## SPLIT #239: D3D12 # 0 inputs[llama] 
## SPLIT #241: D3D12 # 0 inputs[llama] 
## SPLIT #243: D3D12 # 0 inputs[llama] 
## SPLIT #245: D3D12 # 0 inputs[llama] 
## SPLIT #247: D3D12 # 0 inputs[llama] 
## SPLIT #249: D3D12 # 0 inputs[llama] 
## SPLIT #251: D3D12 # 0 inputs[llama] 
## SPLIT #253: D3D12 # 0 inputs[llama] 
## SPLIT #255: D3D12 # 0 inputs[llama] 
## SPLIT #257: D3D12 # 0 inputs[llama] 
## SPLIT #259: D3D12 # 0 inputs[llama] 
## SPLIT #261: D3D12 # 0 inputs[llama] 
## SPLIT #1: D3D12 # 0 inputs[llama] 
## SPLIT #3: D3D12 # 0 inputs[llama] 
## SPLIT #5: D3D12 # 0 inputs[llama] 
## SPLIT #7: D3D12 # 0 inputs[llama] 
## SPLIT #9: D3D12 # 0 inputs[llama] 
## SPLIT #11: D3D12 # 0 inputs[llama] 
## SPLIT #13: D3D12 # 0 inputs[llama] 
## SPLIT #15: D3D12 # 0 inputs[llama] 
## SPLIT #17: D3D12 # 0 inputs[llama] 
## SPLIT #19: D3D12 # 0 inputs[llama] 
## SPLIT #21: D3D12 # 0 inputs[llama] 
## SPLIT #23: D3D12 # 0 inputs[llama] 
## SPLIT #25: D3D12 # 0 inputs[llama] 
## SPLIT #27: D3D12 # 0 inputs[llama] 
## SPLIT #29: D3D12 # 0 inputs[llama] 
## SPLIT #31: D3D12 # 0 inputs[llama] 
## SPLIT #33: D3D12 # 0 inputs[llama] 
## SPLIT #35: D3D12 # 0 inputs[llama] 
## SPLIT #37: D3D12 # 0 inputs[llama] 
## SPLIT #39: D3D12 # 0 inputs[llama] 
## SPLIT #41: D3D12 # 0 inputs[llama] 
## SPLIT #43: D3D12 # 0 inputs[llama] 
## SPLIT #45: D3D12 # 0 inputs[llama] 
## SPLIT #47: D3D12 # 0 inputs[llama] 
## SPLIT #49: D3D12 # 0 inputs[llama] 
## SPLIT #51: D3D12 # 0 inputs[llama] 
## SPLIT #53: D3D12 # 0 inputs[llama] 
## SPLIT #55: D3D12 # 0 inputs[llama] 
## SPLIT #57: D3D12 # 0 inputs[llama] 
## SPLIT #59: D3D12 # 0 inputs[llama] 
## SPLIT #61: D3D12 # 0 inputs[llama] 
## SPLIT #63: D3D12 # 0 inputs[llama] 
## SPLIT #65: D3D12 # 0 inputs[llama] 
## SPLIT #67: D3D12 # 0 inputs[llama] 
## SPLIT #69: D3D12 # 0 inputs[llama] 
## SPLIT #71: D3D12 # 0 inputs[llama] 
## SPLIT #73: D3D12 # 0 inputs[llama] 
## SPLIT #75: D3D12 # 0 inputs[llama] 
## SPLIT #77: D3D12 # 0 inputs[llama] 
## SPLIT #79: D3D12 # 0 inputs[llama] 
## SPLIT #81: D3D12 # 0 inputs[llama] 
## SPLIT #83: D3D12 # 0 inputs[llama] 
## SPLIT #85: D3D12 # 0 inputs[llama] 
## SPLIT #87: D3D12 # 0 inputs[llama] 
## SPLIT #89: D3D12 # 0 inputs[llama] 
## SPLIT #91: D3D12 # 0 inputs[llama] 
## SPLIT #93: D3D12 # 0 inputs[llama] 
## SPLIT #95: D3D12 # 0 inputs[llama] 
## SPLIT #97: D3D12 # 0 inputs[llama] 
## SPLIT #99: D3D12 # 0 inputs[llama] 
## SPLIT #101: D3D12 # 0 inputs[llama] 
## SPLIT #103: D3D12 # 0 inputs[llama] 
## SPLIT #105: D3D12 # 0 inputs[llama] 
## SPLIT #107: D3D12 # 0 inputs[llama] 
## SPLIT #109: D3D12 # 0 inputs[llama] 
## SPLIT #111: D3D12 # 0 inputs[llama] 
## SPLIT #113: D3D12 # 0 inputs[llama] 
## SPLIT #115: D3D12 # 0 inputs[llama] 
## SPLIT #117: D3D12 # 0 inputs[llama] 
## SPLIT #119: D3D12 # 0 inputs[llama] 
## SPLIT #121: D3D12 # 0 inputs[llama] 
## SPLIT #123: D3D12 # 0 inputs[llama] 
## SPLIT #125: D3D12 # 0 inputs[llama] 
## SPLIT #127: D3D12 # 0 inputs[llama] 
## SPLIT #129: D3D12 # 0 inputs[llama] 
## SPLIT #131: D3D12 # 0 inputs[llama] 
## SPLIT #133: D3D12 # 0 inputs[llama] 
## SPLIT #135: D3D12 # 0 inputs[llama] 
## SPLIT #137: D3D12 # 0 inputs[llama] 
## SPLIT #139: D3D12 # 0 inputs[llama] 
## SPLIT #141: D3D12 # 0 inputs[llama] 
## SPLIT #143: D3D12 # 0 inputs[llama] 
## SPLIT #145: D3D12 # 0 inputs[llama] 
## SPLIT #147: D3D12 # 0 inputs[llama] 
## SPLIT #149: D3D12 # 0 inputs[llama] 
## SPLIT #151: D3D12 # 0 inputs[llama] 
## SPLIT #153: D3D12 # 0 inputs[llama] 
## SPLIT #155: D3D12 # 0 inputs[llama] 
## SPLIT #157: D3D12 # 0 inputs[llama] 
## SPLIT #159: D3D12 # 0 inputs[llama] 
## SPLIT #161: D3D12 # 0 inputs[llama] 
## SPLIT #163: D3D12 # 0 inputs[llama] 
## SPLIT #165: D3D12 # 0 inputs[llama] 
## SPLIT #167: D3D12 # 0 inputs[llama] 
## SPLIT #169: D3D12 # 0 inputs[llama] 
## SPLIT #171: D3D12 # 0 inputs[llama] 
## SPLIT #173: D3D12 # 0 inputs[llama] 
## SPLIT #175: D3D12 # 0 inputs[llama] 
## SPLIT #177: D3D12 # 0 inputs[llama] 
## SPLIT #179: D3D12 # 0 inputs[llama] 
## SPLIT #181: D3D12 # 0 inputs[llama] 
## SPLIT #183: D3D12 # 0 inputs[llama] 
## SPLIT #185: D3D12 # 0 inputs[llama] 
## SPLIT #187: D3D12 # 0 inputs[llama] 
## SPLIT #189: D3D12 # 0 inputs[llama] 
## SPLIT #191: D3D12 # 0 inputs[llama] 
## SPLIT #193: D3D12 # 0 inputs[llama] 
## SPLIT #195: D3D12 # 0 inputs[llama] 
## SPLIT #197: D3D12 # 0 inputs[llama] 
## SPLIT #199: D3D12 # 0 inputs[llama] 
## SPLIT #201: D3D12 # 0 inputs[llama] 
## SPLIT #203: D3D12 # 0 inputs[llama] 
## SPLIT #205: D3D12 # 0 inputs[llama] 
## SPLIT #207: D3D12 # 0 inputs[llama] 
## SPLIT #209: D3D12 # 0 inputs[llama] 
## SPLIT #211: D3D12 # 0 inputs[llama] 
## SPLIT #213: D3D12 # 0 inputs[llama] 
## SPLIT #215: D3D12 # 0 inputs[llama] 
## SPLIT #217: D3D12 # 0 inputs[llama] 
## SPLIT #219: D3D12 # 0 inputs[llama] 
## SPLIT #221: D3D12 # 0 inputs[llama] 
## SPLIT #223: D3D12 # 0 inputs[llama] 
## SPLIT #225: D3D12 # 0 inputs[llama] 
## SPLIT #227: D3D12 # 0 inputs[llama] 
## SPLIT #229: D3D12 # 0 inputs[llama] 
## SPLIT #231: D3D12 # 0 inputs[llama] 
## SPLIT #233: D3D12 # 0 inputs[llama] 
## SPLIT #235: D3D12 # 0 inputs[llama] 
## SPLIT #237: D3D12 # 0 inputs[llama] 
## SPLIT #239: D3D12 # 0 inputs[llama] 
## SPLIT #241: D3D12 # 0 inputs[llama] 
## SPLIT #243: D3D12 # 0 inputs[llama] 
## SPLIT #245: D3D12 # 0 inputs[llama] 
## SPLIT #247: D3D12 # 0 inputs[llama] 
## SPLIT #249: D3D12 # 0 inputs[llama] 
## SPLIT #251: D3D12 # 0 inputs[llama] 
## SPLIT #253: D3D12 # 0 inputs[llama] 
## SPLIT #255: D3D12 # 0 inputs[llama] 
## SPLIT #257: D3D12 # 0 inputs[llama] 
## SPLIT #259: D3D12 # 0 inputs[llama] 
## SPLIT #261: D3D12 # 0 inputs[llama] 
## SPLIT #1: D3D12 # 0 inputs[llama] 
## SPLIT #3: D3D12 # 0 inputs[llama] 
## SPLIT #5: D3D12 # 0 inputs[llama] 
## SPLIT #7: D3D12 # 0 inputs[llama] 
## SPLIT #9: D3D12 # 0 inputs[llama] 
## SPLIT #11: D3D12 # 0 inputs[llama] 
## SPLIT #1: D3D12 # 0 inputs[llama] 
## SPLIT #3: D3D12 # 0 inputs[llama] 
## SPLIT #5: D3D12 # 0 inputs[llama] 
## SPLIT #7: D3D12 # 0 inputs[llama] 
## SPLIT #9: D3D12 # 0 inputs[llama] 
## SPLIT #11: D3D12 # 0 inputs[llama] 
## SPLIT #1: D3D12 # 0 inputs[llama] 
## SPLIT #3: D3D12 # 0 inputs[llama] 
## SPLIT #5: D3D12 # 0 inputs[llama] 
## SPLIT #7: D3D12 # 0 inputs[llama] 
## SPLIT #9: D3D12 # 0 inputs[llama] 
## SPLIT #11: D3D12 # 0 inputs[llama] 
## SPLIT #1: D3D12 # 0 inputs[llama] 
## SPLIT #3: D3D12 # 0 inputs[llama] 
## SPLIT #5: D3D12 # 0 inputs[llama] 
## SPLIT #7: D3D12 # 0 inputs[llama] 
## SPLIT #9: D3D12 # 0 inputs[llama] 
## SPLIT #11: D3D12 # 0 inputs[llama] 
## SPLIT #1: D3D12 # 0 inputs[llama] 
## SPLIT #3: D3D12 # 0 inputs[llama] 
## SPLIT #5: D3D12 # 0 inputs[llama] 
## SPLIT #7: D3D12 # 0 inputs[llama] 
## SPLIT #9: D3D12 # 0 inputs[llama] 
## SPLIT #11: D3D12 # 0 inputs[llama] 
## SPLIT #13: D3D12 # 0 inputs[llama] 
## SPLIT #15: D3D12 # 0 inputs[llama] 
## SPLIT #17: D3D12 # 0 inputs[llama] 
## SPLIT #19: D3D12 # 0 inputs[llama] 
## SPLIT #21: D3D12 # 0 inputs[llama] 
## SPLIT #23: D3D12 # 0 inputs[llama] 
## SPLIT #25: D3D12 # 0 inputs[llama] 
## SPLIT #27: D3D12 # 0 inputs[llama] 
## SPLIT #29: D3D12 # 0 inputs[llama] 
## SPLIT #31: D3D12 # 0 inputs[llama] 
## SPLIT #33: D3D12 # 0 inputs[llama] 
## SPLIT #35: D3D12 # 0 inputs[llama] 
## SPLIT #37: D3D12 # 0 inputs[llama] 
## SPLIT #39: D3D12 # 0 inputs[llama] 
## SPLIT #41: D3D12 # 0 inputs[llama] 
## SPLIT #43: D3D12 # 0 inputs[llama] 
## SPLIT #45: D3D12 # 0 inputs[llama] 
## SPLIT #47: D3D12 # 0 inputs[llama] 
## SPLIT #49: D3D12 # 0 inputs[llama] 
## SPLIT #51: D3D12 # 0 inputs[llama] 
## SPLIT #53: D3D12 # 0 inputs[llama] 
## SPLIT #55: D3D12 # 0 inputs[llama] 
## SPLIT #57: D3D12 # 0 inputs[llama] 
## SPLIT #59: D3D12 # 0 inputs[llama] 
## SPLIT #61: D3D12 # 0 inputs[llama] 
## SPLIT #63: D3D12 # 0 inputs[llama] 
## SPLIT #65: D3D12 # 0 inputs[llama] 
## SPLIT #67: D3D12 # 0 inputs[llama] 
## SPLIT #69: D3D12 # 0 inputs[llama] 
## SPLIT #71: D3D12 # 0 inputs[llama] 
## SPLIT #73: D3D12 # 0 inputs[llama] 
## SPLIT #75: D3D12 # 0 inputs[llama] 
## SPLIT #77: D3D12 # 0 inputs[llama] 
## SPLIT #79: D3D12 # 0 inputs[llama] 
## SPLIT #81: D3D12 # 0 inputs[llama] 
## SPLIT #83: D3D12 # 0 inputs[llama] 
## SPLIT #85: D3D12 # 0 inputs[llama] 
## SPLIT #87: D3D12 # 0 inputs[llama] 
## SPLIT #89: D3D12 # 0 inputs[llama] 
## SPLIT #91: D3D12 # 0 inputs[llama] 
## SPLIT #93: D3D12 # 0 inputs[llama] 
## SPLIT #95: D3D12 # 0 inputs[llama] 
## SPLIT #97: D3D12 # 0 inputs[llama] 
## SPLIT #99: D3D12 # 0 inputs[llama] 
## SPLIT #101: D3D12 # 0 inputs[llama] 
## SPLIT #103: D3D12 # 0 inputs[llama] 
## SPLIT #105: D3D12 # 0 inputs[llama] 
## SPLIT #107: D3D12 # 0 inputs[llama] 
## SPLIT #109: D3D12 # 0 inputs[llama] 
## SPLIT #111: D3D12 # 0 inputs[llama] 
## SPLIT #113: D3D12 # 0 inputs[llama] 
## SPLIT #115: D3D12 # 0 inputs[llama] 
## SPLIT #117: D3D12 # 0 inputs[llama] 
## SPLIT #119: D3D12 # 0 inputs[llama] 
## SPLIT #121: D3D12 # 0 inputs[llama] 
## SPLIT #123: D3D12 # 0 inputs[llama] 
## SPLIT #125: D3D12 # 0 inputs[llama] 
## SPLIT #127: D3D12 # 0 inputs[llama] 
## SPLIT #129: D3D12 # 0 inputs[llama] 
## SPLIT #131: D3D12 # 0 inputs[llama] 
## SPLIT #133: D3D12 # 0 inputs[llama] 
## SPLIT #135: D3D12 # 0 inputs[llama] 
## SPLIT #137: D3D12 # 0 inputs[llama] 
## SPLIT #139: D3D12 # 0 inputs[llama] 
## SPLIT #141: D3D12 # 0 inputs[llama] 
## SPLIT #143: D3D12 # 0 inputs[llama] 
## SPLIT #145: D3D12 # 0 inputs[llama] 
## SPLIT #147: D3D12 # 0 inputs[llama] 
## SPLIT #149: D3D12 # 0 inputs[llama] 
## SPLIT #151: D3D12 # 0 inputs[llama] 
## SPLIT #153: D3D12 # 0 inputs[llama] 
## SPLIT #155: D3D12 # 0 inputs[llama] 
## SPLIT #157: D3D12 # 0 inputs[llama] 
## SPLIT #159: D3D12 # 0 inputs[llama] 
## SPLIT #161: D3D12 # 0 inputs[llama] 
## SPLIT #163: D3D12 # 0 inputs[llama] 
## SPLIT #165: D3D12 # 0 inputs[llama] 
## SPLIT #167: D3D12 # 0 inputs[llama] 
## SPLIT #169: D3D12 # 0 inputs[llama] 
## SPLIT #171: D3D12 # 0 inputs[llama] 
## SPLIT #173: D3D12 # 0 inputs[llama] 
## SPLIT #175: D3D12 # 0 inputs[llama] 
## SPLIT #177: D3D12 # 0 inputs[llama] 
## SPLIT #179: D3D12 # 0 inputs[llama] 
## SPLIT #181: D3D12 # 0 inputs[llama] 
## SPLIT #183: D3D12 # 0 inputs[llama] 
## SPLIT #185: D3D12 # 0 inputs[llama] 
## SPLIT #187: D3D12 # 0 inputs[llama] 
## SPLIT #189: D3D12 # 0 inputs[llama] 
## SPLIT #191: D3D12 # 0 inputs[llama] 
## SPLIT #193: D3D12 # 0 inputs[llama] 
## SPLIT #195: D3D12 # 0 inputs[llama] 
## SPLIT #197: D3D12 # 0 inputs[llama] 
## SPLIT #199: D3D12 # 0 inputs[llama] 
## SPLIT #201: D3D12 # 0 inputs[llama] 
## SPLIT #203: D3D12 # 0 inputs[llama] 
## SPLIT #205: D3D12 # 0 inputs[llama] 
## SPLIT #207: D3D12 # 0 inputs[llama] 
## SPLIT #209: D3D12 # 0 inputs[llama] 
## SPLIT #211: D3D12 # 0 inputs[llama] 
## SPLIT #213: D3D12 # 0 inputs[llama] 
## SPLIT #215: D3D12 # 0 inputs[llama] 
## SPLIT #217: D3D12 # 0 inputs[llama] 
## SPLIT #219: D3D12 # 0 inputs[llama] 
## SPLIT #221: D3D12 # 0 inputs[llama] 
## SPLIT #223: D3D12 # 0 inputs[llama] 
## SPLIT #225: D3D12 # 0 inputs[llama] 
## SPLIT #227: D3D12 # 0 inputs[llama] 
## SPLIT #229: D3D12 # 0 inputs[llama] 
## SPLIT #231: D3D12 # 0 inputs[llama] 
## SPLIT #233: D3D12 # 0 inputs[llama] 
## SPLIT #235: D3D12 # 0 inputs[llama] 
## SPLIT #237: D3D12 # 0 inputs[llama] 
## SPLIT #239: D3D12 # 0 inputs[llama] 
## SPLIT #241: D3D12 # 0 inputs[llama] 
## SPLIT #243: D3D12 # 0 inputs[llama] 
## SPLIT #245: D3D12 # 0 inputs[llama] 
## SPLIT #247: D3D12 # 0 inputs[llama] 
## SPLIT #249: D3D12 # 0 inputs[llama] 
## SPLIT #251: D3D12 # 0 inputs[llama] 
## SPLIT #253: D3D12 # 0 inputs[llama] 
## SPLIT #255: D3D12 # 0 inputs[llama] 
## SPLIT #257: D3D12 # 0 inputs[llama] 
## SPLIT #259: D3D12 # 0 inputs[llama] 
## SPLIT #261: D3D12 # 0 inputs[llama] 
## SPLIT #1: D3D12 # 0 inputs[llama] 
## SPLIT #3: D3D12 # 0 inputs[llama] 
## SPLIT #5: D3D12 # 0 inputs[llama] 
## SPLIT #7: D3D12 # 0 inputs[llama] 
## SPLIT #9: D3D12 # 0 inputs[llama] 
## SPLIT #11: D3D12 # 0 inputs[llama] 
## SPLIT #1: D3D12 # 0 inputs[llama] 
## SPLIT #3: D3D12 # 0 inputs[llama] 
## SPLIT #5: D3D12 # 0 inputs[llama] 
## SPLIT #7: D3D12 # 0 inputs[llama] 
## SPLIT #9: D3D12 # 0 inputs[llama] 
## SPLIT #11: D3D12 # 0 inputs[llama] 
## SPLIT #1: D3D12 # 0 inputs[llama] 
## SPLIT #3: D3D12 # 0 inputs[llama] 
## SPLIT #5: D3D12 # 0 inputs[llama] 
## SPLIT #7: D3D12 # 0 inputs[llama] 
## SPLIT #9: D3D12 # 0 inputs[llama] 
## SPLIT #11: D3D12 # 0 inputs[llama] 
## SPLIT #1: D3D12 # 0 inputs[llama] 
## SPLIT #3: D3D12 # 0 inputs[llama] 
## SPLIT #5: D3D12 # 0 inputs[llama] 
## SPLIT #7: D3D12 # 0 inputs[llama] 
## SPLIT #9: D3D12 # 0 inputs[llama] 
## SPLIT #11: D3D12 # 0 inputs[llama] 
## SPLIT #1: D3D12 # 0 inputs[llama] 
## SPLIT #3: D3D12 # 0 inputs[llama] 
## SPLIT #5: D3D12 # 0 inputs[llama] 
## SPLIT #7: D3D12 # 0 inputs[llama] 
## SPLIT #9: D3D12 # 0 inputs[llama] 
## SPLIT #11: D3D12 # 0 inputs[llama] 
## SPLIT #13: D3D12 # 0 inputs[llama] 
## SPLIT #15: D3D12 # 0 inputs[llama] 
## SPLIT #17: D3D12 # 0 inputs[llama] 
## SPLIT #19: D3D12 # 0 inputs[llama] 
## SPLIT #21: D3D12 # 0 inputs[llama] 
## SPLIT #23: D3D12 # 0 inputs[llama] 
## SPLIT #25: D3D12 # 0 inputs[llama] 
## SPLIT #27: D3D12 # 0 inputs[llama] 
## SPLIT #29: D3D12 # 0 inputs[llama] 
## SPLIT #31: D3D12 # 0 inputs[llama] 
## SPLIT #33: D3D12 # 0 inputs[llama] 
## SPLIT #35: D3D12 # 0 inputs[llama] 
## SPLIT #37: D3D12 # 0 inputs[llama] 
## SPLIT #39: D3D12 # 0 inputs[llama] 
## SPLIT #41: D3D12 # 0 inputs[llama] 
## SPLIT #43: D3D12 # 0 inputs[llama] 
## SPLIT #45: D3D12 # 0 inputs[llama] 
## SPLIT #47: D3D12 # 0 inputs[llama] 
## SPLIT #49: D3D12 # 0 inputs[llama] 
## SPLIT #51: D3D12 # 0 inputs[llama] 
## SPLIT #53: D3D12 # 0 inputs[llama] 
## SPLIT #55: D3D12 # 0 inputs[llama] 
## SPLIT #57: D3D12 # 0 inputs[llama] 
## SPLIT #59: D3D12 # 0 inputs[llama] 
## SPLIT #61: D3D12 # 0 inputs[llama] 
## SPLIT #63: D3D12 # 0 inputs[llama] 
## SPLIT #65: D3D12 # 0 inputs[llama] 
## SPLIT #67: D3D12 # 0 inputs[llama] 
## SPLIT #69: D3D12 # 0 inputs[llama] 
## SPLIT #71: D3D12 # 0 inputs[llama] 
## SPLIT #73: D3D12 # 0 inputs[llama] 
## SPLIT #75: D3D12 # 0 inputs[llama] 
## SPLIT #77: D3D12 # 0 inputs[llama] 
## SPLIT #79: D3D12 # 0 inputs[llama] 
## SPLIT #81: D3D12 # 0 inputs[llama] 
## SPLIT #83: D3D12 # 0 inputs[llama] 
## SPLIT #85: D3D12 # 0 inputs[llama] 
## SPLIT #87: D3D12 # 0 inputs[llama] 
## SPLIT #89: D3D12 # 0 inputs[llama] 
## SPLIT #91: D3D12 # 0 inputs[llama] 
## SPLIT #93: D3D12 # 0 inputs[llama] 
## SPLIT #95: D3D12 # 0 inputs[llama] 
## SPLIT #97: D3D12 # 0 inputs[llama] 
## SPLIT #99: D3D12 # 0 inputs[llama] 
## SPLIT #101: D3D12 # 0 inputs[llama] 
## SPLIT #103: D3D12 # 0 inputs[llama] 
## SPLIT #105: D3D12 # 0 inputs[llama] 
## SPLIT #107: D3D12 # 0 inputs[llama] 
## SPLIT #109: D3D12 # 0 inputs[llama] 
## SPLIT #111: D3D12 # 0 inputs[llama] 
## SPLIT #113: D3D12 # 0 inputs[llama] 
## SPLIT #115: D3D12 # 0 inputs[llama] 
## SPLIT #117: D3D12 # 0 inputs[llama] 
## SPLIT #119: D3D12 # 0 inputs[llama] 
## SPLIT #121: D3D12 # 0 inputs[llama] 
## SPLIT #123: D3D12 # 0 inputs[llama] 
## SPLIT #125: D3D12 # 0 inputs[llama] 
## SPLIT #127: D3D12 # 0 inputs[llama] 
## SPLIT #129: D3D12 # 0 inputs[llama] 
## SPLIT #131: D3D12 # 0 inputs[llama] 
## SPLIT #133: D3D12 # 0 inputs[llama] 
## SPLIT #135: D3D12 # 0 inputs[llama] 
## SPLIT #137: D3D12 # 0 inputs[llama] 
## SPLIT #139: D3D12 # 0 inputs[llama] 
## SPLIT #141: D3D12 # 0 inputs[llama] 
## SPLIT #143: D3D12 # 0 inputs[llama] 
## SPLIT #145: D3D12 # 0 inputs[llama] 
## SPLIT #147: D3D12 # 0 inputs[llama] 
## SPLIT #149: D3D12 # 0 inputs[llama] 
## SPLIT #151: D3D12 # 0 inputs[llama] 
## SPLIT #153: D3D12 # 0 inputs[llama] 
## SPLIT #155: D3D12 # 0 inputs[llama] 
## SPLIT #157: D3D12 # 0 inputs[llama] 
## SPLIT #159: D3D12 # 0 inputs[llama] 
## SPLIT #161: D3D12 # 0 inputs[llama] 
## SPLIT #163: D3D12 # 0 inputs[llama] 
## SPLIT #165: D3D12 # 0 inputs[llama] 
## SPLIT #167: D3D12 # 0 inputs[llama] 
## SPLIT #169: D3D12 # 0 inputs[llama] 
## SPLIT #171: D3D12 # 0 inputs[llama] 
## SPLIT #173: D3D12 # 0 inputs[llama] 
## SPLIT #175: D3D12 # 0 inputs[llama] 
## SPLIT #177: D3D12 # 0 inputs[llama] 
## SPLIT #179: D3D12 # 0 inputs[llama] 
## SPLIT #181: D3D12 # 0 inputs[llama] 
## SPLIT #183: D3D12 # 0 inputs[llama] 
## SPLIT #185: D3D12 # 0 inputs[llama] 
## SPLIT #187: D3D12 # 0 inputs[llama] 
## SPLIT #189: D3D12 # 0 inputs[llama] 
## SPLIT #191: D3D12 # 0 inputs[llama] 
## SPLIT #193: D3D12 # 0 inputs[llama] 
## SPLIT #195: D3D12 # 0 inputs[llama] 
## SPLIT #197: D3D12 # 0 inputs[llama] 
## SPLIT #199: D3D12 # 0 inputs[llama] 
## SPLIT #201: D3D12 # 0 inputs[llama] 
## SPLIT #203: D3D12 # 0 inputs[llama] 
## SPLIT #205: D3D12 # 0 inputs[llama] 
## SPLIT #207: D3D12 # 0 inputs[llama] 
## SPLIT #209: D3D12 # 0 inputs[llama] 
## SPLIT #211: D3D12 # 0 inputs[llama] 
## SPLIT #213: D3D12 # 0 inputs[llama] 
## SPLIT #215: D3D12 # 0 inputs[llama] 
## SPLIT #217: D3D12 # 0 inputs[llama] 
## SPLIT #219: D3D12 # 0 inputs[llama] 
## SPLIT #221: D3D12 # 0 inputs[llama] 
## SPLIT #223: D3D12 # 0 inputs[llama] 
## SPLIT #225: D3D12 # 0 inputs[llama] 
## SPLIT #227: D3D12 # 0 inputs[llama] 
## SPLIT #229: D3D12 # 0 inputs[llama] 
## SPLIT #231: D3D12 # 0 inputs[llama] 
## SPLIT #233: D3D12 # 0 inputs[llama] 
## SPLIT #235: D3D12 # 0 inputs[llama] 
## SPLIT #237: D3D12 # 0 inputs[llama] 
## SPLIT #239: D3D12 # 0 inputs[llama] 
## SPLIT #241: D3D12 # 0 inputs[llama] 
## SPLIT #243: D3D12 # 0 inputs[llama] 
## SPLIT #245: D3D12 # 0 inputs[llama] 
## SPLIT #247: D3D12 # 0 inputs[llama] 
## SPLIT #249: D3D12 # 0 inputs[llama] 
## SPLIT #251: D3D12 # 0 inputs[llama] 
## SPLIT #253: D3D12 # 0 inputs[llama] 
## SPLIT #255: D3D12 # 0 inputs[llama] 
## SPLIT #257: D3D12 # 0 inputs[llama] 
## SPLIT #259: D3D12 # 0 inputs[llama] 
## SPLIT #261: D3D12 # 0 inputs[llama] 
## SPLIT #1: D3D12 # 0 inputs[llama] 
## SPLIT #3: D3D12 # 0 inputs[llama] 
## SPLIT #5: D3D12 # 0 inputs[llama] 
## SPLIT #7: D3D12 # 0 inputs[llama] 
## SPLIT #9: D3D12 # 0 inputs[llama] 
## SPLIT #11: D3D12 # 0 inputs[llama] 
## SPLIT #13: D3D12 # 0 inputs[llama] 
## SPLIT #15: D3D12 # 0 inputs[llama] 
## SPLIT #17: D3D12 # 0 inputs[llama] 
## SPLIT #19: D3D12 # 0 inputs[llama] 
## SPLIT #21: D3D12 # 0 inputs[llama] 
## SPLIT #23: D3D12 # 0 inputs[llama] 
## SPLIT #25: D3D12 # 0 inputs[llama] 
## SPLIT #27: D3D12 # 0 inputs[llama] 
## SPLIT #29: D3D12 # 0 inputs[llama] 
## SPLIT #31: D3D12 # 0 inputs[llama] 
## SPLIT #33: D3D12 # 0 inputs[llama] 
## SPLIT #35: D3D12 # 0 inputs[llama] 
## SPLIT #37: D3D12 # 0 inputs[llama] 
## SPLIT #39: D3D12 # 0 inputs[llama] 
## SPLIT #41: D3D12 # 0 inputs[llama] 
## SPLIT #43: D3D12 # 0 inputs[llama] 
## SPLIT #45: D3D12 # 0 inputs[llama] 
## SPLIT #47: D3D12 # 0 inputs[llama] 
## SPLIT #49: D3D12 # 0 inputs[llama] 
## SPLIT #51: D3D12 # 0 inputs[llama] 
## SPLIT #53: D3D12 # 0 inputs[llama] 
## SPLIT #55: D3D12 # 0 inputs[llama] 
## SPLIT #57: D3D12 # 0 inputs[llama] 
## SPLIT #59: D3D12 # 0 inputs[llama] 
## SPLIT #61: D3D12 # 0 inputs[llama] 
## SPLIT #63: D3D12 # 0 inputs[llama] 
## SPLIT #65: D3D12 # 0 inputs[llama] 
## SPLIT #67: D3D12 # 0 inputs[llama] 
## SPLIT #69: D3D12 # 0 inputs[llama] 
## SPLIT #71: D3D12 # 0 inputs[llama] 
## SPLIT #73: D3D12 # 0 inputs[llama] 
## SPLIT #75: D3D12 # 0 inputs[llama] 
## SPLIT #77: D3D12 # 0 inputs[llama] 
## SPLIT #79: D3D12 # 0 inputs[llama] 
## SPLIT #81: D3D12 # 0 inputs[llama] 
## SPLIT #83: D3D12 # 0 inputs[llama] 
## SPLIT #85: D3D12 # 0 inputs[llama] 
## SPLIT #87: D3D12 # 0 inputs[llama] 
## SPLIT #89: D3D12 # 0 inputs[llama] 
## SPLIT #91: D3D12 # 0 inputs[llama] 
## SPLIT #93: D3D12 # 0 inputs[llama] 
## SPLIT #95: D3D12 # 0 inputs[llama] 
## SPLIT #97: D3D12 # 0 inputs[llama] 
## SPLIT #99: D3D12 # 0 inputs[llama] 
## SPLIT #101: D3D12 # 0 inputs[llama] 
## SPLIT #103: D3D12 # 0 inputs[llama] 
## SPLIT #105: D3D12 # 0 inputs[llama] 
## SPLIT #107: D3D12 # 0 inputs[llama] 
## SPLIT #109: D3D12 # 0 inputs[llama] 
## SPLIT #111: D3D12 # 0 inputs[llama] 
## SPLIT #113: D3D12 # 0 inputs[llama] 
## SPLIT #115: D3D12 # 0 inputs[llama] 
## SPLIT #117: D3D12 # 0 inputs[llama] 
## SPLIT #119: D3D12 # 0 inputs[llama] 
## SPLIT #121: D3D12 # 0 inputs[llama] 
## SPLIT #123: D3D12 # 0 inputs[llama] 
## SPLIT #125: D3D12 # 0 inputs[llama] 
## SPLIT #127: D3D12 # 0 inputs[llama] 
## SPLIT #129: D3D12 # 0 inputs[llama] 
## SPLIT #131: D3D12 # 0 inputs[llama] 
## SPLIT #133: D3D12 # 0 inputs[llama] 
## SPLIT #135: D3D12 # 0 inputs[llama] 
## SPLIT #137: D3D12 # 0 inputs[llama] 
## SPLIT #139: D3D12 # 0 inputs[llama] 
## SPLIT #141: D3D12 # 0 inputs[llama] 
## SPLIT #143: D3D12 # 0 inputs[llama] 
## SPLIT #145: D3D12 # 0 inputs[llama] 
## SPLIT #147: D3D12 # 0 inputs[llama] 
## SPLIT #149: D3D12 # 0 inputs[llama] 
## SPLIT #151: D3D12 # 0 inputs[llama] 
## SPLIT #153: D3D12 # 0 inputs[llama] 
## SPLIT #155: D3D12 # 0 inputs[llama] 
## SPLIT #157: D3D12 # 0 inputs[llama] 
## SPLIT #159: D3D12 # 0 inputs[llama] 
## SPLIT #161: D3D12 # 0 inputs[llama] 
## SPLIT #163: D3D12 # 0 inputs[llama] 
## SPLIT #165: D3D12 # 0 inputs[llama] 
## SPLIT #167: D3D12 # 0 inputs[llama] 
## SPLIT #169: D3D12 # 0 inputs[llama] 
## SPLIT #171: D3D12 # 0 inputs[llama] 
## SPLIT #173: D3D12 # 0 inputs[llama] 
## SPLIT #175: D3D12 # 0 inputs[llama] 
## SPLIT #177: D3D12 # 0 inputs[llama] 
## SPLIT #179: D3D12 # 0 inputs[llama] 
## SPLIT #181: D3D12 # 0 inputs[llama] 
## SPLIT #183: D3D12 # 0 inputs[llama] 
## SPLIT #185: D3D12 # 0 inputs[llama] 
## SPLIT #187: D3D12 # 0 inputs[llama] 
## SPLIT #189: D3D12 # 0 inputs[llama] 
## SPLIT #191: D3D12 # 0 inputs[llama] 
## SPLIT #193: D3D12 # 0 inputs[llama] 
## SPLIT #195: D3D12 # 0 inputs[llama] 
## SPLIT #197: D3D12 # 0 inputs[llama] 
## SPLIT #199: D3D12 # 0 inputs[llama] 
## SPLIT #201: D3D12 # 0 inputs[llama] 
## SPLIT #203: D3D12 # 0 inputs[llama] 
## SPLIT #205: D3D12 # 0 inputs[llama] 
## SPLIT #207: D3D12 # 0 inputs[llama] 
## SPLIT #209: D3D12 # 0 inputs[llama] 
## SPLIT #211: D3D12 # 0 inputs[llama] 
## SPLIT #213: D3D12 # 0 inputs[llama] 
## SPLIT #215: D3D12 # 0 inputs[llama] 
## SPLIT #217: D3D12 # 0 inputs[llama] 
## SPLIT #219: D3D12 # 0 inputs[llama] 
## SPLIT #221: D3D12 # 0 inputs[llama] 
## SPLIT #223: D3D12 # 0 inputs[llama] 
## SPLIT #225: D3D12 # 0 inputs[llama] 
## SPLIT #227: D3D12 # 0 inputs[llama] 
## SPLIT #229: D3D12 # 0 inputs[llama] 
## SPLIT #231: D3D12 # 0 inputs[llama] 
## SPLIT #233: D3D12 # 0 inputs[llama] 
## SPLIT #235: D3D12 # 0 inputs[llama] 
## SPLIT #237: D3D12 # 0 inputs[llama] 
## SPLIT #239: D3D12 # 0 inputs[llama] 
## SPLIT #241: D3D12 # 0 inputs[llama] 
## SPLIT #243: D3D12 # 0 inputs[llama] 
## SPLIT #245: D3D12 # 0 inputs[llama] 
## SPLIT #247: D3D12 # 0 inputs[llama] 
## SPLIT #249: D3D12 # 0 inputs[llama] 
## SPLIT #251: D3D12 # 0 inputs[llama] 
## SPLIT #253: D3D12 # 0 inputs[llama] 
## SPLIT #255: D3D12 # 0 inputs[llama] 
## SPLIT #257: D3D12 # 0 inputs[llama] 
## SPLIT #259: D3D12 # 0 inputs[llama] 
## SPLIT #261: D3D12 # 0 inputs[llama] 
## SPLIT #1: D3D12 # 0 inputs[llama] 
## SPLIT #3: D3D12 # 0 inputs[llama] 
## SPLIT #5: D3D12 # 0 inputs[llama] 
## SPLIT #7: D3D12 # 0 inputs[llama] 
## SPLIT #9: D3D12 # 0 inputs[llama] 
## SPLIT #11: D3D12 # 0 inputs[llama] 
## SPLIT #1: D3D12 # 0 inputs[llama] 
## SPLIT #3: D3D12 # 0 inputs[llama] 
## SPLIT #5: D3D12 # 0 inputs[llama] 
## SPLIT #7: D3D12 # 0 inputs[llama] 
## SPLIT #9: D3D12 # 0 inputs[llama] 
## SPLIT #11: D3D12 # 0 inputs[llama] 
## SPLIT #1: D3D12 # 0 inputs[llama] 
## SPLIT #3: D3D12 # 0 inputs[llama] 
## SPLIT #5: D3D12 # 0 inputs[llama] 
## SPLIT #7: D3D12 # 0 inputs[llama] 
## SPLIT #9: D3D12 # 0 inputs[llama] 
## SPLIT #11: D3D12 # 0 inputs[llama] 
## SPLIT #13: D3D12 # 0 inputs[llama] 
## SPLIT #15: D3D12 # 0 inputs[llama] 
## SPLIT #17: D3D12 # 0 inputs[llama] 
## SPLIT #19: D3D12 # 0 inputs[llama] 
## SPLIT #21: D3D12 # 0 inputs[llama] 
## SPLIT #23: D3D12 # 0 inputs[llama] 
## SPLIT #25: D3D12 # 0 inputs[llama] 
## SPLIT #27: D3D12 # 0 inputs[llama] 
## SPLIT #29: D3D12 # 0 inputs[llama] 
## SPLIT #31: D3D12 # 0 inputs[llama] 
## SPLIT #33: D3D12 # 0 inputs[llama] 
## SPLIT #35: D3D12 # 0 inputs[llama] 
## SPLIT #37: D3D12 # 0 inputs[llama] 
## SPLIT #39: D3D12 # 0 inputs[llama] 
## SPLIT #41: D3D12 # 0 inputs[llama] 
## SPLIT #43: D3D12 # 0 inputs[llama] 
## SPLIT #45: D3D12 # 0 inputs[llama] 
## SPLIT #47: D3D12 # 0 inputs[llama] 
## SPLIT #49: D3D12 # 0 inputs[llama] 
## SPLIT #51: D3D12 # 0 inputs[llama] 
## SPLIT #53: D3D12 # 0 inputs[llama] 
## SPLIT #55: D3D12 # 0 inputs[llama] 
## SPLIT #57: D3D12 # 0 inputs[llama] 
## SPLIT #59: D3D12 # 0 inputs[llama] 
## SPLIT #61: D3D12 # 0 inputs[llama] 
## SPLIT #63: D3D12 # 0 inputs[llama] 
## SPLIT #65: D3D12 # 0 inputs[llama] 
## SPLIT #67: D3D12 # 0 inputs[llama] 
## SPLIT #69: D3D12 # 0 inputs[llama] 
## SPLIT #71: D3D12 # 0 inputs[llama] 
## SPLIT #73: D3D12 # 0 inputs[llama] 
## SPLIT #75: D3D12 # 0 inputs[llama] 
## SPLIT #77: D3D12 # 0 inputs[llama] 
## SPLIT #79: D3D12 # 0 inputs[llama] 
## SPLIT #81: D3D12 # 0 inputs[llama] 
## SPLIT #83: D3D12 # 0 inputs[llama] 
## SPLIT #85: D3D12 # 0 inputs[llama] 
## SPLIT #87: D3D12 # 0 inputs[llama] 
## SPLIT #89: D3D12 # 0 inputs[llama] 
## SPLIT #91: D3D12 # 0 inputs[llama] 
## SPLIT #93: D3D12 # 0 inputs[llama] 
## SPLIT #95: D3D12 # 0 inputs[llama] 
## SPLIT #97: D3D12 # 0 inputs[llama] 
## SPLIT #99: D3D12 # 0 inputs[llama] 
## SPLIT #101: D3D12 # 0 inputs[llama] 
## SPLIT #103: D3D12 # 0 inputs[llama] 
## SPLIT #105: D3D12 # 0 inputs[llama] 
## SPLIT #107: D3D12 # 0 inputs[llama] 
## SPLIT #109: D3D12 # 0 inputs[llama] 
## SPLIT #111: D3D12 # 0 inputs[llama] 
## SPLIT #113: D3D12 # 0 inputs[llama] 
## SPLIT #115: D3D12 # 0 inputs[llama] 
## SPLIT #117: D3D12 # 0 inputs[llama] 
## SPLIT #119: D3D12 # 0 inputs[llama] 
## SPLIT #121: D3D12 # 0 inputs[llama] 
## SPLIT #123: D3D12 # 0 inputs[llama] 
## SPLIT #125: D3D12 # 0 inputs[llama] 
## SPLIT #127: D3D12 # 0 inputs[llama] 
## SPLIT #129: D3D12 # 0 inputs[llama] 
## SPLIT #131: D3D12 # 0 inputs[llama] 
## SPLIT #133: D3D12 # 0 inputs[llama] 
## SPLIT #135: D3D12 # 0 inputs[llama] 
## SPLIT #137: D3D12 # 0 inputs[llama] 
## SPLIT #139: D3D12 # 0 inputs[llama] 
## SPLIT #141: D3D12 # 0 inputs[llama] 
## SPLIT #143: D3D12 # 0 inputs[llama] 
## SPLIT #145: D3D12 # 0 inputs[llama] 
## SPLIT #147: D3D12 # 0 inputs[llama] 
## SPLIT #149: D3D12 # 0 inputs[llama] 
## SPLIT #151: D3D12 # 0 inputs[llama] 
## SPLIT #153: D3D12 # 0 inputs[llama] 
## SPLIT #155: D3D12 # 0 inputs[llama] 
## SPLIT #157: D3D12 # 0 inputs[llama] 
## SPLIT #159: D3D12 # 0 inputs[llama] 
## SPLIT #161: D3D12 # 0 inputs[llama] 
## SPLIT #163: D3D12 # 0 inputs[llama] 
## SPLIT #165: D3D12 # 0 inputs[llama] 
## SPLIT #167: D3D12 # 0 inputs[llama] 
## SPLIT #169: D3D12 # 0 inputs[llama] 
## SPLIT #171: D3D12 # 0 inputs[llama] 
## SPLIT #173: D3D12 # 0 inputs[llama] 
## SPLIT #175: D3D12 # 0 inputs[llama] 
## SPLIT #177: D3D12 # 0 inputs[llama] 
## SPLIT #179: D3D12 # 0 inputs[llama] 
## SPLIT #181: D3D12 # 0 inputs[llama] 
## SPLIT #183: D3D12 # 0 inputs[llama] 
## SPLIT #185: D3D12 # 0 inputs[llama] 
## SPLIT #187: D3D12 # 0 inputs[llama] 
## SPLIT #189: D3D12 # 0 inputs[llama] 
## SPLIT #191: D3D12 # 0 inputs[llama] 
## SPLIT #193: D3D12 # 0 inputs[llama] 
## SPLIT #195: D3D12 # 0 inputs[llama] 
## SPLIT #197: D3D12 # 0 inputs[llama] 
## SPLIT #199: D3D12 # 0 inputs[llama] 
## SPLIT #201: D3D12 # 0 inputs[llama] 
## SPLIT #203: D3D12 # 0 inputs[llama] 
## SPLIT #205: D3D12 # 0 inputs[llama] 
## SPLIT #207: D3D12 # 0 inputs[llama] 
## SPLIT #209: D3D12 # 0 inputs[llama] 
## SPLIT #211: D3D12 # 0 inputs[llama] 
## SPLIT #213: D3D12 # 0 inputs[llama] 
## SPLIT #215: D3D12 # 0 inputs[llama] 
## SPLIT #217: D3D12 # 0 inputs[llama] 
## SPLIT #219: D3D12 # 0 inputs[llama] 
## SPLIT #221: D3D12 # 0 inputs[llama] 
## SPLIT #223: D3D12 # 0 inputs[llama] 
## SPLIT #225: D3D12 # 0 inputs[llama] 
## SPLIT #227: D3D12 # 0 inputs[llama] 
## SPLIT #229: D3D12 # 0 inputs[llama] 
## SPLIT #231: D3D12 # 0 inputs[llama] 
## SPLIT #233: D3D12 # 0 inputs[llama] 
## SPLIT #235: D3D12 # 0 inputs[llama] 
## SPLIT #237: D3D12 # 0 inputs[llama] 
## SPLIT #239: D3D12 # 0 inputs[llama] 
## SPLIT #241: D3D12 # 0 inputs[llama] 
## SPLIT #243: D3D12 # 0 inputs[llama] 
## SPLIT #245: D3D12 # 0 inputs[llama] 
## SPLIT #247: D3D12 # 0 inputs[llama] 
## SPLIT #249: D3D12 # 0 inputs[llama] 
## SPLIT #251: D3D12 # 0 inputs[llama] 
## SPLIT #253: D3D12 # 0 inputs[llama] 
## SPLIT #255: D3D12 # 0 inputs[llama] 
## SPLIT #257: D3D12 # 0 inputs[llama] 
## SPLIT #259: D3D12 # 0 inputs[llama] 
## SPLIT #261: D3D12 # 0 inputs[llama] 
## SPLIT #1: D3D12 # 0 inputs[llama] 
## SPLIT #3: D3D12 # 0 inputs[llama] 
## SPLIT #5: D3D12 # 0 inputs[llama] 
## SPLIT #7: D3D12 # 0 inputs[llama] 
## SPLIT #9: D3D12 # 0 inputs[llama] 
## SPLIT #11: D3D12 # 0 inputs[llama] 
## SPLIT #13: D3D12 # 0 inputs[llama] 
## SPLIT #15: D3D12 # 0 inputs[llama] 
## SPLIT #17: D3D12 # 0 inputs[llama] 
## SPLIT #19: D3D12 # 0 inputs[llama] 
## SPLIT #21: D3D12 # 0 inputs[llama] 
## SPLIT #23: D3D12 # 0 inputs[llama] 
## SPLIT #25: D3D12 # 0 inputs[llama] 
## SPLIT #27: D3D12 # 0 inputs[llama] 
## SPLIT #29: D3D12 # 0 inputs[llama] 
## SPLIT #31: D3D12 # 0 inputs[llama] 
## SPLIT #33: D3D12 # 0 inputs[llama] 
## SPLIT #35: D3D12 # 0 inputs[llama] 
## SPLIT #37: D3D12 # 0 inputs[llama] 
## SPLIT #39: D3D12 # 0 inputs[llama] 
## SPLIT #41: D3D12 # 0 inputs[llama] 
## SPLIT #43: D3D12 # 0 inputs[llama] 
## SPLIT #45: D3D12 # 0 inputs[llama] 
## SPLIT #47: D3D12 # 0 inputs[llama] 
## SPLIT #49: D3D12 # 0 inputs[llama] 
## SPLIT #51: D3D12 # 0 inputs[llama] 
## SPLIT #53: D3D12 # 0 inputs[llama] 
## SPLIT #55: D3D12 # 0 inputs[llama] 
## SPLIT #57: D3D12 # 0 inputs[llama] 
## SPLIT #59: D3D12 # 0 inputs[llama] 
## SPLIT #61: D3D12 # 0 inputs[llama] 
## SPLIT #63: D3D12 # 0 inputs[llama] 
## SPLIT #65: D3D12 # 0 inputs[llama] 
## SPLIT #67: D3D12 # 0 inputs[llama] 
## SPLIT #69: D3D12 # 0 inputs[llama] 
## SPLIT #71: D3D12 # 0 inputs[llama] 
## SPLIT #73: D3D12 # 0 inputs[llama] 
## SPLIT #75: D3D12 # 0 inputs[llama] 
## SPLIT #77: D3D12 # 0 inputs[llama] 
## SPLIT #79: D3D12 # 0 inputs[llama] 
## SPLIT #81: D3D12 # 0 inputs[llama] 
## SPLIT #83: D3D12 # 0 inputs[llama] 
## SPLIT #85: D3D12 # 0 inputs[llama] 
## SPLIT #87: D3D12 # 0 inputs[llama] 
## SPLIT #89: D3D12 # 0 inputs[llama] 
## SPLIT #91: D3D12 # 0 inputs[llama] 
## SPLIT #93: D3D12 # 0 inputs[llama] 
## SPLIT #95: D3D12 # 0 inputs[llama] 
## SPLIT #97: D3D12 # 0 inputs[llama] 
## SPLIT #99: D3D12 # 0 inputs[llama] 
## SPLIT #101: D3D12 # 0 inputs[llama] 
## SPLIT #103: D3D12 # 0 inputs[llama] 
## SPLIT #105: D3D12 # 0 inputs[llama] 
## SPLIT #107: D3D12 # 0 inputs[llama] 
## SPLIT #109: D3D12 # 0 inputs[llama] 
## SPLIT #111: D3D12 # 0 inputs[llama] 
## SPLIT #113: D3D12 # 0 inputs[llama] 
## SPLIT #115: D3D12 # 0 inputs[llama] 
## SPLIT #117: D3D12 # 0 inputs[llama] 
## SPLIT #119: D3D12 # 0 inputs[llama] 
## SPLIT #121: D3D12 # 0 inputs[llama] 
## SPLIT #123: D3D12 # 0 inputs[llama] 
## SPLIT #125: D3D12 # 0 inputs[llama] 
## SPLIT #127: D3D12 # 0 inputs[llama] 
## SPLIT #129: D3D12 # 0 inputs[llama] 
## SPLIT #131: D3D12 # 0 inputs[llama] 
## SPLIT #133: D3D12 # 0 inputs[llama] 
## SPLIT #135: D3D12 # 0 inputs[llama] 
## SPLIT #137: D3D12 # 0 inputs[llama] 
## SPLIT #139: D3D12 # 0 inputs[llama] 
## SPLIT #141: D3D12 # 0 inputs[llama] 
## SPLIT #143: D3D12 # 0 inputs[llama] 
## SPLIT #145: D3D12 # 0 inputs[llama] 
## SPLIT #147: D3D12 # 0 inputs[llama] 
## SPLIT #149: D3D12 # 0 inputs[llama] 
## SPLIT #151: D3D12 # 0 inputs[llama] 
## SPLIT #153: D3D12 # 0 inputs[llama] 
## SPLIT #155: D3D12 # 0 inputs[llama] 
## SPLIT #157: D3D12 # 0 inputs[llama] 
## SPLIT #159: D3D12 # 0 inputs[llama] 
## SPLIT #161: D3D12 # 0 inputs[llama] 
## SPLIT #163: D3D12 # 0 inputs[llama] 
## SPLIT #165: D3D12 # 0 inputs[llama] 
## SPLIT #167: D3D12 # 0 inputs[llama] 
## SPLIT #169: D3D12 # 0 inputs[llama] 
## SPLIT #171: D3D12 # 0 inputs[llama] 
## SPLIT #173: D3D12 # 0 inputs[llama] 
## SPLIT #175: D3D12 # 0 inputs[llama] 
## SPLIT #177: D3D12 # 0 inputs[llama] 
## SPLIT #179: D3D12 # 0 inputs[llama] 
## SPLIT #181: D3D12 # 0 inputs[llama] 
## SPLIT #183: D3D12 # 0 inputs[llama] 
## SPLIT #185: D3D12 # 0 inputs[llama] 
## SPLIT #187: D3D12 # 0 inputs[llama] 
## SPLIT #189: D3D12 # 0 inputs[llama] 
## SPLIT #191: D3D12 # 0 inputs[llama] 
## SPLIT #193: D3D12 # 0 inputs[llama] 
## SPLIT #195: D3D12 # 0 inputs[llama] 
## SPLIT #197: D3D12 # 0 inputs[llama] 
## SPLIT #199: D3D12 # 0 inputs[llama] 
## SPLIT #201: D3D12 # 0 inputs[llama] 
## SPLIT #203: D3D12 # 0 inputs[llama] 
## SPLIT #205: D3D12 # 0 inputs[llama] 
## SPLIT #207: D3D12 # 0 inputs[llama] 
## SPLIT #209: D3D12 # 0 inputs[llama] 
## SPLIT #211: D3D12 # 0 inputs[llama] 
## SPLIT #213: D3D12 # 0 inputs[llama] 
## SPLIT #215: D3D12 # 0 inputs[llama] 
## SPLIT #217: D3D12 # 0 inputs[llama] 
## SPLIT #219: D3D12 # 0 inputs[llama] 
## SPLIT #221: D3D12 # 0 inputs[llama] 
## SPLIT #223: D3D12 # 0 inputs[llama] 
## SPLIT #225: D3D12 # 0 inputs[llama] 
## SPLIT #227: D3D12 # 0 inputs[llama] 
## SPLIT #229: D3D12 # 0 inputs[llama] 
## SPLIT #231: D3D12 # 0 inputs[llama] 
## SPLIT #233: D3D12 # 0 inputs[llama] 
## SPLIT #235: D3D12 # 0 inputs[llama] 
## SPLIT #237: D3D12 # 0 inputs[llama] 
## SPLIT #239: D3D12 # 0 inputs[llama] 
## SPLIT #241: D3D12 # 0 inputs[llama] 
## SPLIT #243: D3D12 # 0 inputs[llama] 
## SPLIT #245: D3D12 # 0 inputs[llama] 
## SPLIT #247: D3D12 # 0 inputs[llama] 
## SPLIT #249: D3D12 # 0 inputs[llama] 
## SPLIT #251: D3D12 # 0 inputs[llama] 
## SPLIT #253: D3D12 # 0 inputs[llama] 
## SPLIT #255: D3D12 # 0 inputs[llama] 
## SPLIT #257: D3D12 # 0 inputs[llama] 
## SPLIT #259: D3D12 # 0 inputs[llama] 
## SPLIT #261: D3D12 # 0 inputs[llama] 
## SPLIT #1: D3D12 # 0 inputs[llama] 
## SPLIT #3: D3D12 # 0 inputs[llama] 
## SPLIT #5: D3D12 # 0 inputs[llama] 
## SPLIT #7: D3D12 # 0 inputs[llama] 
## SPLIT #9: D3D12 # 0 inputs[llama] 
## SPLIT #11: D3D12 # 0 inputs[llama] 
## SPLIT #1: D3D12 # 0 inputs[llama] 
## SPLIT #3: D3D12 # 0 inputs[llama] 
## SPLIT #5: D3D12 # 0 inputs[llama] 
## SPLIT #7: D3D12 # 0 inputs[llama] 
## SPLIT #9: D3D12 # 0 inputs[llama] 
## SPLIT #11: D3D12 # 0 inputs[llama] 
## SPLIT #1: D3D12 # 0 inputs[llama] 
## SPLIT #3: D3D12 # 0 inputs[llama] 
## SPLIT #5: D3D12 # 0 inputs[llama] 
## SPLIT #7: D3D12 # 0 inputs[llama] 
## SPLIT #9: D3D12 # 0 inputs[llama] 
## SPLIT #11: D3D12 # 0 inputs[llama] 
## SPLIT #13: D3D12 # 0 inputs[llama] 
## SPLIT #15: D3D12 # 0 inputs[llama] 
## SPLIT #17: D3D12 # 0 inputs[llama] 
## SPLIT #19: D3D12 # 0 inputs[llama] 
## SPLIT #21: D3D12 # 0 inputs[llama] 
## SPLIT #23: D3D12 # 0 inputs[llama] 
## SPLIT #25: D3D12 # 0 inputs[llama] 
## SPLIT #27: D3D12 # 0 inputs[llama] 
## SPLIT #29: D3D12 # 0 inputs[llama] 
## SPLIT #31: D3D12 # 0 inputs[llama] 
## SPLIT #33: D3D12 # 0 inputs[llama] 
## SPLIT #35: D3D12 # 0 inputs[llama] 
## SPLIT #37: D3D12 # 0 inputs[llama] 
## SPLIT #39: D3D12 # 0 inputs[llama] 
## SPLIT #41: D3D12 # 0 inputs[llama] 
## SPLIT #43: D3D12 # 0 inputs[llama] 
## SPLIT #45: D3D12 # 0 inputs[llama] 
## SPLIT #47: D3D12 # 0 inputs[llama] 
## SPLIT #49: D3D12 # 0 inputs[llama] 
## SPLIT #51: D3D12 # 0 inputs[llama] 
## SPLIT #53: D3D12 # 0 inputs[llama] 
## SPLIT #55: D3D12 # 0 inputs[llama] 
## SPLIT #57: D3D12 # 0 inputs[llama] 
## SPLIT #59: D3D12 # 0 inputs[llama] 
## SPLIT #61: D3D12 # 0 inputs[llama] 
## SPLIT #63: D3D12 # 0 inputs[llama] 
## SPLIT #65: D3D12 # 0 inputs[llama] 
## SPLIT #67: D3D12 # 0 inputs[llama] 
## SPLIT #69: D3D12 # 0 inputs[llama] 
## SPLIT #71: D3D12 # 0 inputs[llama] 
## SPLIT #73: D3D12 # 0 inputs[llama] 
## SPLIT #75: D3D12 # 0 inputs[llama] 
## SPLIT #77: D3D12 # 0 inputs[llama] 
## SPLIT #79: D3D12 # 0 inputs[llama] 
## SPLIT #81: D3D12 # 0 inputs[llama] 
## SPLIT #83: D3D12 # 0 inputs[llama] 
## SPLIT #85: D3D12 # 0 inputs[llama] 
## SPLIT #87: D3D12 # 0 inputs[llama] 
## SPLIT #89: D3D12 # 0 inputs[llama] 
## SPLIT #91: D3D12 # 0 inputs[llama] 
## SPLIT #93: D3D12 # 0 inputs[llama] 
## SPLIT #95: D3D12 # 0 inputs[llama] 
## SPLIT #97: D3D12 # 0 inputs[llama] 
## SPLIT #99: D3D12 # 0 inputs[llama] 
## SPLIT #101: D3D12 # 0 inputs[llama] 
## SPLIT #103: D3D12 # 0 inputs[llama] 
## SPLIT #105: D3D12 # 0 inputs[llama] 
## SPLIT #107: D3D12 # 0 inputs[llama] 
## SPLIT #109: D3D12 # 0 inputs[llama] 
## SPLIT #111: D3D12 # 0 inputs[llama] 
## SPLIT #113: D3D12 # 0 inputs[llama] 
## SPLIT #115: D3D12 # 0 inputs[llama] 
## SPLIT #117: D3D12 # 0 inputs[llama] 
## SPLIT #119: D3D12 # 0 inputs[llama] 
## SPLIT #121: D3D12 # 0 inputs[llama] 
## SPLIT #123: D3D12 # 0 inputs[llama] 
## SPLIT #125: D3D12 # 0 inputs[llama] 
## SPLIT #127: D3D12 # 0 inputs[llama] 
## SPLIT #129: D3D12 # 0 inputs[llama] 
## SPLIT #131: D3D12 # 0 inputs[llama] 
## SPLIT #133: D3D12 # 0 inputs[llama] 
## SPLIT #135: D3D12 # 0 inputs[llama] 
## SPLIT #137: D3D12 # 0 inputs[llama] 
## SPLIT #139: D3D12 # 0 inputs[llama] 
## SPLIT #141: D3D12 # 0 inputs[llama] 
## SPLIT #143: D3D12 # 0 inputs[llama] 
## SPLIT #145: D3D12 # 0 inputs[llama] 
## SPLIT #147: D3D12 # 0 inputs[llama] 
## SPLIT #149: D3D12 # 0 inputs[llama] 
## SPLIT #151: D3D12 # 0 inputs[llama] 
## SPLIT #153: D3D12 # 0 inputs[llama] 
## SPLIT #155: D3D12 # 0 inputs[llama] 
## SPLIT #157: D3D12 # 0 inputs[llama] 
## SPLIT #159: D3D12 # 0 inputs[llama] 
## SPLIT #161: D3D12 # 0 inputs[llama] 
## SPLIT #163: D3D12 # 0 inputs[llama] 
## SPLIT #165: D3D12 # 0 inputs[llama] 
## SPLIT #167: D3D12 # 0 inputs[llama] 
## SPLIT #169: D3D12 # 0 inputs[llama] 
## SPLIT #171: D3D12 # 0 inputs[llama] 
## SPLIT #173: D3D12 # 0 inputs[llama] 
## SPLIT #175: D3D12 # 0 inputs[llama] 
## SPLIT #177: D3D12 # 0 inputs[llama] 
## SPLIT #179: D3D12 # 0 inputs[llama] 
## SPLIT #181: D3D12 # 0 inputs[llama] 
## SPLIT #183: D3D12 # 0 inputs[llama] 
## SPLIT #185: D3D12 # 0 inputs[llama] 
## SPLIT #187: D3D12 # 0 inputs[llama] 
## SPLIT #189: D3D12 # 0 inputs[llama] 
## SPLIT #191: D3D12 # 0 inputs[llama] 
## SPLIT #193: D3D12 # 0 inputs[llama] 
## SPLIT #195: D3D12 # 0 inputs[llama] 
## SPLIT #197: D3D12 # 0 inputs[llama] 
## SPLIT #199: D3D12 # 0 inputs[llama] 
## SPLIT #201: D3D12 # 0 inputs[llama] 
## SPLIT #203: D3D12 # 0 inputs[llama] 
## SPLIT #205: D3D12 # 0 inputs[llama] 
## SPLIT #207: D3D12 # 0 inputs[llama] 
## SPLIT #209: D3D12 # 0 inputs[llama] 
## SPLIT #211: D3D12 # 0 inputs[llama] 
## SPLIT #213: D3D12 # 0 inputs[llama] 
## SPLIT #215: D3D12 # 0 inputs[llama] 
## SPLIT #217: D3D12 # 0 inputs[llama] 
## SPLIT #219: D3D12 # 0 inputs[llama] 
## SPLIT #221: D3D12 # 0 inputs[llama] 
## SPLIT #223: D3D12 # 0 inputs[llama] 
## SPLIT #225: D3D12 # 0 inputs[llama] 
## SPLIT #227: D3D12 # 0 inputs[llama] 
## SPLIT #229: D3D12 # 0 inputs[llama] 
## SPLIT #231: D3D12 # 0 inputs[llama] 
## SPLIT #233: D3D12 # 0 inputs[llama] 
## SPLIT #235: D3D12 # 0 inputs[llama] 
## SPLIT #237: D3D12 # 0 inputs[llama] 
## SPLIT #239: D3D12 # 0 inputs[llama] 
## SPLIT #241: D3D12 # 0 inputs[llama] 
## SPLIT #243: D3D12 # 0 inputs[llama] 
## SPLIT #245: D3D12 # 0 inputs[llama] 
## SPLIT #247: D3D12 # 0 inputs[llama] 
## SPLIT #249: D3D12 # 0 inputs[llama] 
## SPLIT #251: D3D12 # 0 inputs[llama] 
## SPLIT #253: D3D12 # 0 inputs[llama] 
## SPLIT #255: D3D12 # 0 inputs[llama] 
## SPLIT #257: D3D12 # 0 inputs[llama] 
## SPLIT #259: D3D12 # 0 inputs[llama] 
## SPLIT #261: D3D12 # 0 inputs[xllama] done: load=4846ms prompt=55.5 tok/s decode=16.2 tok/s peak=4295MB drafted=22 spec_accept=21
[xllama] MTP_STATS rounds=14 decodes=106 discarded=42 catchup_tok=63 draft_ms=0.0 sample_ms=0.0 topprob_ms=0.0 catchup_ms=0.0 verify_ms=0.0 corrective_ms=0.0
[xllama] output: len=359 fnv1a=9afedad1ffe7c19e
[xllama] tokens dumped to Q:\Users\UserMgr1\AppData\Local\Packages\GianlucaMazza.xllama_pj67f1fcj4n14\LocalState\bench-tokens-1.txt
[llama] ~llama_context: D3D12_Host compute buffer size is   5.8489 MiB, matches expectation of   5.8489 MiB
[llama] ~llama_context: D3D12_Host compute buffer size is   0.0000 MiB, matches expectation of   0.0000 MiB
[xllama] d3d12: 6526 graph_compute calls, 8232 matmuls (1251 2col), 2155.4 ms wall (1598.9 ms GPU)
[llama] ~llama_context: D3D12_Host compute buffer size is 504.0198 MiB, matches expectation of 504.0198 MiB
[llama] ~llama_context: D3D12_Host compute buffer size is   0.0000 MiB, matches expectation of   0.0000 MiB
[xllama] d3d12: 0 graph_compute calls, 0 matmuls (0 2col), 0.0 ms wall (0.0 ms GPU)
[xllama] MTP_ACTIVE n_drafted=22 n_spec_accepted=21
[xllama] bench-result.csv written
[xllama] headless bench: done, exiting
