=== xllama bench-xbox-ort ===
  Model:   qwen35-4b-mtp
  Threads: 2
  n_ctx:   2048
  n_predict: 64
  max_length: derived
  Runs:    2 (run 1 warmup, dropped from median)
  Xbox:    192.168.1.26
  PFN: GianlucaMazza.xllama_1.6.0.207_x64__pj67f1fcj4n14

--- Skipping genai_config (GGUF model; threads via bench_threads.txt) ---

--- Run 1 / 2 ---
  Uploading bench artifacts...
  Uploading bench.flag → LocalState\ ...
  Uploading prompt.txt → LocalState\ ...
  Uploading model.txt → LocalState\ ...
  Uploading bench_threads.txt → LocalState\ ...
  Uploading bench_ctx.txt → LocalState\ ...
  Uploading bench_npredict.txt → LocalState\ ...
  Uploading bench_maxlen.txt → LocalState\ ...
  Uploading bench_ubatch.txt → LocalState\ ...
  Uploading bench_n_batch.txt → LocalState\ ...
  Uploading bench_kvq8.txt → LocalState\ ...
  Uploading bench_gpu_layers.txt → LocalState\ ...
  Uploading bench_ignore_eog.txt → LocalState\ ...
  Uploading bench_mtp_pmin.txt → LocalState\ ...
  Uploading d3d12twocol.txt → LocalState\ ...
  Uploading bench_greedy.txt → LocalState\ ...
  Uploading bench_seed.txt → LocalState\ ...
  Uploading bench_tokens.txt → LocalState\ ...
  Uploading bench_profile.txt → LocalState\ ...
  Uploading bench_run_index.txt → LocalState\ ...
  Starting app...
  Waiting for bench-result.csv.done (timeout 300s)...
  Done after 20s (http 200).
  Tokens: /tmp/tmp.Mw1abN3Wpb/run1.tokens (65 lines)
  Row: qwen35-4b-mtp,Q4_K_M,d3d12,2048,2,94.14,24.78,3461,5838,2614,4147,119,64,0,xbox-series-t2-u64-b256-greedy-s1-g34-noeog-prof0,2026-10-09T13:53:59Z,1,1264.1,1265.5

--- Run 2 / 2 ---
  Uploading bench artifacts...
  Uploading bench.flag → LocalState\ ...
  Uploading prompt.txt → LocalState\ ...
  Uploading model.txt → LocalState\ ...
  Uploading bench_threads.txt → LocalState\ ...
  Uploading bench_ctx.txt → LocalState\ ...
  Uploading bench_npredict.txt → LocalState\ ...
  Uploading bench_maxlen.txt → LocalState\ ...
  Uploading bench_ubatch.txt → LocalState\ ...
  Uploading bench_n_batch.txt → LocalState\ ...
  Uploading bench_kvq8.txt → LocalState\ ...
  Uploading bench_gpu_layers.txt → LocalState\ ...
  Uploading bench_ignore_eog.txt → LocalState\ ...
  Uploading bench_mtp_pmin.txt → LocalState\ ...
  Uploading d3d12twocol.txt → LocalState\ ...
  Uploading bench_greedy.txt → LocalState\ ...
  Uploading bench_seed.txt → LocalState\ ...
  Uploading bench_tokens.txt → LocalState\ ...
  Uploading bench_profile.txt → LocalState\ ...
  Uploading bench_run_index.txt → LocalState\ ...
  Starting app...
  Waiting for bench-result.csv.done (timeout 300s)...
  Done after 20s (http 200).
  Tokens: /tmp/tmp.Mw1abN3Wpb/run2.tokens (65 lines)
  Row: qwen35-4b-mtp,Q4_K_M,d3d12,2048,2,95.61,24.26,3448,5459,2614,4147,119,64,0,xbox-series-t2-u64-b256-greedy-s1-g34-noeog-prof0,2026-10-09T13:54:24Z,2,1244.6,1246.0

--- Appending recorded runs ---
  appended: qwen35-4b-mtp,Q4_K_M,d3d12,2048,2,95.61,24.26,3448,5459,2614,4147,119,64,0,xbox-series-t2-u64-b256-greedy-s1-g34-noeog-prof0,2026-10-09T13:54:24Z,2,1244.6,1246.0
Appended 1 run(s) to /home/hjotha/worktrees/xllama-qwen35-4b-maxperf/bench/results/qwen4b-maxperf/enabled-rev207/csv/chat64-sw0.csv

Done. /home/hjotha/worktrees/xllama-qwen35-4b-maxperf/bench/results/qwen4b-maxperf/enabled-rev207/csv/chat64-sw0.csv updated.
  Restoring original model.txt on the device...
=== xllama bench-xbox-ort ===
  Model:   qwen35-4b-mtp
  Threads: 2
  n_ctx:   2048
  n_predict: 64
  max_length: derived
  Runs:    2 (run 1 warmup, dropped from median)
  Xbox:    192.168.1.26
  PFN: GianlucaMazza.xllama_1.6.0.207_x64__pj67f1fcj4n14

--- Skipping genai_config (GGUF model; threads via bench_threads.txt) ---

--- Run 1 / 2 ---
  Uploading bench artifacts...
  Uploading bench.flag → LocalState\ ...
  Uploading prompt.txt → LocalState\ ...
  Uploading model.txt → LocalState\ ...
  Uploading bench_threads.txt → LocalState\ ...
  Uploading bench_ctx.txt → LocalState\ ...
  Uploading bench_npredict.txt → LocalState\ ...
  Uploading bench_maxlen.txt → LocalState\ ...
  Uploading bench_ubatch.txt → LocalState\ ...
  Uploading bench_n_batch.txt → LocalState\ ...
  Uploading bench_kvq8.txt → LocalState\ ...
  Uploading bench_gpu_layers.txt → LocalState\ ...
  Uploading bench_ignore_eog.txt → LocalState\ ...
  Uploading bench_mtp_pmin.txt → LocalState\ ...
  Uploading d3d12twocol.txt → LocalState\ ...
  Uploading bench_greedy.txt → LocalState\ ...
  Uploading bench_seed.txt → LocalState\ ...
  Uploading bench_tokens.txt → LocalState\ ...
  Uploading bench_profile.txt → LocalState\ ...
  Uploading bench_run_index.txt → LocalState\ ...
  Starting app...
  Waiting for bench-result.csv.done (timeout 300s)...
  Done after 20s (http 200).
  Tokens: /tmp/tmp.vfhMhrRD5u/run1.tokens (65 lines)
  Row: qwen35-4b-mtp,Q4_K_M,d3d12,2048,2,100.37,25.96,3448,5414,2614,4147,119,64,0,xbox-series-t2-u64-b256-greedy-s1-g34-noeog-prof0,2026-10-09T13:54:50Z,1,1185.6,1187.0

--- Run 2 / 2 ---
  Uploading bench artifacts...
  Uploading bench.flag → LocalState\ ...
  Uploading prompt.txt → LocalState\ ...
  Uploading model.txt → LocalState\ ...
  Uploading bench_threads.txt → LocalState\ ...
  Uploading bench_ctx.txt → LocalState\ ...
  Uploading bench_npredict.txt → LocalState\ ...
  Uploading bench_maxlen.txt → LocalState\ ...
  Uploading bench_ubatch.txt → LocalState\ ...
  Uploading bench_n_batch.txt → LocalState\ ...
  Uploading bench_kvq8.txt → LocalState\ ...
  Uploading bench_gpu_layers.txt → LocalState\ ...
  Uploading bench_ignore_eog.txt → LocalState\ ...
  Uploading bench_mtp_pmin.txt → LocalState\ ...
  Uploading d3d12twocol.txt → LocalState\ ...
  Uploading bench_greedy.txt → LocalState\ ...
  Uploading bench_seed.txt → LocalState\ ...
  Uploading bench_tokens.txt → LocalState\ ...
  Uploading bench_profile.txt → LocalState\ ...
  Uploading bench_run_index.txt → LocalState\ ...
  Starting app...
  Waiting for bench-result.csv.done (timeout 300s)...
  Done after 20s (http 200).
  Tokens: /tmp/tmp.vfhMhrRD5u/run2.tokens (65 lines)
  Row: qwen35-4b-mtp,Q4_K_M,d3d12,2048,2,101.01,25.51,3461,5408,2614,4147,119,64,0,xbox-series-t2-u64-b256-greedy-s1-g34-noeog-prof0,2026-10-09T13:55:16Z,2,1178.0,1179.4

--- Appending recorded runs ---
  appended: qwen35-4b-mtp,Q4_K_M,d3d12,2048,2,101.01,25.51,3461,5408,2614,4147,119,64,0,xbox-series-t2-u64-b256-greedy-s1-g34-noeog-prof0,2026-10-09T13:55:16Z,2,1178.0,1179.4
Appended 1 run(s) to /home/hjotha/worktrees/xllama-qwen35-4b-maxperf/bench/results/qwen4b-maxperf/enabled-rev207/csv/chat64-sw1.csv

Done. /home/hjotha/worktrees/xllama-qwen35-4b-maxperf/bench/results/qwen4b-maxperf/enabled-rev207/csv/chat64-sw1.csv updated.
  Restoring original model.txt on the device...
=== xllama bench-xbox-ort ===
  Model:   qwen35-4b-mtp
  Threads: 2
  n_ctx:   2048
  n_predict: 64
  max_length: derived
  Runs:    2 (run 1 warmup, dropped from median)
  Xbox:    192.168.1.26
  PFN: GianlucaMazza.xllama_1.6.0.207_x64__pj67f1fcj4n14

--- Skipping genai_config (GGUF model; threads via bench_threads.txt) ---

--- Run 1 / 2 ---
  Uploading bench artifacts...
  Uploading bench.flag → LocalState\ ...
  Uploading prompt.txt → LocalState\ ...
  Uploading model.txt → LocalState\ ...
  Uploading bench_threads.txt → LocalState\ ...
  Uploading bench_ctx.txt → LocalState\ ...
  Uploading bench_npredict.txt → LocalState\ ...
  Uploading bench_maxlen.txt → LocalState\ ...
  Uploading bench_ubatch.txt → LocalState\ ...
  Uploading bench_n_batch.txt → LocalState\ ...
  Uploading bench_kvq8.txt → LocalState\ ...
  Uploading bench_gpu_layers.txt → LocalState\ ...
  Uploading bench_ignore_eog.txt → LocalState\ ...
  Uploading bench_mtp_pmin.txt → LocalState\ ...
  Uploading d3d12twocol.txt → LocalState\ ...
  Uploading bench_greedy.txt → LocalState\ ...
  Uploading bench_seed.txt → LocalState\ ...
  Uploading bench_tokens.txt → LocalState\ ...
  Uploading bench_profile.txt → LocalState\ ...
  Uploading bench_run_index.txt → LocalState\ ...
  Starting app...
  Waiting for bench-result.csv.done (timeout 300s)...
  Done after 20s (http 200).
  Tokens: /tmp/tmp.UTndBscGnc/run1.tokens (65 lines)
  Row: qwen35-4b-mtp,Q4_K_M,d3d12,2048,2,95.61,23.85,3448,7565,2614,4147,324,64,0,xbox-series-t2-u64-b256-greedy-s1-g34-noeog-prof0,2026-10-09T13:55:44Z,1,3388.7,3390.0

--- Run 2 / 2 ---
  Uploading bench artifacts...
  Uploading bench.flag → LocalState\ ...
  Uploading prompt.txt → LocalState\ ...
  Uploading model.txt → LocalState\ ...
  Uploading bench_threads.txt → LocalState\ ...
  Uploading bench_ctx.txt → LocalState\ ...
  Uploading bench_npredict.txt → LocalState\ ...
  Uploading bench_maxlen.txt → LocalState\ ...
  Uploading bench_ubatch.txt → LocalState\ ...
  Uploading bench_n_batch.txt → LocalState\ ...
  Uploading bench_kvq8.txt → LocalState\ ...
  Uploading bench_gpu_layers.txt → LocalState\ ...
  Uploading bench_ignore_eog.txt → LocalState\ ...
  Uploading bench_mtp_pmin.txt → LocalState\ ...
  Uploading d3d12twocol.txt → LocalState\ ...
  Uploading bench_greedy.txt → LocalState\ ...
  Uploading bench_seed.txt → LocalState\ ...
  Uploading bench_tokens.txt → LocalState\ ...
  Uploading bench_profile.txt → LocalState\ ...
  Uploading bench_run_index.txt → LocalState\ ...
  Starting app...
  Waiting for bench-result.csv.done (timeout 300s)...
  Done after 20s (http 200).
  Tokens: /tmp/tmp.UTndBscGnc/run2.tokens (65 lines)
  Row: qwen35-4b-mtp,Q4_K_M,d3d12,2048,2,95.87,23.75,3448,7551,2614,4147,324,64,0,xbox-series-t2-u64-b256-greedy-s1-g34-noeog-prof0,2026-10-09T13:56:09Z,2,3379.7,3381.0

--- Appending recorded runs ---
  appended: qwen35-4b-mtp,Q4_K_M,d3d12,2048,2,95.87,23.75,3448,7551,2614,4147,324,64,0,xbox-series-t2-u64-b256-greedy-s1-g34-noeog-prof0,2026-10-09T13:56:09Z,2,3379.7,3381.0
Appended 1 run(s) to /home/hjotha/worktrees/xllama-qwen35-4b-maxperf/bench/results/qwen4b-maxperf/enabled-rev207/csv/code64-sw0.csv

Done. /home/hjotha/worktrees/xllama-qwen35-4b-maxperf/bench/results/qwen4b-maxperf/enabled-rev207/csv/code64-sw0.csv updated.
  Restoring original model.txt on the device...
=== xllama bench-xbox-ort ===
  Model:   qwen35-4b-mtp
  Threads: 2
  n_ctx:   2048
  n_predict: 64
  max_length: derived
  Runs:    2 (run 1 warmup, dropped from median)
  Xbox:    192.168.1.26
  PFN: GianlucaMazza.xllama_1.6.0.207_x64__pj67f1fcj4n14

--- Skipping genai_config (GGUF model; threads via bench_threads.txt) ---

--- Run 1 / 2 ---
  Uploading bench artifacts...
  Uploading bench.flag → LocalState\ ...
  Uploading prompt.txt → LocalState\ ...
  Uploading model.txt → LocalState\ ...
  Uploading bench_threads.txt → LocalState\ ...
  Uploading bench_ctx.txt → LocalState\ ...
  Uploading bench_npredict.txt → LocalState\ ...
  Uploading bench_maxlen.txt → LocalState\ ...
  Uploading bench_ubatch.txt → LocalState\ ...
  Uploading bench_n_batch.txt → LocalState\ ...
  Uploading bench_kvq8.txt → LocalState\ ...
  Uploading bench_gpu_layers.txt → LocalState\ ...
  Uploading bench_ignore_eog.txt → LocalState\ ...
  Uploading bench_mtp_pmin.txt → LocalState\ ...
  Uploading d3d12twocol.txt → LocalState\ ...
  Uploading bench_greedy.txt → LocalState\ ...
  Uploading bench_seed.txt → LocalState\ ...
  Uploading bench_tokens.txt → LocalState\ ...
  Uploading bench_profile.txt → LocalState\ ...
  Uploading bench_run_index.txt → LocalState\ ...
  Starting app...
  Waiting for bench-result.csv.done (timeout 300s)...
  Done after 20s (http 200).
  Tokens: /tmp/tmp.ApuatXfkjY/run1.tokens (65 lines)
  Row: qwen35-4b-mtp,Q4_K_M,d3d12,2048,2,99.62,24.80,3448,7441,2614,4147,324,64,0,xbox-series-t2-u64-b256-greedy-s1-g34-noeog-prof0,2026-10-09T13:56:35Z,1,3252.2,3253.7

--- Run 2 / 2 ---
  Uploading bench artifacts...
  Uploading bench.flag → LocalState\ ...
  Uploading prompt.txt → LocalState\ ...
  Uploading model.txt → LocalState\ ...
  Uploading bench_threads.txt → LocalState\ ...
  Uploading bench_ctx.txt → LocalState\ ...
  Uploading bench_npredict.txt → LocalState\ ...
  Uploading bench_maxlen.txt → LocalState\ ...
  Uploading bench_ubatch.txt → LocalState\ ...
  Uploading bench_n_batch.txt → LocalState\ ...
  Uploading bench_kvq8.txt → LocalState\ ...
  Uploading bench_gpu_layers.txt → LocalState\ ...
  Uploading bench_ignore_eog.txt → LocalState\ ...
  Uploading bench_mtp_pmin.txt → LocalState\ ...
  Uploading d3d12twocol.txt → LocalState\ ...
  Uploading bench_greedy.txt → LocalState\ ...
  Uploading bench_seed.txt → LocalState\ ...
  Uploading bench_tokens.txt → LocalState\ ...
  Uploading bench_profile.txt → LocalState\ ...
  Uploading bench_run_index.txt → LocalState\ ...
  Starting app...
  Waiting for bench-result.csv.done (timeout 300s)...
  Done after 20s (http 200).
  Tokens: /tmp/tmp.ApuatXfkjY/run2.tokens (65 lines)
  Row: qwen35-4b-mtp,Q4_K_M,d3d12,2048,2,101.24,24.72,3462,7412,2614,4147,324,64,0,xbox-series-t2-u64-b256-greedy-s1-g34-noeog-prof0,2026-10-09T13:57:00Z,2,3200.4,3202.4

--- Appending recorded runs ---
  appended: qwen35-4b-mtp,Q4_K_M,d3d12,2048,2,101.24,24.72,3462,7412,2614,4147,324,64,0,xbox-series-t2-u64-b256-greedy-s1-g34-noeog-prof0,2026-10-09T13:57:00Z,2,3200.4,3202.4
Appended 1 run(s) to /home/hjotha/worktrees/xllama-qwen35-4b-maxperf/bench/results/qwen4b-maxperf/enabled-rev207/csv/code64-sw1.csv

Done. /home/hjotha/worktrees/xllama-qwen35-4b-maxperf/bench/results/qwen4b-maxperf/enabled-rev207/csv/code64-sw1.csv updated.
  Restoring original model.txt on the device...
=== xllama bench-xbox-ort ===
  Model:   qwen35-4b-mtp
  Threads: 2
  n_ctx:   2048
  n_predict: 256
  max_length: derived
  Runs:    2 (run 1 warmup, dropped from median)
  Xbox:    192.168.1.26
  PFN: GianlucaMazza.xllama_1.6.0.207_x64__pj67f1fcj4n14

--- Skipping genai_config (GGUF model; threads via bench_threads.txt) ---

--- Run 1 / 2 ---
  Uploading bench artifacts...
  Uploading bench.flag → LocalState\ ...
  Uploading prompt.txt → LocalState\ ...
  Uploading model.txt → LocalState\ ...
  Uploading bench_threads.txt → LocalState\ ...
  Uploading bench_ctx.txt → LocalState\ ...
  Uploading bench_npredict.txt → LocalState\ ...
  Uploading bench_maxlen.txt → LocalState\ ...
  Uploading bench_ubatch.txt → LocalState\ ...
  Uploading bench_n_batch.txt → LocalState\ ...
  Uploading bench_kvq8.txt → LocalState\ ...
  Uploading bench_gpu_layers.txt → LocalState\ ...
  Uploading bench_ignore_eog.txt → LocalState\ ...
  Uploading bench_mtp_pmin.txt → LocalState\ ...
  Uploading d3d12twocol.txt → LocalState\ ...
  Uploading bench_greedy.txt → LocalState\ ...
  Uploading bench_seed.txt → LocalState\ ...
  Uploading bench_tokens.txt → LocalState\ ...
  Uploading bench_profile.txt → LocalState\ ...
  Uploading bench_run_index.txt → LocalState\ ...
  Starting app...
  Waiting for bench-result.csv.done (timeout 300s)...
  Done after 20s (http 200).
  Tokens: /tmp/tmp.7arRZuV0SD/run1.tokens (257 lines)
  Row: qwen35-4b-mtp,Q4_K_M,d3d12,2048,2,93.63,24.28,3461,5471,2614,4147,119,256,0,xbox-series-t2-u64-b256-greedy-s1-g34-noeog-prof0,2026-10-09T13:57:32Z,1,1270.9,1272.2

--- Run 2 / 2 ---
  Uploading bench artifacts...
  Uploading bench.flag → LocalState\ ...
  Uploading prompt.txt → LocalState\ ...
  Uploading model.txt → LocalState\ ...
  Uploading bench_threads.txt → LocalState\ ...
  Uploading bench_ctx.txt → LocalState\ ...
  Uploading bench_npredict.txt → LocalState\ ...
  Uploading bench_maxlen.txt → LocalState\ ...
  Uploading bench_ubatch.txt → LocalState\ ...
  Uploading bench_n_batch.txt → LocalState\ ...
  Uploading bench_kvq8.txt → LocalState\ ...
  Uploading bench_gpu_layers.txt → LocalState\ ...
  Uploading bench_ignore_eog.txt → LocalState\ ...
  Uploading bench_mtp_pmin.txt → LocalState\ ...
  Uploading d3d12twocol.txt → LocalState\ ...
  Uploading bench_greedy.txt → LocalState\ ...
  Uploading bench_seed.txt → LocalState\ ...
  Uploading bench_tokens.txt → LocalState\ ...
  Uploading bench_profile.txt → LocalState\ ...
  Uploading bench_run_index.txt → LocalState\ ...
  Starting app...
  Waiting for bench-result.csv.done (timeout 300s)...
  Done after 20s (http 200).
  Tokens: /tmp/tmp.7arRZuV0SD/run2.tokens (257 lines)
  Row: qwen35-4b-mtp,Q4_K_M,d3d12,2048,2,95.20,24.21,3448,5439,2614,4147,119,256,0,xbox-series-t2-u64-b256-greedy-s1-g34-noeog-prof0,2026-10-09T13:57:57Z,2,1250.0,1251.4

--- Appending recorded runs ---
  appended: qwen35-4b-mtp,Q4_K_M,d3d12,2048,2,95.20,24.21,3448,5439,2614,4147,119,256,0,xbox-series-t2-u64-b256-greedy-s1-g34-noeog-prof0,2026-10-09T13:57:57Z,2,1250.0,1251.4
Appended 1 run(s) to /home/hjotha/worktrees/xllama-qwen35-4b-maxperf/bench/results/qwen4b-maxperf/enabled-rev207/csv/chat256-sw0.csv

Done. /home/hjotha/worktrees/xllama-qwen35-4b-maxperf/bench/results/qwen4b-maxperf/enabled-rev207/csv/chat256-sw0.csv updated.
  Restoring original model.txt on the device...
=== xllama bench-xbox-ort ===
  Model:   qwen35-4b-mtp
  Threads: 2
  n_ctx:   2048
  n_predict: 256
  max_length: derived
  Runs:    2 (run 1 warmup, dropped from median)
  Xbox:    192.168.1.26
  PFN: GianlucaMazza.xllama_1.6.0.207_x64__pj67f1fcj4n14

--- Skipping genai_config (GGUF model; threads via bench_threads.txt) ---

--- Run 1 / 2 ---
  Uploading bench artifacts...
  Uploading bench.flag → LocalState\ ...
  Uploading prompt.txt → LocalState\ ...
  Uploading model.txt → LocalState\ ...
  Uploading bench_threads.txt → LocalState\ ...
  Uploading bench_ctx.txt → LocalState\ ...
  Uploading bench_npredict.txt → LocalState\ ...
  Uploading bench_maxlen.txt → LocalState\ ...
  Uploading bench_ubatch.txt → LocalState\ ...
  Uploading bench_n_batch.txt → LocalState\ ...
  Uploading bench_kvq8.txt → LocalState\ ...
  Uploading bench_gpu_layers.txt → LocalState\ ...
  Uploading bench_ignore_eog.txt → LocalState\ ...
  Uploading bench_mtp_pmin.txt → LocalState\ ...
  Uploading d3d12twocol.txt → LocalState\ ...
  Uploading bench_greedy.txt → LocalState\ ...
  Uploading bench_seed.txt → LocalState\ ...
  Uploading bench_tokens.txt → LocalState\ ...
  Uploading bench_profile.txt → LocalState\ ...
  Uploading bench_run_index.txt → LocalState\ ...
  Starting app...
  Waiting for bench-result.csv.done (timeout 300s)...
  Done after 20s (http 200).
  Tokens: /tmp/tmp.wtnb676oiQ/run1.tokens (257 lines)
  Row: qwen35-4b-mtp,Q4_K_M,d3d12,2048,2,102.29,25.68,3461,5396,2614,4147,119,256,0,xbox-series-t2-u64-b256-greedy-s1-g34-noeog-prof0,2026-10-09T13:58:23Z,1,1163.4,1164.7

--- Run 2 / 2 ---
  Uploading bench artifacts...
  Uploading bench.flag → LocalState\ ...
  Uploading prompt.txt → LocalState\ ...
  Uploading model.txt → LocalState\ ...
  Uploading bench_threads.txt → LocalState\ ...
  Uploading bench_ctx.txt → LocalState\ ...
  Uploading bench_npredict.txt → LocalState\ ...
  Uploading bench_maxlen.txt → LocalState\ ...
  Uploading bench_ubatch.txt → LocalState\ ...
  Uploading bench_n_batch.txt → LocalState\ ...
  Uploading bench_kvq8.txt → LocalState\ ...
  Uploading bench_gpu_layers.txt → LocalState\ ...
  Uploading bench_ignore_eog.txt → LocalState\ ...
  Uploading bench_mtp_pmin.txt → LocalState\ ...
  Uploading d3d12twocol.txt → LocalState\ ...
  Uploading bench_greedy.txt → LocalState\ ...
  Uploading bench_seed.txt → LocalState\ ...
  Uploading bench_tokens.txt → LocalState\ ...
  Uploading bench_profile.txt → LocalState\ ...
  Uploading bench_run_index.txt → LocalState\ ...
  Starting app...
  Waiting for bench-result.csv.done (timeout 300s)...
  Done after 21s (http 200).
  Tokens: /tmp/tmp.wtnb676oiQ/run2.tokens (257 lines)
  Row: qwen35-4b-mtp,Q4_K_M,d3d12,2048,2,101.59,25.79,3461,5373,2614,4147,119,256,0,xbox-series-t2-u64-b256-greedy-s1-g34-noeog-prof0,2026-10-09T13:58:48Z,2,1171.4,1172.7

--- Appending recorded runs ---
  appended: qwen35-4b-mtp,Q4_K_M,d3d12,2048,2,101.59,25.79,3461,5373,2614,4147,119,256,0,xbox-series-t2-u64-b256-greedy-s1-g34-noeog-prof0,2026-10-09T13:58:48Z,2,1171.4,1172.7
Appended 1 run(s) to /home/hjotha/worktrees/xllama-qwen35-4b-maxperf/bench/results/qwen4b-maxperf/enabled-rev207/csv/chat256-sw1.csv

Done. /home/hjotha/worktrees/xllama-qwen35-4b-maxperf/bench/results/qwen4b-maxperf/enabled-rev207/csv/chat256-sw1.csv updated.
  Restoring original model.txt on the device...
=== xllama bench-xbox-ort ===
  Model:   qwen35-4b-mtp
  Threads: 2
  n_ctx:   2048
  n_predict: 256
  max_length: derived
  Runs:    2 (run 1 warmup, dropped from median)
  Xbox:    192.168.1.26
  PFN: GianlucaMazza.xllama_1.6.0.207_x64__pj67f1fcj4n14

--- Skipping genai_config (GGUF model; threads via bench_threads.txt) ---

--- Run 1 / 2 ---
  Uploading bench artifacts...
  Uploading bench.flag → LocalState\ ...
  Uploading prompt.txt → LocalState\ ...
  Uploading model.txt → LocalState\ ...
  Uploading bench_threads.txt → LocalState\ ...
  Uploading bench_ctx.txt → LocalState\ ...
  Uploading bench_npredict.txt → LocalState\ ...
  Uploading bench_maxlen.txt → LocalState\ ...
  Uploading bench_ubatch.txt → LocalState\ ...
  Uploading bench_n_batch.txt → LocalState\ ...
  Uploading bench_kvq8.txt → LocalState\ ...
  Uploading bench_gpu_layers.txt → LocalState\ ...
  Uploading bench_ignore_eog.txt → LocalState\ ...
  Uploading bench_mtp_pmin.txt → LocalState\ ...
  Uploading d3d12twocol.txt → LocalState\ ...
  Uploading bench_greedy.txt → LocalState\ ...
  Uploading bench_seed.txt → LocalState\ ...
  Uploading bench_tokens.txt → LocalState\ ...
  Uploading bench_profile.txt → LocalState\ ...
  Uploading bench_run_index.txt → LocalState\ ...
  Starting app...
  Waiting for bench-result.csv.done (timeout 300s)...
  Done after 31s (http 200).
  Tokens: /tmp/tmp.n4cUgvLjtX/run1.tokens (257 lines)
  Row: qwen35-4b-mtp,Q4_K_M,d3d12,2048,2,96.24,23.32,3448,7603,2614,4147,324,256,0,xbox-series-t2-u64-b256-greedy-s1-g34-noeog-prof0,2026-10-09T13:59:17Z,1,3366.4,3367.8

--- Run 2 / 2 ---
  Uploading bench artifacts...
  Uploading bench.flag → LocalState\ ...
  Uploading prompt.txt → LocalState\ ...
  Uploading model.txt → LocalState\ ...
  Uploading bench_threads.txt → LocalState\ ...
  Uploading bench_ctx.txt → LocalState\ ...
  Uploading bench_npredict.txt → LocalState\ ...
  Uploading bench_maxlen.txt → LocalState\ ...
  Uploading bench_ubatch.txt → LocalState\ ...
  Uploading bench_n_batch.txt → LocalState\ ...
  Uploading bench_kvq8.txt → LocalState\ ...
  Uploading bench_gpu_layers.txt → LocalState\ ...
  Uploading bench_ignore_eog.txt → LocalState\ ...
  Uploading bench_mtp_pmin.txt → LocalState\ ...
  Uploading d3d12twocol.txt → LocalState\ ...
  Uploading bench_greedy.txt → LocalState\ ...
  Uploading bench_seed.txt → LocalState\ ...
  Uploading bench_tokens.txt → LocalState\ ...
  Uploading bench_profile.txt → LocalState\ ...
  Uploading bench_run_index.txt → LocalState\ ...
  Starting app...
  Waiting for bench-result.csv.done (timeout 300s)...
  Done after 31s (http 200).
  Tokens: /tmp/tmp.n4cUgvLjtX/run2.tokens (257 lines)
  Row: qwen35-4b-mtp,Q4_K_M,d3d12,2048,2,97.01,23.24,3448,7516,2614,4147,324,256,0,xbox-series-t2-u64-b256-greedy-s1-g34-noeog-prof0,2026-10-09T13:59:52Z,2,3339.8,3341.2

--- Appending recorded runs ---
  appended: qwen35-4b-mtp,Q4_K_M,d3d12,2048,2,97.01,23.24,3448,7516,2614,4147,324,256,0,xbox-series-t2-u64-b256-greedy-s1-g34-noeog-prof0,2026-10-09T13:59:52Z,2,3339.8,3341.2
Appended 1 run(s) to /home/hjotha/worktrees/xllama-qwen35-4b-maxperf/bench/results/qwen4b-maxperf/enabled-rev207/csv/code256-sw0.csv

Done. /home/hjotha/worktrees/xllama-qwen35-4b-maxperf/bench/results/qwen4b-maxperf/enabled-rev207/csv/code256-sw0.csv updated.
  Restoring original model.txt on the device...
=== xllama bench-xbox-ort ===
  Model:   qwen35-4b-mtp
  Threads: 2
  n_ctx:   2048
  n_predict: 256
  max_length: derived
  Runs:    2 (run 1 warmup, dropped from median)
  Xbox:    192.168.1.26
  PFN: GianlucaMazza.xllama_1.6.0.207_x64__pj67f1fcj4n14

--- Skipping genai_config (GGUF model; threads via bench_threads.txt) ---

--- Run 1 / 2 ---
  Uploading bench artifacts...
  Uploading bench.flag → LocalState\ ...
  Uploading prompt.txt → LocalState\ ...
  Uploading model.txt → LocalState\ ...
  Uploading bench_threads.txt → LocalState\ ...
  Uploading bench_ctx.txt → LocalState\ ...
  Uploading bench_npredict.txt → LocalState\ ...
  Uploading bench_maxlen.txt → LocalState\ ...
  Uploading bench_ubatch.txt → LocalState\ ...
  Uploading bench_n_batch.txt → LocalState\ ...
  Uploading bench_kvq8.txt → LocalState\ ...
  Uploading bench_gpu_layers.txt → LocalState\ ...
  Uploading bench_ignore_eog.txt → LocalState\ ...
  Uploading bench_mtp_pmin.txt → LocalState\ ...
  Uploading d3d12twocol.txt → LocalState\ ...
  Uploading bench_greedy.txt → LocalState\ ...
  Uploading bench_seed.txt → LocalState\ ...
  Uploading bench_tokens.txt → LocalState\ ...
  Uploading bench_profile.txt → LocalState\ ...
  Uploading bench_run_index.txt → LocalState\ ...
  Starting app...
  Waiting for bench-result.csv.done (timeout 300s)...
  Done after 30s (http 200).
  Tokens: /tmp/tmp.Krt5B2rimc/run1.tokens (257 lines)
  Row: qwen35-4b-mtp,Q4_K_M,d3d12,2048,2,101.02,24.47,3461,7441,2614,4147,324,256,0,xbox-series-t2-u64-b256-greedy-s1-g34-noeog-prof0,2026-10-09T14:00:28Z,1,3207.4,3208.8

--- Run 2 / 2 ---
  Uploading bench artifacts...
  Uploading bench.flag → LocalState\ ...
  Uploading prompt.txt → LocalState\ ...
  Uploading model.txt → LocalState\ ...
  Uploading bench_threads.txt → LocalState\ ...
  Uploading bench_ctx.txt → LocalState\ ...
  Uploading bench_npredict.txt → LocalState\ ...
  Uploading bench_maxlen.txt → LocalState\ ...
  Uploading bench_ubatch.txt → LocalState\ ...
  Uploading bench_n_batch.txt → LocalState\ ...
  Uploading bench_kvq8.txt → LocalState\ ...
  Uploading bench_gpu_layers.txt → LocalState\ ...
  Uploading bench_ignore_eog.txt → LocalState\ ...
  Uploading bench_mtp_pmin.txt → LocalState\ ...
  Uploading d3d12twocol.txt → LocalState\ ...
  Uploading bench_greedy.txt → LocalState\ ...
  Uploading bench_seed.txt → LocalState\ ...
  Uploading bench_tokens.txt → LocalState\ ...
  Uploading bench_profile.txt → LocalState\ ...
  Uploading bench_run_index.txt → LocalState\ ...
  Starting app...
  Waiting for bench-result.csv.done (timeout 300s)...
  Done after 31s (http 200).
  Tokens: /tmp/tmp.Krt5B2rimc/run2.tokens (257 lines)
  Row: qwen35-4b-mtp,Q4_K_M,d3d12,2048,2,101.85,24.54,3459,7316,2614,4147,324,256,0,xbox-series-t2-u64-b256-greedy-s1-g34-noeog-prof0,2026-10-09T14:01:03Z,2,3181.1,3182.4

--- Appending recorded runs ---
  appended: qwen35-4b-mtp,Q4_K_M,d3d12,2048,2,101.85,24.54,3459,7316,2614,4147,324,256,0,xbox-series-t2-u64-b256-greedy-s1-g34-noeog-prof0,2026-10-09T14:01:03Z,2,3181.1,3182.4
Appended 1 run(s) to /home/hjotha/worktrees/xllama-qwen35-4b-maxperf/bench/results/qwen4b-maxperf/enabled-rev207/csv/code256-sw1.csv

Done. /home/hjotha/worktrees/xllama-qwen35-4b-maxperf/bench/results/qwen4b-maxperf/enabled-rev207/csv/code256-sw1.csv updated.
  Restoring original model.txt on the device...
=== xllama bench-xbox-ort ===
  Model:   qwen35-4b-mtp
  Threads: 2
  n_ctx:   2048
  n_predict: 64
  max_length: derived
  Runs:    2 (run 1 warmup, dropped from median)
  Xbox:    192.168.1.26
  PFN: GianlucaMazza.xllama_1.6.0.207_x64__pj67f1fcj4n14

--- Skipping genai_config (GGUF model; threads via bench_threads.txt) ---

--- Run 1 / 2 ---
  Uploading bench artifacts...
  Uploading bench.flag → LocalState\ ...
  Uploading prompt.txt → LocalState\ ...
  Uploading model.txt → LocalState\ ...
  Uploading bench_threads.txt → LocalState\ ...
  Uploading bench_ctx.txt → LocalState\ ...
  Uploading bench_npredict.txt → LocalState\ ...
  Uploading bench_maxlen.txt → LocalState\ ...
  Uploading bench_ubatch.txt → LocalState\ ...
  Uploading bench_n_batch.txt → LocalState\ ...
  Uploading bench_kvq8.txt → LocalState\ ...
  Uploading bench_gpu_layers.txt → LocalState\ ...
  Uploading bench_ignore_eog.txt → LocalState\ ...
  Uploading bench_mtp_pmin.txt → LocalState\ ...
  Uploading d3d12twocol.txt → LocalState\ ...
  Uploading bench_greedy.txt → LocalState\ ...
  Uploading bench_seed.txt → LocalState\ ...
  Uploading bench_tokens.txt → LocalState\ ...
  Uploading bench_profile.txt → LocalState\ ...
  Uploading bench_run_index.txt → LocalState\ ...
  Starting app...
  Waiting for bench-result.csv.done (timeout 300s)...
  Done after 21s (http 200).
  Tokens: /tmp/tmp.8Ae0isXMB7/run1.tokens (65 lines)
  Row: qwen35-4b-mtp,Q4_K_M,d3d12,2048,2,96.19,24.10,3448,7301,2614,4147,298,64,0,xbox-series-t2-u64-b256-greedy-s1-g34-noeog-prof0,2026-10-09T14:01:33Z,1,3098.0,3099.5

--- Run 2 / 2 ---
  Uploading bench artifacts...
  Uploading bench.flag → LocalState\ ...
  Uploading prompt.txt → LocalState\ ...
  Uploading model.txt → LocalState\ ...
  Uploading bench_threads.txt → LocalState\ ...
  Uploading bench_ctx.txt → LocalState\ ...
  Uploading bench_npredict.txt → LocalState\ ...
  Uploading bench_maxlen.txt → LocalState\ ...
  Uploading bench_ubatch.txt → LocalState\ ...
  Uploading bench_n_batch.txt → LocalState\ ...
  Uploading bench_kvq8.txt → LocalState\ ...
  Uploading bench_gpu_layers.txt → LocalState\ ...
  Uploading bench_ignore_eog.txt → LocalState\ ...
  Uploading bench_mtp_pmin.txt → LocalState\ ...
  Uploading d3d12twocol.txt → LocalState\ ...
  Uploading bench_greedy.txt → LocalState\ ...
  Uploading bench_seed.txt → LocalState\ ...
  Uploading bench_tokens.txt → LocalState\ ...
  Uploading bench_profile.txt → LocalState\ ...
  Uploading bench_run_index.txt → LocalState\ ...
  Starting app...
  Waiting for bench-result.csv.done (timeout 300s)...
  Done after 20s (http 200).
  Tokens: /tmp/tmp.8Ae0isXMB7/run2.tokens (65 lines)
  Row: qwen35-4b-mtp,Q4_K_M,d3d12,2048,2,96.22,23.91,3448,7289,2614,4147,298,64,0,xbox-series-t2-u64-b256-greedy-s1-g34-noeog-prof0,2026-10-09T14:01:57Z,2,3097.2,3098.8

--- Appending recorded runs ---
  appended: qwen35-4b-mtp,Q4_K_M,d3d12,2048,2,96.22,23.91,3448,7289,2614,4147,298,64,0,xbox-series-t2-u64-b256-greedy-s1-g34-noeog-prof0,2026-10-09T14:01:57Z,2,3097.2,3098.8
Appended 1 run(s) to /home/hjotha/worktrees/xllama-qwen35-4b-maxperf/bench/results/qwen4b-maxperf/enabled-rev207/csv/std512-sw0.csv

Done. /home/hjotha/worktrees/xllama-qwen35-4b-maxperf/bench/results/qwen4b-maxperf/enabled-rev207/csv/std512-sw0.csv updated.
  Restoring original model.txt on the device...
=== xllama bench-xbox-ort ===
  Model:   qwen35-4b-mtp
  Threads: 2
  n_ctx:   2048
  n_predict: 64
  max_length: derived
  Runs:    2 (run 1 warmup, dropped from median)
  Xbox:    192.168.1.26
  PFN: GianlucaMazza.xllama_1.6.0.207_x64__pj67f1fcj4n14

--- Skipping genai_config (GGUF model; threads via bench_threads.txt) ---

--- Run 1 / 2 ---
  Uploading bench artifacts...
  Uploading bench.flag → LocalState\ ...
  Uploading prompt.txt → LocalState\ ...
  Uploading model.txt → LocalState\ ...
  Uploading bench_threads.txt → LocalState\ ...
  Uploading bench_ctx.txt → LocalState\ ...
  Uploading bench_npredict.txt → LocalState\ ...
  Uploading bench_maxlen.txt → LocalState\ ...
  Uploading bench_ubatch.txt → LocalState\ ...
  Uploading bench_n_batch.txt → LocalState\ ...
  Uploading bench_kvq8.txt → LocalState\ ...
  Uploading bench_gpu_layers.txt → LocalState\ ...
  Uploading bench_ignore_eog.txt → LocalState\ ...
  Uploading bench_mtp_pmin.txt → LocalState\ ...
  Uploading d3d12twocol.txt → LocalState\ ...
  Uploading bench_greedy.txt → LocalState\ ...
  Uploading bench_seed.txt → LocalState\ ...
  Uploading bench_tokens.txt → LocalState\ ...
  Uploading bench_profile.txt → LocalState\ ...
  Uploading bench_run_index.txt → LocalState\ ...
  Starting app...
  Waiting for bench-result.csv.done (timeout 300s)...
  Done after 20s (http 200).
  Tokens: /tmp/tmp.bLROh3GUcU/run1.tokens (65 lines)
  Row: qwen35-4b-mtp,Q4_K_M,d3d12,2048,2,100.63,24.93,3448,7133,2614,4147,298,64,0,xbox-series-t2-u64-b256-greedy-s1-g34-noeog-prof0,2026-10-09T14:02:23Z,1,2961.4,2962.7

--- Run 2 / 2 ---
  Uploading bench artifacts...
  Uploading bench.flag → LocalState\ ...
  Uploading prompt.txt → LocalState\ ...
  Uploading model.txt → LocalState\ ...
  Uploading bench_threads.txt → LocalState\ ...
  Uploading bench_ctx.txt → LocalState\ ...
  Uploading bench_npredict.txt → LocalState\ ...
  Uploading bench_maxlen.txt → LocalState\ ...
  Uploading bench_ubatch.txt → LocalState\ ...
  Uploading bench_n_batch.txt → LocalState\ ...
  Uploading bench_kvq8.txt → LocalState\ ...
  Uploading bench_gpu_layers.txt → LocalState\ ...
  Uploading bench_ignore_eog.txt → LocalState\ ...
  Uploading bench_mtp_pmin.txt → LocalState\ ...
  Uploading d3d12twocol.txt → LocalState\ ...
  Uploading bench_greedy.txt → LocalState\ ...
  Uploading bench_seed.txt → LocalState\ ...
  Uploading bench_tokens.txt → LocalState\ ...
  Uploading bench_profile.txt → LocalState\ ...
  Uploading bench_run_index.txt → LocalState\ ...
  Starting app...
  Waiting for bench-result.csv.done (timeout 300s)...
  Done after 21s (http 200).
  Tokens: /tmp/tmp.bLROh3GUcU/run2.tokens (65 lines)
  Row: qwen35-4b-mtp,Q4_K_M,d3d12,2048,2,102.51,25.31,3461,7143,2614,4147,298,64,0,xbox-series-t2-u64-b256-greedy-s1-g34-noeog-prof0,2026-10-09T14:02:48Z,2,2907.1,2908.4

--- Appending recorded runs ---
  appended: qwen35-4b-mtp,Q4_K_M,d3d12,2048,2,102.51,25.31,3461,7143,2614,4147,298,64,0,xbox-series-t2-u64-b256-greedy-s1-g34-noeog-prof0,2026-10-09T14:02:48Z,2,2907.1,2908.4
Appended 1 run(s) to /home/hjotha/worktrees/xllama-qwen35-4b-maxperf/bench/results/qwen4b-maxperf/enabled-rev207/csv/std512-sw1.csv

Done. /home/hjotha/worktrees/xllama-qwen35-4b-maxperf/bench/results/qwen4b-maxperf/enabled-rev207/csv/std512-sw1.csv updated.
  Restoring original model.txt on the device...
=== xllama bench-xbox-ort ===
  Model:   qwen35-4b-mtp
  Threads: 2
  n_ctx:   2048
  n_predict: 64
  max_length: derived
  Runs:    2 (run 1 warmup, dropped from median)
  Xbox:    192.168.1.26
  PFN: GianlucaMazza.xllama_1.6.0.207_x64__pj67f1fcj4n14

--- Skipping genai_config (GGUF model; threads via bench_threads.txt) ---

--- Run 1 / 2 ---
  Uploading bench artifacts...
  Uploading bench.flag → LocalState\ ...
  Uploading prompt.txt → LocalState\ ...
  Uploading model.txt → LocalState\ ...
  Uploading bench_threads.txt → LocalState\ ...
  Uploading bench_ctx.txt → LocalState\ ...
  Uploading bench_npredict.txt → LocalState\ ...
  Uploading bench_maxlen.txt → LocalState\ ...
  Uploading bench_ubatch.txt → LocalState\ ...
  Uploading bench_n_batch.txt → LocalState\ ...
  Uploading bench_kvq8.txt → LocalState\ ...
  Uploading bench_gpu_layers.txt → LocalState\ ...
  Uploading bench_ignore_eog.txt → LocalState\ ...
  Uploading bench_mtp.txt → LocalState\ ...
  Uploading bench_mtp_pmin.txt → LocalState\ ...
  Uploading d3d12twocol.txt → LocalState\ ...
  Uploading bench_greedy.txt → LocalState\ ...
  Uploading bench_seed.txt → LocalState\ ...
  Uploading bench_tokens.txt → LocalState\ ...
  Uploading bench_profile.txt → LocalState\ ...
  Uploading bench_run_index.txt → LocalState\ ...
  Starting app...
  Waiting for bench-result.csv.done (timeout 300s)...
  Done after 20s (http 200).
  Tokens: /tmp/tmp.IhCGqNmhkh/run1.tokens (65 lines)
  Row: qwen35-4b-mtp,Q4_K_M,d3d12,2048,2,89.23,28.98,3672,4326,2692,4147,119,64,0,xbox-series-t2-u64-b256-mtp2-pmin50-greedy-s1-g34-noeog-prof0,2026-10-09T14:03:12Z,1,1333.6,1413.8

--- Run 2 / 2 ---
  Uploading bench artifacts...
  Uploading bench.flag → LocalState\ ...
  Uploading prompt.txt → LocalState\ ...
  Uploading model.txt → LocalState\ ...
  Uploading bench_threads.txt → LocalState\ ...
  Uploading bench_ctx.txt → LocalState\ ...
  Uploading bench_npredict.txt → LocalState\ ...
  Uploading bench_maxlen.txt → LocalState\ ...
  Uploading bench_ubatch.txt → LocalState\ ...
  Uploading bench_n_batch.txt → LocalState\ ...
  Uploading bench_kvq8.txt → LocalState\ ...
  Uploading bench_gpu_layers.txt → LocalState\ ...
  Uploading bench_ignore_eog.txt → LocalState\ ...
  Uploading bench_mtp.txt → LocalState\ ...
  Uploading bench_mtp_pmin.txt → LocalState\ ...
  Uploading d3d12twocol.txt → LocalState\ ...
  Uploading bench_greedy.txt → LocalState\ ...
  Uploading bench_seed.txt → LocalState\ ...
  Uploading bench_tokens.txt → LocalState\ ...
  Uploading bench_profile.txt → LocalState\ ...
  Uploading bench_run_index.txt → LocalState\ ...
  Starting app...
  Waiting for bench-result.csv.done (timeout 300s)...
  Done after 20s (http 200).
  Tokens: /tmp/tmp.IhCGqNmhkh/run2.tokens (65 lines)
  Row: qwen35-4b-mtp,Q4_K_M,d3d12,2048,2,90.33,28.46,3662,4305,2692,4147,119,64,0,xbox-series-t2-u64-b256-mtp2-pmin50-greedy-s1-g34-noeog-prof0,2026-10-09T14:03:38Z,2,1317.4,1434.8

--- Appending recorded runs ---
  appended: qwen35-4b-mtp,Q4_K_M,d3d12,2048,2,90.33,28.46,3662,4305,2692,4147,119,64,0,xbox-series-t2-u64-b256-mtp2-pmin50-greedy-s1-g34-noeog-prof0,2026-10-09T14:03:38Z,2,1317.4,1434.8
Appended 1 run(s) to /home/hjotha/worktrees/xllama-qwen35-4b-maxperf/bench/results/qwen4b-maxperf/enabled-rev207/csv/chat64-mtp-sw0.csv

Done. /home/hjotha/worktrees/xllama-qwen35-4b-maxperf/bench/results/qwen4b-maxperf/enabled-rev207/csv/chat64-mtp-sw0.csv updated.
  Restoring original model.txt on the device...
=== xllama bench-xbox-ort ===
  Model:   qwen35-4b-mtp
  Threads: 2
  n_ctx:   2048
  n_predict: 64
  max_length: derived
  Runs:    2 (run 1 warmup, dropped from median)
  Xbox:    192.168.1.26
  PFN: GianlucaMazza.xllama_1.6.0.207_x64__pj67f1fcj4n14

--- Skipping genai_config (GGUF model; threads via bench_threads.txt) ---

--- Run 1 / 2 ---
  Uploading bench artifacts...
  Uploading bench.flag → LocalState\ ...
  Uploading prompt.txt → LocalState\ ...
  Uploading model.txt → LocalState\ ...
  Uploading bench_threads.txt → LocalState\ ...
  Uploading bench_ctx.txt → LocalState\ ...
  Uploading bench_npredict.txt → LocalState\ ...
  Uploading bench_maxlen.txt → LocalState\ ...
  Uploading bench_ubatch.txt → LocalState\ ...
  Uploading bench_n_batch.txt → LocalState\ ...
  Uploading bench_kvq8.txt → LocalState\ ...
  Uploading bench_gpu_layers.txt → LocalState\ ...
  Uploading bench_ignore_eog.txt → LocalState\ ...
  Uploading bench_mtp.txt → LocalState\ ...
  Uploading bench_mtp_pmin.txt → LocalState\ ...
  Uploading d3d12twocol.txt → LocalState\ ...
  Uploading bench_greedy.txt → LocalState\ ...
  Uploading bench_seed.txt → LocalState\ ...
  Uploading bench_tokens.txt → LocalState\ ...
  Uploading bench_profile.txt → LocalState\ ...
  Uploading bench_run_index.txt → LocalState\ ...
  Starting app...
  Waiting for bench-result.csv.done (timeout 300s)...
  Done after 20s (http 200).
  Tokens: /tmp/tmp.u5WTfwO2an/run1.tokens (65 lines)
  Row: qwen35-4b-mtp,Q4_K_M,d3d12,2048,2,94.77,30.29,3672,4565,2692,4147,119,64,0,xbox-series-t2-u64-b256-mtp2-pmin50-greedy-s1-g34-noeog-prof0,2026-10-09T14:04:04Z,1,1255.6,1331.5

--- Run 2 / 2 ---
  Uploading bench artifacts...
  Uploading bench.flag → LocalState\ ...
  Uploading prompt.txt → LocalState\ ...
  Uploading model.txt → LocalState\ ...
  Uploading bench_threads.txt → LocalState\ ...
  Uploading bench_ctx.txt → LocalState\ ...
  Uploading bench_npredict.txt → LocalState\ ...
  Uploading bench_maxlen.txt → LocalState\ ...
  Uploading bench_ubatch.txt → LocalState\ ...
  Uploading bench_n_batch.txt → LocalState\ ...
  Uploading bench_kvq8.txt → LocalState\ ...
  Uploading bench_gpu_layers.txt → LocalState\ ...
  Uploading bench_ignore_eog.txt → LocalState\ ...
  Uploading bench_mtp.txt → LocalState\ ...
  Uploading bench_mtp_pmin.txt → LocalState\ ...
  Uploading d3d12twocol.txt → LocalState\ ...
  Uploading bench_greedy.txt → LocalState\ ...
  Uploading bench_seed.txt → LocalState\ ...
  Uploading bench_tokens.txt → LocalState\ ...
  Uploading bench_profile.txt → LocalState\ ...
  Uploading bench_run_index.txt → LocalState\ ...
  Starting app...
  Waiting for bench-result.csv.done (timeout 300s)...
  Done after 20s (http 200).
  Tokens: /tmp/tmp.u5WTfwO2an/run2.tokens (65 lines)
  Row: qwen35-4b-mtp,Q4_K_M,d3d12,2048,2,95.72,29.92,3662,4317,2692,4147,119,64,0,xbox-series-t2-u64-b256-mtp2-pmin50-greedy-s1-g34-noeog-prof0,2026-10-09T14:04:29Z,2,1243.2,1319.7

--- Appending recorded runs ---
  appended: qwen35-4b-mtp,Q4_K_M,d3d12,2048,2,95.72,29.92,3662,4317,2692,4147,119,64,0,xbox-series-t2-u64-b256-mtp2-pmin50-greedy-s1-g34-noeog-prof0,2026-10-09T14:04:29Z,2,1243.2,1319.7
Appended 1 run(s) to /home/hjotha/worktrees/xllama-qwen35-4b-maxperf/bench/results/qwen4b-maxperf/enabled-rev207/csv/chat64-mtp-sw1.csv

Done. /home/hjotha/worktrees/xllama-qwen35-4b-maxperf/bench/results/qwen4b-maxperf/enabled-rev207/csv/chat64-mtp-sw1.csv updated.
  Restoring original model.txt on the device...
=== xllama bench-xbox-ort ===
  Model:   qwen35-4b-mtp
  Threads: 2
  n_ctx:   2048
  n_predict: 64
  max_length: derived
  Runs:    2 (run 1 warmup, dropped from median)
  Xbox:    192.168.1.26
  PFN: GianlucaMazza.xllama_1.6.0.207_x64__pj67f1fcj4n14

--- Skipping genai_config (GGUF model; threads via bench_threads.txt) ---

--- Run 1 / 2 ---
  Uploading bench artifacts...
  Uploading bench.flag → LocalState\ ...
  Uploading prompt.txt → LocalState\ ...
  Uploading model.txt → LocalState\ ...
  Uploading bench_threads.txt → LocalState\ ...
  Uploading bench_ctx.txt → LocalState\ ...
  Uploading bench_npredict.txt → LocalState\ ...
  Uploading bench_maxlen.txt → LocalState\ ...
  Uploading bench_ubatch.txt → LocalState\ ...
  Uploading bench_n_batch.txt → LocalState\ ...
  Uploading bench_kvq8.txt → LocalState\ ...
  Uploading bench_gpu_layers.txt → LocalState\ ...
  Uploading bench_ignore_eog.txt → LocalState\ ...
  Uploading bench_mtp.txt → LocalState\ ...
  Uploading bench_mtp_pmin.txt → LocalState\ ...
  Uploading d3d12twocol.txt → LocalState\ ...
  Uploading bench_greedy.txt → LocalState\ ...
  Uploading bench_seed.txt → LocalState\ ...
  Uploading bench_tokens.txt → LocalState\ ...
  Uploading bench_profile.txt → LocalState\ ...
  Uploading bench_run_index.txt → LocalState\ ...
  Starting app...
  Waiting for bench-result.csv.done (timeout 300s)...
  Done after 20s (http 200).
  Tokens: /tmp/tmp.mL701glK3W/run1.tokens (65 lines)
  Row: qwen35-4b-mtp,Q4_K_M,d3d12,2048,2,88.57,34.38,3672,4285,2692,4147,324,64,0,xbox-series-t2-u64-b256-mtp2-pmin50-greedy-s1-g34-noeog-prof0,2026-10-09T14:04:58Z,1,3658.0,3742.1

--- Run 2 / 2 ---
  Uploading bench artifacts...
  Uploading bench.flag → LocalState\ ...
  Uploading prompt.txt → LocalState\ ...
  Uploading model.txt → LocalState\ ...
  Uploading bench_threads.txt → LocalState\ ...
  Uploading bench_ctx.txt → LocalState\ ...
  Uploading bench_npredict.txt → LocalState\ ...
  Uploading bench_maxlen.txt → LocalState\ ...
  Uploading bench_ubatch.txt → LocalState\ ...
  Uploading bench_n_batch.txt → LocalState\ ...
  Uploading bench_kvq8.txt → LocalState\ ...
  Uploading bench_gpu_layers.txt → LocalState\ ...
  Uploading bench_ignore_eog.txt → LocalState\ ...
  Uploading bench_mtp.txt → LocalState\ ...
  Uploading bench_mtp_pmin.txt → LocalState\ ...
  Uploading d3d12twocol.txt → LocalState\ ...
  Uploading bench_greedy.txt → LocalState\ ...
  Uploading bench_seed.txt → LocalState\ ...
  Uploading bench_tokens.txt → LocalState\ ...
  Uploading bench_profile.txt → LocalState\ ...
  Uploading bench_run_index.txt → LocalState\ ...
  Starting app...
  Waiting for bench-result.csv.done (timeout 300s)...
  Done after 20s (http 200).
  Tokens: /tmp/tmp.mL701glK3W/run2.tokens (65 lines)
  Row: qwen35-4b-mtp,Q4_K_M,d3d12,2048,2,88.39,34.35,3672,4320,2692,4147,324,64,0,xbox-series-t2-u64-b256-mtp2-pmin50-greedy-s1-g34-noeog-prof0,2026-10-09T14:05:23Z,2,3665.4,3749.8

--- Appending recorded runs ---
  appended: qwen35-4b-mtp,Q4_K_M,d3d12,2048,2,88.39,34.35,3672,4320,2692,4147,324,64,0,xbox-series-t2-u64-b256-mtp2-pmin50-greedy-s1-g34-noeog-prof0,2026-10-09T14:05:23Z,2,3665.4,3749.8
Appended 1 run(s) to /home/hjotha/worktrees/xllama-qwen35-4b-maxperf/bench/results/qwen4b-maxperf/enabled-rev207/csv/code64-mtp-sw0.csv

Done. /home/hjotha/worktrees/xllama-qwen35-4b-maxperf/bench/results/qwen4b-maxperf/enabled-rev207/csv/code64-mtp-sw0.csv updated.
  Restoring original model.txt on the device...
=== xllama bench-xbox-ort ===
  Model:   qwen35-4b-mtp
  Threads: 2
  n_ctx:   2048
  n_predict: 64
  max_length: derived
  Runs:    2 (run 1 warmup, dropped from median)
  Xbox:    192.168.1.26
  PFN: GianlucaMazza.xllama_1.6.0.207_x64__pj67f1fcj4n14

--- Skipping genai_config (GGUF model; threads via bench_threads.txt) ---

--- Run 1 / 2 ---
  Uploading bench artifacts...
  Uploading bench.flag → LocalState\ ...
  Uploading prompt.txt → LocalState\ ...
  Uploading model.txt → LocalState\ ...
  Uploading bench_threads.txt → LocalState\ ...
  Uploading bench_ctx.txt → LocalState\ ...
  Uploading bench_npredict.txt → LocalState\ ...
  Uploading bench_maxlen.txt → LocalState\ ...
  Uploading bench_ubatch.txt → LocalState\ ...
  Uploading bench_n_batch.txt → LocalState\ ...
  Uploading bench_kvq8.txt → LocalState\ ...
  Uploading bench_gpu_layers.txt → LocalState\ ...
  Uploading bench_ignore_eog.txt → LocalState\ ...
  Uploading bench_mtp.txt → LocalState\ ...
  Uploading bench_mtp_pmin.txt → LocalState\ ...
  Uploading d3d12twocol.txt → LocalState\ ...
  Uploading bench_greedy.txt → LocalState\ ...
  Uploading bench_seed.txt → LocalState\ ...
  Uploading bench_tokens.txt → LocalState\ ...
  Uploading bench_profile.txt → LocalState\ ...
  Uploading bench_run_index.txt → LocalState\ ...
  Starting app...
  Waiting for bench-result.csv.done (timeout 300s)...
  Done after 21s (http 200).
  Tokens: /tmp/tmp.waNGfAgRbD/run1.tokens (65 lines)
  Row: qwen35-4b-mtp,Q4_K_M,d3d12,2048,2,93.63,35.97,3672,4342,2692,4147,324,64,0,xbox-series-t2-u64-b256-mtp2-pmin50-greedy-s1-g34-noeog-prof0,2026-10-09T14:05:49Z,1,3460.5,3541.3

--- Run 2 / 2 ---
  Uploading bench artifacts...
  Uploading bench.flag → LocalState\ ...
  Uploading prompt.txt → LocalState\ ...
  Uploading model.txt → LocalState\ ...
  Uploading bench_threads.txt → LocalState\ ...
  Uploading bench_ctx.txt → LocalState\ ...
  Uploading bench_npredict.txt → LocalState\ ...
  Uploading bench_maxlen.txt → LocalState\ ...
  Uploading bench_ubatch.txt → LocalState\ ...
  Uploading bench_n_batch.txt → LocalState\ ...
  Uploading bench_kvq8.txt → LocalState\ ...
  Uploading bench_gpu_layers.txt → LocalState\ ...
  Uploading bench_ignore_eog.txt → LocalState\ ...
  Uploading bench_mtp.txt → LocalState\ ...
  Uploading bench_mtp_pmin.txt → LocalState\ ...
  Uploading d3d12twocol.txt → LocalState\ ...
  Uploading bench_greedy.txt → LocalState\ ...
  Uploading bench_seed.txt → LocalState\ ...
  Uploading bench_tokens.txt → LocalState\ ...
  Uploading bench_profile.txt → LocalState\ ...
  Uploading bench_run_index.txt → LocalState\ ...
  Starting app...
  Waiting for bench-result.csv.done (timeout 300s)...
  Done after 20s (http 200).
  Tokens: /tmp/tmp.waNGfAgRbD/run2.tokens (65 lines)
  Row: qwen35-4b-mtp,Q4_K_M,d3d12,2048,2,94.11,36.04,3662,4325,2692,4147,324,64,0,xbox-series-t2-u64-b256-mtp2-pmin50-greedy-s1-g34-noeog-prof0,2026-10-09T14:06:14Z,2,3442.8,3523.8

--- Appending recorded runs ---
  appended: qwen35-4b-mtp,Q4_K_M,d3d12,2048,2,94.11,36.04,3662,4325,2692,4147,324,64,0,xbox-series-t2-u64-b256-mtp2-pmin50-greedy-s1-g34-noeog-prof0,2026-10-09T14:06:14Z,2,3442.8,3523.8
Appended 1 run(s) to /home/hjotha/worktrees/xllama-qwen35-4b-maxperf/bench/results/qwen4b-maxperf/enabled-rev207/csv/code64-mtp-sw1.csv

Done. /home/hjotha/worktrees/xllama-qwen35-4b-maxperf/bench/results/qwen4b-maxperf/enabled-rev207/csv/code64-mtp-sw1.csv updated.
  Restoring original model.txt on the device...
=== xllama bench-xbox-ort ===
  Model:   qwen35-4b-mtp
  Threads: 2
  n_ctx:   2048
  n_predict: 256
  max_length: derived
  Runs:    2 (run 1 warmup, dropped from median)
  Xbox:    192.168.1.26
  PFN: GianlucaMazza.xllama_1.6.0.207_x64__pj67f1fcj4n14

--- Skipping genai_config (GGUF model; threads via bench_threads.txt) ---

--- Run 1 / 2 ---
  Uploading bench artifacts...
  Uploading bench.flag → LocalState\ ...
  Uploading prompt.txt → LocalState\ ...
  Uploading model.txt → LocalState\ ...
  Uploading bench_threads.txt → LocalState\ ...
  Uploading bench_ctx.txt → LocalState\ ...
  Uploading bench_npredict.txt → LocalState\ ...
  Uploading bench_maxlen.txt → LocalState\ ...
  Uploading bench_ubatch.txt → LocalState\ ...
  Uploading bench_n_batch.txt → LocalState\ ...
  Uploading bench_kvq8.txt → LocalState\ ...
  Uploading bench_gpu_layers.txt → LocalState\ ...
  Uploading bench_ignore_eog.txt → LocalState\ ...
  Uploading bench_mtp.txt → LocalState\ ...
  Uploading bench_mtp_pmin.txt → LocalState\ ...
  Uploading d3d12twocol.txt → LocalState\ ...
  Uploading bench_greedy.txt → LocalState\ ...
  Uploading bench_seed.txt → LocalState\ ...
  Uploading bench_tokens.txt → LocalState\ ...
  Uploading bench_profile.txt → LocalState\ ...
  Uploading bench_run_index.txt → LocalState\ ...
  Starting app...
  Waiting for bench-result.csv.done (timeout 300s)...
  Done after 20s (http 200).
  Tokens: /tmp/tmp.eIeGJFTyWP/run1.tokens (257 lines)
  Row: qwen35-4b-mtp,Q4_K_M,d3d12,2048,2,88.58,28.24,3672,4303,2692,4147,119,256,0,xbox-series-t2-u64-b256-mtp2-pmin50-greedy-s1-g34-noeog-prof0,2026-10-09T14:06:46Z,1,1343.4,1440.4

--- Run 2 / 2 ---
  Uploading bench artifacts...
  Uploading bench.flag → LocalState\ ...
  Uploading prompt.txt → LocalState\ ...
  Uploading model.txt → LocalState\ ...
  Uploading bench_threads.txt → LocalState\ ...
  Uploading bench_ctx.txt → LocalState\ ...
  Uploading bench_npredict.txt → LocalState\ ...
  Uploading bench_maxlen.txt → LocalState\ ...
  Uploading bench_ubatch.txt → LocalState\ ...
  Uploading bench_n_batch.txt → LocalState\ ...
  Uploading bench_kvq8.txt → LocalState\ ...
  Uploading bench_gpu_layers.txt → LocalState\ ...
  Uploading bench_ignore_eog.txt → LocalState\ ...
  Uploading bench_mtp.txt → LocalState\ ...
  Uploading bench_mtp_pmin.txt → LocalState\ ...
  Uploading d3d12twocol.txt → LocalState\ ...
  Uploading bench_greedy.txt → LocalState\ ...
  Uploading bench_seed.txt → LocalState\ ...
  Uploading bench_tokens.txt → LocalState\ ...
  Uploading bench_profile.txt → LocalState\ ...
  Uploading bench_run_index.txt → LocalState\ ...
  Starting app...
  Waiting for bench-result.csv.done (timeout 300s)...
  Done after 20s (http 200).
  Tokens: /tmp/tmp.eIeGJFTyWP/run2.tokens (257 lines)
  Row: qwen35-4b-mtp,Q4_K_M,d3d12,2048,2,86.62,28.06,3672,4452,2692,4147,119,256,0,xbox-series-t2-u64-b256-mtp2-pmin50-greedy-s1-g34-noeog-prof0,2026-10-09T14:07:11Z,2,1373.8,1458.8

--- Appending recorded runs ---
  appended: qwen35-4b-mtp,Q4_K_M,d3d12,2048,2,86.62,28.06,3672,4452,2692,4147,119,256,0,xbox-series-t2-u64-b256-mtp2-pmin50-greedy-s1-g34-noeog-prof0,2026-10-09T14:07:11Z,2,1373.8,1458.8
Appended 1 run(s) to /home/hjotha/worktrees/xllama-qwen35-4b-maxperf/bench/results/qwen4b-maxperf/enabled-rev207/csv/chat256-mtp-sw0.csv

Done. /home/hjotha/worktrees/xllama-qwen35-4b-maxperf/bench/results/qwen4b-maxperf/enabled-rev207/csv/chat256-mtp-sw0.csv updated.
  Restoring original model.txt on the device...
=== xllama bench-xbox-ort ===
  Model:   qwen35-4b-mtp
  Threads: 2
  n_ctx:   2048
  n_predict: 256
  max_length: derived
  Runs:    2 (run 1 warmup, dropped from median)
  Xbox:    192.168.1.26
  PFN: GianlucaMazza.xllama_1.6.0.207_x64__pj67f1fcj4n14

--- Skipping genai_config (GGUF model; threads via bench_threads.txt) ---

--- Run 1 / 2 ---
  Uploading bench artifacts...
  Uploading bench.flag → LocalState\ ...
  Uploading prompt.txt → LocalState\ ...
  Uploading model.txt → LocalState\ ...
  Uploading bench_threads.txt → LocalState\ ...
  Uploading bench_ctx.txt → LocalState\ ...
  Uploading bench_npredict.txt → LocalState\ ...
  Uploading bench_maxlen.txt → LocalState\ ...
  Uploading bench_ubatch.txt → LocalState\ ...
  Uploading bench_n_batch.txt → LocalState\ ...
  Uploading bench_kvq8.txt → LocalState\ ...
  Uploading bench_gpu_layers.txt → LocalState\ ...
  Uploading bench_ignore_eog.txt → LocalState\ ...
  Uploading bench_mtp.txt → LocalState\ ...
  Uploading bench_mtp_pmin.txt → LocalState\ ...
  Uploading d3d12twocol.txt → LocalState\ ...
  Uploading bench_greedy.txt → LocalState\ ...
  Uploading bench_seed.txt → LocalState\ ...
  Uploading bench_tokens.txt → LocalState\ ...
  Uploading bench_profile.txt → LocalState\ ...
  Uploading bench_run_index.txt → LocalState\ ...
  Starting app...
  Waiting for bench-result.csv.done (timeout 300s)...
  Done after 20s (http 200).
  Tokens: /tmp/tmp.epyWdHCQJw/run1.tokens (257 lines)
  Row: qwen35-4b-mtp,Q4_K_M,d3d12,2048,2,94.25,29.39,3672,4348,2692,4147,119,256,0,xbox-series-t2-u64-b256-mtp2-pmin50-greedy-s1-g34-noeog-prof0,2026-10-09T14:07:36Z,1,1262.6,1338.1

--- Run 2 / 2 ---
  Uploading bench artifacts...
  Uploading bench.flag → LocalState\ ...
  Uploading prompt.txt → LocalState\ ...
  Uploading model.txt → LocalState\ ...
  Uploading bench_threads.txt → LocalState\ ...
  Uploading bench_ctx.txt → LocalState\ ...
  Uploading bench_npredict.txt → LocalState\ ...
  Uploading bench_maxlen.txt → LocalState\ ...
  Uploading bench_ubatch.txt → LocalState\ ...
  Uploading bench_n_batch.txt → LocalState\ ...
  Uploading bench_kvq8.txt → LocalState\ ...
  Uploading bench_gpu_layers.txt → LocalState\ ...
  Uploading bench_ignore_eog.txt → LocalState\ ...
  Uploading bench_mtp.txt → LocalState\ ...
  Uploading bench_mtp_pmin.txt → LocalState\ ...
  Uploading d3d12twocol.txt → LocalState\ ...
  Uploading bench_greedy.txt → LocalState\ ...
  Uploading bench_seed.txt → LocalState\ ...
  Uploading bench_tokens.txt → LocalState\ ...
  Uploading bench_profile.txt → LocalState\ ...
  Uploading bench_run_index.txt → LocalState\ ...
  Starting app...
  Waiting for bench-result.csv.done (timeout 300s)...
  Done after 20s (http 200).
  Tokens: /tmp/tmp.epyWdHCQJw/run2.tokens (257 lines)
  Row: qwen35-4b-mtp,Q4_K_M,d3d12,2048,2,94.36,29.01,3672,4453,2692,4147,119,256,0,xbox-series-t2-u64-b256-mtp2-pmin50-greedy-s1-g34-noeog-prof0,2026-10-09T14:08:01Z,2,1261.2,1390.8

--- Appending recorded runs ---
  appended: qwen35-4b-mtp,Q4_K_M,d3d12,2048,2,94.36,29.01,3672,4453,2692,4147,119,256,0,xbox-series-t2-u64-b256-mtp2-pmin50-greedy-s1-g34-noeog-prof0,2026-10-09T14:08:01Z,2,1261.2,1390.8
Appended 1 run(s) to /home/hjotha/worktrees/xllama-qwen35-4b-maxperf/bench/results/qwen4b-maxperf/enabled-rev207/csv/chat256-mtp-sw1.csv

Done. /home/hjotha/worktrees/xllama-qwen35-4b-maxperf/bench/results/qwen4b-maxperf/enabled-rev207/csv/chat256-mtp-sw1.csv updated.
  Restoring original model.txt on the device...
=== xllama bench-xbox-ort ===
  Model:   qwen35-4b-mtp
  Threads: 2
  n_ctx:   2048
  n_predict: 256
  max_length: derived
  Runs:    2 (run 1 warmup, dropped from median)
  Xbox:    192.168.1.26
  PFN: GianlucaMazza.xllama_1.6.0.207_x64__pj67f1fcj4n14

--- Skipping genai_config (GGUF model; threads via bench_threads.txt) ---

--- Run 1 / 2 ---
  Uploading bench artifacts...
  Uploading bench.flag → LocalState\ ...
  Uploading prompt.txt → LocalState\ ...
  Uploading model.txt → LocalState\ ...
  Uploading bench_threads.txt → LocalState\ ...
  Uploading bench_ctx.txt → LocalState\ ...
  Uploading bench_npredict.txt → LocalState\ ...
  Uploading bench_maxlen.txt → LocalState\ ...
  Uploading bench_ubatch.txt → LocalState\ ...
  Uploading bench_n_batch.txt → LocalState\ ...
  Uploading bench_kvq8.txt → LocalState\ ...
  Uploading bench_gpu_layers.txt → LocalState\ ...
  Uploading bench_ignore_eog.txt → LocalState\ ...
  Uploading bench_mtp.txt → LocalState\ ...
  Uploading bench_mtp_pmin.txt → LocalState\ ...
  Uploading d3d12twocol.txt → LocalState\ ...
  Uploading bench_greedy.txt → LocalState\ ...
  Uploading bench_seed.txt → LocalState\ ...
  Uploading bench_tokens.txt → LocalState\ ...
  Uploading bench_profile.txt → LocalState\ ...
  Uploading bench_run_index.txt → LocalState\ ...
  Starting app...
  Waiting for bench-result.csv.done (timeout 300s)...
  Done after 20s (http 200).
  Tokens: /tmp/tmp.XWtI7g0FcJ/run1.tokens (257 lines)
  Row: qwen35-4b-mtp,Q4_K_M,d3d12,2048,2,89.25,33.21,3672,4386,2692,4147,324,256,0,xbox-series-t2-u64-b256-mtp2-pmin50-greedy-s1-g34-noeog-prof0,2026-10-09T14:08:29Z,1,3630.1,3714.9

--- Run 2 / 2 ---
  Uploading bench artifacts...
  Uploading bench.flag → LocalState\ ...
  Uploading prompt.txt → LocalState\ ...
  Uploading model.txt → LocalState\ ...
  Uploading bench_threads.txt → LocalState\ ...
  Uploading bench_ctx.txt → LocalState\ ...
  Uploading bench_npredict.txt → LocalState\ ...
  Uploading bench_maxlen.txt → LocalState\ ...
  Uploading bench_ubatch.txt → LocalState\ ...
  Uploading bench_n_batch.txt → LocalState\ ...
  Uploading bench_kvq8.txt → LocalState\ ...
  Uploading bench_gpu_layers.txt → LocalState\ ...
  Uploading bench_ignore_eog.txt → LocalState\ ...
  Uploading bench_mtp.txt → LocalState\ ...
  Uploading bench_mtp_pmin.txt → LocalState\ ...
  Uploading d3d12twocol.txt → LocalState\ ...
  Uploading bench_greedy.txt → LocalState\ ...
  Uploading bench_seed.txt → LocalState\ ...
  Uploading bench_tokens.txt → LocalState\ ...
  Uploading bench_profile.txt → LocalState\ ...
  Uploading bench_run_index.txt → LocalState\ ...
  Starting app...
  Waiting for bench-result.csv.done (timeout 300s)...
  Done after 21s (http 200).
  Tokens: /tmp/tmp.XWtI7g0FcJ/run2.tokens (257 lines)
  Row: qwen35-4b-mtp,Q4_K_M,d3d12,2048,2,89.06,33.27,3662,4281,2692,4147,324,256,0,xbox-series-t2-u64-b256-mtp2-pmin50-greedy-s1-g34-noeog-prof0,2026-10-09T14:08:54Z,2,3638.0,3736.1

--- Appending recorded runs ---
  appended: qwen35-4b-mtp,Q4_K_M,d3d12,2048,2,89.06,33.27,3662,4281,2692,4147,324,256,0,xbox-series-t2-u64-b256-mtp2-pmin50-greedy-s1-g34-noeog-prof0,2026-10-09T14:08:54Z,2,3638.0,3736.1
Appended 1 run(s) to /home/hjotha/worktrees/xllama-qwen35-4b-maxperf/bench/results/qwen4b-maxperf/enabled-rev207/csv/code256-mtp-sw0.csv

Done. /home/hjotha/worktrees/xllama-qwen35-4b-maxperf/bench/results/qwen4b-maxperf/enabled-rev207/csv/code256-mtp-sw0.csv updated.
  Restoring original model.txt on the device...
=== xllama bench-xbox-ort ===
  Model:   qwen35-4b-mtp
  Threads: 2
  n_ctx:   2048
  n_predict: 256
  max_length: derived
  Runs:    2 (run 1 warmup, dropped from median)
  Xbox:    192.168.1.26
  PFN: GianlucaMazza.xllama_1.6.0.207_x64__pj67f1fcj4n14

--- Skipping genai_config (GGUF model; threads via bench_threads.txt) ---

--- Run 1 / 2 ---
  Uploading bench artifacts...
  Uploading bench.flag → LocalState\ ...
  Uploading prompt.txt → LocalState\ ...
  Uploading model.txt → LocalState\ ...
  Uploading bench_threads.txt → LocalState\ ...
  Uploading bench_ctx.txt → LocalState\ ...
  Uploading bench_npredict.txt → LocalState\ ...
  Uploading bench_maxlen.txt → LocalState\ ...
  Uploading bench_ubatch.txt → LocalState\ ...
  Uploading bench_n_batch.txt → LocalState\ ...
  Uploading bench_kvq8.txt → LocalState\ ...
  Uploading bench_gpu_layers.txt → LocalState\ ...
  Uploading bench_ignore_eog.txt → LocalState\ ...
  Uploading bench_mtp.txt → LocalState\ ...
  Uploading bench_mtp_pmin.txt → LocalState\ ...
  Uploading d3d12twocol.txt → LocalState\ ...
  Uploading bench_greedy.txt → LocalState\ ...
  Uploading bench_seed.txt → LocalState\ ...
  Uploading bench_tokens.txt → LocalState\ ...
  Uploading bench_profile.txt → LocalState\ ...
  Uploading bench_run_index.txt → LocalState\ ...
  Starting app...
  Waiting for bench-result.csv.done (timeout 300s)...
  Done after 20s (http 200).
  Tokens: /tmp/tmp.ZYRXNuOOfl/run1.tokens (257 lines)
  Row: qwen35-4b-mtp,Q4_K_M,d3d12,2048,2,94.35,34.56,3672,4344,2692,4147,324,256,0,xbox-series-t2-u64-b256-mtp2-pmin50-greedy-s1-g34-noeog-prof0,2026-10-09T14:09:20Z,1,3434.1,3515.4

--- Run 2 / 2 ---
  Uploading bench artifacts...
  Uploading bench.flag → LocalState\ ...
  Uploading prompt.txt → LocalState\ ...
  Uploading model.txt → LocalState\ ...
  Uploading bench_threads.txt → LocalState\ ...
  Uploading bench_ctx.txt → LocalState\ ...
  Uploading bench_npredict.txt → LocalState\ ...
  Uploading bench_maxlen.txt → LocalState\ ...
  Uploading bench_ubatch.txt → LocalState\ ...
  Uploading bench_n_batch.txt → LocalState\ ...
  Uploading bench_kvq8.txt → LocalState\ ...
  Uploading bench_gpu_layers.txt → LocalState\ ...
  Uploading bench_ignore_eog.txt → LocalState\ ...
  Uploading bench_mtp.txt → LocalState\ ...
  Uploading bench_mtp_pmin.txt → LocalState\ ...
  Uploading d3d12twocol.txt → LocalState\ ...
  Uploading bench_greedy.txt → LocalState\ ...
  Uploading bench_seed.txt → LocalState\ ...
  Uploading bench_tokens.txt → LocalState\ ...
  Uploading bench_profile.txt → LocalState\ ...
  Uploading bench_run_index.txt → LocalState\ ...
  Starting app...
  Waiting for bench-result.csv.done (timeout 300s)...
  Done after 21s (http 200).
  Tokens: /tmp/tmp.ZYRXNuOOfl/run2.tokens (257 lines)
  Row: qwen35-4b-mtp,Q4_K_M,d3d12,2048,2,94.62,34.70,3672,4304,2692,4147,324,256,0,xbox-series-t2-u64-b256-mtp2-pmin50-greedy-s1-g34-noeog-prof0,2026-10-09T14:09:45Z,2,3424.2,3504.9

--- Appending recorded runs ---
  appended: qwen35-4b-mtp,Q4_K_M,d3d12,2048,2,94.62,34.70,3672,4304,2692,4147,324,256,0,xbox-series-t2-u64-b256-mtp2-pmin50-greedy-s1-g34-noeog-prof0,2026-10-09T14:09:45Z,2,3424.2,3504.9
Appended 1 run(s) to /home/hjotha/worktrees/xllama-qwen35-4b-maxperf/bench/results/qwen4b-maxperf/enabled-rev207/csv/code256-mtp-sw1.csv

Done. /home/hjotha/worktrees/xllama-qwen35-4b-maxperf/bench/results/qwen4b-maxperf/enabled-rev207/csv/code256-mtp-sw1.csv updated.
  Restoring original model.txt on the device...
=== xllama bench-xbox-ort ===
  Model:   qwen35-4b-mtp
  Threads: 2
  n_ctx:   2048
  n_predict: 64
  max_length: derived
  Runs:    2 (run 1 warmup, dropped from median)
  Xbox:    192.168.1.26
  PFN: GianlucaMazza.xllama_1.6.0.207_x64__pj67f1fcj4n14

--- Skipping genai_config (GGUF model; threads via bench_threads.txt) ---

--- Run 1 / 2 ---
  Uploading bench artifacts...
  Uploading bench.flag → LocalState\ ...
  Uploading prompt.txt → LocalState\ ...
  Uploading model.txt → LocalState\ ...
  Uploading bench_threads.txt → LocalState\ ...
  Uploading bench_ctx.txt → LocalState\ ...
  Uploading bench_npredict.txt → LocalState\ ...
  Uploading bench_maxlen.txt → LocalState\ ...
  Uploading bench_ubatch.txt → LocalState\ ...
  Uploading bench_n_batch.txt → LocalState\ ...
  Uploading bench_kvq8.txt → LocalState\ ...
  Uploading bench_gpu_layers.txt → LocalState\ ...
  Uploading bench_ignore_eog.txt → LocalState\ ...
  Uploading bench_mtp_pmin.txt → LocalState\ ...
  Uploading d3d12twocol.txt → LocalState\ ...
  Uploading bench_greedy.txt → LocalState\ ...
  Uploading bench_seed.txt → LocalState\ ...
  Uploading bench_tokens.txt → LocalState\ ...
  Uploading bench_profile.txt → LocalState\ ...
  Uploading bench_run_index.txt → LocalState\ ...
  Starting app...
  Waiting for bench-result.csv.done (timeout 300s)...
  Done after 21s (http 200).
  Tokens: /tmp/tmp.wLtapbAcbM/run1.tokens (65 lines)
  Row: qwen35-4b-mtp,Q4_K_M,d3d12,2048,2,95.64,24.66,3457,5412,2614,4147,119,64,0,xbox-series-t2-u64-b256-greedy-s1-g34-noeog-prof0,2026-10-09T14:12:29Z,1,1244.3,1245.7

--- Run 2 / 2 ---
  Uploading bench artifacts...
  Uploading bench.flag → LocalState\ ...
  Uploading prompt.txt → LocalState\ ...
  Uploading model.txt → LocalState\ ...
  Uploading bench_threads.txt → LocalState\ ...
  Uploading bench_ctx.txt → LocalState\ ...
  Uploading bench_npredict.txt → LocalState\ ...
  Uploading bench_maxlen.txt → LocalState\ ...
  Uploading bench_ubatch.txt → LocalState\ ...
  Uploading bench_n_batch.txt → LocalState\ ...
  Uploading bench_kvq8.txt → LocalState\ ...
  Uploading bench_gpu_layers.txt → LocalState\ ...
  Uploading bench_ignore_eog.txt → LocalState\ ...
  Uploading bench_mtp_pmin.txt → LocalState\ ...
  Uploading d3d12twocol.txt → LocalState\ ...
  Uploading bench_greedy.txt → LocalState\ ...
  Uploading bench_seed.txt → LocalState\ ...
  Uploading bench_tokens.txt → LocalState\ ...
  Uploading bench_profile.txt → LocalState\ ...
  Uploading bench_run_index.txt → LocalState\ ...
  Starting app...
  Waiting for bench-result.csv.done (timeout 300s)...
  Done after 20s (http 200).
  Tokens: /tmp/tmp.wLtapbAcbM/run2.tokens (65 lines)
  Row: qwen35-4b-mtp,Q4_K_M,d3d12,2048,2,96.12,24.43,3461,5438,2614,4147,119,64,0,xbox-series-t2-u64-b256-greedy-s1-g34-noeog-prof0,2026-10-09T14:12:54Z,2,1238.1,1239.4

--- Appending recorded runs ---
  appended: qwen35-4b-mtp,Q4_K_M,d3d12,2048,2,96.12,24.43,3461,5438,2614,4147,119,64,0,xbox-series-t2-u64-b256-greedy-s1-g34-noeog-prof0,2026-10-09T14:12:54Z,2,1238.1,1239.4
Appended 1 run(s) to /home/hjotha/worktrees/xllama-qwen35-4b-maxperf/bench/results/qwen4b-maxperf/enabled-rev207/csv/chat64-sw0.csv

Done. /home/hjotha/worktrees/xllama-qwen35-4b-maxperf/bench/results/qwen4b-maxperf/enabled-rev207/csv/chat64-sw0.csv updated.
  Restoring original model.txt on the device...
=== xllama bench-xbox-ort ===
  Model:   qwen35-4b-mtp
  Threads: 2
  n_ctx:   2048
  n_predict: 64
  max_length: derived
  Runs:    2 (run 1 warmup, dropped from median)
  Xbox:    192.168.1.26
  PFN: GianlucaMazza.xllama_1.6.0.207_x64__pj67f1fcj4n14

--- Skipping genai_config (GGUF model; threads via bench_threads.txt) ---

--- Run 1 / 2 ---
  Uploading bench artifacts...
  Uploading bench.flag → LocalState\ ...
  Uploading prompt.txt → LocalState\ ...
  Uploading model.txt → LocalState\ ...
  Uploading bench_threads.txt → LocalState\ ...
  Uploading bench_ctx.txt → LocalState\ ...
  Uploading bench_npredict.txt → LocalState\ ...
  Uploading bench_maxlen.txt → LocalState\ ...
  Uploading bench_ubatch.txt → LocalState\ ...
  Uploading bench_n_batch.txt → LocalState\ ...
  Uploading bench_kvq8.txt → LocalState\ ...
  Uploading bench_gpu_layers.txt → LocalState\ ...
  Uploading bench_ignore_eog.txt → LocalState\ ...
  Uploading bench_mtp_pmin.txt → LocalState\ ...
  Uploading d3d12twocol.txt → LocalState\ ...
  Uploading bench_greedy.txt → LocalState\ ...
  Uploading bench_seed.txt → LocalState\ ...
  Uploading bench_tokens.txt → LocalState\ ...
  Uploading bench_profile.txt → LocalState\ ...
  Uploading bench_run_index.txt → LocalState\ ...
  Starting app...
  Waiting for bench-result.csv.done (timeout 300s)...
  Done after 21s (http 200).
  Tokens: /tmp/tmp.KlFx1XYLKt/run1.tokens (65 lines)
  Row: qwen35-4b-mtp,Q4_K_M,d3d12,2048,2,101.21,25.77,3448,5363,2614,4147,119,64,0,xbox-series-t2-u64-b256-greedy-s1-g34-noeog-prof0,2026-10-09T14:13:20Z,1,1175.8,1177.2

--- Run 2 / 2 ---
  Uploading bench artifacts...
  Uploading bench.flag → LocalState\ ...
  Uploading prompt.txt → LocalState\ ...
  Uploading model.txt → LocalState\ ...
  Uploading bench_threads.txt → LocalState\ ...
  Uploading bench_ctx.txt → LocalState\ ...
  Uploading bench_npredict.txt → LocalState\ ...
  Uploading bench_maxlen.txt → LocalState\ ...
  Uploading bench_ubatch.txt → LocalState\ ...
  Uploading bench_n_batch.txt → LocalState\ ...
  Uploading bench_kvq8.txt → LocalState\ ...
  Uploading bench_gpu_layers.txt → LocalState\ ...
  Uploading bench_ignore_eog.txt → LocalState\ ...
  Uploading bench_mtp_pmin.txt → LocalState\ ...
  Uploading d3d12twocol.txt → LocalState\ ...
  Uploading bench_greedy.txt → LocalState\ ...
  Uploading bench_seed.txt → LocalState\ ...
  Uploading bench_tokens.txt → LocalState\ ...
  Uploading bench_profile.txt → LocalState\ ...
  Uploading bench_run_index.txt → LocalState\ ...
  Starting app...
  Waiting for bench-result.csv.done (timeout 300s)...
  Done after 20s (http 200).
  Tokens: /tmp/tmp.KlFx1XYLKt/run2.tokens (65 lines)
  Row: qwen35-4b-mtp,Q4_K_M,d3d12,2048,2,100.19,25.35,3448,5376,2614,4147,119,64,0,xbox-series-t2-u64-b256-greedy-s1-g34-noeog-prof0,2026-10-09T14:13:46Z,2,1187.7,1191.7

--- Appending recorded runs ---
  appended: qwen35-4b-mtp,Q4_K_M,d3d12,2048,2,100.19,25.35,3448,5376,2614,4147,119,64,0,xbox-series-t2-u64-b256-greedy-s1-g34-noeog-prof0,2026-10-09T14:13:46Z,2,1187.7,1191.7
Appended 1 run(s) to /home/hjotha/worktrees/xllama-qwen35-4b-maxperf/bench/results/qwen4b-maxperf/enabled-rev207/csv/chat64-sw1.csv

Done. /home/hjotha/worktrees/xllama-qwen35-4b-maxperf/bench/results/qwen4b-maxperf/enabled-rev207/csv/chat64-sw1.csv updated.
  Restoring original model.txt on the device...
=== xllama bench-xbox-ort ===
  Model:   qwen35-4b-mtp
  Threads: 2
  n_ctx:   2048
  n_predict: 64
  max_length: derived
  Runs:    2 (run 1 warmup, dropped from median)
  Xbox:    192.168.1.26
  PFN: GianlucaMazza.xllama_1.6.0.207_x64__pj67f1fcj4n14

--- Skipping genai_config (GGUF model; threads via bench_threads.txt) ---

--- Run 1 / 2 ---
  Uploading bench artifacts...
  Uploading bench.flag → LocalState\ ...
  Uploading prompt.txt → LocalState\ ...
  Uploading model.txt → LocalState\ ...
  Uploading bench_threads.txt → LocalState\ ...
  Uploading bench_ctx.txt → LocalState\ ...
  Uploading bench_npredict.txt → LocalState\ ...
  Uploading bench_maxlen.txt → LocalState\ ...
  Uploading bench_ubatch.txt → LocalState\ ...
  Uploading bench_n_batch.txt → LocalState\ ...
  Uploading bench_kvq8.txt → LocalState\ ...
  Uploading bench_gpu_layers.txt → LocalState\ ...
  Uploading bench_ignore_eog.txt → LocalState\ ...
  Uploading bench_mtp_pmin.txt → LocalState\ ...
  Uploading d3d12twocol.txt → LocalState\ ...
  Uploading bench_greedy.txt → LocalState\ ...
  Uploading bench_seed.txt → LocalState\ ...
  Uploading bench_tokens.txt → LocalState\ ...
  Uploading bench_profile.txt → LocalState\ ...
  Uploading bench_run_index.txt → LocalState\ ...
  Starting app...
  Waiting for bench-result.csv.done (timeout 300s)...
  Done after 20s (http 200).
  Tokens: /tmp/tmp.6zXEoxyvyL/run1.tokens (65 lines)
  Row: qwen35-4b-mtp,Q4_K_M,d3d12,2048,2,95.99,23.68,3448,7554,2614,4147,324,64,0,xbox-series-t2-u64-b256-greedy-s1-g34-noeog-prof0,2026-10-09T14:14:15Z,1,3375.5,3376.9

--- Run 2 / 2 ---
  Uploading bench artifacts...
  Uploading bench.flag → LocalState\ ...
  Uploading prompt.txt → LocalState\ ...
  Uploading model.txt → LocalState\ ...
  Uploading bench_threads.txt → LocalState\ ...
  Uploading bench_ctx.txt → LocalState\ ...
  Uploading bench_npredict.txt → LocalState\ ...
  Uploading bench_maxlen.txt → LocalState\ ...
  Uploading bench_ubatch.txt → LocalState\ ...
  Uploading bench_n_batch.txt → LocalState\ ...
  Uploading bench_kvq8.txt → LocalState\ ...
  Uploading bench_gpu_layers.txt → LocalState\ ...
  Uploading bench_ignore_eog.txt → LocalState\ ...
  Uploading bench_mtp_pmin.txt → LocalState\ ...
  Uploading d3d12twocol.txt → LocalState\ ...
  Uploading bench_greedy.txt → LocalState\ ...
  Uploading bench_seed.txt → LocalState\ ...
  Uploading bench_tokens.txt → LocalState\ ...
  Uploading bench_profile.txt → LocalState\ ...
  Uploading bench_run_index.txt → LocalState\ ...
  Starting app...
  Waiting for bench-result.csv.done (timeout 300s)...
  Done after 20s (http 200).
  Tokens: /tmp/tmp.6zXEoxyvyL/run2.tokens (65 lines)
  Row: qwen35-4b-mtp,Q4_K_M,d3d12,2048,2,96.66,23.79,3461,7546,2614,4147,324,64,0,xbox-series-t2-u64-b256-greedy-s1-g34-noeog-prof0,2026-10-09T14:14:40Z,2,3351.8,3353.2

--- Appending recorded runs ---
  appended: qwen35-4b-mtp,Q4_K_M,d3d12,2048,2,96.66,23.79,3461,7546,2614,4147,324,64,0,xbox-series-t2-u64-b256-greedy-s1-g34-noeog-prof0,2026-10-09T14:14:40Z,2,3351.8,3353.2
Appended 1 run(s) to /home/hjotha/worktrees/xllama-qwen35-4b-maxperf/bench/results/qwen4b-maxperf/enabled-rev207/csv/code64-sw0.csv

Done. /home/hjotha/worktrees/xllama-qwen35-4b-maxperf/bench/results/qwen4b-maxperf/enabled-rev207/csv/code64-sw0.csv updated.
  Restoring original model.txt on the device...
=== xllama bench-xbox-ort ===
  Model:   qwen35-4b-mtp
  Threads: 2
  n_ctx:   2048
  n_predict: 64
  max_length: derived
  Runs:    2 (run 1 warmup, dropped from median)
  Xbox:    192.168.1.26
  PFN: GianlucaMazza.xllama_1.6.0.207_x64__pj67f1fcj4n14

--- Skipping genai_config (GGUF model; threads via bench_threads.txt) ---

--- Run 1 / 2 ---
  Uploading bench artifacts...
  Uploading bench.flag → LocalState\ ...
  Uploading prompt.txt → LocalState\ ...
  Uploading model.txt → LocalState\ ...
  Uploading bench_threads.txt → LocalState\ ...
  Uploading bench_ctx.txt → LocalState\ ...
  Uploading bench_npredict.txt → LocalState\ ...
  Uploading bench_maxlen.txt → LocalState\ ...
  Uploading bench_ubatch.txt → LocalState\ ...
  Uploading bench_n_batch.txt → LocalState\ ...
  Uploading bench_kvq8.txt → LocalState\ ...
  Uploading bench_gpu_layers.txt → LocalState\ ...
  Uploading bench_ignore_eog.txt → LocalState\ ...
  Uploading bench_mtp_pmin.txt → LocalState\ ...
  Uploading d3d12twocol.txt → LocalState\ ...
  Uploading bench_greedy.txt → LocalState\ ...
  Uploading bench_seed.txt → LocalState\ ...
  Uploading bench_tokens.txt → LocalState\ ...
  Uploading bench_profile.txt → LocalState\ ...
  Uploading bench_run_index.txt → LocalState\ ...
  Starting app...
  Waiting for bench-result.csv.done (timeout 300s)...
  Done after 20s (http 200).
  Tokens: /tmp/tmp.7Uhbjr8fLM/run1.tokens (65 lines)
  Row: qwen35-4b-mtp,Q4_K_M,d3d12,2048,2,102.34,24.88,3448,7348,2614,4147,324,64,0,xbox-series-t2-u64-b256-greedy-s1-g34-noeog-prof0,2026-10-09T14:15:06Z,1,3166.1,3167.5

--- Run 2 / 2 ---
  Uploading bench artifacts...
  Uploading bench.flag → LocalState\ ...
  Uploading prompt.txt → LocalState\ ...
  Uploading model.txt → LocalState\ ...
  Uploading bench_threads.txt → LocalState\ ...
  Uploading bench_ctx.txt → LocalState\ ...
  Uploading bench_npredict.txt → LocalState\ ...
  Uploading bench_maxlen.txt → LocalState\ ...
  Uploading bench_ubatch.txt → LocalState\ ...
  Uploading bench_n_batch.txt → LocalState\ ...
  Uploading bench_kvq8.txt → LocalState\ ...
  Uploading bench_gpu_layers.txt → LocalState\ ...
  Uploading bench_ignore_eog.txt → LocalState\ ...
  Uploading bench_mtp_pmin.txt → LocalState\ ...
  Uploading d3d12twocol.txt → LocalState\ ...
  Uploading bench_greedy.txt → LocalState\ ...
  Uploading bench_seed.txt → LocalState\ ...
  Uploading bench_tokens.txt → LocalState\ ...
  Uploading bench_profile.txt → LocalState\ ...
  Uploading bench_run_index.txt → LocalState\ ...
  Starting app...
  Waiting for bench-result.csv.done (timeout 300s)...
  Done after 21s (http 200).
  Tokens: /tmp/tmp.7Uhbjr8fLM/run2.tokens (65 lines)
  Row: qwen35-4b-mtp,Q4_K_M,d3d12,2048,2,101.54,24.89,3462,7423,2614,4147,324,64,0,xbox-series-t2-u64-b256-greedy-s1-g34-noeog-prof0,2026-10-09T14:15:31Z,2,3190.7,3192.1

--- Appending recorded runs ---
  appended: qwen35-4b-mtp,Q4_K_M,d3d12,2048,2,101.54,24.89,3462,7423,2614,4147,324,64,0,xbox-series-t2-u64-b256-greedy-s1-g34-noeog-prof0,2026-10-09T14:15:31Z,2,3190.7,3192.1
Appended 1 run(s) to /home/hjotha/worktrees/xllama-qwen35-4b-maxperf/bench/results/qwen4b-maxperf/enabled-rev207/csv/code64-sw1.csv

Done. /home/hjotha/worktrees/xllama-qwen35-4b-maxperf/bench/results/qwen4b-maxperf/enabled-rev207/csv/code64-sw1.csv updated.
  Restoring original model.txt on the device...
=== xllama bench-xbox-ort ===
  Model:   qwen35-4b-mtp
  Threads: 2
  n_ctx:   2048
  n_predict: 256
  max_length: derived
  Runs:    2 (run 1 warmup, dropped from median)
  Xbox:    192.168.1.26
  PFN: GianlucaMazza.xllama_1.6.0.207_x64__pj67f1fcj4n14

--- Skipping genai_config (GGUF model; threads via bench_threads.txt) ---

--- Run 1 / 2 ---
  Uploading bench artifacts...
  Uploading bench.flag → LocalState\ ...
  Uploading prompt.txt → LocalState\ ...
  Uploading model.txt → LocalState\ ...
  Uploading bench_threads.txt → LocalState\ ...
  Uploading bench_ctx.txt → LocalState\ ...
  Uploading bench_npredict.txt → LocalState\ ...
  Uploading bench_maxlen.txt → LocalState\ ...
  Uploading bench_ubatch.txt → LocalState\ ...
  Uploading bench_n_batch.txt → LocalState\ ...
  Uploading bench_kvq8.txt → LocalState\ ...
  Uploading bench_gpu_layers.txt → LocalState\ ...
  Uploading bench_ignore_eog.txt → LocalState\ ...
  Uploading bench_mtp_pmin.txt → LocalState\ ...
  Uploading d3d12twocol.txt → LocalState\ ...
  Uploading bench_greedy.txt → LocalState\ ...
  Uploading bench_seed.txt → LocalState\ ...
  Uploading bench_tokens.txt → LocalState\ ...
  Uploading bench_profile.txt → LocalState\ ...
  Uploading bench_run_index.txt → LocalState\ ...
  Starting app...
  Waiting for bench-result.csv.done (timeout 300s)...
  Done after 20s (http 200).
  Tokens: /tmp/tmp.z70U01TskG/run1.tokens (257 lines)
  Row: qwen35-4b-mtp,Q4_K_M,d3d12,2048,2,94.62,24.33,3448,5445,2614,4147,119,256,0,xbox-series-t2-u64-b256-greedy-s1-g34-noeog-prof0,2026-10-09T14:16:04Z,1,1257.7,1259.1

--- Run 2 / 2 ---
  Uploading bench artifacts...
  Uploading bench.flag → LocalState\ ...
  Uploading prompt.txt → LocalState\ ...
  Uploading model.txt → LocalState\ ...
  Uploading bench_threads.txt → LocalState\ ...
  Uploading bench_ctx.txt → LocalState\ ...
  Uploading bench_npredict.txt → LocalState\ ...
  Uploading bench_maxlen.txt → LocalState\ ...
  Uploading bench_ubatch.txt → LocalState\ ...
  Uploading bench_n_batch.txt → LocalState\ ...
  Uploading bench_kvq8.txt → LocalState\ ...
  Uploading bench_gpu_layers.txt → LocalState\ ...
  Uploading bench_ignore_eog.txt → LocalState\ ...
  Uploading bench_mtp_pmin.txt → LocalState\ ...
  Uploading d3d12twocol.txt → LocalState\ ...
  Uploading bench_greedy.txt → LocalState\ ...
  Uploading bench_seed.txt → LocalState\ ...
  Uploading bench_tokens.txt → LocalState\ ...
  Uploading bench_profile.txt → LocalState\ ...
  Uploading bench_run_index.txt → LocalState\ ...
  Starting app...
  Waiting for bench-result.csv.done (timeout 300s)...
  Done after 21s (http 200).
  Tokens: /tmp/tmp.z70U01TskG/run2.tokens (257 lines)
  Row: qwen35-4b-mtp,Q4_K_M,d3d12,2048,2,96.01,24.21,3461,5567,2614,4147,119,256,0,xbox-series-t2-u64-b256-greedy-s1-g34-noeog-prof0,2026-10-09T14:16:30Z,2,1239.5,1240.9

--- Appending recorded runs ---
  appended: qwen35-4b-mtp,Q4_K_M,d3d12,2048,2,96.01,24.21,3461,5567,2614,4147,119,256,0,xbox-series-t2-u64-b256-greedy-s1-g34-noeog-prof0,2026-10-09T14:16:30Z,2,1239.5,1240.9
Appended 1 run(s) to /home/hjotha/worktrees/xllama-qwen35-4b-maxperf/bench/results/qwen4b-maxperf/enabled-rev207/csv/chat256-sw0.csv

Done. /home/hjotha/worktrees/xllama-qwen35-4b-maxperf/bench/results/qwen4b-maxperf/enabled-rev207/csv/chat256-sw0.csv updated.
  Restoring original model.txt on the device...
=== xllama bench-xbox-ort ===
  Model:   qwen35-4b-mtp
  Threads: 2
  n_ctx:   2048
  n_predict: 256
  max_length: derived
  Runs:    2 (run 1 warmup, dropped from median)
  Xbox:    192.168.1.26
  PFN: GianlucaMazza.xllama_1.6.0.207_x64__pj67f1fcj4n14

--- Skipping genai_config (GGUF model; threads via bench_threads.txt) ---

--- Run 1 / 2 ---
  Uploading bench artifacts...
  Uploading bench.flag → LocalState\ ...
  Uploading prompt.txt → LocalState\ ...
  Uploading model.txt → LocalState\ ...
  Uploading bench_threads.txt → LocalState\ ...
  Uploading bench_ctx.txt → LocalState\ ...
  Uploading bench_npredict.txt → LocalState\ ...
  Uploading bench_maxlen.txt → LocalState\ ...
  Uploading bench_ubatch.txt → LocalState\ ...
  Uploading bench_n_batch.txt → LocalState\ ...
  Uploading bench_kvq8.txt → LocalState\ ...
  Uploading bench_gpu_layers.txt → LocalState\ ...
  Uploading bench_ignore_eog.txt → LocalState\ ...
  Uploading bench_mtp_pmin.txt → LocalState\ ...
  Uploading d3d12twocol.txt → LocalState\ ...
  Uploading bench_greedy.txt → LocalState\ ...
  Uploading bench_seed.txt → LocalState\ ...
  Uploading bench_tokens.txt → LocalState\ ...
  Uploading bench_profile.txt → LocalState\ ...
  Uploading bench_run_index.txt → LocalState\ ...
  Starting app...
  Waiting for bench-result.csv.done (timeout 300s)...
  Done after 20s (http 200).
  Tokens: /tmp/tmp.U4fnvydr5w/run1.tokens (257 lines)
  Row: qwen35-4b-mtp,Q4_K_M,d3d12,2048,2,98.98,25.52,3448,5397,2614,4147,119,256,0,xbox-series-t2-u64-b256-greedy-s1-g34-noeog-prof0,2026-10-09T14:16:57Z,1,1202.2,1204.3

--- Run 2 / 2 ---
  Uploading bench artifacts...
  Uploading bench.flag → LocalState\ ...
  Uploading prompt.txt → LocalState\ ...
  Uploading model.txt → LocalState\ ...
  Uploading bench_threads.txt → LocalState\ ...
  Uploading bench_ctx.txt → LocalState\ ...
  Uploading bench_npredict.txt → LocalState\ ...
  Uploading bench_maxlen.txt → LocalState\ ...
  Uploading bench_ubatch.txt → LocalState\ ...
  Uploading bench_n_batch.txt → LocalState\ ...
  Uploading bench_kvq8.txt → LocalState\ ...
  Uploading bench_gpu_layers.txt → LocalState\ ...
  Uploading bench_ignore_eog.txt → LocalState\ ...
  Uploading bench_mtp_pmin.txt → LocalState\ ...
  Uploading d3d12twocol.txt → LocalState\ ...
  Uploading bench_greedy.txt → LocalState\ ...
  Uploading bench_seed.txt → LocalState\ ...
  Uploading bench_tokens.txt → LocalState\ ...
  Uploading bench_profile.txt → LocalState\ ...
  Uploading bench_run_index.txt → LocalState\ ...
  Starting app...
  Waiting for bench-result.csv.done (timeout 300s)...
  Done after 20s (http 200).
  Tokens: /tmp/tmp.U4fnvydr5w/run2.tokens (257 lines)
  Row: qwen35-4b-mtp,Q4_K_M,d3d12,2048,2,101.93,25.51,3461,5432,2614,4147,119,256,0,xbox-series-t2-u64-b256-greedy-s1-g34-noeog-prof0,2026-10-09T14:17:21Z,2,1167.5,1168.9

--- Appending recorded runs ---
  appended: qwen35-4b-mtp,Q4_K_M,d3d12,2048,2,101.93,25.51,3461,5432,2614,4147,119,256,0,xbox-series-t2-u64-b256-greedy-s1-g34-noeog-prof0,2026-10-09T14:17:21Z,2,1167.5,1168.9
Appended 1 run(s) to /home/hjotha/worktrees/xllama-qwen35-4b-maxperf/bench/results/qwen4b-maxperf/enabled-rev207/csv/chat256-sw1.csv

Done. /home/hjotha/worktrees/xllama-qwen35-4b-maxperf/bench/results/qwen4b-maxperf/enabled-rev207/csv/chat256-sw1.csv updated.
  Restoring original model.txt on the device...
=== xllama bench-xbox-ort ===
  Model:   qwen35-4b-mtp
  Threads: 2
  n_ctx:   2048
  n_predict: 256
  max_length: derived
  Runs:    2 (run 1 warmup, dropped from median)
  Xbox:    192.168.1.26
  PFN: GianlucaMazza.xllama_1.6.0.207_x64__pj67f1fcj4n14

--- Skipping genai_config (GGUF model; threads via bench_threads.txt) ---

--- Run 1 / 2 ---
  Uploading bench artifacts...
  Uploading bench.flag → LocalState\ ...
  Uploading prompt.txt → LocalState\ ...
  Uploading model.txt → LocalState\ ...
  Uploading bench_threads.txt → LocalState\ ...
  Uploading bench_ctx.txt → LocalState\ ...
  Uploading bench_npredict.txt → LocalState\ ...
  Uploading bench_maxlen.txt → LocalState\ ...
  Uploading bench_ubatch.txt → LocalState\ ...
  Uploading bench_n_batch.txt → LocalState\ ...
  Uploading bench_kvq8.txt → LocalState\ ...
  Uploading bench_gpu_layers.txt → LocalState\ ...
  Uploading bench_ignore_eog.txt → LocalState\ ...
  Uploading bench_mtp_pmin.txt → LocalState\ ...
  Uploading d3d12twocol.txt → LocalState\ ...
  Uploading bench_greedy.txt → LocalState\ ...
  Uploading bench_seed.txt → LocalState\ ...
  Uploading bench_tokens.txt → LocalState\ ...
  Uploading bench_profile.txt → LocalState\ ...
  Uploading bench_run_index.txt → LocalState\ ...
  Starting app...
  Waiting for bench-result.csv.done (timeout 300s)...
  Done after 30s (http 200).
  Tokens: /tmp/tmp.c8GgjBvu0p/run1.tokens (257 lines)
  Row: qwen35-4b-mtp,Q4_K_M,d3d12,2048,2,95.73,23.49,3448,7563,2614,4147,324,256,0,xbox-series-t2-u64-b256-greedy-s1-g34-noeog-prof0,2026-10-09T14:17:50Z,1,3384.7,3386.0

--- Run 2 / 2 ---
  Uploading bench artifacts...
  Uploading bench.flag → LocalState\ ...
  Uploading prompt.txt → LocalState\ ...
  Uploading model.txt → LocalState\ ...
  Uploading bench_threads.txt → LocalState\ ...
  Uploading bench_ctx.txt → LocalState\ ...
  Uploading bench_npredict.txt → LocalState\ ...
  Uploading bench_maxlen.txt → LocalState\ ...
  Uploading bench_ubatch.txt → LocalState\ ...
  Uploading bench_n_batch.txt → LocalState\ ...
  Uploading bench_kvq8.txt → LocalState\ ...
  Uploading bench_gpu_layers.txt → LocalState\ ...
  Uploading bench_ignore_eog.txt → LocalState\ ...
  Uploading bench_mtp_pmin.txt → LocalState\ ...
  Uploading d3d12twocol.txt → LocalState\ ...
  Uploading bench_greedy.txt → LocalState\ ...
  Uploading bench_seed.txt → LocalState\ ...
  Uploading bench_tokens.txt → LocalState\ ...
  Uploading bench_profile.txt → LocalState\ ...
  Uploading bench_run_index.txt → LocalState\ ...
  Starting app...
  Waiting for bench-result.csv.done (timeout 300s)...
  Done after 30s (http 200).
  Tokens: /tmp/tmp.c8GgjBvu0p/run2.tokens (257 lines)
  Row: qwen35-4b-mtp,Q4_K_M,d3d12,2048,2,95.73,23.31,3451,7572,2614,4147,324,256,0,xbox-series-t2-u64-b256-greedy-s1-g34-noeog-prof0,2026-10-09T14:18:26Z,2,3384.6,3386.0

--- Appending recorded runs ---
  appended: qwen35-4b-mtp,Q4_K_M,d3d12,2048,2,95.73,23.31,3451,7572,2614,4147,324,256,0,xbox-series-t2-u64-b256-greedy-s1-g34-noeog-prof0,2026-10-09T14:18:26Z,2,3384.6,3386.0
Appended 1 run(s) to /home/hjotha/worktrees/xllama-qwen35-4b-maxperf/bench/results/qwen4b-maxperf/enabled-rev207/csv/code256-sw0.csv

Done. /home/hjotha/worktrees/xllama-qwen35-4b-maxperf/bench/results/qwen4b-maxperf/enabled-rev207/csv/code256-sw0.csv updated.
  Restoring original model.txt on the device...
=== xllama bench-xbox-ort ===
  Model:   qwen35-4b-mtp
  Threads: 2
  n_ctx:   2048
  n_predict: 256
  max_length: derived
  Runs:    2 (run 1 warmup, dropped from median)
  Xbox:    192.168.1.26
  PFN: GianlucaMazza.xllama_1.6.0.207_x64__pj67f1fcj4n14

--- Skipping genai_config (GGUF model; threads via bench_threads.txt) ---

--- Run 1 / 2 ---
  Uploading bench artifacts...
  Uploading bench.flag → LocalState\ ...
  Uploading prompt.txt → LocalState\ ...
  Uploading model.txt → LocalState\ ...
  Uploading bench_threads.txt → LocalState\ ...
  Uploading bench_ctx.txt → LocalState\ ...
  Uploading bench_npredict.txt → LocalState\ ...
  Uploading bench_maxlen.txt → LocalState\ ...
  Uploading bench_ubatch.txt → LocalState\ ...
  Uploading bench_n_batch.txt → LocalState\ ...
  Uploading bench_kvq8.txt → LocalState\ ...
  Uploading bench_gpu_layers.txt → LocalState\ ...
  Uploading bench_ignore_eog.txt → LocalState\ ...
  Uploading bench_mtp_pmin.txt → LocalState\ ...
  Uploading d3d12twocol.txt → LocalState\ ...
  Uploading bench_greedy.txt → LocalState\ ...
  Uploading bench_seed.txt → LocalState\ ...
  Uploading bench_tokens.txt → LocalState\ ...
  Uploading bench_profile.txt → LocalState\ ...
  Uploading bench_run_index.txt → LocalState\ ...
  Starting app...
  Waiting for bench-result.csv.done (timeout 300s)...
  Done after 30s (http 200).
  Tokens: /tmp/tmp.iM1fPhjVVy/run1.tokens (257 lines)
  Row: qwen35-4b-mtp,Q4_K_M,d3d12,2048,2,101.15,24.34,3448,7344,2614,4147,324,256,0,xbox-series-t2-u64-b256-greedy-s1-g34-noeog-prof0,2026-10-09T14:19:01Z,1,3203.2,3204.6

--- Run 2 / 2 ---
  Uploading bench artifacts...
  Uploading bench.flag → LocalState\ ...
  Uploading prompt.txt → LocalState\ ...
  Uploading model.txt → LocalState\ ...
  Uploading bench_threads.txt → LocalState\ ...
  Uploading bench_ctx.txt → LocalState\ ...
  Uploading bench_npredict.txt → LocalState\ ...
  Uploading bench_maxlen.txt → LocalState\ ...
  Uploading bench_ubatch.txt → LocalState\ ...
  Uploading bench_n_batch.txt → LocalState\ ...
  Uploading bench_kvq8.txt → LocalState\ ...
  Uploading bench_gpu_layers.txt → LocalState\ ...
  Uploading bench_ignore_eog.txt → LocalState\ ...
  Uploading bench_mtp_pmin.txt → LocalState\ ...
  Uploading d3d12twocol.txt → LocalState\ ...
  Uploading bench_greedy.txt → LocalState\ ...
  Uploading bench_seed.txt → LocalState\ ...
  Uploading bench_tokens.txt → LocalState\ ...
  Uploading bench_profile.txt → LocalState\ ...
  Uploading bench_run_index.txt → LocalState\ ...
  Starting app...
  Waiting for bench-result.csv.done (timeout 300s)...
  Done after 31s (http 200).
  Tokens: /tmp/tmp.iM1fPhjVVy/run2.tokens (257 lines)
  Row: qwen35-4b-mtp,Q4_K_M,d3d12,2048,2,102.05,24.52,3462,7403,2614,4147,324,256,0,xbox-series-t2-u64-b256-greedy-s1-g34-noeog-prof0,2026-10-09T14:19:36Z,2,3175.0,3176.4

--- Appending recorded runs ---
  appended: qwen35-4b-mtp,Q4_K_M,d3d12,2048,2,102.05,24.52,3462,7403,2614,4147,324,256,0,xbox-series-t2-u64-b256-greedy-s1-g34-noeog-prof0,2026-10-09T14:19:36Z,2,3175.0,3176.4
Appended 1 run(s) to /home/hjotha/worktrees/xllama-qwen35-4b-maxperf/bench/results/qwen4b-maxperf/enabled-rev207/csv/code256-sw1.csv

Done. /home/hjotha/worktrees/xllama-qwen35-4b-maxperf/bench/results/qwen4b-maxperf/enabled-rev207/csv/code256-sw1.csv updated.
  Restoring original model.txt on the device...
=== xllama bench-xbox-ort ===
  Model:   qwen35-4b-mtp
  Threads: 2
  n_ctx:   2048
  n_predict: 64
  max_length: derived
  Runs:    2 (run 1 warmup, dropped from median)
  Xbox:    192.168.1.26
  PFN: GianlucaMazza.xllama_1.6.0.207_x64__pj67f1fcj4n14

--- Skipping genai_config (GGUF model; threads via bench_threads.txt) ---

--- Run 1 / 2 ---
  Uploading bench artifacts...
  Uploading bench.flag → LocalState\ ...
  Uploading prompt.txt → LocalState\ ...
  Uploading model.txt → LocalState\ ...
  Uploading bench_threads.txt → LocalState\ ...
  Uploading bench_ctx.txt → LocalState\ ...
  Uploading bench_npredict.txt → LocalState\ ...
  Uploading bench_maxlen.txt → LocalState\ ...
  Uploading bench_ubatch.txt → LocalState\ ...
  Uploading bench_n_batch.txt → LocalState\ ...
  Uploading bench_kvq8.txt → LocalState\ ...
  Uploading bench_gpu_layers.txt → LocalState\ ...
  Uploading bench_ignore_eog.txt → LocalState\ ...
  Uploading bench_mtp_pmin.txt → LocalState\ ...
  Uploading d3d12twocol.txt → LocalState\ ...
  Uploading bench_greedy.txt → LocalState\ ...
  Uploading bench_seed.txt → LocalState\ ...
  Uploading bench_tokens.txt → LocalState\ ...
  Uploading bench_profile.txt → LocalState\ ...
  Uploading bench_run_index.txt → LocalState\ ...
  Starting app...
  Waiting for bench-result.csv.done (timeout 300s)...
  Done after 21s (http 200).
  Tokens: /tmp/tmp.oN82ulLyir/run1.tokens (65 lines)
  Row: qwen35-4b-mtp,Q4_K_M,d3d12,2048,2,95.85,23.84,3448,7464,2614,4147,298,64,0,xbox-series-t2-u64-b256-greedy-s1-g34-noeog-prof0,2026-10-09T14:20:06Z,1,3109.2,3110.5

--- Run 2 / 2 ---
  Uploading bench artifacts...
  Uploading bench.flag → LocalState\ ...
  Uploading prompt.txt → LocalState\ ...
  Uploading model.txt → LocalState\ ...
  Uploading bench_threads.txt → LocalState\ ...
  Uploading bench_ctx.txt → LocalState\ ...
  Uploading bench_npredict.txt → LocalState\ ...
  Uploading bench_maxlen.txt → LocalState\ ...
  Uploading bench_ubatch.txt → LocalState\ ...
  Uploading bench_n_batch.txt → LocalState\ ...
  Uploading bench_kvq8.txt → LocalState\ ...
  Uploading bench_gpu_layers.txt → LocalState\ ...
  Uploading bench_ignore_eog.txt → LocalState\ ...
  Uploading bench_mtp_pmin.txt → LocalState\ ...
  Uploading d3d12twocol.txt → LocalState\ ...
  Uploading bench_greedy.txt → LocalState\ ...
  Uploading bench_seed.txt → LocalState\ ...
  Uploading bench_tokens.txt → LocalState\ ...
  Uploading bench_profile.txt → LocalState\ ...
  Uploading bench_run_index.txt → LocalState\ ...
  Starting app...
  Waiting for bench-result.csv.done (timeout 300s)...
  Done after 20s (http 200).
  Tokens: /tmp/tmp.oN82ulLyir/run2.tokens (65 lines)
  Row: qwen35-4b-mtp,Q4_K_M,d3d12,2048,2,95.94,23.83,3461,7320,2614,4147,298,64,0,xbox-series-t2-u64-b256-greedy-s1-g34-noeog-prof0,2026-10-09T14:20:31Z,2,3106.1,3107.4

--- Appending recorded runs ---
  appended: qwen35-4b-mtp,Q4_K_M,d3d12,2048,2,95.94,23.83,3461,7320,2614,4147,298,64,0,xbox-series-t2-u64-b256-greedy-s1-g34-noeog-prof0,2026-10-09T14:20:31Z,2,3106.1,3107.4
Appended 1 run(s) to /home/hjotha/worktrees/xllama-qwen35-4b-maxperf/bench/results/qwen4b-maxperf/enabled-rev207/csv/std512-sw0.csv

Done. /home/hjotha/worktrees/xllama-qwen35-4b-maxperf/bench/results/qwen4b-maxperf/enabled-rev207/csv/std512-sw0.csv updated.
  Restoring original model.txt on the device...
=== xllama bench-xbox-ort ===
  Model:   qwen35-4b-mtp
  Threads: 2
  n_ctx:   2048
  n_predict: 64
  max_length: derived
  Runs:    2 (run 1 warmup, dropped from median)
  Xbox:    192.168.1.26
  PFN: GianlucaMazza.xllama_1.6.0.207_x64__pj67f1fcj4n14

--- Skipping genai_config (GGUF model; threads via bench_threads.txt) ---

--- Run 1 / 2 ---
  Uploading bench artifacts...
  Uploading bench.flag → LocalState\ ...
  Uploading prompt.txt → LocalState\ ...
  Uploading model.txt → LocalState\ ...
  Uploading bench_threads.txt → LocalState\ ...
  Uploading bench_ctx.txt → LocalState\ ...
  Uploading bench_npredict.txt → LocalState\ ...
  Uploading bench_maxlen.txt → LocalState\ ...
  Uploading bench_ubatch.txt → LocalState\ ...
  Uploading bench_n_batch.txt → LocalState\ ...
  Uploading bench_kvq8.txt → LocalState\ ...
  Uploading bench_gpu_layers.txt → LocalState\ ...
  Uploading bench_ignore_eog.txt → LocalState\ ...
  Uploading bench_mtp_pmin.txt → LocalState\ ...
  Uploading d3d12twocol.txt → LocalState\ ...
  Uploading bench_greedy.txt → LocalState\ ...
  Uploading bench_seed.txt → LocalState\ ...
  Uploading bench_tokens.txt → LocalState\ ...
  Uploading bench_profile.txt → LocalState\ ...
  Uploading bench_run_index.txt → LocalState\ ...
  Starting app...
  Waiting for bench-result.csv.done (timeout 300s)...
  Done after 20s (http 200).
  Tokens: /tmp/tmp.LcVsFE4hsj/run1.tokens (65 lines)
  Row: qwen35-4b-mtp,Q4_K_M,d3d12,2048,2,99.71,24.91,3457,7185,2614,4147,298,64,0,xbox-series-t2-u64-b256-greedy-s1-g34-noeog-prof0,2026-10-09T14:20:57Z,1,2988.7,2990.1

--- Run 2 / 2 ---
  Uploading bench artifacts...
  Uploading bench.flag → LocalState\ ...
  Uploading prompt.txt → LocalState\ ...
  Uploading model.txt → LocalState\ ...
  Uploading bench_threads.txt → LocalState\ ...
  Uploading bench_ctx.txt → LocalState\ ...
  Uploading bench_npredict.txt → LocalState\ ...
  Uploading bench_maxlen.txt → LocalState\ ...
  Uploading bench_ubatch.txt → LocalState\ ...
  Uploading bench_n_batch.txt → LocalState\ ...
  Uploading bench_kvq8.txt → LocalState\ ...
  Uploading bench_gpu_layers.txt → LocalState\ ...
  Uploading bench_ignore_eog.txt → LocalState\ ...
  Uploading bench_mtp_pmin.txt → LocalState\ ...
  Uploading d3d12twocol.txt → LocalState\ ...
  Uploading bench_greedy.txt → LocalState\ ...
  Uploading bench_seed.txt → LocalState\ ...
  Uploading bench_tokens.txt → LocalState\ ...
  Uploading bench_profile.txt → LocalState\ ...
  Uploading bench_run_index.txt → LocalState\ ...
  Starting app...
  Waiting for bench-result.csv.done (timeout 300s)...
  Done after 20s (http 200).
  Tokens: /tmp/tmp.LcVsFE4hsj/run2.tokens (65 lines)
  Row: qwen35-4b-mtp,Q4_K_M,d3d12,2048,2,101.45,25.07,3461,7183,2614,4147,298,64,0,xbox-series-t2-u64-b256-greedy-s1-g34-noeog-prof0,2026-10-09T14:21:22Z,2,2937.3,2938.6

--- Appending recorded runs ---
  appended: qwen35-4b-mtp,Q4_K_M,d3d12,2048,2,101.45,25.07,3461,7183,2614,4147,298,64,0,xbox-series-t2-u64-b256-greedy-s1-g34-noeog-prof0,2026-10-09T14:21:22Z,2,2937.3,2938.6
Appended 1 run(s) to /home/hjotha/worktrees/xllama-qwen35-4b-maxperf/bench/results/qwen4b-maxperf/enabled-rev207/csv/std512-sw1.csv

Done. /home/hjotha/worktrees/xllama-qwen35-4b-maxperf/bench/results/qwen4b-maxperf/enabled-rev207/csv/std512-sw1.csv updated.
  Restoring original model.txt on the device...
=== xllama bench-xbox-ort ===
  Model:   qwen35-4b-mtp
  Threads: 2
  n_ctx:   2048
  n_predict: 64
  max_length: derived
  Runs:    2 (run 1 warmup, dropped from median)
  Xbox:    192.168.1.26
  PFN: GianlucaMazza.xllama_1.6.0.207_x64__pj67f1fcj4n14

--- Skipping genai_config (GGUF model; threads via bench_threads.txt) ---

--- Run 1 / 2 ---
  Uploading bench artifacts...
  Uploading bench.flag → LocalState\ ...
  Uploading prompt.txt → LocalState\ ...
  Uploading model.txt → LocalState\ ...
  Uploading bench_threads.txt → LocalState\ ...
  Uploading bench_ctx.txt → LocalState\ ...
  Uploading bench_npredict.txt → LocalState\ ...
  Uploading bench_maxlen.txt → LocalState\ ...
  Uploading bench_ubatch.txt → LocalState\ ...
  Uploading bench_n_batch.txt → LocalState\ ...
  Uploading bench_kvq8.txt → LocalState\ ...
  Uploading bench_gpu_layers.txt → LocalState\ ...
  Uploading bench_ignore_eog.txt → LocalState\ ...
  Uploading bench_mtp.txt → LocalState\ ...
  Uploading bench_mtp_pmin.txt → LocalState\ ...
  Uploading d3d12twocol.txt → LocalState\ ...
  Uploading bench_greedy.txt → LocalState\ ...
  Uploading bench_seed.txt → LocalState\ ...
  Uploading bench_tokens.txt → LocalState\ ...
  Uploading bench_profile.txt → LocalState\ ...
  Uploading bench_run_index.txt → LocalState\ ...
  Starting app...
  Waiting for bench-result.csv.done (timeout 300s)...
  Done after 20s (http 200).
  Tokens: /tmp/tmp.MGt4OBVDCs/run1.tokens (65 lines)
  Row: qwen35-4b-mtp,Q4_K_M,d3d12,2048,2,89.67,28.57,3673,4348,2692,4147,119,64,0,xbox-series-t2-u64-b256-mtp2-pmin50-greedy-s1-g34-noeog-prof0,2026-10-09T14:21:47Z,1,1327.0,1405.9

--- Run 2 / 2 ---
  Uploading bench artifacts...
  Uploading bench.flag → LocalState\ ...
  Uploading prompt.txt → LocalState\ ...
  Uploading model.txt → LocalState\ ...
  Uploading bench_threads.txt → LocalState\ ...
  Uploading bench_ctx.txt → LocalState\ ...
  Uploading bench_npredict.txt → LocalState\ ...
  Uploading bench_maxlen.txt → LocalState\ ...
  Uploading bench_ubatch.txt → LocalState\ ...
  Uploading bench_n_batch.txt → LocalState\ ...
  Uploading bench_kvq8.txt → LocalState\ ...
  Uploading bench_gpu_layers.txt → LocalState\ ...
  Uploading bench_ignore_eog.txt → LocalState\ ...
  Uploading bench_mtp.txt → LocalState\ ...
  Uploading bench_mtp_pmin.txt → LocalState\ ...
  Uploading d3d12twocol.txt → LocalState\ ...
  Uploading bench_greedy.txt → LocalState\ ...
  Uploading bench_seed.txt → LocalState\ ...
  Uploading bench_tokens.txt → LocalState\ ...
  Uploading bench_profile.txt → LocalState\ ...
  Uploading bench_run_index.txt → LocalState\ ...
  Starting app...
  Waiting for bench-result.csv.done (timeout 300s)...
  Done after 20s (http 200).
  Tokens: /tmp/tmp.MGt4OBVDCs/run2.tokens (65 lines)
  Row: qwen35-4b-mtp,Q4_K_M,d3d12,2048,2,89.60,28.59,3672,4351,2692,4147,119,64,0,xbox-series-t2-u64-b256-mtp2-pmin50-greedy-s1-g34-noeog-prof0,2026-10-09T14:22:12Z,2,1328.1,1407.3

--- Appending recorded runs ---
  appended: qwen35-4b-mtp,Q4_K_M,d3d12,2048,2,89.60,28.59,3672,4351,2692,4147,119,64,0,xbox-series-t2-u64-b256-mtp2-pmin50-greedy-s1-g34-noeog-prof0,2026-10-09T14:22:12Z,2,1328.1,1407.3
Appended 1 run(s) to /home/hjotha/worktrees/xllama-qwen35-4b-maxperf/bench/results/qwen4b-maxperf/enabled-rev207/csv/chat64-mtp-sw0.csv

Done. /home/hjotha/worktrees/xllama-qwen35-4b-maxperf/bench/results/qwen4b-maxperf/enabled-rev207/csv/chat64-mtp-sw0.csv updated.
  Restoring original model.txt on the device...
=== xllama bench-xbox-ort ===
  Model:   qwen35-4b-mtp
  Threads: 2
  n_ctx:   2048
  n_predict: 64
  max_length: derived
  Runs:    2 (run 1 warmup, dropped from median)
  Xbox:    192.168.1.26
  PFN: GianlucaMazza.xllama_1.6.0.207_x64__pj67f1fcj4n14

--- Skipping genai_config (GGUF model; threads via bench_threads.txt) ---

--- Run 1 / 2 ---
  Uploading bench artifacts...
  Uploading bench.flag → LocalState\ ...
  Uploading prompt.txt → LocalState\ ...
  Uploading model.txt → LocalState\ ...
  Uploading bench_threads.txt → LocalState\ ...
  Uploading bench_ctx.txt → LocalState\ ...
  Uploading bench_npredict.txt → LocalState\ ...
  Uploading bench_maxlen.txt → LocalState\ ...
  Uploading bench_ubatch.txt → LocalState\ ...
  Uploading bench_n_batch.txt → LocalState\ ...
  Uploading bench_kvq8.txt → LocalState\ ...
  Uploading bench_gpu_layers.txt → LocalState\ ...
  Uploading bench_ignore_eog.txt → LocalState\ ...
  Uploading bench_mtp.txt → LocalState\ ...
  Uploading bench_mtp_pmin.txt → LocalState\ ...
  Uploading d3d12twocol.txt → LocalState\ ...
  Uploading bench_greedy.txt → LocalState\ ...
  Uploading bench_seed.txt → LocalState\ ...
  Uploading bench_tokens.txt → LocalState\ ...
  Uploading bench_profile.txt → LocalState\ ...
  Uploading bench_run_index.txt → LocalState\ ...
  Starting app...
  Waiting for bench-result.csv.done (timeout 300s)...
  Done after 20s (http 200).
  Tokens: /tmp/tmp.um6jA6RVQs/run1.tokens (65 lines)
  Row: qwen35-4b-mtp,Q4_K_M,d3d12,2048,2,94.87,29.64,3673,4315,2692,4147,119,64,0,xbox-series-t2-u64-b256-mtp2-pmin50-greedy-s1-g34-noeog-prof0,2026-10-09T14:22:38Z,1,1254.3,1371.8

--- Run 2 / 2 ---
  Uploading bench artifacts...
  Uploading bench.flag → LocalState\ ...
  Uploading prompt.txt → LocalState\ ...
  Uploading model.txt → LocalState\ ...
  Uploading bench_threads.txt → LocalState\ ...
  Uploading bench_ctx.txt → LocalState\ ...
  Uploading bench_npredict.txt → LocalState\ ...
  Uploading bench_maxlen.txt → LocalState\ ...
  Uploading bench_ubatch.txt → LocalState\ ...
  Uploading bench_n_batch.txt → LocalState\ ...
  Uploading bench_kvq8.txt → LocalState\ ...
  Uploading bench_gpu_layers.txt → LocalState\ ...
  Uploading bench_ignore_eog.txt → LocalState\ ...
  Uploading bench_mtp.txt → LocalState\ ...
  Uploading bench_mtp_pmin.txt → LocalState\ ...
  Uploading d3d12twocol.txt → LocalState\ ...
  Uploading bench_greedy.txt → LocalState\ ...
  Uploading bench_seed.txt → LocalState\ ...
  Uploading bench_tokens.txt → LocalState\ ...
  Uploading bench_profile.txt → LocalState\ ...
  Uploading bench_run_index.txt → LocalState\ ...
  Starting app...
  Waiting for bench-result.csv.done (timeout 300s)...
  Done after 20s (http 200).
  Tokens: /tmp/tmp.um6jA6RVQs/run2.tokens (65 lines)
  Row: qwen35-4b-mtp,Q4_K_M,d3d12,2048,2,94.18,29.84,3673,4316,2692,4147,119,64,0,xbox-series-t2-u64-b256-mtp2-pmin50-greedy-s1-g34-noeog-prof0,2026-10-09T14:23:03Z,2,1263.6,1344.4

--- Appending recorded runs ---
  appended: qwen35-4b-mtp,Q4_K_M,d3d12,2048,2,94.18,29.84,3673,4316,2692,4147,119,64,0,xbox-series-t2-u64-b256-mtp2-pmin50-greedy-s1-g34-noeog-prof0,2026-10-09T14:23:03Z,2,1263.6,1344.4
Appended 1 run(s) to /home/hjotha/worktrees/xllama-qwen35-4b-maxperf/bench/results/qwen4b-maxperf/enabled-rev207/csv/chat64-mtp-sw1.csv

Done. /home/hjotha/worktrees/xllama-qwen35-4b-maxperf/bench/results/qwen4b-maxperf/enabled-rev207/csv/chat64-mtp-sw1.csv updated.
  Restoring original model.txt on the device...
=== xllama bench-xbox-ort ===
  Model:   qwen35-4b-mtp
  Threads: 2
  n_ctx:   2048
  n_predict: 64
  max_length: derived
  Runs:    2 (run 1 warmup, dropped from median)
  Xbox:    192.168.1.26
  PFN: GianlucaMazza.xllama_1.6.0.207_x64__pj67f1fcj4n14

--- Skipping genai_config (GGUF model; threads via bench_threads.txt) ---

--- Run 1 / 2 ---
  Uploading bench artifacts...
  Uploading bench.flag → LocalState\ ...
  Uploading prompt.txt → LocalState\ ...
  Uploading model.txt → LocalState\ ...
  Uploading bench_threads.txt → LocalState\ ...
  Uploading bench_ctx.txt → LocalState\ ...
  Uploading bench_npredict.txt → LocalState\ ...
  Uploading bench_maxlen.txt → LocalState\ ...
  Uploading bench_ubatch.txt → LocalState\ ...
  Uploading bench_n_batch.txt → LocalState\ ...
  Uploading bench_kvq8.txt → LocalState\ ...
  Uploading bench_gpu_layers.txt → LocalState\ ...
  Uploading bench_ignore_eog.txt → LocalState\ ...
  Uploading bench_mtp.txt → LocalState\ ...
  Uploading bench_mtp_pmin.txt → LocalState\ ...
  Uploading d3d12twocol.txt → LocalState\ ...
  Uploading bench_greedy.txt → LocalState\ ...
  Uploading bench_seed.txt → LocalState\ ...
  Uploading bench_tokens.txt → LocalState\ ...
  Uploading bench_profile.txt → LocalState\ ...
  Uploading bench_run_index.txt → LocalState\ ...
  Starting app...
  Waiting for bench-result.csv.done (timeout 300s)...
  Done after 21s (http 200).
  Tokens: /tmp/tmp.ubMsFaYuxK/run1.tokens (65 lines)
  Row: qwen35-4b-mtp,Q4_K_M,d3d12,2048,2,89.18,34.39,3675,4332,2692,4147,324,64,0,xbox-series-t2-u64-b256-mtp2-pmin50-greedy-s1-g34-noeog-prof0,2026-10-09T14:23:31Z,1,3633.1,3717.6

--- Run 2 / 2 ---
  Uploading bench artifacts...
  Uploading bench.flag → LocalState\ ...
  Uploading prompt.txt → LocalState\ ...
  Uploading model.txt → LocalState\ ...
  Uploading bench_threads.txt → LocalState\ ...
  Uploading bench_ctx.txt → LocalState\ ...
  Uploading bench_npredict.txt → LocalState\ ...
  Uploading bench_maxlen.txt → LocalState\ ...
  Uploading bench_ubatch.txt → LocalState\ ...
  Uploading bench_n_batch.txt → LocalState\ ...
  Uploading bench_kvq8.txt → LocalState\ ...
  Uploading bench_gpu_layers.txt → LocalState\ ...
  Uploading bench_ignore_eog.txt → LocalState\ ...
  Uploading bench_mtp.txt → LocalState\ ...
  Uploading bench_mtp_pmin.txt → LocalState\ ...
  Uploading d3d12twocol.txt → LocalState\ ...
  Uploading bench_greedy.txt → LocalState\ ...
  Uploading bench_seed.txt → LocalState\ ...
  Uploading bench_tokens.txt → LocalState\ ...
  Uploading bench_profile.txt → LocalState\ ...
  Uploading bench_run_index.txt → LocalState\ ...
  Starting app...
  Waiting for bench-result.csv.done (timeout 300s)...
  Done after 21s (http 200).
  Tokens: /tmp/tmp.ubMsFaYuxK/run2.tokens (65 lines)
  Row: qwen35-4b-mtp,Q4_K_M,d3d12,2048,2,88.35,34.66,3672,4374,2692,4147,324,64,0,xbox-series-t2-u64-b256-mtp2-pmin50-greedy-s1-g34-noeog-prof0,2026-10-09T14:23:56Z,2,3667.0,3756.2

--- Appending recorded runs ---
  appended: qwen35-4b-mtp,Q4_K_M,d3d12,2048,2,88.35,34.66,3672,4374,2692,4147,324,64,0,xbox-series-t2-u64-b256-mtp2-pmin50-greedy-s1-g34-noeog-prof0,2026-10-09T14:23:56Z,2,3667.0,3756.2
Appended 1 run(s) to /home/hjotha/worktrees/xllama-qwen35-4b-maxperf/bench/results/qwen4b-maxperf/enabled-rev207/csv/code64-mtp-sw0.csv

Done. /home/hjotha/worktrees/xllama-qwen35-4b-maxperf/bench/results/qwen4b-maxperf/enabled-rev207/csv/code64-mtp-sw0.csv updated.
  Restoring original model.txt on the device...
=== xllama bench-xbox-ort ===
  Model:   qwen35-4b-mtp
  Threads: 2
  n_ctx:   2048
  n_predict: 64
  max_length: derived
  Runs:    2 (run 1 warmup, dropped from median)
  Xbox:    192.168.1.26
  PFN: GianlucaMazza.xllama_1.6.0.207_x64__pj67f1fcj4n14

--- Skipping genai_config (GGUF model; threads via bench_threads.txt) ---

--- Run 1 / 2 ---
  Uploading bench artifacts...
  Uploading bench.flag → LocalState\ ...
  Uploading prompt.txt → LocalState\ ...
  Uploading model.txt → LocalState\ ...
  Uploading bench_threads.txt → LocalState\ ...
  Uploading bench_ctx.txt → LocalState\ ...
  Uploading bench_npredict.txt → LocalState\ ...
  Uploading bench_maxlen.txt → LocalState\ ...
  Uploading bench_ubatch.txt → LocalState\ ...
  Uploading bench_n_batch.txt → LocalState\ ...
  Uploading bench_kvq8.txt → LocalState\ ...
  Uploading bench_gpu_layers.txt → LocalState\ ...
  Uploading bench_ignore_eog.txt → LocalState\ ...
  Uploading bench_mtp.txt → LocalState\ ...
  Uploading bench_mtp_pmin.txt → LocalState\ ...
  Uploading d3d12twocol.txt → LocalState\ ...
  Uploading bench_greedy.txt → LocalState\ ...
  Uploading bench_seed.txt → LocalState\ ...
  Uploading bench_tokens.txt → LocalState\ ...
  Uploading bench_profile.txt → LocalState\ ...
  Uploading bench_run_index.txt → LocalState\ ...
  Starting app...
  Waiting for bench-result.csv.done (timeout 300s)...
  Done after 21s (http 200).
  Tokens: /tmp/tmp.pUD1VvOyJo/run1.tokens (65 lines)
  Row: qwen35-4b-mtp,Q4_K_M,d3d12,2048,2,93.18,35.76,3672,4335,2692,4147,324,64,0,xbox-series-t2-u64-b256-mtp2-pmin50-greedy-s1-g34-noeog-prof0,2026-10-09T14:24:22Z,1,3477.0,3564.5

--- Run 2 / 2 ---
  Uploading bench artifacts...
  Uploading bench.flag → LocalState\ ...
  Uploading prompt.txt → LocalState\ ...
  Uploading model.txt → LocalState\ ...
  Uploading bench_threads.txt → LocalState\ ...
  Uploading bench_ctx.txt → LocalState\ ...
  Uploading bench_npredict.txt → LocalState\ ...
  Uploading bench_maxlen.txt → LocalState\ ...
  Uploading bench_ubatch.txt → LocalState\ ...
  Uploading bench_n_batch.txt → LocalState\ ...
  Uploading bench_kvq8.txt → LocalState\ ...
  Uploading bench_gpu_layers.txt → LocalState\ ...
  Uploading bench_ignore_eog.txt → LocalState\ ...
  Uploading bench_mtp.txt → LocalState\ ...
  Uploading bench_mtp_pmin.txt → LocalState\ ...
  Uploading d3d12twocol.txt → LocalState\ ...
  Uploading bench_greedy.txt → LocalState\ ...
  Uploading bench_seed.txt → LocalState\ ...
  Uploading bench_tokens.txt → LocalState\ ...
  Uploading bench_profile.txt → LocalState\ ...
  Uploading bench_run_index.txt → LocalState\ ...
  Starting app...
  Waiting for bench-result.csv.done (timeout 300s)...
  Done after 20s (http 200).
  Tokens: /tmp/tmp.pUD1VvOyJo/run2.tokens (65 lines)
  Row: qwen35-4b-mtp,Q4_K_M,d3d12,2048,2,93.53,36.18,3672,4353,2692,4147,324,64,0,xbox-series-t2-u64-b256-mtp2-pmin50-greedy-s1-g34-noeog-prof0,2026-10-09T14:24:47Z,2,3464.0,3550.3

--- Appending recorded runs ---
  appended: qwen35-4b-mtp,Q4_K_M,d3d12,2048,2,93.53,36.18,3672,4353,2692,4147,324,64,0,xbox-series-t2-u64-b256-mtp2-pmin50-greedy-s1-g34-noeog-prof0,2026-10-09T14:24:47Z,2,3464.0,3550.3
Appended 1 run(s) to /home/hjotha/worktrees/xllama-qwen35-4b-maxperf/bench/results/qwen4b-maxperf/enabled-rev207/csv/code64-mtp-sw1.csv

Done. /home/hjotha/worktrees/xllama-qwen35-4b-maxperf/bench/results/qwen4b-maxperf/enabled-rev207/csv/code64-mtp-sw1.csv updated.
  Restoring original model.txt on the device...
=== xllama bench-xbox-ort ===
  Model:   qwen35-4b-mtp
  Threads: 2
  n_ctx:   2048
  n_predict: 256
  max_length: derived
  Runs:    2 (run 1 warmup, dropped from median)
  Xbox:    192.168.1.26
  PFN: GianlucaMazza.xllama_1.6.0.207_x64__pj67f1fcj4n14

--- Skipping genai_config (GGUF model; threads via bench_threads.txt) ---

--- Run 1 / 2 ---
  Uploading bench artifacts...
  Uploading bench.flag → LocalState\ ...
  Uploading prompt.txt → LocalState\ ...
  Uploading model.txt → LocalState\ ...
  Uploading bench_threads.txt → LocalState\ ...
  Uploading bench_ctx.txt → LocalState\ ...
  Uploading bench_npredict.txt → LocalState\ ...
  Uploading bench_maxlen.txt → LocalState\ ...
  Uploading bench_ubatch.txt → LocalState\ ...
  Uploading bench_n_batch.txt → LocalState\ ...
  Uploading bench_kvq8.txt → LocalState\ ...
  Uploading bench_gpu_layers.txt → LocalState\ ...
  Uploading bench_ignore_eog.txt → LocalState\ ...
  Uploading bench_mtp.txt → LocalState\ ...
  Uploading bench_mtp_pmin.txt → LocalState\ ...
  Uploading d3d12twocol.txt → LocalState\ ...
  Uploading bench_greedy.txt → LocalState\ ...
  Uploading bench_seed.txt → LocalState\ ...
  Uploading bench_tokens.txt → LocalState\ ...
  Uploading bench_profile.txt → LocalState\ ...
  Uploading bench_run_index.txt → LocalState\ ...
  Starting app...
  Waiting for bench-result.csv.done (timeout 300s)...
  Done after 20s (http 200).
  Tokens: /tmp/tmp.bzlhT5fJLL/run1.tokens (257 lines)
  Row: qwen35-4b-mtp,Q4_K_M,d3d12,2048,2,88.57,28.38,3672,4304,2692,4147,119,256,0,xbox-series-t2-u64-b256-mtp2-pmin50-greedy-s1-g34-noeog-prof0,2026-10-09T14:25:19Z,1,1343.6,1445.7

--- Run 2 / 2 ---
  Uploading bench artifacts...
  Uploading bench.flag → LocalState\ ...
  Uploading prompt.txt → LocalState\ ...
  Uploading model.txt → LocalState\ ...
  Uploading bench_threads.txt → LocalState\ ...
  Uploading bench_ctx.txt → LocalState\ ...
  Uploading bench_npredict.txt → LocalState\ ...
  Uploading bench_maxlen.txt → LocalState\ ...
  Uploading bench_ubatch.txt → LocalState\ ...
  Uploading bench_n_batch.txt → LocalState\ ...
  Uploading bench_kvq8.txt → LocalState\ ...
  Uploading bench_gpu_layers.txt → LocalState\ ...
  Uploading bench_ignore_eog.txt → LocalState\ ...
  Uploading bench_mtp.txt → LocalState\ ...
  Uploading bench_mtp_pmin.txt → LocalState\ ...
  Uploading d3d12twocol.txt → LocalState\ ...
  Uploading bench_greedy.txt → LocalState\ ...
  Uploading bench_seed.txt → LocalState\ ...
  Uploading bench_tokens.txt → LocalState\ ...
  Uploading bench_profile.txt → LocalState\ ...
  Uploading bench_run_index.txt → LocalState\ ...
  Starting app...
  Waiting for bench-result.csv.done (timeout 300s)...
  Done after 20s (http 200).
  Tokens: /tmp/tmp.bzlhT5fJLL/run2.tokens (257 lines)
  Row: qwen35-4b-mtp,Q4_K_M,d3d12,2048,2,87.63,28.04,3672,4347,2692,4147,119,256,0,xbox-series-t2-u64-b256-mtp2-pmin50-greedy-s1-g34-noeog-prof0,2026-10-09T14:25:44Z,2,1357.9,1442.7

--- Appending recorded runs ---
  appended: qwen35-4b-mtp,Q4_K_M,d3d12,2048,2,87.63,28.04,3672,4347,2692,4147,119,256,0,xbox-series-t2-u64-b256-mtp2-pmin50-greedy-s1-g34-noeog-prof0,2026-10-09T14:25:44Z,2,1357.9,1442.7
Appended 1 run(s) to /home/hjotha/worktrees/xllama-qwen35-4b-maxperf/bench/results/qwen4b-maxperf/enabled-rev207/csv/chat256-mtp-sw0.csv

Done. /home/hjotha/worktrees/xllama-qwen35-4b-maxperf/bench/results/qwen4b-maxperf/enabled-rev207/csv/chat256-mtp-sw0.csv updated.
  Restoring original model.txt on the device...
=== xllama bench-xbox-ort ===
  Model:   qwen35-4b-mtp
  Threads: 2
  n_ctx:   2048
  n_predict: 256
  max_length: derived
  Runs:    2 (run 1 warmup, dropped from median)
  Xbox:    192.168.1.26
  PFN: GianlucaMazza.xllama_1.6.0.207_x64__pj67f1fcj4n14

--- Skipping genai_config (GGUF model; threads via bench_threads.txt) ---

--- Run 1 / 2 ---
  Uploading bench artifacts...
  Uploading bench.flag → LocalState\ ...
  Uploading prompt.txt → LocalState\ ...
  Uploading model.txt → LocalState\ ...
  Uploading bench_threads.txt → LocalState\ ...
  Uploading bench_ctx.txt → LocalState\ ...
  Uploading bench_npredict.txt → LocalState\ ...
  Uploading bench_maxlen.txt → LocalState\ ...
  Uploading bench_ubatch.txt → LocalState\ ...
  Uploading bench_n_batch.txt → LocalState\ ...
  Uploading bench_kvq8.txt → LocalState\ ...
  Uploading bench_gpu_layers.txt → LocalState\ ...
  Uploading bench_ignore_eog.txt → LocalState\ ...
  Uploading bench_mtp.txt → LocalState\ ...
  Uploading bench_mtp_pmin.txt → LocalState\ ...
  Uploading d3d12twocol.txt → LocalState\ ...
  Uploading bench_greedy.txt → LocalState\ ...
  Uploading bench_seed.txt → LocalState\ ...
  Uploading bench_tokens.txt → LocalState\ ...
  Uploading bench_profile.txt → LocalState\ ...
  Uploading bench_run_index.txt → LocalState\ ...
  Starting app...
  Waiting for bench-result.csv.done (timeout 300s)...
  Done after 20s (http 200).
  Tokens: /tmp/tmp.0eY8Bju8hP/run1.tokens (257 lines)
  Row: qwen35-4b-mtp,Q4_K_M,d3d12,2048,2,92.15,29.36,3672,4332,2692,4147,119,256,0,xbox-series-t2-u64-b256-mtp2-pmin50-greedy-s1-g34-noeog-prof0,2026-10-09T14:26:11Z,1,1291.4,1372.8

--- Run 2 / 2 ---
  Uploading bench artifacts...
  Uploading bench.flag → LocalState\ ...
  Uploading prompt.txt → LocalState\ ...
  Uploading model.txt → LocalState\ ...
  Uploading bench_threads.txt → LocalState\ ...
  Uploading bench_ctx.txt → LocalState\ ...
  Uploading bench_npredict.txt → LocalState\ ...
  Uploading bench_maxlen.txt → LocalState\ ...
  Uploading bench_ubatch.txt → LocalState\ ...
  Uploading bench_n_batch.txt → LocalState\ ...
  Uploading bench_kvq8.txt → LocalState\ ...
  Uploading bench_gpu_layers.txt → LocalState\ ...
  Uploading bench_ignore_eog.txt → LocalState\ ...
  Uploading bench_mtp.txt → LocalState\ ...
  Uploading bench_mtp_pmin.txt → LocalState\ ...
  Uploading d3d12twocol.txt → LocalState\ ...
  Uploading bench_greedy.txt → LocalState\ ...
  Uploading bench_seed.txt → LocalState\ ...
  Uploading bench_tokens.txt → LocalState\ ...
  Uploading bench_profile.txt → LocalState\ ...
  Uploading bench_run_index.txt → LocalState\ ...
  Starting app...
  Waiting for bench-result.csv.done (timeout 300s)...
  Done after 20s (http 200).
  Tokens: /tmp/tmp.0eY8Bju8hP/run2.tokens (257 lines)
  Row: qwen35-4b-mtp,Q4_K_M,d3d12,2048,2,93.41,29.43,3672,4355,2692,4147,119,256,0,xbox-series-t2-u64-b256-mtp2-pmin50-greedy-s1-g34-noeog-prof0,2026-10-09T14:26:36Z,2,1274.0,1356.1

--- Appending recorded runs ---
  appended: qwen35-4b-mtp,Q4_K_M,d3d12,2048,2,93.41,29.43,3672,4355,2692,4147,119,256,0,xbox-series-t2-u64-b256-mtp2-pmin50-greedy-s1-g34-noeog-prof0,2026-10-09T14:26:36Z,2,1274.0,1356.1
Appended 1 run(s) to /home/hjotha/worktrees/xllama-qwen35-4b-maxperf/bench/results/qwen4b-maxperf/enabled-rev207/csv/chat256-mtp-sw1.csv

Done. /home/hjotha/worktrees/xllama-qwen35-4b-maxperf/bench/results/qwen4b-maxperf/enabled-rev207/csv/chat256-mtp-sw1.csv updated.
  Restoring original model.txt on the device...
=== xllama bench-xbox-ort ===
  Model:   qwen35-4b-mtp
  Threads: 2
  n_ctx:   2048
  n_predict: 256
  max_length: derived
  Runs:    2 (run 1 warmup, dropped from median)
  Xbox:    192.168.1.26
  PFN: GianlucaMazza.xllama_1.6.0.207_x64__pj67f1fcj4n14

--- Skipping genai_config (GGUF model; threads via bench_threads.txt) ---

--- Run 1 / 2 ---
  Uploading bench artifacts...
  Uploading bench.flag → LocalState\ ...
  Uploading prompt.txt → LocalState\ ...
  Uploading model.txt → LocalState\ ...
  Uploading bench_threads.txt → LocalState\ ...
  Uploading bench_ctx.txt → LocalState\ ...
  Uploading bench_npredict.txt → LocalState\ ...
  Uploading bench_maxlen.txt → LocalState\ ...
  Uploading bench_ubatch.txt → LocalState\ ...
  Uploading bench_n_batch.txt → LocalState\ ...
  Uploading bench_kvq8.txt → LocalState\ ...
  Uploading bench_gpu_layers.txt → LocalState\ ...
  Uploading bench_ignore_eog.txt → LocalState\ ...
  Uploading bench_mtp.txt → LocalState\ ...
  Uploading bench_mtp_pmin.txt → LocalState\ ...
  Uploading d3d12twocol.txt → LocalState\ ...
  Uploading bench_greedy.txt → LocalState\ ...
  Uploading bench_seed.txt → LocalState\ ...
  Uploading bench_tokens.txt → LocalState\ ...
  Uploading bench_profile.txt → LocalState\ ...
  Uploading bench_run_index.txt → LocalState\ ...
  Starting app...
  Waiting for bench-result.csv.done (timeout 300s)...
  Done after 20s (http 200).
  Tokens: /tmp/tmp.bn1WmLfIkA/run1.tokens (257 lines)
  Row: qwen35-4b-mtp,Q4_K_M,d3d12,2048,2,88.47,33.18,3672,4384,2692,4147,324,256,0,xbox-series-t2-u64-b256-mtp2-pmin50-greedy-s1-g34-noeog-prof0,2026-10-09T14:27:06Z,1,3662.4,3746.9

--- Run 2 / 2 ---
  Uploading bench artifacts...
  Uploading bench.flag → LocalState\ ...
  Uploading prompt.txt → LocalState\ ...
  Uploading model.txt → LocalState\ ...
  Uploading bench_threads.txt → LocalState\ ...
  Uploading bench_ctx.txt → LocalState\ ...
  Uploading bench_npredict.txt → LocalState\ ...
  Uploading bench_maxlen.txt → LocalState\ ...
  Uploading bench_ubatch.txt → LocalState\ ...
  Uploading bench_n_batch.txt → LocalState\ ...
  Uploading bench_kvq8.txt → LocalState\ ...
  Uploading bench_gpu_layers.txt → LocalState\ ...
  Uploading bench_ignore_eog.txt → LocalState\ ...
  Uploading bench_mtp.txt → LocalState\ ...
  Uploading bench_mtp_pmin.txt → LocalState\ ...
  Uploading d3d12twocol.txt → LocalState\ ...
  Uploading bench_greedy.txt → LocalState\ ...
  Uploading bench_seed.txt → LocalState\ ...
  Uploading bench_tokens.txt → LocalState\ ...
  Uploading bench_profile.txt → LocalState\ ...
  Uploading bench_run_index.txt → LocalState\ ...
  Starting app...
  Waiting for bench-result.csv.done (timeout 300s)...
  Done after 20s (http 200).
  Tokens: /tmp/tmp.bn1WmLfIkA/run2.tokens (257 lines)
  Row: qwen35-4b-mtp,Q4_K_M,d3d12,2048,2,89.25,33.27,3674,4335,2692,4147,324,256,0,xbox-series-t2-u64-b256-mtp2-pmin50-greedy-s1-g34-noeog-prof0,2026-10-09T14:27:31Z,2,3630.1,3714.6

--- Appending recorded runs ---
  appended: qwen35-4b-mtp,Q4_K_M,d3d12,2048,2,89.25,33.27,3674,4335,2692,4147,324,256,0,xbox-series-t2-u64-b256-mtp2-pmin50-greedy-s1-g34-noeog-prof0,2026-10-09T14:27:31Z,2,3630.1,3714.6
Appended 1 run(s) to /home/hjotha/worktrees/xllama-qwen35-4b-maxperf/bench/results/qwen4b-maxperf/enabled-rev207/csv/code256-mtp-sw0.csv

Done. /home/hjotha/worktrees/xllama-qwen35-4b-maxperf/bench/results/qwen4b-maxperf/enabled-rev207/csv/code256-mtp-sw0.csv updated.
  Restoring original model.txt on the device...
=== xllama bench-xbox-ort ===
  Model:   qwen35-4b-mtp
  Threads: 2
  n_ctx:   2048
  n_predict: 256
  max_length: derived
  Runs:    2 (run 1 warmup, dropped from median)
  Xbox:    192.168.1.26
  PFN: GianlucaMazza.xllama_1.6.0.207_x64__pj67f1fcj4n14

--- Skipping genai_config (GGUF model; threads via bench_threads.txt) ---

--- Run 1 / 2 ---
  Uploading bench artifacts...
  Uploading bench.flag → LocalState\ ...
  Uploading prompt.txt → LocalState\ ...
  Uploading model.txt → LocalState\ ...
  Uploading bench_threads.txt → LocalState\ ...
  Uploading bench_ctx.txt → LocalState\ ...
  Uploading bench_npredict.txt → LocalState\ ...
  Uploading bench_maxlen.txt → LocalState\ ...
  Uploading bench_ubatch.txt → LocalState\ ...
  Uploading bench_n_batch.txt → LocalState\ ...
  Uploading bench_kvq8.txt → LocalState\ ...
  Uploading bench_gpu_layers.txt → LocalState\ ...
  Uploading bench_ignore_eog.txt → LocalState\ ...
  Uploading bench_mtp.txt → LocalState\ ...
  Uploading bench_mtp_pmin.txt → LocalState\ ...
  Uploading d3d12twocol.txt → LocalState\ ...
  Uploading bench_greedy.txt → LocalState\ ...
  Uploading bench_seed.txt → LocalState\ ...
  Uploading bench_tokens.txt → LocalState\ ...
  Uploading bench_profile.txt → LocalState\ ...
  Uploading bench_run_index.txt → LocalState\ ...
  Starting app...
  Waiting for bench-result.csv.done (timeout 300s)...
  Done after 20s (http 200).
  Tokens: /tmp/tmp.kThDa4pgK7/run1.tokens (257 lines)
  Row: qwen35-4b-mtp,Q4_K_M,d3d12,2048,2,93.61,34.41,3672,4354,2692,4147,324,256,0,xbox-series-t2-u64-b256-mtp2-pmin50-greedy-s1-g34-noeog-prof0,2026-10-09T14:27:57Z,1,3461.0,3542.3

--- Run 2 / 2 ---
  Uploading bench artifacts...
  Uploading bench.flag → LocalState\ ...
  Uploading prompt.txt → LocalState\ ...
  Uploading model.txt → LocalState\ ...
  Uploading bench_threads.txt → LocalState\ ...
  Uploading bench_ctx.txt → LocalState\ ...
  Uploading bench_npredict.txt → LocalState\ ...
  Uploading bench_maxlen.txt → LocalState\ ...
  Uploading bench_ubatch.txt → LocalState\ ...
  Uploading bench_n_batch.txt → LocalState\ ...
  Uploading bench_kvq8.txt → LocalState\ ...
  Uploading bench_gpu_layers.txt → LocalState\ ...
  Uploading bench_ignore_eog.txt → LocalState\ ...
  Uploading bench_mtp.txt → LocalState\ ...
  Uploading bench_mtp_pmin.txt → LocalState\ ...
  Uploading d3d12twocol.txt → LocalState\ ...
  Uploading bench_greedy.txt → LocalState\ ...
  Uploading bench_seed.txt → LocalState\ ...
  Uploading bench_tokens.txt → LocalState\ ...
  Uploading bench_profile.txt → LocalState\ ...
  Uploading bench_run_index.txt → LocalState\ ...
  Starting app...
  Waiting for bench-result.csv.done (timeout 300s)...
  Done after 20s (http 200).
  Tokens: /tmp/tmp.kThDa4pgK7/run2.tokens (257 lines)
  Row: qwen35-4b-mtp,Q4_K_M,d3d12,2048,2,94.34,34.59,3672,4345,2692,4147,324,256,0,xbox-series-t2-u64-b256-mtp2-pmin50-greedy-s1-g34-noeog-prof0,2026-10-09T14:28:22Z,2,3434.4,3515.5

--- Appending recorded runs ---
  appended: qwen35-4b-mtp,Q4_K_M,d3d12,2048,2,94.34,34.59,3672,4345,2692,4147,324,256,0,xbox-series-t2-u64-b256-mtp2-pmin50-greedy-s1-g34-noeog-prof0,2026-10-09T14:28:22Z,2,3434.4,3515.5
Appended 1 run(s) to /home/hjotha/worktrees/xllama-qwen35-4b-maxperf/bench/results/qwen4b-maxperf/enabled-rev207/csv/code256-mtp-sw1.csv

Done. /home/hjotha/worktrees/xllama-qwen35-4b-maxperf/bench/results/qwen4b-maxperf/enabled-rev207/csv/code256-mtp-sw1.csv updated.
  Restoring original model.txt on the device...
