=== xllama bench-xbox-ort ===
  Model:   qwen35-4b-mtp
  Threads: 2
  n_ctx:   2048
  n_predict: 64
  max_length: derived
  Runs:    3 (run 1 warmup, dropped from median)
  Xbox:    192.168.1.26
  PFN: GianlucaMazza.xllama_1.6.0.207_x64__pj67f1fcj4n14

--- Skipping genai_config (GGUF model; threads via bench_threads.txt) ---

--- Run 1 / 3 ---
  Uploading bench artifacts...
  Uploading bench.flag → LocalState\ ...
  Uploading prompt.txt → LocalState\ ...
  Uploading model.txt → LocalState\ ...
  Uploading bench_threads.txt → LocalState\ ...
  Uploading bench_ctx.txt → LocalState\ ...
  Uploading bench_npredict.txt → LocalState\ ...
  Uploading bench_maxlen.txt → LocalState\ ...
  Uploading bench_ubatch.txt → LocalState\ ...
  Uploading bench_n_batch.txt → LocalState\ ...
  Uploading bench_kvq8.txt → LocalState\ ...
  Uploading bench_gpu_layers.txt → LocalState\ ...
  Uploading bench_ignore_eog.txt → LocalState\ ...
  Uploading bench_mtp_pmin.txt → LocalState\ ...
  Uploading d3d12twocol.txt → LocalState\ ...
  Uploading bench_greedy.txt → LocalState\ ...
  Uploading bench_seed.txt → LocalState\ ...
  Uploading bench_tokens.txt → LocalState\ ...
  Uploading bench_profile.txt → LocalState\ ...
  Uploading bench_run_index.txt → LocalState\ ...
  Starting app...
  Waiting for bench-result.csv.done (timeout 300s)...
  Done after 20s (http 200).
  Tokens: /tmp/tmp.RWuki2kTPd/run1.tokens (65 lines)
  Row: qwen35-4b-mtp,Q4_K_M,d3d12,2048,2,94.13,24.70,3461,5767,2614,4147,119,64,0,xbox-series-t2-u64-b256-greedy-s1-g34-noeog-prof0,2026-10-09T14:48:24Z,1,1264.2,1265.2

--- Run 2 / 3 ---
  Uploading bench artifacts...
  Uploading bench.flag → LocalState\ ...
  Uploading prompt.txt → LocalState\ ...
  Uploading model.txt → LocalState\ ...
  Uploading bench_threads.txt → LocalState\ ...
  Uploading bench_ctx.txt → LocalState\ ...
  Uploading bench_npredict.txt → LocalState\ ...
  Uploading bench_maxlen.txt → LocalState\ ...
  Uploading bench_ubatch.txt → LocalState\ ...
  Uploading bench_n_batch.txt → LocalState\ ...
  Uploading bench_kvq8.txt → LocalState\ ...
  Uploading bench_gpu_layers.txt → LocalState\ ...
  Uploading bench_ignore_eog.txt → LocalState\ ...
  Uploading bench_mtp_pmin.txt → LocalState\ ...
  Uploading d3d12twocol.txt → LocalState\ ...
  Uploading bench_greedy.txt → LocalState\ ...
  Uploading bench_seed.txt → LocalState\ ...
  Uploading bench_tokens.txt → LocalState\ ...
  Uploading bench_profile.txt → LocalState\ ...
  Uploading bench_run_index.txt → LocalState\ ...
  Starting app...
  Waiting for bench-result.csv.done (timeout 300s)...
  Done after 20s (http 200).
  Tokens: /tmp/tmp.RWuki2kTPd/run2.tokens (65 lines)
  Row: qwen35-4b-mtp,Q4_K_M,d3d12,2048,2,95.92,24.81,3462,5443,2614,4147,119,64,0,xbox-series-t2-u64-b256-greedy-s1-g34-noeog-prof0,2026-10-09T14:48:49Z,2,1240.6,1242.0

--- Run 3 / 3 ---
  Uploading bench artifacts...
  Uploading bench.flag → LocalState\ ...
  Uploading prompt.txt → LocalState\ ...
  Uploading model.txt → LocalState\ ...
  Uploading bench_threads.txt → LocalState\ ...
  Uploading bench_ctx.txt → LocalState\ ...
  Uploading bench_npredict.txt → LocalState\ ...
  Uploading bench_maxlen.txt → LocalState\ ...
  Uploading bench_ubatch.txt → LocalState\ ...
  Uploading bench_n_batch.txt → LocalState\ ...
  Uploading bench_kvq8.txt → LocalState\ ...
  Uploading bench_gpu_layers.txt → LocalState\ ...
  Uploading bench_ignore_eog.txt → LocalState\ ...
  Uploading bench_mtp_pmin.txt → LocalState\ ...
  Uploading d3d12twocol.txt → LocalState\ ...
  Uploading bench_greedy.txt → LocalState\ ...
  Uploading bench_seed.txt → LocalState\ ...
  Uploading bench_tokens.txt → LocalState\ ...
  Uploading bench_profile.txt → LocalState\ ...
  Uploading bench_run_index.txt → LocalState\ ...
  Starting app...
  Waiting for bench-result.csv.done (timeout 300s)...
  Done after 20s (http 200).
  Tokens: /tmp/tmp.RWuki2kTPd/run3.tokens (65 lines)
  Row: qwen35-4b-mtp,Q4_K_M,d3d12,2048,2,96.01,24.47,3461,5519,2614,4147,119,64,0,xbox-series-t2-u64-b256-greedy-s1-g34-noeog-prof0,2026-10-09T14:49:15Z,3,1239.4,1240.7

--- Appending recorded runs ---
  appended: qwen35-4b-mtp,Q4_K_M,d3d12,2048,2,95.92,24.81,3462,5443,2614,4147,119,64,0,xbox-series-t2-u64-b256-greedy-s1-g34-noeog-prof0,2026-10-09T14:48:49Z,2,1240.6,1242.0
  appended: qwen35-4b-mtp,Q4_K_M,d3d12,2048,2,96.01,24.47,3461,5519,2614,4147,119,64,0,xbox-series-t2-u64-b256-greedy-s1-g34-noeog-prof0,2026-10-09T14:49:15Z,3,1239.4,1240.7
Appended 2 run(s) to /home/hjotha/worktrees/xllama-qwen35-4b-maxperf/bench/results/qwen4b-maxperf/enabled-rev207/blocks/b1/csv/chat64-sw0.csv

Done. /home/hjotha/worktrees/xllama-qwen35-4b-maxperf/bench/results/qwen4b-maxperf/enabled-rev207/blocks/b1/csv/chat64-sw0.csv updated.
  Restoring original model.txt on the device...
=== xllama bench-xbox-ort ===
  Model:   qwen35-4b-mtp
  Threads: 2
  n_ctx:   2048
  n_predict: 64
  max_length: derived
  Runs:    3 (run 1 warmup, dropped from median)
  Xbox:    192.168.1.26
  PFN: GianlucaMazza.xllama_1.6.0.207_x64__pj67f1fcj4n14

--- Skipping genai_config (GGUF model; threads via bench_threads.txt) ---

--- Run 1 / 3 ---
  Uploading bench artifacts...
  Uploading bench.flag → LocalState\ ...
  Uploading prompt.txt → LocalState\ ...
  Uploading model.txt → LocalState\ ...
  Uploading bench_threads.txt → LocalState\ ...
  Uploading bench_ctx.txt → LocalState\ ...
  Uploading bench_npredict.txt → LocalState\ ...
  Uploading bench_maxlen.txt → LocalState\ ...
  Uploading bench_ubatch.txt → LocalState\ ...
  Uploading bench_n_batch.txt → LocalState\ ...
  Uploading bench_kvq8.txt → LocalState\ ...
  Uploading bench_gpu_layers.txt → LocalState\ ...
  Uploading bench_ignore_eog.txt → LocalState\ ...
  Uploading bench_mtp_pmin.txt → LocalState\ ...
  Uploading d3d12twocol.txt → LocalState\ ...
  Uploading bench_greedy.txt → LocalState\ ...
  Uploading bench_seed.txt → LocalState\ ...
  Uploading bench_tokens.txt → LocalState\ ...
  Uploading bench_profile.txt → LocalState\ ...
  Uploading bench_run_index.txt → LocalState\ ...
  Starting app...
  Waiting for bench-result.csv.done (timeout 300s)...
  Done after 20s (http 200).
  Tokens: /tmp/tmp.lU3w6aMAAN/run1.tokens (65 lines)
  Row: qwen35-4b-mtp,Q4_K_M,d3d12,2048,2,102.62,25.57,3461,5370,2614,4147,119,64,0,xbox-series-t2-u64-b256-greedy-s1-g34-noeog-prof0,2026-10-09T14:49:41Z,1,1159.6,1161.1

--- Run 2 / 3 ---
  Uploading bench artifacts...
  Uploading bench.flag → LocalState\ ...
  Uploading prompt.txt → LocalState\ ...
  Uploading model.txt → LocalState\ ...
  Uploading bench_threads.txt → LocalState\ ...
  Uploading bench_ctx.txt → LocalState\ ...
  Uploading bench_npredict.txt → LocalState\ ...
  Uploading bench_maxlen.txt → LocalState\ ...
  Uploading bench_ubatch.txt → LocalState\ ...
  Uploading bench_n_batch.txt → LocalState\ ...
  Uploading bench_kvq8.txt → LocalState\ ...
  Uploading bench_gpu_layers.txt → LocalState\ ...
  Uploading bench_ignore_eog.txt → LocalState\ ...
  Uploading bench_mtp_pmin.txt → LocalState\ ...
  Uploading d3d12twocol.txt → LocalState\ ...
  Uploading bench_greedy.txt → LocalState\ ...
  Uploading bench_seed.txt → LocalState\ ...
  Uploading bench_tokens.txt → LocalState\ ...
  Uploading bench_profile.txt → LocalState\ ...
  Uploading bench_run_index.txt → LocalState\ ...
  Starting app...
  Waiting for bench-result.csv.done (timeout 300s)...
  Done after 20s (http 200).
  Tokens: /tmp/tmp.lU3w6aMAAN/run2.tokens (65 lines)
  Row: qwen35-4b-mtp,Q4_K_M,d3d12,2048,2,101.47,25.38,3448,5365,2614,4147,119,64,0,xbox-series-t2-u64-b256-greedy-s1-g34-noeog-prof0,2026-10-09T14:50:06Z,2,1172.7,1174.1

--- Run 3 / 3 ---
  Uploading bench artifacts...
  Uploading bench.flag → LocalState\ ...
  Uploading prompt.txt → LocalState\ ...
  Uploading model.txt → LocalState\ ...
  Uploading bench_threads.txt → LocalState\ ...
  Uploading bench_ctx.txt → LocalState\ ...
  Uploading bench_npredict.txt → LocalState\ ...
  Uploading bench_maxlen.txt → LocalState\ ...
  Uploading bench_ubatch.txt → LocalState\ ...
  Uploading bench_n_batch.txt → LocalState\ ...
  Uploading bench_kvq8.txt → LocalState\ ...
  Uploading bench_gpu_layers.txt → LocalState\ ...
  Uploading bench_ignore_eog.txt → LocalState\ ...
  Uploading bench_mtp_pmin.txt → LocalState\ ...
  Uploading d3d12twocol.txt → LocalState\ ...
  Uploading bench_greedy.txt → LocalState\ ...
  Uploading bench_seed.txt → LocalState\ ...
  Uploading bench_tokens.txt → LocalState\ ...
  Uploading bench_profile.txt → LocalState\ ...
  Uploading bench_run_index.txt → LocalState\ ...
  Starting app...
  Waiting for bench-result.csv.done (timeout 300s)...
  Done after 20s (http 200).
  Tokens: /tmp/tmp.lU3w6aMAAN/run3.tokens (65 lines)
  Row: qwen35-4b-mtp,Q4_K_M,d3d12,2048,2,103.46,25.94,3461,5366,2614,4147,119,64,0,xbox-series-t2-u64-b256-greedy-s1-g34-noeog-prof0,2026-10-09T14:50:31Z,3,1150.2,1151.6

--- Appending recorded runs ---
  appended: qwen35-4b-mtp,Q4_K_M,d3d12,2048,2,101.47,25.38,3448,5365,2614,4147,119,64,0,xbox-series-t2-u64-b256-greedy-s1-g34-noeog-prof0,2026-10-09T14:50:06Z,2,1172.7,1174.1
  appended: qwen35-4b-mtp,Q4_K_M,d3d12,2048,2,103.46,25.94,3461,5366,2614,4147,119,64,0,xbox-series-t2-u64-b256-greedy-s1-g34-noeog-prof0,2026-10-09T14:50:31Z,3,1150.2,1151.6
Appended 2 run(s) to /home/hjotha/worktrees/xllama-qwen35-4b-maxperf/bench/results/qwen4b-maxperf/enabled-rev207/blocks/b1/csv/chat64-sw1.csv

Done. /home/hjotha/worktrees/xllama-qwen35-4b-maxperf/bench/results/qwen4b-maxperf/enabled-rev207/blocks/b1/csv/chat64-sw1.csv updated.
  Restoring original model.txt on the device...
=== xllama bench-xbox-ort ===
  Model:   qwen35-4b-mtp
  Threads: 2
  n_ctx:   2048
  n_predict: 64
  max_length: derived
  Runs:    3 (run 1 warmup, dropped from median)
  Xbox:    192.168.1.26
  PFN: GianlucaMazza.xllama_1.6.0.207_x64__pj67f1fcj4n14

--- Skipping genai_config (GGUF model; threads via bench_threads.txt) ---

--- Run 1 / 3 ---
  Uploading bench artifacts...
  Uploading bench.flag → LocalState\ ...
  Uploading prompt.txt → LocalState\ ...
  Uploading model.txt → LocalState\ ...
  Uploading bench_threads.txt → LocalState\ ...
  Uploading bench_ctx.txt → LocalState\ ...
  Uploading bench_npredict.txt → LocalState\ ...
  Uploading bench_maxlen.txt → LocalState\ ...
  Uploading bench_ubatch.txt → LocalState\ ...
  Uploading bench_n_batch.txt → LocalState\ ...
  Uploading bench_kvq8.txt → LocalState\ ...
  Uploading bench_gpu_layers.txt → LocalState\ ...
  Uploading bench_ignore_eog.txt → LocalState\ ...
  Uploading bench_mtp_pmin.txt → LocalState\ ...
  Uploading d3d12twocol.txt → LocalState\ ...
  Uploading bench_greedy.txt → LocalState\ ...
  Uploading bench_seed.txt → LocalState\ ...
  Uploading bench_tokens.txt → LocalState\ ...
  Uploading bench_profile.txt → LocalState\ ...
  Uploading bench_run_index.txt → LocalState\ ...
  Starting app...
  Waiting for bench-result.csv.done (timeout 300s)...
  Done after 20s (http 200).
  Tokens: /tmp/tmp.msZVtObDPX/run1.tokens (65 lines)
  Row: qwen35-4b-mtp,Q4_K_M,d3d12,2048,2,96.02,23.65,3448,7564,2614,4147,324,64,0,xbox-series-t2-u64-b256-greedy-s1-g34-noeog-prof0,2026-10-09T14:51:00Z,1,3374.2,3375.6

--- Run 2 / 3 ---
  Uploading bench artifacts...
  Uploading bench.flag → LocalState\ ...
  Uploading prompt.txt → LocalState\ ...
  Uploading model.txt → LocalState\ ...
  Uploading bench_threads.txt → LocalState\ ...
  Uploading bench_ctx.txt → LocalState\ ...
  Uploading bench_npredict.txt → LocalState\ ...
  Uploading bench_maxlen.txt → LocalState\ ...
  Uploading bench_ubatch.txt → LocalState\ ...
  Uploading bench_n_batch.txt → LocalState\ ...
  Uploading bench_kvq8.txt → LocalState\ ...
  Uploading bench_gpu_layers.txt → LocalState\ ...
  Uploading bench_ignore_eog.txt → LocalState\ ...
  Uploading bench_mtp_pmin.txt → LocalState\ ...
  Uploading d3d12twocol.txt → LocalState\ ...
  Uploading bench_greedy.txt → LocalState\ ...
  Uploading bench_seed.txt → LocalState\ ...
  Uploading bench_tokens.txt → LocalState\ ...
  Uploading bench_profile.txt → LocalState\ ...
  Uploading bench_run_index.txt → LocalState\ ...
  Starting app...
  Waiting for bench-result.csv.done (timeout 300s)...
  Done after 20s (http 200).
  Tokens: /tmp/tmp.msZVtObDPX/run2.tokens (65 lines)
  Row: qwen35-4b-mtp,Q4_K_M,d3d12,2048,2,97.93,23.73,3448,7576,2614,4147,324,64,0,xbox-series-t2-u64-b256-greedy-s1-g34-noeog-prof0,2026-10-09T14:51:25Z,2,3308.5,3309.9

--- Run 3 / 3 ---
  Uploading bench artifacts...
  Uploading bench.flag → LocalState\ ...
  Uploading prompt.txt → LocalState\ ...
  Uploading model.txt → LocalState\ ...
  Uploading bench_threads.txt → LocalState\ ...
  Uploading bench_ctx.txt → LocalState\ ...
  Uploading bench_npredict.txt → LocalState\ ...
  Uploading bench_maxlen.txt → LocalState\ ...
  Uploading bench_ubatch.txt → LocalState\ ...
  Uploading bench_n_batch.txt → LocalState\ ...
  Uploading bench_kvq8.txt → LocalState\ ...
  Uploading bench_gpu_layers.txt → LocalState\ ...
  Uploading bench_ignore_eog.txt → LocalState\ ...
  Uploading bench_mtp_pmin.txt → LocalState\ ...
  Uploading d3d12twocol.txt → LocalState\ ...
  Uploading bench_greedy.txt → LocalState\ ...
  Uploading bench_seed.txt → LocalState\ ...
  Uploading bench_tokens.txt → LocalState\ ...
  Uploading bench_profile.txt → LocalState\ ...
  Uploading bench_run_index.txt → LocalState\ ...
  Starting app...
  Waiting for bench-result.csv.done (timeout 300s)...
  Done after 20s (http 200).
  Tokens: /tmp/tmp.msZVtObDPX/run3.tokens (65 lines)
  Row: qwen35-4b-mtp,Q4_K_M,d3d12,2048,2,96.30,23.79,3448,7557,2614,4147,324,64,0,xbox-series-t2-u64-b256-greedy-s1-g34-noeog-prof0,2026-10-09T14:51:50Z,3,3364.6,3365.9

--- Appending recorded runs ---
  appended: qwen35-4b-mtp,Q4_K_M,d3d12,2048,2,97.93,23.73,3448,7576,2614,4147,324,64,0,xbox-series-t2-u64-b256-greedy-s1-g34-noeog-prof0,2026-10-09T14:51:25Z,2,3308.5,3309.9
  appended: qwen35-4b-mtp,Q4_K_M,d3d12,2048,2,96.30,23.79,3448,7557,2614,4147,324,64,0,xbox-series-t2-u64-b256-greedy-s1-g34-noeog-prof0,2026-10-09T14:51:50Z,3,3364.6,3365.9
Appended 2 run(s) to /home/hjotha/worktrees/xllama-qwen35-4b-maxperf/bench/results/qwen4b-maxperf/enabled-rev207/blocks/b1/csv/code64-sw0.csv

Done. /home/hjotha/worktrees/xllama-qwen35-4b-maxperf/bench/results/qwen4b-maxperf/enabled-rev207/blocks/b1/csv/code64-sw0.csv updated.
  Restoring original model.txt on the device...
=== xllama bench-xbox-ort ===
  Model:   qwen35-4b-mtp
  Threads: 2
  n_ctx:   2048
  n_predict: 64
  max_length: derived
  Runs:    3 (run 1 warmup, dropped from median)
  Xbox:    192.168.1.26
  PFN: GianlucaMazza.xllama_1.6.0.207_x64__pj67f1fcj4n14

--- Skipping genai_config (GGUF model; threads via bench_threads.txt) ---

--- Run 1 / 3 ---
  Uploading bench artifacts...
  Uploading bench.flag → LocalState\ ...
  Uploading prompt.txt → LocalState\ ...
  Uploading model.txt → LocalState\ ...
  Uploading bench_threads.txt → LocalState\ ...
  Uploading bench_ctx.txt → LocalState\ ...
  Uploading bench_npredict.txt → LocalState\ ...
  Uploading bench_maxlen.txt → LocalState\ ...
  Uploading bench_ubatch.txt → LocalState\ ...
  Uploading bench_n_batch.txt → LocalState\ ...
  Uploading bench_kvq8.txt → LocalState\ ...
  Uploading bench_gpu_layers.txt → LocalState\ ...
  Uploading bench_ignore_eog.txt → LocalState\ ...
  Uploading bench_mtp_pmin.txt → LocalState\ ...
  Uploading d3d12twocol.txt → LocalState\ ...
  Uploading bench_greedy.txt → LocalState\ ...
  Uploading bench_seed.txt → LocalState\ ...
  Uploading bench_tokens.txt → LocalState\ ...
  Uploading bench_profile.txt → LocalState\ ...
  Uploading bench_run_index.txt → LocalState\ ...
  Starting app...
  Waiting for bench-result.csv.done (timeout 300s)...
  Done after 21s (http 200).
  Tokens: /tmp/tmp.FPgGJxRkBc/run1.tokens (65 lines)
  Row: qwen35-4b-mtp,Q4_K_M,d3d12,2048,2,103.32,24.88,3448,7346,2614,4147,324,64,0,xbox-series-t2-u64-b256-greedy-s1-g34-noeog-prof0,2026-10-09T14:52:16Z,1,3135.8,3137.2

--- Run 2 / 3 ---
  Uploading bench artifacts...
  Uploading bench.flag → LocalState\ ...
  Uploading prompt.txt → LocalState\ ...
  Uploading model.txt → LocalState\ ...
  Uploading bench_threads.txt → LocalState\ ...
  Uploading bench_ctx.txt → LocalState\ ...
  Uploading bench_npredict.txt → LocalState\ ...
  Uploading bench_maxlen.txt → LocalState\ ...
  Uploading bench_ubatch.txt → LocalState\ ...
  Uploading bench_n_batch.txt → LocalState\ ...
  Uploading bench_kvq8.txt → LocalState\ ...
  Uploading bench_gpu_layers.txt → LocalState\ ...
  Uploading bench_ignore_eog.txt → LocalState\ ...
  Uploading bench_mtp_pmin.txt → LocalState\ ...
  Uploading d3d12twocol.txt → LocalState\ ...
  Uploading bench_greedy.txt → LocalState\ ...
  Uploading bench_seed.txt → LocalState\ ...
  Uploading bench_tokens.txt → LocalState\ ...
  Uploading bench_profile.txt → LocalState\ ...
  Uploading bench_run_index.txt → LocalState\ ...
  Starting app...
  Waiting for bench-result.csv.done (timeout 300s)...
  Done after 21s (http 200).
  Tokens: /tmp/tmp.FPgGJxRkBc/run2.tokens (65 lines)
  Row: qwen35-4b-mtp,Q4_K_M,d3d12,2048,2,103.08,24.99,3461,7371,2614,4147,324,64,0,xbox-series-t2-u64-b256-greedy-s1-g34-noeog-prof0,2026-10-09T14:52:41Z,2,3143.2,3144.6

--- Run 3 / 3 ---
  Uploading bench artifacts...
  Uploading bench.flag → LocalState\ ...
  Uploading prompt.txt → LocalState\ ...
  Uploading model.txt → LocalState\ ...
  Uploading bench_threads.txt → LocalState\ ...
  Uploading bench_ctx.txt → LocalState\ ...
  Uploading bench_npredict.txt → LocalState\ ...
  Uploading bench_maxlen.txt → LocalState\ ...
  Uploading bench_ubatch.txt → LocalState\ ...
  Uploading bench_n_batch.txt → LocalState\ ...
  Uploading bench_kvq8.txt → LocalState\ ...
  Uploading bench_gpu_layers.txt → LocalState\ ...
  Uploading bench_ignore_eog.txt → LocalState\ ...
  Uploading bench_mtp_pmin.txt → LocalState\ ...
  Uploading d3d12twocol.txt → LocalState\ ...
  Uploading bench_greedy.txt → LocalState\ ...
  Uploading bench_seed.txt → LocalState\ ...
  Uploading bench_tokens.txt → LocalState\ ...
  Uploading bench_profile.txt → LocalState\ ...
  Uploading bench_run_index.txt → LocalState\ ...
  Starting app...
  Waiting for bench-result.csv.done (timeout 300s)...
  Done after 21s (http 200).
  Tokens: /tmp/tmp.FPgGJxRkBc/run3.tokens (65 lines)
  Row: qwen35-4b-mtp,Q4_K_M,d3d12,2048,2,102.80,24.79,3461,7370,2614,4147,324,64,0,xbox-series-t2-u64-b256-greedy-s1-g34-noeog-prof0,2026-10-09T14:53:07Z,3,3151.8,3153.2

--- Appending recorded runs ---
  appended: qwen35-4b-mtp,Q4_K_M,d3d12,2048,2,103.08,24.99,3461,7371,2614,4147,324,64,0,xbox-series-t2-u64-b256-greedy-s1-g34-noeog-prof0,2026-10-09T14:52:41Z,2,3143.2,3144.6
  appended: qwen35-4b-mtp,Q4_K_M,d3d12,2048,2,102.80,24.79,3461,7370,2614,4147,324,64,0,xbox-series-t2-u64-b256-greedy-s1-g34-noeog-prof0,2026-10-09T14:53:07Z,3,3151.8,3153.2
Appended 2 run(s) to /home/hjotha/worktrees/xllama-qwen35-4b-maxperf/bench/results/qwen4b-maxperf/enabled-rev207/blocks/b1/csv/code64-sw1.csv

Done. /home/hjotha/worktrees/xllama-qwen35-4b-maxperf/bench/results/qwen4b-maxperf/enabled-rev207/blocks/b1/csv/code64-sw1.csv updated.
  Restoring original model.txt on the device...
=== xllama bench-xbox-ort ===
  Model:   qwen35-4b-mtp
  Threads: 2
  n_ctx:   2048
  n_predict: 64
  max_length: derived
  Runs:    3 (run 1 warmup, dropped from median)
  Xbox:    192.168.1.26
  PFN: GianlucaMazza.xllama_1.6.0.207_x64__pj67f1fcj4n14

--- Skipping genai_config (GGUF model; threads via bench_threads.txt) ---

--- Run 1 / 3 ---
  Uploading bench artifacts...
  Uploading bench.flag → LocalState\ ...
  Uploading prompt.txt → LocalState\ ...
  Uploading model.txt → LocalState\ ...
  Uploading bench_threads.txt → LocalState\ ...
  Uploading bench_ctx.txt → LocalState\ ...
  Uploading bench_npredict.txt → LocalState\ ...
  Uploading bench_maxlen.txt → LocalState\ ...
  Uploading bench_ubatch.txt → LocalState\ ...
  Uploading bench_n_batch.txt → LocalState\ ...
  Uploading bench_kvq8.txt → LocalState\ ...
  Uploading bench_gpu_layers.txt → LocalState\ ...
  Uploading bench_ignore_eog.txt → LocalState\ ...
  Uploading bench_mtp_pmin.txt → LocalState\ ...
  Uploading d3d12twocol.txt → LocalState\ ...
  Uploading bench_greedy.txt → LocalState\ ...
  Uploading bench_seed.txt → LocalState\ ...
  Uploading bench_tokens.txt → LocalState\ ...
  Uploading bench_profile.txt → LocalState\ ...
  Uploading bench_run_index.txt → LocalState\ ...
  Starting app...
  Waiting for bench-result.csv.done (timeout 300s)...
  Done after 20s (http 200).
  Tokens: /tmp/tmp.XWtn1wymwt/run1.tokens (65 lines)
  Row: qwen35-4b-mtp,Q4_K_M,d3d12,2048,2,95.45,23.76,3448,7319,2614,4147,298,64,0,xbox-series-t2-u64-b256-greedy-s1-g34-noeog-prof0,2026-10-09T14:53:33Z,1,3122.0,3123.4

--- Run 2 / 3 ---
  Uploading bench artifacts...
  Uploading bench.flag → LocalState\ ...
  Uploading prompt.txt → LocalState\ ...
  Uploading model.txt → LocalState\ ...
  Uploading bench_threads.txt → LocalState\ ...
  Uploading bench_ctx.txt → LocalState\ ...
  Uploading bench_npredict.txt → LocalState\ ...
  Uploading bench_maxlen.txt → LocalState\ ...
  Uploading bench_ubatch.txt → LocalState\ ...
  Uploading bench_n_batch.txt → LocalState\ ...
  Uploading bench_kvq8.txt → LocalState\ ...
  Uploading bench_gpu_layers.txt → LocalState\ ...
  Uploading bench_ignore_eog.txt → LocalState\ ...
  Uploading bench_mtp_pmin.txt → LocalState\ ...
  Uploading d3d12twocol.txt → LocalState\ ...
  Uploading bench_greedy.txt → LocalState\ ...
  Uploading bench_seed.txt → LocalState\ ...
  Uploading bench_tokens.txt → LocalState\ ...
  Uploading bench_profile.txt → LocalState\ ...
  Uploading bench_run_index.txt → LocalState\ ...
  Starting app...
  Waiting for bench-result.csv.done (timeout 300s)...
  Done after 20s (http 200).
  Tokens: /tmp/tmp.XWtn1wymwt/run2.tokens (65 lines)
  Row: qwen35-4b-mtp,Q4_K_M,d3d12,2048,2,96.25,23.70,3458,7251,2614,4147,298,64,0,xbox-series-t2-u64-b256-greedy-s1-g34-noeog-prof0,2026-10-09T14:53:58Z,2,3096.1,3097.5

--- Run 3 / 3 ---
  Uploading bench artifacts...
  Uploading bench.flag → LocalState\ ...
  Uploading prompt.txt → LocalState\ ...
  Uploading model.txt → LocalState\ ...
  Uploading bench_threads.txt → LocalState\ ...
  Uploading bench_ctx.txt → LocalState\ ...
  Uploading bench_npredict.txt → LocalState\ ...
  Uploading bench_maxlen.txt → LocalState\ ...
  Uploading bench_ubatch.txt → LocalState\ ...
  Uploading bench_n_batch.txt → LocalState\ ...
  Uploading bench_kvq8.txt → LocalState\ ...
  Uploading bench_gpu_layers.txt → LocalState\ ...
  Uploading bench_ignore_eog.txt → LocalState\ ...
  Uploading bench_mtp_pmin.txt → LocalState\ ...
  Uploading d3d12twocol.txt → LocalState\ ...
  Uploading bench_greedy.txt → LocalState\ ...
  Uploading bench_seed.txt → LocalState\ ...
  Uploading bench_tokens.txt → LocalState\ ...
  Uploading bench_profile.txt → LocalState\ ...
  Uploading bench_run_index.txt → LocalState\ ...
  Starting app...
  Waiting for bench-result.csv.done (timeout 300s)...
  Done after 20s (http 200).
  Tokens: /tmp/tmp.XWtn1wymwt/run3.tokens (65 lines)
  Row: qwen35-4b-mtp,Q4_K_M,d3d12,2048,2,95.89,23.77,3448,7281,2614,4147,298,64,0,xbox-series-t2-u64-b256-greedy-s1-g34-noeog-prof0,2026-10-09T14:54:23Z,3,3107.8,3109.2

--- Appending recorded runs ---
  appended: qwen35-4b-mtp,Q4_K_M,d3d12,2048,2,96.25,23.70,3458,7251,2614,4147,298,64,0,xbox-series-t2-u64-b256-greedy-s1-g34-noeog-prof0,2026-10-09T14:53:58Z,2,3096.1,3097.5
  appended: qwen35-4b-mtp,Q4_K_M,d3d12,2048,2,95.89,23.77,3448,7281,2614,4147,298,64,0,xbox-series-t2-u64-b256-greedy-s1-g34-noeog-prof0,2026-10-09T14:54:23Z,3,3107.8,3109.2
Appended 2 run(s) to /home/hjotha/worktrees/xllama-qwen35-4b-maxperf/bench/results/qwen4b-maxperf/enabled-rev207/blocks/b1/csv/std64-sw0.csv

Done. /home/hjotha/worktrees/xllama-qwen35-4b-maxperf/bench/results/qwen4b-maxperf/enabled-rev207/blocks/b1/csv/std64-sw0.csv updated.
  Restoring original model.txt on the device...
=== xllama bench-xbox-ort ===
  Model:   qwen35-4b-mtp
  Threads: 2
  n_ctx:   2048
  n_predict: 64
  max_length: derived
  Runs:    3 (run 1 warmup, dropped from median)
  Xbox:    192.168.1.26
  PFN: GianlucaMazza.xllama_1.6.0.207_x64__pj67f1fcj4n14

--- Skipping genai_config (GGUF model; threads via bench_threads.txt) ---

--- Run 1 / 3 ---
  Uploading bench artifacts...
  Uploading bench.flag → LocalState\ ...
  Uploading prompt.txt → LocalState\ ...
  Uploading model.txt → LocalState\ ...
  Uploading bench_threads.txt → LocalState\ ...
  Uploading bench_ctx.txt → LocalState\ ...
  Uploading bench_npredict.txt → LocalState\ ...
  Uploading bench_maxlen.txt → LocalState\ ...
  Uploading bench_ubatch.txt → LocalState\ ...
  Uploading bench_n_batch.txt → LocalState\ ...
  Uploading bench_kvq8.txt → LocalState\ ...
  Uploading bench_gpu_layers.txt → LocalState\ ...
  Uploading bench_ignore_eog.txt → LocalState\ ...
  Uploading bench_mtp_pmin.txt → LocalState\ ...
  Uploading d3d12twocol.txt → LocalState\ ...
  Uploading bench_greedy.txt → LocalState\ ...
  Uploading bench_seed.txt → LocalState\ ...
  Uploading bench_tokens.txt → LocalState\ ...
  Uploading bench_profile.txt → LocalState\ ...
  Uploading bench_run_index.txt → LocalState\ ...
  Starting app...
  Waiting for bench-result.csv.done (timeout 300s)...
  Done after 20s (http 200).
  Tokens: /tmp/tmp.1WBREaqSz8/run1.tokens (65 lines)
  Row: qwen35-4b-mtp,Q4_K_M,d3d12,2048,2,101.21,24.83,3451,7149,2614,4147,298,64,0,xbox-series-t2-u64-b256-greedy-s1-g34-noeog-prof0,2026-10-09T14:54:49Z,1,2944.3,2945.7

--- Run 2 / 3 ---
  Uploading bench artifacts...
  Uploading bench.flag → LocalState\ ...
  Uploading prompt.txt → LocalState\ ...
  Uploading model.txt → LocalState\ ...
  Uploading bench_threads.txt → LocalState\ ...
  Uploading bench_ctx.txt → LocalState\ ...
  Uploading bench_npredict.txt → LocalState\ ...
  Uploading bench_maxlen.txt → LocalState\ ...
  Uploading bench_ubatch.txt → LocalState\ ...
  Uploading bench_n_batch.txt → LocalState\ ...
  Uploading bench_kvq8.txt → LocalState\ ...
  Uploading bench_gpu_layers.txt → LocalState\ ...
  Uploading bench_ignore_eog.txt → LocalState\ ...
  Uploading bench_mtp_pmin.txt → LocalState\ ...
  Uploading d3d12twocol.txt → LocalState\ ...
  Uploading bench_greedy.txt → LocalState\ ...
  Uploading bench_seed.txt → LocalState\ ...
  Uploading bench_tokens.txt → LocalState\ ...
  Uploading bench_profile.txt → LocalState\ ...
  Uploading bench_run_index.txt → LocalState\ ...
  Starting app...
  Waiting for bench-result.csv.done (timeout 300s)...
  Done after 21s (http 200).
  Tokens: /tmp/tmp.1WBREaqSz8/run2.tokens (65 lines)
  Row: qwen35-4b-mtp,Q4_K_M,d3d12,2048,2,102.87,25.14,3461,7103,2614,4147,298,64,0,xbox-series-t2-u64-b256-greedy-s1-g34-noeog-prof0,2026-10-09T14:55:14Z,2,2896.8,2898.2

--- Run 3 / 3 ---
  Uploading bench artifacts...
  Uploading bench.flag → LocalState\ ...
  Uploading prompt.txt → LocalState\ ...
  Uploading model.txt → LocalState\ ...
  Uploading bench_threads.txt → LocalState\ ...
  Uploading bench_ctx.txt → LocalState\ ...
  Uploading bench_npredict.txt → LocalState\ ...
  Uploading bench_maxlen.txt → LocalState\ ...
  Uploading bench_ubatch.txt → LocalState\ ...
  Uploading bench_n_batch.txt → LocalState\ ...
  Uploading bench_kvq8.txt → LocalState\ ...
  Uploading bench_gpu_layers.txt → LocalState\ ...
  Uploading bench_ignore_eog.txt → LocalState\ ...
  Uploading bench_mtp_pmin.txt → LocalState\ ...
  Uploading d3d12twocol.txt → LocalState\ ...
  Uploading bench_greedy.txt → LocalState\ ...
  Uploading bench_seed.txt → LocalState\ ...
  Uploading bench_tokens.txt → LocalState\ ...
  Uploading bench_profile.txt → LocalState\ ...
  Uploading bench_run_index.txt → LocalState\ ...
  Starting app...
  Waiting for bench-result.csv.done (timeout 300s)...
  Done after 20s (http 200).
  Tokens: /tmp/tmp.1WBREaqSz8/run3.tokens (65 lines)
  Row: qwen35-4b-mtp,Q4_K_M,d3d12,2048,2,102.59,25.01,3461,7105,2614,4147,298,64,0,xbox-series-t2-u64-b256-greedy-s1-g34-noeog-prof0,2026-10-09T14:55:39Z,3,2904.8,2906.2

--- Appending recorded runs ---
  appended: qwen35-4b-mtp,Q4_K_M,d3d12,2048,2,102.87,25.14,3461,7103,2614,4147,298,64,0,xbox-series-t2-u64-b256-greedy-s1-g34-noeog-prof0,2026-10-09T14:55:14Z,2,2896.8,2898.2
  appended: qwen35-4b-mtp,Q4_K_M,d3d12,2048,2,102.59,25.01,3461,7105,2614,4147,298,64,0,xbox-series-t2-u64-b256-greedy-s1-g34-noeog-prof0,2026-10-09T14:55:39Z,3,2904.8,2906.2
Appended 2 run(s) to /home/hjotha/worktrees/xllama-qwen35-4b-maxperf/bench/results/qwen4b-maxperf/enabled-rev207/blocks/b1/csv/std64-sw1.csv

Done. /home/hjotha/worktrees/xllama-qwen35-4b-maxperf/bench/results/qwen4b-maxperf/enabled-rev207/blocks/b1/csv/std64-sw1.csv updated.
  Restoring original model.txt on the device...
=== xllama bench-xbox-ort ===
  Model:   qwen35-4b-mtp
  Threads: 2
  n_ctx:   2048
  n_predict: 256
  max_length: derived
  Runs:    3 (run 1 warmup, dropped from median)
  Xbox:    192.168.1.26
  PFN: GianlucaMazza.xllama_1.6.0.207_x64__pj67f1fcj4n14

--- Skipping genai_config (GGUF model; threads via bench_threads.txt) ---

--- Run 1 / 3 ---
  Uploading bench artifacts...
  Uploading bench.flag → LocalState\ ...
  Uploading prompt.txt → LocalState\ ...
  Uploading model.txt → LocalState\ ...
  Uploading bench_threads.txt → LocalState\ ...
  Uploading bench_ctx.txt → LocalState\ ...
  Uploading bench_npredict.txt → LocalState\ ...
  Uploading bench_maxlen.txt → LocalState\ ...
  Uploading bench_ubatch.txt → LocalState\ ...
  Uploading bench_n_batch.txt → LocalState\ ...
  Uploading bench_kvq8.txt → LocalState\ ...
  Uploading bench_gpu_layers.txt → LocalState\ ...
  Uploading bench_ignore_eog.txt → LocalState\ ...
  Uploading bench_mtp_pmin.txt → LocalState\ ...
  Uploading d3d12twocol.txt → LocalState\ ...
  Uploading bench_greedy.txt → LocalState\ ...
  Uploading bench_seed.txt → LocalState\ ...
  Uploading bench_tokens.txt → LocalState\ ...
  Uploading bench_profile.txt → LocalState\ ...
  Uploading bench_run_index.txt → LocalState\ ...
  Starting app...
  Waiting for bench-result.csv.done (timeout 300s)...
  Done after 20s (http 200).
  Tokens: /tmp/tmp.TCuboRL3PI/run1.tokens (257 lines)
  Row: qwen35-4b-mtp,Q4_K_M,d3d12,2048,2,96.05,24.59,3461,5460,2614,4147,119,256,0,xbox-series-t2-u64-b256-greedy-s1-g34-noeog-prof0,2026-10-09T14:56:12Z,1,1238.9,1240.3

--- Run 2 / 3 ---
  Uploading bench artifacts...
  Uploading bench.flag → LocalState\ ...
  Uploading prompt.txt → LocalState\ ...
  Uploading model.txt → LocalState\ ...
  Uploading bench_threads.txt → LocalState\ ...
  Uploading bench_ctx.txt → LocalState\ ...
  Uploading bench_npredict.txt → LocalState\ ...
  Uploading bench_maxlen.txt → LocalState\ ...
  Uploading bench_ubatch.txt → LocalState\ ...
  Uploading bench_n_batch.txt → LocalState\ ...
  Uploading bench_kvq8.txt → LocalState\ ...
  Uploading bench_gpu_layers.txt → LocalState\ ...
  Uploading bench_ignore_eog.txt → LocalState\ ...
  Uploading bench_mtp_pmin.txt → LocalState\ ...
  Uploading d3d12twocol.txt → LocalState\ ...
  Uploading bench_greedy.txt → LocalState\ ...
  Uploading bench_seed.txt → LocalState\ ...
  Uploading bench_tokens.txt → LocalState\ ...
  Uploading bench_profile.txt → LocalState\ ...
  Uploading bench_run_index.txt → LocalState\ ...
  Starting app...
  Waiting for bench-result.csv.done (timeout 300s)...
  Done after 20s (http 200).
  Tokens: /tmp/tmp.TCuboRL3PI/run2.tokens (257 lines)
  Row: qwen35-4b-mtp,Q4_K_M,d3d12,2048,2,96.44,24.11,3461,5440,2614,4147,119,256,0,xbox-series-t2-u64-b256-greedy-s1-g34-noeog-prof0,2026-10-09T14:56:37Z,2,1234.0,1235.3

--- Run 3 / 3 ---
  Uploading bench artifacts...
  Uploading bench.flag → LocalState\ ...
  Uploading prompt.txt → LocalState\ ...
  Uploading model.txt → LocalState\ ...
  Uploading bench_threads.txt → LocalState\ ...
  Uploading bench_ctx.txt → LocalState\ ...
  Uploading bench_npredict.txt → LocalState\ ...
  Uploading bench_maxlen.txt → LocalState\ ...
  Uploading bench_ubatch.txt → LocalState\ ...
  Uploading bench_n_batch.txt → LocalState\ ...
  Uploading bench_kvq8.txt → LocalState\ ...
  Uploading bench_gpu_layers.txt → LocalState\ ...
  Uploading bench_ignore_eog.txt → LocalState\ ...
  Uploading bench_mtp_pmin.txt → LocalState\ ...
  Uploading d3d12twocol.txt → LocalState\ ...
  Uploading bench_greedy.txt → LocalState\ ...
  Uploading bench_seed.txt → LocalState\ ...
  Uploading bench_tokens.txt → LocalState\ ...
  Uploading bench_profile.txt → LocalState\ ...
  Uploading bench_run_index.txt → LocalState\ ...
  Starting app...
  Waiting for bench-result.csv.done (timeout 300s)...
  Done after 20s (http 200).
  Tokens: /tmp/tmp.TCuboRL3PI/run3.tokens (257 lines)
  Row: qwen35-4b-mtp,Q4_K_M,d3d12,2048,2,95.23,24.42,3457,5407,2614,4147,119,256,0,xbox-series-t2-u64-b256-greedy-s1-g34-noeog-prof0,2026-10-09T14:57:02Z,3,1249.6,1251.0

--- Appending recorded runs ---
  appended: qwen35-4b-mtp,Q4_K_M,d3d12,2048,2,96.44,24.11,3461,5440,2614,4147,119,256,0,xbox-series-t2-u64-b256-greedy-s1-g34-noeog-prof0,2026-10-09T14:56:37Z,2,1234.0,1235.3
  appended: qwen35-4b-mtp,Q4_K_M,d3d12,2048,2,95.23,24.42,3457,5407,2614,4147,119,256,0,xbox-series-t2-u64-b256-greedy-s1-g34-noeog-prof0,2026-10-09T14:57:02Z,3,1249.6,1251.0
Appended 2 run(s) to /home/hjotha/worktrees/xllama-qwen35-4b-maxperf/bench/results/qwen4b-maxperf/enabled-rev207/blocks/b1/csv/chat256-sw0.csv

Done. /home/hjotha/worktrees/xllama-qwen35-4b-maxperf/bench/results/qwen4b-maxperf/enabled-rev207/blocks/b1/csv/chat256-sw0.csv updated.
  Restoring original model.txt on the device...
=== xllama bench-xbox-ort ===
  Model:   qwen35-4b-mtp
  Threads: 2
  n_ctx:   2048
  n_predict: 256
  max_length: derived
  Runs:    3 (run 1 warmup, dropped from median)
  Xbox:    192.168.1.26
  PFN: GianlucaMazza.xllama_1.6.0.207_x64__pj67f1fcj4n14

--- Skipping genai_config (GGUF model; threads via bench_threads.txt) ---

--- Run 1 / 3 ---
  Uploading bench artifacts...
  Uploading bench.flag → LocalState\ ...
  Uploading prompt.txt → LocalState\ ...
  Uploading model.txt → LocalState\ ...
  Uploading bench_threads.txt → LocalState\ ...
  Uploading bench_ctx.txt → LocalState\ ...
  Uploading bench_npredict.txt → LocalState\ ...
  Uploading bench_maxlen.txt → LocalState\ ...
  Uploading bench_ubatch.txt → LocalState\ ...
  Uploading bench_n_batch.txt → LocalState\ ...
  Uploading bench_kvq8.txt → LocalState\ ...
  Uploading bench_gpu_layers.txt → LocalState\ ...
  Uploading bench_ignore_eog.txt → LocalState\ ...
  Uploading bench_mtp_pmin.txt → LocalState\ ...
  Uploading d3d12twocol.txt → LocalState\ ...
  Uploading bench_greedy.txt → LocalState\ ...
  Uploading bench_seed.txt → LocalState\ ...
  Uploading bench_tokens.txt → LocalState\ ...
  Uploading bench_profile.txt → LocalState\ ...
  Uploading bench_run_index.txt → LocalState\ ...
  Starting app...
  Waiting for bench-result.csv.done (timeout 300s)...
  Done after 20s (http 200).
  Tokens: /tmp/tmp.o5IJotLlx4/run1.tokens (257 lines)
  Row: qwen35-4b-mtp,Q4_K_M,d3d12,2048,2,102.31,25.54,3448,5355,2614,4147,119,256,0,xbox-series-t2-u64-b256-greedy-s1-g34-noeog-prof0,2026-10-09T14:57:28Z,1,1163.1,1164.5

--- Run 2 / 3 ---
  Uploading bench artifacts...
  Uploading bench.flag → LocalState\ ...
  Uploading prompt.txt → LocalState\ ...
  Uploading model.txt → LocalState\ ...
  Uploading bench_threads.txt → LocalState\ ...
  Uploading bench_ctx.txt → LocalState\ ...
  Uploading bench_npredict.txt → LocalState\ ...
  Uploading bench_maxlen.txt → LocalState\ ...
  Uploading bench_ubatch.txt → LocalState\ ...
  Uploading bench_n_batch.txt → LocalState\ ...
  Uploading bench_kvq8.txt → LocalState\ ...
  Uploading bench_gpu_layers.txt → LocalState\ ...
  Uploading bench_ignore_eog.txt → LocalState\ ...
  Uploading bench_mtp_pmin.txt → LocalState\ ...
  Uploading d3d12twocol.txt → LocalState\ ...
  Uploading bench_greedy.txt → LocalState\ ...
  Uploading bench_seed.txt → LocalState\ ...
  Uploading bench_tokens.txt → LocalState\ ...
  Uploading bench_profile.txt → LocalState\ ...
  Uploading bench_run_index.txt → LocalState\ ...
  Starting app...
  Waiting for bench-result.csv.done (timeout 300s)...
  Done after 20s (http 200).
  Tokens: /tmp/tmp.o5IJotLlx4/run2.tokens (257 lines)
  Row: qwen35-4b-mtp,Q4_K_M,d3d12,2048,2,101.46,25.62,3457,5333,2614,4147,119,256,0,xbox-series-t2-u64-b256-greedy-s1-g34-noeog-prof0,2026-10-09T14:57:53Z,2,1172.8,1174.2

--- Run 3 / 3 ---
  Uploading bench artifacts...
  Uploading bench.flag → LocalState\ ...
  Uploading prompt.txt → LocalState\ ...
  Uploading model.txt → LocalState\ ...
  Uploading bench_threads.txt → LocalState\ ...
  Uploading bench_ctx.txt → LocalState\ ...
  Uploading bench_npredict.txt → LocalState\ ...
  Uploading bench_maxlen.txt → LocalState\ ...
  Uploading bench_ubatch.txt → LocalState\ ...
  Uploading bench_n_batch.txt → LocalState\ ...
  Uploading bench_kvq8.txt → LocalState\ ...
  Uploading bench_gpu_layers.txt → LocalState\ ...
  Uploading bench_ignore_eog.txt → LocalState\ ...
  Uploading bench_mtp_pmin.txt → LocalState\ ...
  Uploading d3d12twocol.txt → LocalState\ ...
  Uploading bench_greedy.txt → LocalState\ ...
  Uploading bench_seed.txt → LocalState\ ...
  Uploading bench_tokens.txt → LocalState\ ...
  Uploading bench_profile.txt → LocalState\ ...
  Uploading bench_run_index.txt → LocalState\ ...
  Starting app...
  Waiting for bench-result.csv.done (timeout 300s)...
  Done after 20s (http 200).
  Tokens: /tmp/tmp.o5IJotLlx4/run3.tokens (257 lines)
  Row: qwen35-4b-mtp,Q4_K_M,d3d12,2048,2,101.07,25.57,3457,5357,2614,4147,119,256,0,xbox-series-t2-u64-b256-greedy-s1-g34-noeog-prof0,2026-10-09T14:58:18Z,3,1177.4,1178.8

--- Appending recorded runs ---
  appended: qwen35-4b-mtp,Q4_K_M,d3d12,2048,2,101.46,25.62,3457,5333,2614,4147,119,256,0,xbox-series-t2-u64-b256-greedy-s1-g34-noeog-prof0,2026-10-09T14:57:53Z,2,1172.8,1174.2
  appended: qwen35-4b-mtp,Q4_K_M,d3d12,2048,2,101.07,25.57,3457,5357,2614,4147,119,256,0,xbox-series-t2-u64-b256-greedy-s1-g34-noeog-prof0,2026-10-09T14:58:18Z,3,1177.4,1178.8
Appended 2 run(s) to /home/hjotha/worktrees/xllama-qwen35-4b-maxperf/bench/results/qwen4b-maxperf/enabled-rev207/blocks/b1/csv/chat256-sw1.csv

Done. /home/hjotha/worktrees/xllama-qwen35-4b-maxperf/bench/results/qwen4b-maxperf/enabled-rev207/blocks/b1/csv/chat256-sw1.csv updated.
  Restoring original model.txt on the device...
=== xllama bench-xbox-ort ===
  Model:   qwen35-4b-mtp
  Threads: 2
  n_ctx:   2048
  n_predict: 256
  max_length: derived
  Runs:    3 (run 1 warmup, dropped from median)
  Xbox:    192.168.1.26
  PFN: GianlucaMazza.xllama_1.6.0.207_x64__pj67f1fcj4n14

--- Skipping genai_config (GGUF model; threads via bench_threads.txt) ---

--- Run 1 / 3 ---
  Uploading bench artifacts...
  Uploading bench.flag → LocalState\ ...
  Uploading prompt.txt → LocalState\ ...
  Uploading model.txt → LocalState\ ...
  Uploading bench_threads.txt → LocalState\ ...
  Uploading bench_ctx.txt → LocalState\ ...
  Uploading bench_npredict.txt → LocalState\ ...
  Uploading bench_maxlen.txt → LocalState\ ...
  Uploading bench_ubatch.txt → LocalState\ ...
  Uploading bench_n_batch.txt → LocalState\ ...
  Uploading bench_kvq8.txt → LocalState\ ...
  Uploading bench_gpu_layers.txt → LocalState\ ...
  Uploading bench_ignore_eog.txt → LocalState\ ...
  Uploading bench_mtp_pmin.txt → LocalState\ ...
  Uploading d3d12twocol.txt → LocalState\ ...
  Uploading bench_greedy.txt → LocalState\ ...
  Uploading bench_seed.txt → LocalState\ ...
  Uploading bench_tokens.txt → LocalState\ ...
  Uploading bench_profile.txt → LocalState\ ...
  Uploading bench_run_index.txt → LocalState\ ...
  Starting app...
  Waiting for bench-result.csv.done (timeout 300s)...
  Done after 30s (http 200).
  Tokens: /tmp/tmp.MzFmCv2BuK/run1.tokens (257 lines)
  Row: qwen35-4b-mtp,Q4_K_M,d3d12,2048,2,95.98,23.15,3461,7754,2614,4147,324,256,0,xbox-series-t2-u64-b256-greedy-s1-g34-noeog-prof0,2026-10-09T14:58:48Z,1,3375.6,3377.1

--- Run 2 / 3 ---
  Uploading bench artifacts...
  Uploading bench.flag → LocalState\ ...
  Uploading prompt.txt → LocalState\ ...
  Uploading model.txt → LocalState\ ...
  Uploading bench_threads.txt → LocalState\ ...
  Uploading bench_ctx.txt → LocalState\ ...
  Uploading bench_npredict.txt → LocalState\ ...
  Uploading bench_maxlen.txt → LocalState\ ...
  Uploading bench_ubatch.txt → LocalState\ ...
  Uploading bench_n_batch.txt → LocalState\ ...
  Uploading bench_kvq8.txt → LocalState\ ...
  Uploading bench_gpu_layers.txt → LocalState\ ...
  Uploading bench_ignore_eog.txt → LocalState\ ...
  Uploading bench_mtp_pmin.txt → LocalState\ ...
  Uploading d3d12twocol.txt → LocalState\ ...
  Uploading bench_greedy.txt → LocalState\ ...
  Uploading bench_seed.txt → LocalState\ ...
  Uploading bench_tokens.txt → LocalState\ ...
  Uploading bench_profile.txt → LocalState\ ...
  Uploading bench_run_index.txt → LocalState\ ...
  Starting app...
  Waiting for bench-result.csv.done (timeout 300s)...
  Done after 31s (http 200).
  Tokens: /tmp/tmp.MzFmCv2BuK/run2.tokens (257 lines)
  Row: qwen35-4b-mtp,Q4_K_M,d3d12,2048,2,97.26,23.23,3461,7709,2614,4147,324,256,0,xbox-series-t2-u64-b256-greedy-s1-g34-noeog-prof0,2026-10-09T14:59:23Z,2,3331.3,3332.7

--- Run 3 / 3 ---
  Uploading bench artifacts...
  Uploading bench.flag → LocalState\ ...
  Uploading prompt.txt → LocalState\ ...
  Uploading model.txt → LocalState\ ...
  Uploading bench_threads.txt → LocalState\ ...
  Uploading bench_ctx.txt → LocalState\ ...
  Uploading bench_npredict.txt → LocalState\ ...
  Uploading bench_maxlen.txt → LocalState\ ...
  Uploading bench_ubatch.txt → LocalState\ ...
  Uploading bench_n_batch.txt → LocalState\ ...
  Uploading bench_kvq8.txt → LocalState\ ...
  Uploading bench_gpu_layers.txt → LocalState\ ...
  Uploading bench_ignore_eog.txt → LocalState\ ...
  Uploading bench_mtp_pmin.txt → LocalState\ ...
  Uploading d3d12twocol.txt → LocalState\ ...
  Uploading bench_greedy.txt → LocalState\ ...
  Uploading bench_seed.txt → LocalState\ ...
  Uploading bench_tokens.txt → LocalState\ ...
  Uploading bench_profile.txt → LocalState\ ...
  Uploading bench_run_index.txt → LocalState\ ...
  Starting app...
  Waiting for bench-result.csv.done (timeout 300s)...
  Done after 30s (http 200).
  Tokens: /tmp/tmp.MzFmCv2BuK/run3.tokens (257 lines)
  Row: qwen35-4b-mtp,Q4_K_M,d3d12,2048,2,96.31,23.39,3461,7552,2614,4147,324,256,0,xbox-series-t2-u64-b256-greedy-s1-g34-noeog-prof0,2026-10-09T14:59:59Z,3,3364.2,3365.7

--- Appending recorded runs ---
  appended: qwen35-4b-mtp,Q4_K_M,d3d12,2048,2,97.26,23.23,3461,7709,2614,4147,324,256,0,xbox-series-t2-u64-b256-greedy-s1-g34-noeog-prof0,2026-10-09T14:59:23Z,2,3331.3,3332.7
  appended: qwen35-4b-mtp,Q4_K_M,d3d12,2048,2,96.31,23.39,3461,7552,2614,4147,324,256,0,xbox-series-t2-u64-b256-greedy-s1-g34-noeog-prof0,2026-10-09T14:59:59Z,3,3364.2,3365.7
Appended 2 run(s) to /home/hjotha/worktrees/xllama-qwen35-4b-maxperf/bench/results/qwen4b-maxperf/enabled-rev207/blocks/b1/csv/code256-sw0.csv

Done. /home/hjotha/worktrees/xllama-qwen35-4b-maxperf/bench/results/qwen4b-maxperf/enabled-rev207/blocks/b1/csv/code256-sw0.csv updated.
  Restoring original model.txt on the device...
=== xllama bench-xbox-ort ===
  Model:   qwen35-4b-mtp
  Threads: 2
  n_ctx:   2048
  n_predict: 256
  max_length: derived
  Runs:    3 (run 1 warmup, dropped from median)
  Xbox:    192.168.1.26
  PFN: GianlucaMazza.xllama_1.6.0.207_x64__pj67f1fcj4n14

--- Skipping genai_config (GGUF model; threads via bench_threads.txt) ---

--- Run 1 / 3 ---
  Uploading bench artifacts...
  Uploading bench.flag → LocalState\ ...
  Uploading prompt.txt → LocalState\ ...
  Uploading model.txt → LocalState\ ...
  Uploading bench_threads.txt → LocalState\ ...
  Uploading bench_ctx.txt → LocalState\ ...
  Uploading bench_npredict.txt → LocalState\ ...
  Uploading bench_maxlen.txt → LocalState\ ...
  Uploading bench_ubatch.txt → LocalState\ ...
  Uploading bench_n_batch.txt → LocalState\ ...
  Uploading bench_kvq8.txt → LocalState\ ...
  Uploading bench_gpu_layers.txt → LocalState\ ...
  Uploading bench_ignore_eog.txt → LocalState\ ...
  Uploading bench_mtp_pmin.txt → LocalState\ ...
  Uploading d3d12twocol.txt → LocalState\ ...
  Uploading bench_greedy.txt → LocalState\ ...
  Uploading bench_seed.txt → LocalState\ ...
  Uploading bench_tokens.txt → LocalState\ ...
  Uploading bench_profile.txt → LocalState\ ...
  Uploading bench_run_index.txt → LocalState\ ...
  Starting app...
  Waiting for bench-result.csv.done (timeout 300s)...
  Done after 31s (http 200).
  Tokens: /tmp/tmp.bF484IyN6h/run1.tokens (257 lines)
  Row: qwen35-4b-mtp,Q4_K_M,d3d12,2048,2,103.14,24.49,3461,7340,2614,4147,324,256,0,xbox-series-t2-u64-b256-greedy-s1-g34-noeog-prof0,2026-10-09T15:00:34Z,1,3141.5,3143.0

--- Run 2 / 3 ---
  Uploading bench artifacts...
  Uploading bench.flag → LocalState\ ...
  Uploading prompt.txt → LocalState\ ...
  Uploading model.txt → LocalState\ ...
  Uploading bench_threads.txt → LocalState\ ...
  Uploading bench_ctx.txt → LocalState\ ...
  Uploading bench_npredict.txt → LocalState\ ...
  Uploading bench_maxlen.txt → LocalState\ ...
  Uploading bench_ubatch.txt → LocalState\ ...
  Uploading bench_n_batch.txt → LocalState\ ...
  Uploading bench_kvq8.txt → LocalState\ ...
  Uploading bench_gpu_layers.txt → LocalState\ ...
  Uploading bench_ignore_eog.txt → LocalState\ ...
  Uploading bench_mtp_pmin.txt → LocalState\ ...
  Uploading d3d12twocol.txt → LocalState\ ...
  Uploading bench_greedy.txt → LocalState\ ...
  Uploading bench_seed.txt → LocalState\ ...
  Uploading bench_tokens.txt → LocalState\ ...
  Uploading bench_profile.txt → LocalState\ ...
  Uploading bench_run_index.txt → LocalState\ ...
  Starting app...
  Waiting for bench-result.csv.done (timeout 300s)...
  Done after 30s (http 200).
  Tokens: /tmp/tmp.bF484IyN6h/run2.tokens (257 lines)
  Row: qwen35-4b-mtp,Q4_K_M,d3d12,2048,2,102.36,24.58,3461,7486,2614,4147,324,256,0,xbox-series-t2-u64-b256-greedy-s1-g34-noeog-prof0,2026-10-09T15:01:10Z,2,3165.4,3166.8

--- Run 3 / 3 ---
  Uploading bench artifacts...
  Uploading bench.flag → LocalState\ ...
  Uploading prompt.txt → LocalState\ ...
  Uploading model.txt → LocalState\ ...
  Uploading bench_threads.txt → LocalState\ ...
  Uploading bench_ctx.txt → LocalState\ ...
  Uploading bench_npredict.txt → LocalState\ ...
  Uploading bench_maxlen.txt → LocalState\ ...
  Uploading bench_ubatch.txt → LocalState\ ...
  Uploading bench_n_batch.txt → LocalState\ ...
  Uploading bench_kvq8.txt → LocalState\ ...
  Uploading bench_gpu_layers.txt → LocalState\ ...
  Uploading bench_ignore_eog.txt → LocalState\ ...
  Uploading bench_mtp_pmin.txt → LocalState\ ...
  Uploading d3d12twocol.txt → LocalState\ ...
  Uploading bench_greedy.txt → LocalState\ ...
  Uploading bench_seed.txt → LocalState\ ...
  Uploading bench_tokens.txt → LocalState\ ...
  Uploading bench_profile.txt → LocalState\ ...
  Uploading bench_run_index.txt → LocalState\ ...
  Starting app...
  Waiting for bench-result.csv.done (timeout 300s)...
  Done after 30s (http 200).
  Tokens: /tmp/tmp.bF484IyN6h/run3.tokens (257 lines)
  Row: qwen35-4b-mtp,Q4_K_M,d3d12,2048,2,102.08,24.57,3448,7349,2614,4147,324,256,0,xbox-series-t2-u64-b256-greedy-s1-g34-noeog-prof0,2026-10-09T15:01:45Z,3,3173.8,3175.2

--- Appending recorded runs ---
  appended: qwen35-4b-mtp,Q4_K_M,d3d12,2048,2,102.36,24.58,3461,7486,2614,4147,324,256,0,xbox-series-t2-u64-b256-greedy-s1-g34-noeog-prof0,2026-10-09T15:01:10Z,2,3165.4,3166.8
  appended: qwen35-4b-mtp,Q4_K_M,d3d12,2048,2,102.08,24.57,3448,7349,2614,4147,324,256,0,xbox-series-t2-u64-b256-greedy-s1-g34-noeog-prof0,2026-10-09T15:01:45Z,3,3173.8,3175.2
Appended 2 run(s) to /home/hjotha/worktrees/xllama-qwen35-4b-maxperf/bench/results/qwen4b-maxperf/enabled-rev207/blocks/b1/csv/code256-sw1.csv

Done. /home/hjotha/worktrees/xllama-qwen35-4b-maxperf/bench/results/qwen4b-maxperf/enabled-rev207/blocks/b1/csv/code256-sw1.csv updated.
  Restoring original model.txt on the device...
=== xllama bench-xbox-ort ===
  Model:   qwen35-4b-mtp
  Threads: 2
  n_ctx:   2048
  n_predict: 256
  max_length: derived
  Runs:    3 (run 1 warmup, dropped from median)
  Xbox:    192.168.1.26
  PFN: GianlucaMazza.xllama_1.6.0.207_x64__pj67f1fcj4n14

--- Skipping genai_config (GGUF model; threads via bench_threads.txt) ---

--- Run 1 / 3 ---
  Uploading bench artifacts...
  Uploading bench.flag → LocalState\ ...
  Uploading prompt.txt → LocalState\ ...
  Uploading model.txt → LocalState\ ...
  Uploading bench_threads.txt → LocalState\ ...
  Uploading bench_ctx.txt → LocalState\ ...
  Uploading bench_npredict.txt → LocalState\ ...
  Uploading bench_maxlen.txt → LocalState\ ...
  Uploading bench_ubatch.txt → LocalState\ ...
  Uploading bench_n_batch.txt → LocalState\ ...
  Uploading bench_kvq8.txt → LocalState\ ...
  Uploading bench_gpu_layers.txt → LocalState\ ...
  Uploading bench_ignore_eog.txt → LocalState\ ...
  Uploading bench_mtp_pmin.txt → LocalState\ ...
  Uploading d3d12twocol.txt → LocalState\ ...
  Uploading bench_greedy.txt → LocalState\ ...
  Uploading bench_seed.txt → LocalState\ ...
  Uploading bench_tokens.txt → LocalState\ ...
  Uploading bench_profile.txt → LocalState\ ...
  Uploading bench_run_index.txt → LocalState\ ...
  Starting app...
  Waiting for bench-result.csv.done (timeout 300s)...
  Done after 30s (http 200).
  Tokens: /tmp/tmp.2yK0jFyiLg/run1.tokens (257 lines)
  Row: qwen35-4b-mtp,Q4_K_M,d3d12,2048,2,96.19,23.65,3448,7339,2614,4147,298,256,0,xbox-series-t2-u64-b256-greedy-s1-g34-noeog-prof0,2026-10-09T15:02:22Z,1,3098.0,3099.4

--- Run 2 / 3 ---
  Uploading bench artifacts...
  Uploading bench.flag → LocalState\ ...
  Uploading prompt.txt → LocalState\ ...
  Uploading model.txt → LocalState\ ...
  Uploading bench_threads.txt → LocalState\ ...
  Uploading bench_ctx.txt → LocalState\ ...
  Uploading bench_npredict.txt → LocalState\ ...
  Uploading bench_maxlen.txt → LocalState\ ...
  Uploading bench_ubatch.txt → LocalState\ ...
  Uploading bench_n_batch.txt → LocalState\ ...
  Uploading bench_kvq8.txt → LocalState\ ...
  Uploading bench_gpu_layers.txt → LocalState\ ...
  Uploading bench_ignore_eog.txt → LocalState\ ...
  Uploading bench_mtp_pmin.txt → LocalState\ ...
  Uploading d3d12twocol.txt → LocalState\ ...
  Uploading bench_greedy.txt → LocalState\ ...
  Uploading bench_seed.txt → LocalState\ ...
  Uploading bench_tokens.txt → LocalState\ ...
  Uploading bench_profile.txt → LocalState\ ...
  Uploading bench_run_index.txt → LocalState\ ...
  Starting app...
  Waiting for bench-result.csv.done (timeout 300s)...
  Done after 30s (http 200).
  Tokens: /tmp/tmp.2yK0jFyiLg/run2.tokens (257 lines)
  Row: qwen35-4b-mtp,Q4_K_M,d3d12,2048,2,95.70,23.39,3448,7320,2614,4147,298,256,0,xbox-series-t2-u64-b256-greedy-s1-g34-noeog-prof0,2026-10-09T15:02:57Z,2,3113.9,3115.3

--- Run 3 / 3 ---
  Uploading bench artifacts...
  Uploading bench.flag → LocalState\ ...
  Uploading prompt.txt → LocalState\ ...
  Uploading model.txt → LocalState\ ...
  Uploading bench_threads.txt → LocalState\ ...
  Uploading bench_ctx.txt → LocalState\ ...
  Uploading bench_npredict.txt → LocalState\ ...
  Uploading bench_maxlen.txt → LocalState\ ...
  Uploading bench_ubatch.txt → LocalState\ ...
  Uploading bench_n_batch.txt → LocalState\ ...
  Uploading bench_kvq8.txt → LocalState\ ...
  Uploading bench_gpu_layers.txt → LocalState\ ...
  Uploading bench_ignore_eog.txt → LocalState\ ...
  Uploading bench_mtp_pmin.txt → LocalState\ ...
  Uploading d3d12twocol.txt → LocalState\ ...
  Uploading bench_greedy.txt → LocalState\ ...
  Uploading bench_seed.txt → LocalState\ ...
  Uploading bench_tokens.txt → LocalState\ ...
  Uploading bench_profile.txt → LocalState\ ...
  Uploading bench_run_index.txt → LocalState\ ...
  Starting app...
  Waiting for bench-result.csv.done (timeout 300s)...
  Done after 30s (http 200).
  Tokens: /tmp/tmp.2yK0jFyiLg/run3.tokens (257 lines)
  Row: qwen35-4b-mtp,Q4_K_M,d3d12,2048,2,95.79,23.74,3448,7282,2614,4147,298,256,0,xbox-series-t2-u64-b256-greedy-s1-g34-noeog-prof0,2026-10-09T15:03:33Z,3,3110.9,3112.4

--- Appending recorded runs ---
  appended: qwen35-4b-mtp,Q4_K_M,d3d12,2048,2,95.70,23.39,3448,7320,2614,4147,298,256,0,xbox-series-t2-u64-b256-greedy-s1-g34-noeog-prof0,2026-10-09T15:02:57Z,2,3113.9,3115.3
  appended: qwen35-4b-mtp,Q4_K_M,d3d12,2048,2,95.79,23.74,3448,7282,2614,4147,298,256,0,xbox-series-t2-u64-b256-greedy-s1-g34-noeog-prof0,2026-10-09T15:03:33Z,3,3110.9,3112.4
Appended 2 run(s) to /home/hjotha/worktrees/xllama-qwen35-4b-maxperf/bench/results/qwen4b-maxperf/enabled-rev207/blocks/b1/csv/std256-sw0.csv

Done. /home/hjotha/worktrees/xllama-qwen35-4b-maxperf/bench/results/qwen4b-maxperf/enabled-rev207/blocks/b1/csv/std256-sw0.csv updated.
  Restoring original model.txt on the device...
=== xllama bench-xbox-ort ===
  Model:   qwen35-4b-mtp
  Threads: 2
  n_ctx:   2048
  n_predict: 256
  max_length: derived
  Runs:    3 (run 1 warmup, dropped from median)
  Xbox:    192.168.1.26
  PFN: GianlucaMazza.xllama_1.6.0.207_x64__pj67f1fcj4n14

--- Skipping genai_config (GGUF model; threads via bench_threads.txt) ---

--- Run 1 / 3 ---
  Uploading bench artifacts...
  Uploading bench.flag → LocalState\ ...
  Uploading prompt.txt → LocalState\ ...
  Uploading model.txt → LocalState\ ...
  Uploading bench_threads.txt → LocalState\ ...
  Uploading bench_ctx.txt → LocalState\ ...
  Uploading bench_npredict.txt → LocalState\ ...
  Uploading bench_maxlen.txt → LocalState\ ...
  Uploading bench_ubatch.txt → LocalState\ ...
  Uploading bench_n_batch.txt → LocalState\ ...
  Uploading bench_kvq8.txt → LocalState\ ...
  Uploading bench_gpu_layers.txt → LocalState\ ...
  Uploading bench_ignore_eog.txt → LocalState\ ...
  Uploading bench_mtp_pmin.txt → LocalState\ ...
  Uploading d3d12twocol.txt → LocalState\ ...
  Uploading bench_greedy.txt → LocalState\ ...
  Uploading bench_seed.txt → LocalState\ ...
  Uploading bench_tokens.txt → LocalState\ ...
  Uploading bench_profile.txt → LocalState\ ...
  Uploading bench_run_index.txt → LocalState\ ...
  Starting app...
  Waiting for bench-result.csv.done (timeout 300s)...
  Done after 30s (http 200).
  Tokens: /tmp/tmp.Hx8q9Sxu9U/run1.tokens (257 lines)
  Row: qwen35-4b-mtp,Q4_K_M,d3d12,2048,2,102.28,24.78,3448,7114,2614,4147,298,256,0,xbox-series-t2-u64-b256-greedy-s1-g34-noeog-prof0,2026-10-09T15:04:10Z,1,2913.6,2915.0

--- Run 2 / 3 ---
  Uploading bench artifacts...
  Uploading bench.flag → LocalState\ ...
  Uploading prompt.txt → LocalState\ ...
  Uploading model.txt → LocalState\ ...
  Uploading bench_threads.txt → LocalState\ ...
  Uploading bench_ctx.txt → LocalState\ ...
  Uploading bench_npredict.txt → LocalState\ ...
  Uploading bench_maxlen.txt → LocalState\ ...
  Uploading bench_ubatch.txt → LocalState\ ...
  Uploading bench_n_batch.txt → LocalState\ ...
  Uploading bench_kvq8.txt → LocalState\ ...
  Uploading bench_gpu_layers.txt → LocalState\ ...
  Uploading bench_ignore_eog.txt → LocalState\ ...
  Uploading bench_mtp_pmin.txt → LocalState\ ...
  Uploading d3d12twocol.txt → LocalState\ ...
  Uploading bench_greedy.txt → LocalState\ ...
  Uploading bench_seed.txt → LocalState\ ...
  Uploading bench_tokens.txt → LocalState\ ...
  Uploading bench_profile.txt → LocalState\ ...
  Uploading bench_run_index.txt → LocalState\ ...
  Starting app...
  Waiting for bench-result.csv.done (timeout 300s)...
  Done after 30s (http 200).
  Tokens: /tmp/tmp.Hx8q9Sxu9U/run2.tokens (257 lines)
  Row: qwen35-4b-mtp,Q4_K_M,d3d12,2048,2,102.03,24.55,3462,7135,2614,4147,298,256,0,xbox-series-t2-u64-b256-greedy-s1-g34-noeog-prof0,2026-10-09T15:04:45Z,2,2920.7,2922.1

--- Run 3 / 3 ---
  Uploading bench artifacts...
  Uploading bench.flag → LocalState\ ...
  Uploading prompt.txt → LocalState\ ...
  Uploading model.txt → LocalState\ ...
  Uploading bench_threads.txt → LocalState\ ...
  Uploading bench_ctx.txt → LocalState\ ...
  Uploading bench_npredict.txt → LocalState\ ...
  Uploading bench_maxlen.txt → LocalState\ ...
  Uploading bench_ubatch.txt → LocalState\ ...
  Uploading bench_n_batch.txt → LocalState\ ...
  Uploading bench_kvq8.txt → LocalState\ ...
  Uploading bench_gpu_layers.txt → LocalState\ ...
  Uploading bench_ignore_eog.txt → LocalState\ ...
  Uploading bench_mtp_pmin.txt → LocalState\ ...
  Uploading d3d12twocol.txt → LocalState\ ...
  Uploading bench_greedy.txt → LocalState\ ...
  Uploading bench_seed.txt → LocalState\ ...
  Uploading bench_tokens.txt → LocalState\ ...
  Uploading bench_profile.txt → LocalState\ ...
  Uploading bench_run_index.txt → LocalState\ ...
  Starting app...
  Waiting for bench-result.csv.done (timeout 300s)...
  Done after 31s (http 200).
  Tokens: /tmp/tmp.Hx8q9Sxu9U/run3.tokens (257 lines)
  Row: qwen35-4b-mtp,Q4_K_M,d3d12,2048,2,102.32,24.62,3458,7404,2614,4147,298,256,0,xbox-series-t2-u64-b256-greedy-s1-g34-noeog-prof0,2026-10-09T15:05:21Z,3,2912.4,2913.8

--- Appending recorded runs ---
  appended: qwen35-4b-mtp,Q4_K_M,d3d12,2048,2,102.03,24.55,3462,7135,2614,4147,298,256,0,xbox-series-t2-u64-b256-greedy-s1-g34-noeog-prof0,2026-10-09T15:04:45Z,2,2920.7,2922.1
  appended: qwen35-4b-mtp,Q4_K_M,d3d12,2048,2,102.32,24.62,3458,7404,2614,4147,298,256,0,xbox-series-t2-u64-b256-greedy-s1-g34-noeog-prof0,2026-10-09T15:05:21Z,3,2912.4,2913.8
Appended 2 run(s) to /home/hjotha/worktrees/xllama-qwen35-4b-maxperf/bench/results/qwen4b-maxperf/enabled-rev207/blocks/b1/csv/std256-sw1.csv

Done. /home/hjotha/worktrees/xllama-qwen35-4b-maxperf/bench/results/qwen4b-maxperf/enabled-rev207/blocks/b1/csv/std256-sw1.csv updated.
  Restoring original model.txt on the device...
=== xllama bench-xbox-ort ===
  Model:   qwen35-4b-mtp
  Threads: 2
  n_ctx:   2048
  n_predict: 64
  max_length: derived
  Runs:    3 (run 1 warmup, dropped from median)
  Xbox:    192.168.1.26
  PFN: GianlucaMazza.xllama_1.6.0.207_x64__pj67f1fcj4n14

--- Skipping genai_config (GGUF model; threads via bench_threads.txt) ---

--- Run 1 / 3 ---
  Uploading bench artifacts...
  Uploading bench.flag → LocalState\ ...
  Uploading prompt.txt → LocalState\ ...
  Uploading model.txt → LocalState\ ...
  Uploading bench_threads.txt → LocalState\ ...
  Uploading bench_ctx.txt → LocalState\ ...
  Uploading bench_npredict.txt → LocalState\ ...
  Uploading bench_maxlen.txt → LocalState\ ...
  Uploading bench_ubatch.txt → LocalState\ ...
  Uploading bench_n_batch.txt → LocalState\ ...
  Uploading bench_kvq8.txt → LocalState\ ...
  Uploading bench_gpu_layers.txt → LocalState\ ...
  Uploading bench_ignore_eog.txt → LocalState\ ...
  Uploading bench_mtp.txt → LocalState\ ...
  Uploading bench_mtp_pmin.txt → LocalState\ ...
  Uploading d3d12twocol.txt → LocalState\ ...
  Uploading bench_greedy.txt → LocalState\ ...
  Uploading bench_seed.txt → LocalState\ ...
  Uploading bench_tokens.txt → LocalState\ ...
  Uploading bench_profile.txt → LocalState\ ...
  Uploading bench_run_index.txt → LocalState\ ...
  Starting app...
  Waiting for bench-result.csv.done (timeout 300s)...
  Done after 20s (http 200).
  Tokens: /tmp/tmp.Y3WH4FgQE9/run1.tokens (65 lines)
  Row: qwen35-4b-mtp,Q4_K_M,d3d12,2048,2,90.27,28.43,3672,4315,2692,4147,119,64,0,xbox-series-t2-u64-b256-mtp2-pmin50-greedy-s1-g34-noeog-prof0,2026-10-09T15:05:48Z,1,1318.3,1397.4

--- Run 2 / 3 ---
  Uploading bench artifacts...
  Uploading bench.flag → LocalState\ ...
  Uploading prompt.txt → LocalState\ ...
  Uploading model.txt → LocalState\ ...
  Uploading bench_threads.txt → LocalState\ ...
  Uploading bench_ctx.txt → LocalState\ ...
  Uploading bench_npredict.txt → LocalState\ ...
  Uploading bench_maxlen.txt → LocalState\ ...
  Uploading bench_ubatch.txt → LocalState\ ...
  Uploading bench_n_batch.txt → LocalState\ ...
  Uploading bench_kvq8.txt → LocalState\ ...
  Uploading bench_gpu_layers.txt → LocalState\ ...
  Uploading bench_ignore_eog.txt → LocalState\ ...
  Uploading bench_mtp.txt → LocalState\ ...
  Uploading bench_mtp_pmin.txt → LocalState\ ...
  Uploading d3d12twocol.txt → LocalState\ ...
  Uploading bench_greedy.txt → LocalState\ ...
  Uploading bench_seed.txt → LocalState\ ...
  Uploading bench_tokens.txt → LocalState\ ...
  Uploading bench_profile.txt → LocalState\ ...
  Uploading bench_run_index.txt → LocalState\ ...
  Starting app...
  Waiting for bench-result.csv.done (timeout 300s)...
  Done after 20s (http 200).
  Tokens: /tmp/tmp.Y3WH4FgQE9/run2.tokens (65 lines)
  Row: qwen35-4b-mtp,Q4_K_M,d3d12,2048,2,91.10,29.02,3672,4532,2692,4147,119,64,0,xbox-series-t2-u64-b256-mtp2-pmin50-greedy-s1-g34-noeog-prof0,2026-10-09T15:06:13Z,2,1306.2,1387.5

--- Run 3 / 3 ---
  Uploading bench artifacts...
  Uploading bench.flag → LocalState\ ...
  Uploading prompt.txt → LocalState\ ...
  Uploading model.txt → LocalState\ ...
  Uploading bench_threads.txt → LocalState\ ...
  Uploading bench_ctx.txt → LocalState\ ...
  Uploading bench_npredict.txt → LocalState\ ...
  Uploading bench_maxlen.txt → LocalState\ ...
  Uploading bench_ubatch.txt → LocalState\ ...
  Uploading bench_n_batch.txt → LocalState\ ...
  Uploading bench_kvq8.txt → LocalState\ ...
  Uploading bench_gpu_layers.txt → LocalState\ ...
  Uploading bench_ignore_eog.txt → LocalState\ ...
  Uploading bench_mtp.txt → LocalState\ ...
  Uploading bench_mtp_pmin.txt → LocalState\ ...
  Uploading d3d12twocol.txt → LocalState\ ...
  Uploading bench_greedy.txt → LocalState\ ...
  Uploading bench_seed.txt → LocalState\ ...
  Uploading bench_tokens.txt → LocalState\ ...
  Uploading bench_profile.txt → LocalState\ ...
  Uploading bench_run_index.txt → LocalState\ ...
  Starting app...
  Waiting for bench-result.csv.done (timeout 300s)...
  Done after 20s (http 200).
  Tokens: /tmp/tmp.Y3WH4FgQE9/run3.tokens (65 lines)
  Row: qwen35-4b-mtp,Q4_K_M,d3d12,2048,2,89.18,29.02,3672,4366,2692,4147,119,64,0,xbox-series-t2-u64-b256-mtp2-pmin50-greedy-s1-g34-noeog-prof0,2026-10-09T15:06:38Z,3,1334.3,1416.8

--- Appending recorded runs ---
  appended: qwen35-4b-mtp,Q4_K_M,d3d12,2048,2,91.10,29.02,3672,4532,2692,4147,119,64,0,xbox-series-t2-u64-b256-mtp2-pmin50-greedy-s1-g34-noeog-prof0,2026-10-09T15:06:13Z,2,1306.2,1387.5
  appended: qwen35-4b-mtp,Q4_K_M,d3d12,2048,2,89.18,29.02,3672,4366,2692,4147,119,64,0,xbox-series-t2-u64-b256-mtp2-pmin50-greedy-s1-g34-noeog-prof0,2026-10-09T15:06:38Z,3,1334.3,1416.8
Appended 2 run(s) to /home/hjotha/worktrees/xllama-qwen35-4b-maxperf/bench/results/qwen4b-maxperf/enabled-rev207/blocks/b1/csv/chat64-mtp-sw0.csv

Done. /home/hjotha/worktrees/xllama-qwen35-4b-maxperf/bench/results/qwen4b-maxperf/enabled-rev207/blocks/b1/csv/chat64-mtp-sw0.csv updated.
  Restoring original model.txt on the device...
=== xllama bench-xbox-ort ===
  Model:   qwen35-4b-mtp
  Threads: 2
  n_ctx:   2048
  n_predict: 64
  max_length: derived
  Runs:    3 (run 1 warmup, dropped from median)
  Xbox:    192.168.1.26
  PFN: GianlucaMazza.xllama_1.6.0.207_x64__pj67f1fcj4n14

--- Skipping genai_config (GGUF model; threads via bench_threads.txt) ---

--- Run 1 / 3 ---
  Uploading bench artifacts...
  Uploading bench.flag → LocalState\ ...
  Uploading prompt.txt → LocalState\ ...
  Uploading model.txt → LocalState\ ...
  Uploading bench_threads.txt → LocalState\ ...
  Uploading bench_ctx.txt → LocalState\ ...
  Uploading bench_npredict.txt → LocalState\ ...
  Uploading bench_maxlen.txt → LocalState\ ...
  Uploading bench_ubatch.txt → LocalState\ ...
  Uploading bench_n_batch.txt → LocalState\ ...
  Uploading bench_kvq8.txt → LocalState\ ...
  Uploading bench_gpu_layers.txt → LocalState\ ...
  Uploading bench_ignore_eog.txt → LocalState\ ...
  Uploading bench_mtp.txt → LocalState\ ...
  Uploading bench_mtp_pmin.txt → LocalState\ ...
  Uploading d3d12twocol.txt → LocalState\ ...
  Uploading bench_greedy.txt → LocalState\ ...
  Uploading bench_seed.txt → LocalState\ ...
  Uploading bench_tokens.txt → LocalState\ ...
  Uploading bench_profile.txt → LocalState\ ...
  Uploading bench_run_index.txt → LocalState\ ...
  Starting app...
  Waiting for bench-result.csv.done (timeout 300s)...
  Done after 20s (http 200).
  Tokens: /tmp/tmp.3SdQrMitW7/run1.tokens (65 lines)
  Row: qwen35-4b-mtp,Q4_K_M,d3d12,2048,2,96.80,29.99,3672,4288,2692,4147,119,64,0,xbox-series-t2-u64-b256-mtp2-pmin50-greedy-s1-g34-noeog-prof0,2026-10-09T15:07:04Z,1,1229.3,1307.2

--- Run 2 / 3 ---
  Uploading bench artifacts...
  Uploading bench.flag → LocalState\ ...
  Uploading prompt.txt → LocalState\ ...
  Uploading model.txt → LocalState\ ...
  Uploading bench_threads.txt → LocalState\ ...
  Uploading bench_ctx.txt → LocalState\ ...
  Uploading bench_npredict.txt → LocalState\ ...
  Uploading bench_maxlen.txt → LocalState\ ...
  Uploading bench_ubatch.txt → LocalState\ ...
  Uploading bench_n_batch.txt → LocalState\ ...
  Uploading bench_kvq8.txt → LocalState\ ...
  Uploading bench_gpu_layers.txt → LocalState\ ...
  Uploading bench_ignore_eog.txt → LocalState\ ...
  Uploading bench_mtp.txt → LocalState\ ...
  Uploading bench_mtp_pmin.txt → LocalState\ ...
  Uploading d3d12twocol.txt → LocalState\ ...
  Uploading bench_greedy.txt → LocalState\ ...
  Uploading bench_seed.txt → LocalState\ ...
  Uploading bench_tokens.txt → LocalState\ ...
  Uploading bench_profile.txt → LocalState\ ...
  Uploading bench_run_index.txt → LocalState\ ...
  Starting app...
  Waiting for bench-result.csv.done (timeout 300s)...
  Done after 20s (http 200).
  Tokens: /tmp/tmp.3SdQrMitW7/run2.tokens (65 lines)
  Row: qwen35-4b-mtp,Q4_K_M,d3d12,2048,2,95.51,28.94,3672,4367,2692,4147,119,64,0,xbox-series-t2-u64-b256-mtp2-pmin50-greedy-s1-g34-noeog-prof0,2026-10-09T15:07:30Z,2,1246.0,1376.2

--- Run 3 / 3 ---
  Uploading bench artifacts...
  Uploading bench.flag → LocalState\ ...
  Uploading prompt.txt → LocalState\ ...
  Uploading model.txt → LocalState\ ...
  Uploading bench_threads.txt → LocalState\ ...
  Uploading bench_ctx.txt → LocalState\ ...
  Uploading bench_npredict.txt → LocalState\ ...
  Uploading bench_maxlen.txt → LocalState\ ...
  Uploading bench_ubatch.txt → LocalState\ ...
  Uploading bench_n_batch.txt → LocalState\ ...
  Uploading bench_kvq8.txt → LocalState\ ...
  Uploading bench_gpu_layers.txt → LocalState\ ...
  Uploading bench_ignore_eog.txt → LocalState\ ...
  Uploading bench_mtp.txt → LocalState\ ...
  Uploading bench_mtp_pmin.txt → LocalState\ ...
  Uploading d3d12twocol.txt → LocalState\ ...
  Uploading bench_greedy.txt → LocalState\ ...
  Uploading bench_seed.txt → LocalState\ ...
  Uploading bench_tokens.txt → LocalState\ ...
  Uploading bench_profile.txt → LocalState\ ...
  Uploading bench_run_index.txt → LocalState\ ...
  Starting app...
  Waiting for bench-result.csv.done (timeout 300s)...
  Done after 20s (http 200).
  Tokens: /tmp/tmp.3SdQrMitW7/run3.tokens (65 lines)
  Row: qwen35-4b-mtp,Q4_K_M,d3d12,2048,2,95.06,29.87,3672,4349,2692,4147,119,64,0,xbox-series-t2-u64-b256-mtp2-pmin50-greedy-s1-g34-noeog-prof0,2026-10-09T15:07:55Z,3,1251.9,1331.6

--- Appending recorded runs ---
  appended: qwen35-4b-mtp,Q4_K_M,d3d12,2048,2,95.51,28.94,3672,4367,2692,4147,119,64,0,xbox-series-t2-u64-b256-mtp2-pmin50-greedy-s1-g34-noeog-prof0,2026-10-09T15:07:30Z,2,1246.0,1376.2
  appended: qwen35-4b-mtp,Q4_K_M,d3d12,2048,2,95.06,29.87,3672,4349,2692,4147,119,64,0,xbox-series-t2-u64-b256-mtp2-pmin50-greedy-s1-g34-noeog-prof0,2026-10-09T15:07:55Z,3,1251.9,1331.6
Appended 2 run(s) to /home/hjotha/worktrees/xllama-qwen35-4b-maxperf/bench/results/qwen4b-maxperf/enabled-rev207/blocks/b1/csv/chat64-mtp-sw1.csv

Done. /home/hjotha/worktrees/xllama-qwen35-4b-maxperf/bench/results/qwen4b-maxperf/enabled-rev207/blocks/b1/csv/chat64-mtp-sw1.csv updated.
  Restoring original model.txt on the device...
=== xllama bench-xbox-ort ===
  Model:   qwen35-4b-mtp
  Threads: 2
  n_ctx:   2048
  n_predict: 64
  max_length: derived
  Runs:    3 (run 1 warmup, dropped from median)
  Xbox:    192.168.1.26
  PFN: GianlucaMazza.xllama_1.6.0.207_x64__pj67f1fcj4n14

--- Skipping genai_config (GGUF model; threads via bench_threads.txt) ---

--- Run 1 / 3 ---
  Uploading bench artifacts...
  Uploading bench.flag → LocalState\ ...
  Uploading prompt.txt → LocalState\ ...
  Uploading model.txt → LocalState\ ...
  Uploading bench_threads.txt → LocalState\ ...
  Uploading bench_ctx.txt → LocalState\ ...
  Uploading bench_npredict.txt → LocalState\ ...
  Uploading bench_maxlen.txt → LocalState\ ...
  Uploading bench_ubatch.txt → LocalState\ ...
  Uploading bench_n_batch.txt → LocalState\ ...
  Uploading bench_kvq8.txt → LocalState\ ...
  Uploading bench_gpu_layers.txt → LocalState\ ...
  Uploading bench_ignore_eog.txt → LocalState\ ...
  Uploading bench_mtp.txt → LocalState\ ...
  Uploading bench_mtp_pmin.txt → LocalState\ ...
  Uploading d3d12twocol.txt → LocalState\ ...
  Uploading bench_greedy.txt → LocalState\ ...
  Uploading bench_seed.txt → LocalState\ ...
  Uploading bench_tokens.txt → LocalState\ ...
  Uploading bench_profile.txt → LocalState\ ...
  Uploading bench_run_index.txt → LocalState\ ...
  Starting app...
  Waiting for bench-result.csv.done (timeout 300s)...
  Done after 20s (http 200).
  Tokens: /tmp/tmp.NYDhRbzWzN/run1.tokens (65 lines)
  Row: qwen35-4b-mtp,Q4_K_M,d3d12,2048,2,89.06,34.39,3672,4327,2692,4147,324,64,0,xbox-series-t2-u64-b256-mtp2-pmin50-greedy-s1-g34-noeog-prof0,2026-10-09T15:08:23Z,1,3638.0,3722.6

--- Run 2 / 3 ---
  Uploading bench artifacts...
  Uploading bench.flag → LocalState\ ...
  Uploading prompt.txt → LocalState\ ...
  Uploading model.txt → LocalState\ ...
  Uploading bench_threads.txt → LocalState\ ...
  Uploading bench_ctx.txt → LocalState\ ...
  Uploading bench_npredict.txt → LocalState\ ...
  Uploading bench_maxlen.txt → LocalState\ ...
  Uploading bench_ubatch.txt → LocalState\ ...
  Uploading bench_n_batch.txt → LocalState\ ...
  Uploading bench_kvq8.txt → LocalState\ ...
  Uploading bench_gpu_layers.txt → LocalState\ ...
  Uploading bench_ignore_eog.txt → LocalState\ ...
  Uploading bench_mtp.txt → LocalState\ ...
  Uploading bench_mtp_pmin.txt → LocalState\ ...
  Uploading d3d12twocol.txt → LocalState\ ...
  Uploading bench_greedy.txt → LocalState\ ...
  Uploading bench_seed.txt → LocalState\ ...
  Uploading bench_tokens.txt → LocalState\ ...
  Uploading bench_profile.txt → LocalState\ ...
  Uploading bench_run_index.txt → LocalState\ ...
  Starting app...
  Waiting for bench-result.csv.done (timeout 300s)...
  Done after 20s (http 200).
  Tokens: /tmp/tmp.NYDhRbzWzN/run2.tokens (65 lines)
  Row: qwen35-4b-mtp,Q4_K_M,d3d12,2048,2,89.83,34.55,3672,4347,2692,4147,324,64,0,xbox-series-t2-u64-b256-mtp2-pmin50-greedy-s1-g34-noeog-prof0,2026-10-09T15:08:48Z,2,3607.0,3691.6

--- Run 3 / 3 ---
  Uploading bench artifacts...
  Uploading bench.flag → LocalState\ ...
  Uploading prompt.txt → LocalState\ ...
  Uploading model.txt → LocalState\ ...
  Uploading bench_threads.txt → LocalState\ ...
  Uploading bench_ctx.txt → LocalState\ ...
  Uploading bench_npredict.txt → LocalState\ ...
  Uploading bench_maxlen.txt → LocalState\ ...
  Uploading bench_ubatch.txt → LocalState\ ...
  Uploading bench_n_batch.txt → LocalState\ ...
  Uploading bench_kvq8.txt → LocalState\ ...
  Uploading bench_gpu_layers.txt → LocalState\ ...
  Uploading bench_ignore_eog.txt → LocalState\ ...
  Uploading bench_mtp.txt → LocalState\ ...
  Uploading bench_mtp_pmin.txt → LocalState\ ...
  Uploading d3d12twocol.txt → LocalState\ ...
  Uploading bench_greedy.txt → LocalState\ ...
  Uploading bench_seed.txt → LocalState\ ...
  Uploading bench_tokens.txt → LocalState\ ...
  Uploading bench_profile.txt → LocalState\ ...
  Uploading bench_run_index.txt → LocalState\ ...
  Starting app...
  Waiting for bench-result.csv.done (timeout 300s)...
  Done after 20s (http 200).
  Tokens: /tmp/tmp.NYDhRbzWzN/run3.tokens (65 lines)
  Row: qwen35-4b-mtp,Q4_K_M,d3d12,2048,2,88.80,34.22,3672,4321,2692,4147,324,64,0,xbox-series-t2-u64-b256-mtp2-pmin50-greedy-s1-g34-noeog-prof0,2026-10-09T15:09:13Z,3,3648.5,3733.4

--- Appending recorded runs ---
  appended: qwen35-4b-mtp,Q4_K_M,d3d12,2048,2,89.83,34.55,3672,4347,2692,4147,324,64,0,xbox-series-t2-u64-b256-mtp2-pmin50-greedy-s1-g34-noeog-prof0,2026-10-09T15:08:48Z,2,3607.0,3691.6
  appended: qwen35-4b-mtp,Q4_K_M,d3d12,2048,2,88.80,34.22,3672,4321,2692,4147,324,64,0,xbox-series-t2-u64-b256-mtp2-pmin50-greedy-s1-g34-noeog-prof0,2026-10-09T15:09:13Z,3,3648.5,3733.4
Appended 2 run(s) to /home/hjotha/worktrees/xllama-qwen35-4b-maxperf/bench/results/qwen4b-maxperf/enabled-rev207/blocks/b1/csv/code64-mtp-sw0.csv

Done. /home/hjotha/worktrees/xllama-qwen35-4b-maxperf/bench/results/qwen4b-maxperf/enabled-rev207/blocks/b1/csv/code64-mtp-sw0.csv updated.
  Restoring original model.txt on the device...
=== xllama bench-xbox-ort ===
  Model:   qwen35-4b-mtp
  Threads: 2
  n_ctx:   2048
  n_predict: 64
  max_length: derived
  Runs:    3 (run 1 warmup, dropped from median)
  Xbox:    192.168.1.26
  PFN: GianlucaMazza.xllama_1.6.0.207_x64__pj67f1fcj4n14

--- Skipping genai_config (GGUF model; threads via bench_threads.txt) ---

--- Run 1 / 3 ---
  Uploading bench artifacts...
  Uploading bench.flag → LocalState\ ...
  Uploading prompt.txt → LocalState\ ...
  Uploading model.txt → LocalState\ ...
  Uploading bench_threads.txt → LocalState\ ...
  Uploading bench_ctx.txt → LocalState\ ...
  Uploading bench_npredict.txt → LocalState\ ...
  Uploading bench_maxlen.txt → LocalState\ ...
  Uploading bench_ubatch.txt → LocalState\ ...
  Uploading bench_n_batch.txt → LocalState\ ...
  Uploading bench_kvq8.txt → LocalState\ ...
  Uploading bench_gpu_layers.txt → LocalState\ ...
  Uploading bench_ignore_eog.txt → LocalState\ ...
  Uploading bench_mtp.txt → LocalState\ ...
  Uploading bench_mtp_pmin.txt → LocalState\ ...
  Uploading d3d12twocol.txt → LocalState\ ...
  Uploading bench_greedy.txt → LocalState\ ...
  Uploading bench_seed.txt → LocalState\ ...
  Uploading bench_tokens.txt → LocalState\ ...
  Uploading bench_profile.txt → LocalState\ ...
  Uploading bench_run_index.txt → LocalState\ ...
  Starting app...
  Waiting for bench-result.csv.done (timeout 300s)...
  Done after 20s (http 200).
  Tokens: /tmp/tmp.tpqeCdKkWI/run1.tokens (65 lines)
  Row: qwen35-4b-mtp,Q4_K_M,d3d12,2048,2,94.62,35.99,3672,4323,2692,4147,324,64,0,xbox-series-t2-u64-b256-mtp2-pmin50-greedy-s1-g34-noeog-prof0,2026-10-09T15:09:38Z,1,3424.4,3505.9

--- Run 2 / 3 ---
  Uploading bench artifacts...
  Uploading bench.flag → LocalState\ ...
  Uploading prompt.txt → LocalState\ ...
  Uploading model.txt → LocalState\ ...
  Uploading bench_threads.txt → LocalState\ ...
  Uploading bench_ctx.txt → LocalState\ ...
  Uploading bench_npredict.txt → LocalState\ ...
  Uploading bench_maxlen.txt → LocalState\ ...
  Uploading bench_ubatch.txt → LocalState\ ...
  Uploading bench_n_batch.txt → LocalState\ ...
  Uploading bench_kvq8.txt → LocalState\ ...
  Uploading bench_gpu_layers.txt → LocalState\ ...
  Uploading bench_ignore_eog.txt → LocalState\ ...
  Uploading bench_mtp.txt → LocalState\ ...
  Uploading bench_mtp_pmin.txt → LocalState\ ...
  Uploading d3d12twocol.txt → LocalState\ ...
  Uploading bench_greedy.txt → LocalState\ ...
  Uploading bench_seed.txt → LocalState\ ...
  Uploading bench_tokens.txt → LocalState\ ...
  Uploading bench_profile.txt → LocalState\ ...
  Uploading bench_run_index.txt → LocalState\ ...
  Starting app...
  Waiting for bench-result.csv.done (timeout 300s)...
  Done after 20s (http 200).
  Tokens: /tmp/tmp.tpqeCdKkWI/run2.tokens (65 lines)
  Row: qwen35-4b-mtp,Q4_K_M,d3d12,2048,2,94.06,35.87,3672,4325,2692,4147,324,64,0,xbox-series-t2-u64-b256-mtp2-pmin50-greedy-s1-g34-noeog-prof0,2026-10-09T15:10:03Z,2,3444.7,3526.1

--- Run 3 / 3 ---
  Uploading bench artifacts...
  Uploading bench.flag → LocalState\ ...
  Uploading prompt.txt → LocalState\ ...
  Uploading model.txt → LocalState\ ...
  Uploading bench_threads.txt → LocalState\ ...
  Uploading bench_ctx.txt → LocalState\ ...
  Uploading bench_npredict.txt → LocalState\ ...
  Uploading bench_maxlen.txt → LocalState\ ...
  Uploading bench_ubatch.txt → LocalState\ ...
  Uploading bench_n_batch.txt → LocalState\ ...
  Uploading bench_kvq8.txt → LocalState\ ...
  Uploading bench_gpu_layers.txt → LocalState\ ...
  Uploading bench_ignore_eog.txt → LocalState\ ...
  Uploading bench_mtp.txt → LocalState\ ...
  Uploading bench_mtp_pmin.txt → LocalState\ ...
  Uploading d3d12twocol.txt → LocalState\ ...
  Uploading bench_greedy.txt → LocalState\ ...
  Uploading bench_seed.txt → LocalState\ ...
  Uploading bench_tokens.txt → LocalState\ ...
  Uploading bench_profile.txt → LocalState\ ...
  Uploading bench_run_index.txt → LocalState\ ...
  Starting app...
  Waiting for bench-result.csv.done (timeout 300s)...
  Done after 21s (http 200).
  Tokens: /tmp/tmp.tpqeCdKkWI/run3.tokens (65 lines)
  Row: qwen35-4b-mtp,Q4_K_M,d3d12,2048,2,95.90,35.84,3672,4314,2692,4147,324,64,0,xbox-series-t2-u64-b256-mtp2-pmin50-greedy-s1-g34-noeog-prof0,2026-10-09T15:10:28Z,3,3378.5,3459.5

--- Appending recorded runs ---
  appended: qwen35-4b-mtp,Q4_K_M,d3d12,2048,2,94.06,35.87,3672,4325,2692,4147,324,64,0,xbox-series-t2-u64-b256-mtp2-pmin50-greedy-s1-g34-noeog-prof0,2026-10-09T15:10:03Z,2,3444.7,3526.1
  appended: qwen35-4b-mtp,Q4_K_M,d3d12,2048,2,95.90,35.84,3672,4314,2692,4147,324,64,0,xbox-series-t2-u64-b256-mtp2-pmin50-greedy-s1-g34-noeog-prof0,2026-10-09T15:10:28Z,3,3378.5,3459.5
Appended 2 run(s) to /home/hjotha/worktrees/xllama-qwen35-4b-maxperf/bench/results/qwen4b-maxperf/enabled-rev207/blocks/b1/csv/code64-mtp-sw1.csv

Done. /home/hjotha/worktrees/xllama-qwen35-4b-maxperf/bench/results/qwen4b-maxperf/enabled-rev207/blocks/b1/csv/code64-mtp-sw1.csv updated.
  Restoring original model.txt on the device...
=== xllama bench-xbox-ort ===
  Model:   qwen35-4b-mtp
  Threads: 2
  n_ctx:   2048
  n_predict: 64
  max_length: derived
  Runs:    3 (run 1 warmup, dropped from median)
  Xbox:    192.168.1.26
  PFN: GianlucaMazza.xllama_1.6.0.207_x64__pj67f1fcj4n14

--- Skipping genai_config (GGUF model; threads via bench_threads.txt) ---

--- Run 1 / 3 ---
  Uploading bench artifacts...
  Uploading bench.flag → LocalState\ ...
  Uploading prompt.txt → LocalState\ ...
  Uploading model.txt → LocalState\ ...
  Uploading bench_threads.txt → LocalState\ ...
  Uploading bench_ctx.txt → LocalState\ ...
  Uploading bench_npredict.txt → LocalState\ ...
  Uploading bench_maxlen.txt → LocalState\ ...
  Uploading bench_ubatch.txt → LocalState\ ...
  Uploading bench_n_batch.txt → LocalState\ ...
  Uploading bench_kvq8.txt → LocalState\ ...
  Uploading bench_gpu_layers.txt → LocalState\ ...
  Uploading bench_ignore_eog.txt → LocalState\ ...
  Uploading bench_mtp.txt → LocalState\ ...
  Uploading bench_mtp_pmin.txt → LocalState\ ...
  Uploading d3d12twocol.txt → LocalState\ ...
  Uploading bench_greedy.txt → LocalState\ ...
  Uploading bench_seed.txt → LocalState\ ...
  Uploading bench_tokens.txt → LocalState\ ...
  Uploading bench_profile.txt → LocalState\ ...
  Uploading bench_run_index.txt → LocalState\ ...
  Starting app...
  Waiting for bench-result.csv.done (timeout 300s)...
  Done after 20s (http 200).
  Tokens: /tmp/tmp.8AwjNdtdhx/run1.tokens (65 lines)
  Row: qwen35-4b-mtp,Q4_K_M,d3d12,2048,2,88.76,28.15,3672,4363,2692,4147,298,64,0,xbox-series-t2-u64-b256-mtp2-pmin50-greedy-s1-g34-noeog-prof0,2026-10-09T15:10:55Z,1,3357.5,3447.3

--- Run 2 / 3 ---
  Uploading bench artifacts...
  Uploading bench.flag → LocalState\ ...
  Uploading prompt.txt → LocalState\ ...
  Uploading model.txt → LocalState\ ...
  Uploading bench_threads.txt → LocalState\ ...
  Uploading bench_ctx.txt → LocalState\ ...
  Uploading bench_npredict.txt → LocalState\ ...
  Uploading bench_maxlen.txt → LocalState\ ...
  Uploading bench_ubatch.txt → LocalState\ ...
  Uploading bench_n_batch.txt → LocalState\ ...
  Uploading bench_kvq8.txt → LocalState\ ...
  Uploading bench_gpu_layers.txt → LocalState\ ...
  Uploading bench_ignore_eog.txt → LocalState\ ...
  Uploading bench_mtp.txt → LocalState\ ...
  Uploading bench_mtp_pmin.txt → LocalState\ ...
  Uploading d3d12twocol.txt → LocalState\ ...
  Uploading bench_greedy.txt → LocalState\ ...
  Uploading bench_seed.txt → LocalState\ ...
  Uploading bench_tokens.txt → LocalState\ ...
  Uploading bench_profile.txt → LocalState\ ...
  Uploading bench_run_index.txt → LocalState\ ...
  Starting app...
  Waiting for bench-result.csv.done (timeout 300s)...
  Done after 20s (http 200).
  Tokens: /tmp/tmp.8AwjNdtdhx/run2.tokens (65 lines)
  Row: qwen35-4b-mtp,Q4_K_M,d3d12,2048,2,88.61,28.13,3672,4361,2692,4147,298,64,0,xbox-series-t2-u64-b256-mtp2-pmin50-greedy-s1-g34-noeog-prof0,2026-10-09T15:11:20Z,2,3363.1,3447.4

--- Run 3 / 3 ---
  Uploading bench artifacts...
  Uploading bench.flag → LocalState\ ...
  Uploading prompt.txt → LocalState\ ...
  Uploading model.txt → LocalState\ ...
  Uploading bench_threads.txt → LocalState\ ...
  Uploading bench_ctx.txt → LocalState\ ...
  Uploading bench_npredict.txt → LocalState\ ...
  Uploading bench_maxlen.txt → LocalState\ ...
  Uploading bench_ubatch.txt → LocalState\ ...
  Uploading bench_n_batch.txt → LocalState\ ...
  Uploading bench_kvq8.txt → LocalState\ ...
  Uploading bench_gpu_layers.txt → LocalState\ ...
  Uploading bench_ignore_eog.txt → LocalState\ ...
  Uploading bench_mtp.txt → LocalState\ ...
  Uploading bench_mtp_pmin.txt → LocalState\ ...
  Uploading d3d12twocol.txt → LocalState\ ...
  Uploading bench_greedy.txt → LocalState\ ...
  Uploading bench_seed.txt → LocalState\ ...
  Uploading bench_tokens.txt → LocalState\ ...
  Uploading bench_profile.txt → LocalState\ ...
  Uploading bench_run_index.txt → LocalState\ ...
  Starting app...
  Waiting for bench-result.csv.done (timeout 300s)...
  Done after 21s (http 200).
  Tokens: /tmp/tmp.8AwjNdtdhx/run3.tokens (65 lines)
  Row: qwen35-4b-mtp,Q4_K_M,d3d12,2048,2,89.67,28.04,3672,4344,2692,4147,298,64,0,xbox-series-t2-u64-b256-mtp2-pmin50-greedy-s1-g34-noeog-prof0,2026-10-09T15:11:45Z,3,3323.2,3407.3

--- Appending recorded runs ---
  appended: qwen35-4b-mtp,Q4_K_M,d3d12,2048,2,88.61,28.13,3672,4361,2692,4147,298,64,0,xbox-series-t2-u64-b256-mtp2-pmin50-greedy-s1-g34-noeog-prof0,2026-10-09T15:11:20Z,2,3363.1,3447.4
  appended: qwen35-4b-mtp,Q4_K_M,d3d12,2048,2,89.67,28.04,3672,4344,2692,4147,298,64,0,xbox-series-t2-u64-b256-mtp2-pmin50-greedy-s1-g34-noeog-prof0,2026-10-09T15:11:45Z,3,3323.2,3407.3
Appended 2 run(s) to /home/hjotha/worktrees/xllama-qwen35-4b-maxperf/bench/results/qwen4b-maxperf/enabled-rev207/blocks/b1/csv/std64-mtp-sw0.csv

Done. /home/hjotha/worktrees/xllama-qwen35-4b-maxperf/bench/results/qwen4b-maxperf/enabled-rev207/blocks/b1/csv/std64-mtp-sw0.csv updated.
  Restoring original model.txt on the device...
=== xllama bench-xbox-ort ===
  Model:   qwen35-4b-mtp
  Threads: 2
  n_ctx:   2048
  n_predict: 64
  max_length: derived
  Runs:    3 (run 1 warmup, dropped from median)
  Xbox:    192.168.1.26
  PFN: GianlucaMazza.xllama_1.6.0.207_x64__pj67f1fcj4n14

--- Skipping genai_config (GGUF model; threads via bench_threads.txt) ---

--- Run 1 / 3 ---
  Uploading bench artifacts...
  Uploading bench.flag → LocalState\ ...
  Uploading prompt.txt → LocalState\ ...
  Uploading model.txt → LocalState\ ...
  Uploading bench_threads.txt → LocalState\ ...
  Uploading bench_ctx.txt → LocalState\ ...
  Uploading bench_npredict.txt → LocalState\ ...
  Uploading bench_maxlen.txt → LocalState\ ...
  Uploading bench_ubatch.txt → LocalState\ ...
  Uploading bench_n_batch.txt → LocalState\ ...
  Uploading bench_kvq8.txt → LocalState\ ...
  Uploading bench_gpu_layers.txt → LocalState\ ...
  Uploading bench_ignore_eog.txt → LocalState\ ...
  Uploading bench_mtp.txt → LocalState\ ...
  Uploading bench_mtp_pmin.txt → LocalState\ ...
  Uploading d3d12twocol.txt → LocalState\ ...
  Uploading bench_greedy.txt → LocalState\ ...
  Uploading bench_seed.txt → LocalState\ ...
  Uploading bench_tokens.txt → LocalState\ ...
  Uploading bench_profile.txt → LocalState\ ...
  Uploading bench_run_index.txt → LocalState\ ...
  Starting app...
  Waiting for bench-result.csv.done (timeout 300s)...
  Done after 20s (http 200).
  Tokens: /tmp/tmp.ed3Hk0fhRE/run1.tokens (65 lines)
  Row: qwen35-4b-mtp,Q4_K_M,d3d12,2048,2,94.64,29.23,3672,4325,2692,4147,298,64,0,xbox-series-t2-u64-b256-mtp2-pmin50-greedy-s1-g34-noeog-prof0,2026-10-09T15:12:11Z,1,3148.7,3229.3

--- Run 2 / 3 ---
  Uploading bench artifacts...
  Uploading bench.flag → LocalState\ ...
  Uploading prompt.txt → LocalState\ ...
  Uploading model.txt → LocalState\ ...
  Uploading bench_threads.txt → LocalState\ ...
  Uploading bench_ctx.txt → LocalState\ ...
  Uploading bench_npredict.txt → LocalState\ ...
  Uploading bench_maxlen.txt → LocalState\ ...
  Uploading bench_ubatch.txt → LocalState\ ...
  Uploading bench_n_batch.txt → LocalState\ ...
  Uploading bench_kvq8.txt → LocalState\ ...
  Uploading bench_gpu_layers.txt → LocalState\ ...
  Uploading bench_ignore_eog.txt → LocalState\ ...
  Uploading bench_mtp.txt → LocalState\ ...
  Uploading bench_mtp_pmin.txt → LocalState\ ...
  Uploading d3d12twocol.txt → LocalState\ ...
  Uploading bench_greedy.txt → LocalState\ ...
  Uploading bench_seed.txt → LocalState\ ...
  Uploading bench_tokens.txt → LocalState\ ...
  Uploading bench_profile.txt → LocalState\ ...
  Uploading bench_run_index.txt → LocalState\ ...
  Starting app...
  Waiting for bench-result.csv.done (timeout 300s)...
  Done after 20s (http 200).
  Tokens: /tmp/tmp.ed3Hk0fhRE/run2.tokens (65 lines)
  Row: qwen35-4b-mtp,Q4_K_M,d3d12,2048,2,93.52,29.11,3674,4290,2692,4147,298,64,0,xbox-series-t2-u64-b256-mtp2-pmin50-greedy-s1-g34-noeog-prof0,2026-10-09T15:12:37Z,2,3186.4,3267.9

--- Run 3 / 3 ---
  Uploading bench artifacts...
  Uploading bench.flag → LocalState\ ...
  Uploading prompt.txt → LocalState\ ...
  Uploading model.txt → LocalState\ ...
  Uploading bench_threads.txt → LocalState\ ...
  Uploading bench_ctx.txt → LocalState\ ...
  Uploading bench_npredict.txt → LocalState\ ...
  Uploading bench_maxlen.txt → LocalState\ ...
  Uploading bench_ubatch.txt → LocalState\ ...
  Uploading bench_n_batch.txt → LocalState\ ...
  Uploading bench_kvq8.txt → LocalState\ ...
  Uploading bench_gpu_layers.txt → LocalState\ ...
  Uploading bench_ignore_eog.txt → LocalState\ ...
  Uploading bench_mtp.txt → LocalState\ ...
  Uploading bench_mtp_pmin.txt → LocalState\ ...
  Uploading d3d12twocol.txt → LocalState\ ...
  Uploading bench_greedy.txt → LocalState\ ...
  Uploading bench_seed.txt → LocalState\ ...
  Uploading bench_tokens.txt → LocalState\ ...
  Uploading bench_profile.txt → LocalState\ ...
  Uploading bench_run_index.txt → LocalState\ ...
  Starting app...
  Waiting for bench-result.csv.done (timeout 300s)...
  Done after 20s (http 200).
  Tokens: /tmp/tmp.ed3Hk0fhRE/run3.tokens (65 lines)
  Row: qwen35-4b-mtp,Q4_K_M,d3d12,2048,2,93.94,29.07,3672,4301,2692,4147,298,64,0,xbox-series-t2-u64-b256-mtp2-pmin50-greedy-s1-g34-noeog-prof0,2026-10-09T15:13:02Z,3,3172.4,3253.5

--- Appending recorded runs ---
  appended: qwen35-4b-mtp,Q4_K_M,d3d12,2048,2,93.52,29.11,3674,4290,2692,4147,298,64,0,xbox-series-t2-u64-b256-mtp2-pmin50-greedy-s1-g34-noeog-prof0,2026-10-09T15:12:37Z,2,3186.4,3267.9
  appended: qwen35-4b-mtp,Q4_K_M,d3d12,2048,2,93.94,29.07,3672,4301,2692,4147,298,64,0,xbox-series-t2-u64-b256-mtp2-pmin50-greedy-s1-g34-noeog-prof0,2026-10-09T15:13:02Z,3,3172.4,3253.5
Appended 2 run(s) to /home/hjotha/worktrees/xllama-qwen35-4b-maxperf/bench/results/qwen4b-maxperf/enabled-rev207/blocks/b1/csv/std64-mtp-sw1.csv

Done. /home/hjotha/worktrees/xllama-qwen35-4b-maxperf/bench/results/qwen4b-maxperf/enabled-rev207/blocks/b1/csv/std64-mtp-sw1.csv updated.
  Restoring original model.txt on the device...
=== xllama bench-xbox-ort ===
  Model:   qwen35-4b-mtp
  Threads: 2
  n_ctx:   2048
  n_predict: 256
  max_length: derived
  Runs:    3 (run 1 warmup, dropped from median)
  Xbox:    192.168.1.26
  PFN: GianlucaMazza.xllama_1.6.0.207_x64__pj67f1fcj4n14

--- Skipping genai_config (GGUF model; threads via bench_threads.txt) ---

--- Run 1 / 3 ---
  Uploading bench artifacts...
  Uploading bench.flag → LocalState\ ...
  Uploading prompt.txt → LocalState\ ...
  Uploading model.txt → LocalState\ ...
  Uploading bench_threads.txt → LocalState\ ...
  Uploading bench_ctx.txt → LocalState\ ...
  Uploading bench_npredict.txt → LocalState\ ...
  Uploading bench_maxlen.txt → LocalState\ ...
  Uploading bench_ubatch.txt → LocalState\ ...
  Uploading bench_n_batch.txt → LocalState\ ...
  Uploading bench_kvq8.txt → LocalState\ ...
  Uploading bench_gpu_layers.txt → LocalState\ ...
  Uploading bench_ignore_eog.txt → LocalState\ ...
  Uploading bench_mtp.txt → LocalState\ ...
  Uploading bench_mtp_pmin.txt → LocalState\ ...
  Uploading d3d12twocol.txt → LocalState\ ...
  Uploading bench_greedy.txt → LocalState\ ...
  Uploading bench_seed.txt → LocalState\ ...
  Uploading bench_tokens.txt → LocalState\ ...
  Uploading bench_profile.txt → LocalState\ ...
  Uploading bench_run_index.txt → LocalState\ ...
  Starting app...
  Waiting for bench-result.csv.done (timeout 300s)...
  Done after 20s (http 200).
  Tokens: /tmp/tmp.DeVUZqtRbP/run1.tokens (257 lines)
  Row: qwen35-4b-mtp,Q4_K_M,d3d12,2048,2,89.65,27.96,3672,4367,2692,4147,119,256,0,xbox-series-t2-u64-b256-mtp2-pmin50-greedy-s1-g34-noeog-prof0,2026-10-09T15:13:34Z,1,1327.4,1440.3

--- Run 2 / 3 ---
  Uploading bench artifacts...
  Uploading bench.flag → LocalState\ ...
  Uploading prompt.txt → LocalState\ ...
  Uploading model.txt → LocalState\ ...
  Uploading bench_threads.txt → LocalState\ ...
  Uploading bench_ctx.txt → LocalState\ ...
  Uploading bench_npredict.txt → LocalState\ ...
  Uploading bench_maxlen.txt → LocalState\ ...
  Uploading bench_ubatch.txt → LocalState\ ...
  Uploading bench_n_batch.txt → LocalState\ ...
  Uploading bench_kvq8.txt → LocalState\ ...
  Uploading bench_gpu_layers.txt → LocalState\ ...
  Uploading bench_ignore_eog.txt → LocalState\ ...
  Uploading bench_mtp.txt → LocalState\ ...
  Uploading bench_mtp_pmin.txt → LocalState\ ...
  Uploading d3d12twocol.txt → LocalState\ ...
  Uploading bench_greedy.txt → LocalState\ ...
  Uploading bench_seed.txt → LocalState\ ...
  Uploading bench_tokens.txt → LocalState\ ...
  Uploading bench_profile.txt → LocalState\ ...
  Uploading bench_run_index.txt → LocalState\ ...
  Starting app...
  Waiting for bench-result.csv.done (timeout 300s)...
  Done after 20s (http 200).
  Tokens: /tmp/tmp.DeVUZqtRbP/run2.tokens (257 lines)
  Row: qwen35-4b-mtp,Q4_K_M,d3d12,2048,2,87.76,28.13,3672,4346,2692,4147,119,256,0,xbox-series-t2-u64-b256-mtp2-pmin50-greedy-s1-g34-noeog-prof0,2026-10-09T15:13:59Z,2,1356.0,1441.3

--- Run 3 / 3 ---
  Uploading bench artifacts...
  Uploading bench.flag → LocalState\ ...
  Uploading prompt.txt → LocalState\ ...
  Uploading model.txt → LocalState\ ...
  Uploading bench_threads.txt → LocalState\ ...
  Uploading bench_ctx.txt → LocalState\ ...
  Uploading bench_npredict.txt → LocalState\ ...
  Uploading bench_maxlen.txt → LocalState\ ...
  Uploading bench_ubatch.txt → LocalState\ ...
  Uploading bench_n_batch.txt → LocalState\ ...
  Uploading bench_kvq8.txt → LocalState\ ...
  Uploading bench_gpu_layers.txt → LocalState\ ...
  Uploading bench_ignore_eog.txt → LocalState\ ...
  Uploading bench_mtp.txt → LocalState\ ...
  Uploading bench_mtp_pmin.txt → LocalState\ ...
  Uploading d3d12twocol.txt → LocalState\ ...
  Uploading bench_greedy.txt → LocalState\ ...
  Uploading bench_seed.txt → LocalState\ ...
  Uploading bench_tokens.txt → LocalState\ ...
  Uploading bench_profile.txt → LocalState\ ...
  Uploading bench_run_index.txt → LocalState\ ...
  Starting app...
  Waiting for bench-result.csv.done (timeout 300s)...
  Done after 20s (http 200).
  Tokens: /tmp/tmp.DeVUZqtRbP/run3.tokens (257 lines)
  Row: qwen35-4b-mtp,Q4_K_M,d3d12,2048,2,88.06,28.19,3673,4273,2692,4147,119,256,0,xbox-series-t2-u64-b256-mtp2-pmin50-greedy-s1-g34-noeog-prof0,2026-10-09T15:14:24Z,3,1351.3,1436.0

--- Appending recorded runs ---
  appended: qwen35-4b-mtp,Q4_K_M,d3d12,2048,2,87.76,28.13,3672,4346,2692,4147,119,256,0,xbox-series-t2-u64-b256-mtp2-pmin50-greedy-s1-g34-noeog-prof0,2026-10-09T15:13:59Z,2,1356.0,1441.3
  appended: qwen35-4b-mtp,Q4_K_M,d3d12,2048,2,88.06,28.19,3673,4273,2692,4147,119,256,0,xbox-series-t2-u64-b256-mtp2-pmin50-greedy-s1-g34-noeog-prof0,2026-10-09T15:14:24Z,3,1351.3,1436.0
Appended 2 run(s) to /home/hjotha/worktrees/xllama-qwen35-4b-maxperf/bench/results/qwen4b-maxperf/enabled-rev207/blocks/b1/csv/chat256-mtp-sw0.csv

Done. /home/hjotha/worktrees/xllama-qwen35-4b-maxperf/bench/results/qwen4b-maxperf/enabled-rev207/blocks/b1/csv/chat256-mtp-sw0.csv updated.
  Restoring original model.txt on the device...
=== xllama bench-xbox-ort ===
  Model:   qwen35-4b-mtp
  Threads: 2
  n_ctx:   2048
  n_predict: 256
  max_length: derived
  Runs:    3 (run 1 warmup, dropped from median)
  Xbox:    192.168.1.26
  PFN: GianlucaMazza.xllama_1.6.0.207_x64__pj67f1fcj4n14

--- Skipping genai_config (GGUF model; threads via bench_threads.txt) ---

--- Run 1 / 3 ---
  Uploading bench artifacts...
  Uploading bench.flag → LocalState\ ...
  Uploading prompt.txt → LocalState\ ...
  Uploading model.txt → LocalState\ ...
  Uploading bench_threads.txt → LocalState\ ...
  Uploading bench_ctx.txt → LocalState\ ...
  Uploading bench_npredict.txt → LocalState\ ...
  Uploading bench_maxlen.txt → LocalState\ ...
  Uploading bench_ubatch.txt → LocalState\ ...
  Uploading bench_n_batch.txt → LocalState\ ...
  Uploading bench_kvq8.txt → LocalState\ ...
  Uploading bench_gpu_layers.txt → LocalState\ ...
  Uploading bench_ignore_eog.txt → LocalState\ ...
  Uploading bench_mtp.txt → LocalState\ ...
  Uploading bench_mtp_pmin.txt → LocalState\ ...
  Uploading d3d12twocol.txt → LocalState\ ...
  Uploading bench_greedy.txt → LocalState\ ...
  Uploading bench_seed.txt → LocalState\ ...
  Uploading bench_tokens.txt → LocalState\ ...
  Uploading bench_profile.txt → LocalState\ ...
  Uploading bench_run_index.txt → LocalState\ ...
  Starting app...
  Waiting for bench-result.csv.done (timeout 300s)...
  Done after 20s (http 200).
  Tokens: /tmp/tmp.h1rjAqEVer/run1.tokens (257 lines)
  Row: qwen35-4b-mtp,Q4_K_M,d3d12,2048,2,95.77,29.03,3673,4311,2692,4147,119,256,0,xbox-series-t2-u64-b256-mtp2-pmin50-greedy-s1-g34-noeog-prof0,2026-10-09T15:14:49Z,1,1242.6,1355.5

--- Run 2 / 3 ---
  Uploading bench artifacts...
  Uploading bench.flag → LocalState\ ...
  Uploading prompt.txt → LocalState\ ...
  Uploading model.txt → LocalState\ ...
  Uploading bench_threads.txt → LocalState\ ...
  Uploading bench_ctx.txt → LocalState\ ...
  Uploading bench_npredict.txt → LocalState\ ...
  Uploading bench_maxlen.txt → LocalState\ ...
  Uploading bench_ubatch.txt → LocalState\ ...
  Uploading bench_n_batch.txt → LocalState\ ...
  Uploading bench_kvq8.txt → LocalState\ ...
  Uploading bench_gpu_layers.txt → LocalState\ ...
  Uploading bench_ignore_eog.txt → LocalState\ ...
  Uploading bench_mtp.txt → LocalState\ ...
  Uploading bench_mtp_pmin.txt → LocalState\ ...
  Uploading d3d12twocol.txt → LocalState\ ...
  Uploading bench_greedy.txt → LocalState\ ...
  Uploading bench_seed.txt → LocalState\ ...
  Uploading bench_tokens.txt → LocalState\ ...
  Uploading bench_profile.txt → LocalState\ ...
  Uploading bench_run_index.txt → LocalState\ ...
  Starting app...
  Waiting for bench-result.csv.done (timeout 300s)...
  Done after 20s (http 200).
  Tokens: /tmp/tmp.h1rjAqEVer/run2.tokens (257 lines)
  Row: qwen35-4b-mtp,Q4_K_M,d3d12,2048,2,95.71,29.14,3673,4368,2692,4147,119,256,0,xbox-series-t2-u64-b256-mtp2-pmin50-greedy-s1-g34-noeog-prof0,2026-10-09T15:15:15Z,2,1243.3,1323.0

--- Run 3 / 3 ---
  Uploading bench artifacts...
  Uploading bench.flag → LocalState\ ...
  Uploading prompt.txt → LocalState\ ...
  Uploading model.txt → LocalState\ ...
  Uploading bench_threads.txt → LocalState\ ...
  Uploading bench_ctx.txt → LocalState\ ...
  Uploading bench_npredict.txt → LocalState\ ...
  Uploading bench_maxlen.txt → LocalState\ ...
  Uploading bench_ubatch.txt → LocalState\ ...
  Uploading bench_n_batch.txt → LocalState\ ...
  Uploading bench_kvq8.txt → LocalState\ ...
  Uploading bench_gpu_layers.txt → LocalState\ ...
  Uploading bench_ignore_eog.txt → LocalState\ ...
  Uploading bench_mtp.txt → LocalState\ ...
  Uploading bench_mtp_pmin.txt → LocalState\ ...
  Uploading d3d12twocol.txt → LocalState\ ...
  Uploading bench_greedy.txt → LocalState\ ...
  Uploading bench_seed.txt → LocalState\ ...
  Uploading bench_tokens.txt → LocalState\ ...
  Uploading bench_profile.txt → LocalState\ ...
  Uploading bench_run_index.txt → LocalState\ ...
  Starting app...
  Waiting for bench-result.csv.done (timeout 300s)...
  Done after 20s (http 200).
  Tokens: /tmp/tmp.h1rjAqEVer/run3.tokens (257 lines)
  Row: qwen35-4b-mtp,Q4_K_M,d3d12,2048,2,92.58,29.00,3673,4286,2692,4147,119,256,0,xbox-series-t2-u64-b256-mtp2-pmin50-greedy-s1-g34-noeog-prof0,2026-10-09T15:15:39Z,3,1285.3,1368.8

--- Appending recorded runs ---
  appended: qwen35-4b-mtp,Q4_K_M,d3d12,2048,2,95.71,29.14,3673,4368,2692,4147,119,256,0,xbox-series-t2-u64-b256-mtp2-pmin50-greedy-s1-g34-noeog-prof0,2026-10-09T15:15:15Z,2,1243.3,1323.0
  appended: qwen35-4b-mtp,Q4_K_M,d3d12,2048,2,92.58,29.00,3673,4286,2692,4147,119,256,0,xbox-series-t2-u64-b256-mtp2-pmin50-greedy-s1-g34-noeog-prof0,2026-10-09T15:15:39Z,3,1285.3,1368.8
Appended 2 run(s) to /home/hjotha/worktrees/xllama-qwen35-4b-maxperf/bench/results/qwen4b-maxperf/enabled-rev207/blocks/b1/csv/chat256-mtp-sw1.csv

Done. /home/hjotha/worktrees/xllama-qwen35-4b-maxperf/bench/results/qwen4b-maxperf/enabled-rev207/blocks/b1/csv/chat256-mtp-sw1.csv updated.
  Restoring original model.txt on the device...
=== xllama bench-xbox-ort ===
  Model:   qwen35-4b-mtp
  Threads: 2
  n_ctx:   2048
  n_predict: 256
  max_length: derived
  Runs:    3 (run 1 warmup, dropped from median)
  Xbox:    192.168.1.26
  PFN: GianlucaMazza.xllama_1.6.0.207_x64__pj67f1fcj4n14

--- Skipping genai_config (GGUF model; threads via bench_threads.txt) ---

--- Run 1 / 3 ---
  Uploading bench artifacts...
  Uploading bench.flag → LocalState\ ...
  Uploading prompt.txt → LocalState\ ...
  Uploading model.txt → LocalState\ ...
  Uploading bench_threads.txt → LocalState\ ...
  Uploading bench_ctx.txt → LocalState\ ...
  Uploading bench_npredict.txt → LocalState\ ...
  Uploading bench_maxlen.txt → LocalState\ ...
  Uploading bench_ubatch.txt → LocalState\ ...
  Uploading bench_n_batch.txt → LocalState\ ...
  Uploading bench_kvq8.txt → LocalState\ ...
  Uploading bench_gpu_layers.txt → LocalState\ ...
  Uploading bench_ignore_eog.txt → LocalState\ ...
  Uploading bench_mtp.txt → LocalState\ ...
  Uploading bench_mtp_pmin.txt → LocalState\ ...
  Uploading d3d12twocol.txt → LocalState\ ...
  Uploading bench_greedy.txt → LocalState\ ...
  Uploading bench_seed.txt → LocalState\ ...
  Uploading bench_tokens.txt → LocalState\ ...
  Uploading bench_profile.txt → LocalState\ ...
  Uploading bench_run_index.txt → LocalState\ ...
  Starting app...
  Waiting for bench-result.csv.done (timeout 300s)...
  Done after 20s (http 200).
  Tokens: /tmp/tmp.ralhp6kJ9w/run1.tokens (257 lines)
  Row: qwen35-4b-mtp,Q4_K_M,d3d12,2048,2,89.54,33.15,3672,4327,2692,4147,324,256,0,xbox-series-t2-u64-b256-mtp2-pmin50-greedy-s1-g34-noeog-prof0,2026-10-09T15:16:07Z,1,3618.7,3703.8

--- Run 2 / 3 ---
  Uploading bench artifacts...
  Uploading bench.flag → LocalState\ ...
  Uploading prompt.txt → LocalState\ ...
  Uploading model.txt → LocalState\ ...
  Uploading bench_threads.txt → LocalState\ ...
  Uploading bench_ctx.txt → LocalState\ ...
  Uploading bench_npredict.txt → LocalState\ ...
  Uploading bench_maxlen.txt → LocalState\ ...
  Uploading bench_ubatch.txt → LocalState\ ...
  Uploading bench_n_batch.txt → LocalState\ ...
  Uploading bench_kvq8.txt → LocalState\ ...
  Uploading bench_gpu_layers.txt → LocalState\ ...
  Uploading bench_ignore_eog.txt → LocalState\ ...
  Uploading bench_mtp.txt → LocalState\ ...
  Uploading bench_mtp_pmin.txt → LocalState\ ...
  Uploading d3d12twocol.txt → LocalState\ ...
  Uploading bench_greedy.txt → LocalState\ ...
  Uploading bench_seed.txt → LocalState\ ...
  Uploading bench_tokens.txt → LocalState\ ...
  Uploading bench_profile.txt → LocalState\ ...
  Uploading bench_run_index.txt → LocalState\ ...
  Starting app...
  Waiting for bench-result.csv.done (timeout 300s)...
  Done after 20s (http 200).
  Tokens: /tmp/tmp.ralhp6kJ9w/run2.tokens (257 lines)
  Row: qwen35-4b-mtp,Q4_K_M,d3d12,2048,2,89.48,33.19,3672,4334,2692,4147,324,256,0,xbox-series-t2-u64-b256-mtp2-pmin50-greedy-s1-g34-noeog-prof0,2026-10-09T15:16:32Z,2,3620.9,3705.4

--- Run 3 / 3 ---
  Uploading bench artifacts...
  Uploading bench.flag → LocalState\ ...
  Uploading prompt.txt → LocalState\ ...
  Uploading model.txt → LocalState\ ...
  Uploading bench_threads.txt → LocalState\ ...
  Uploading bench_ctx.txt → LocalState\ ...
  Uploading bench_npredict.txt → LocalState\ ...
  Uploading bench_maxlen.txt → LocalState\ ...
  Uploading bench_ubatch.txt → LocalState\ ...
  Uploading bench_n_batch.txt → LocalState\ ...
  Uploading bench_kvq8.txt → LocalState\ ...
  Uploading bench_gpu_layers.txt → LocalState\ ...
  Uploading bench_ignore_eog.txt → LocalState\ ...
  Uploading bench_mtp.txt → LocalState\ ...
  Uploading bench_mtp_pmin.txt → LocalState\ ...
  Uploading d3d12twocol.txt → LocalState\ ...
  Uploading bench_greedy.txt → LocalState\ ...
  Uploading bench_seed.txt → LocalState\ ...
  Uploading bench_tokens.txt → LocalState\ ...
  Uploading bench_profile.txt → LocalState\ ...
  Uploading bench_run_index.txt → LocalState\ ...
  Starting app...
  Waiting for bench-result.csv.done (timeout 300s)...
  Done after 21s (http 200).
  Tokens: /tmp/tmp.ralhp6kJ9w/run3.tokens (257 lines)
  Row: qwen35-4b-mtp,Q4_K_M,d3d12,2048,2,89.18,33.21,3672,4303,2692,4147,324,256,0,xbox-series-t2-u64-b256-mtp2-pmin50-greedy-s1-g34-noeog-prof0,2026-10-09T15:16:57Z,3,3633.1,3717.8

--- Appending recorded runs ---
  appended: qwen35-4b-mtp,Q4_K_M,d3d12,2048,2,89.48,33.19,3672,4334,2692,4147,324,256,0,xbox-series-t2-u64-b256-mtp2-pmin50-greedy-s1-g34-noeog-prof0,2026-10-09T15:16:32Z,2,3620.9,3705.4
  appended: qwen35-4b-mtp,Q4_K_M,d3d12,2048,2,89.18,33.21,3672,4303,2692,4147,324,256,0,xbox-series-t2-u64-b256-mtp2-pmin50-greedy-s1-g34-noeog-prof0,2026-10-09T15:16:57Z,3,3633.1,3717.8
Appended 2 run(s) to /home/hjotha/worktrees/xllama-qwen35-4b-maxperf/bench/results/qwen4b-maxperf/enabled-rev207/blocks/b1/csv/code256-mtp-sw0.csv

Done. /home/hjotha/worktrees/xllama-qwen35-4b-maxperf/bench/results/qwen4b-maxperf/enabled-rev207/blocks/b1/csv/code256-mtp-sw0.csv updated.
  Restoring original model.txt on the device...
=== xllama bench-xbox-ort ===
  Model:   qwen35-4b-mtp
  Threads: 2
  n_ctx:   2048
  n_predict: 256
  max_length: derived
  Runs:    3 (run 1 warmup, dropped from median)
  Xbox:    192.168.1.26
  PFN: GianlucaMazza.xllama_1.6.0.207_x64__pj67f1fcj4n14

--- Skipping genai_config (GGUF model; threads via bench_threads.txt) ---

--- Run 1 / 3 ---
  Uploading bench artifacts...
  Uploading bench.flag → LocalState\ ...
  Uploading prompt.txt → LocalState\ ...
  Uploading model.txt → LocalState\ ...
  Uploading bench_threads.txt → LocalState\ ...
  Uploading bench_ctx.txt → LocalState\ ...
  Uploading bench_npredict.txt → LocalState\ ...
  Uploading bench_maxlen.txt → LocalState\ ...
  Uploading bench_ubatch.txt → LocalState\ ...
  Uploading bench_n_batch.txt → LocalState\ ...
  Uploading bench_kvq8.txt → LocalState\ ...
  Uploading bench_gpu_layers.txt → LocalState\ ...
  Uploading bench_ignore_eog.txt → LocalState\ ...
  Uploading bench_mtp.txt → LocalState\ ...
  Uploading bench_mtp_pmin.txt → LocalState\ ...
  Uploading d3d12twocol.txt → LocalState\ ...
  Uploading bench_greedy.txt → LocalState\ ...
  Uploading bench_seed.txt → LocalState\ ...
  Uploading bench_tokens.txt → LocalState\ ...
  Uploading bench_profile.txt → LocalState\ ...
  Uploading bench_run_index.txt → LocalState\ ...
  Starting app...
  Waiting for bench-result.csv.done (timeout 300s)...
  Done after 21s (http 200).
  Tokens: /tmp/tmp.YBrWlChIRF/run1.tokens (257 lines)
  Row: qwen35-4b-mtp,Q4_K_M,d3d12,2048,2,94.99,34.46,3672,4328,2692,4147,324,256,0,xbox-series-t2-u64-b256-mtp2-pmin50-greedy-s1-g34-noeog-prof0,2026-10-09T15:17:23Z,1,3410.9,3492.8

--- Run 2 / 3 ---
  Uploading bench artifacts...
  Uploading bench.flag → LocalState\ ...
  Uploading prompt.txt → LocalState\ ...
  Uploading model.txt → LocalState\ ...
  Uploading bench_threads.txt → LocalState\ ...
  Uploading bench_ctx.txt → LocalState\ ...
  Uploading bench_npredict.txt → LocalState\ ...
  Uploading bench_maxlen.txt → LocalState\ ...
  Uploading bench_ubatch.txt → LocalState\ ...
  Uploading bench_n_batch.txt → LocalState\ ...
  Uploading bench_kvq8.txt → LocalState\ ...
  Uploading bench_gpu_layers.txt → LocalState\ ...
  Uploading bench_ignore_eog.txt → LocalState\ ...
  Uploading bench_mtp.txt → LocalState\ ...
  Uploading bench_mtp_pmin.txt → LocalState\ ...
  Uploading d3d12twocol.txt → LocalState\ ...
  Uploading bench_greedy.txt → LocalState\ ...
  Uploading bench_seed.txt → LocalState\ ...
  Uploading bench_tokens.txt → LocalState\ ...
  Uploading bench_profile.txt → LocalState\ ...
  Uploading bench_run_index.txt → LocalState\ ...
  Starting app...
  Waiting for bench-result.csv.done (timeout 300s)...
  Done after 21s (http 200).
  Tokens: /tmp/tmp.YBrWlChIRF/run2.tokens (257 lines)
  Row: qwen35-4b-mtp,Q4_K_M,d3d12,2048,2,95.30,34.55,3672,4286,2692,4147,324,256,0,xbox-series-t2-u64-b256-mtp2-pmin50-greedy-s1-g34-noeog-prof0,2026-10-09T15:17:48Z,2,3399.9,3481.3

--- Run 3 / 3 ---
  Uploading bench artifacts...
  Uploading bench.flag → LocalState\ ...
  Uploading prompt.txt → LocalState\ ...
  Uploading model.txt → LocalState\ ...
  Uploading bench_threads.txt → LocalState\ ...
  Uploading bench_ctx.txt → LocalState\ ...
  Uploading bench_npredict.txt → LocalState\ ...
  Uploading bench_maxlen.txt → LocalState\ ...
  Uploading bench_ubatch.txt → LocalState\ ...
  Uploading bench_n_batch.txt → LocalState\ ...
  Uploading bench_kvq8.txt → LocalState\ ...
  Uploading bench_gpu_layers.txt → LocalState\ ...
  Uploading bench_ignore_eog.txt → LocalState\ ...
  Uploading bench_mtp.txt → LocalState\ ...
  Uploading bench_mtp_pmin.txt → LocalState\ ...
  Uploading d3d12twocol.txt → LocalState\ ...
  Uploading bench_greedy.txt → LocalState\ ...
  Uploading bench_seed.txt → LocalState\ ...
  Uploading bench_tokens.txt → LocalState\ ...
  Uploading bench_profile.txt → LocalState\ ...
  Uploading bench_run_index.txt → LocalState\ ...
  Starting app...
  Waiting for bench-result.csv.done (timeout 300s)...
  Done after 20s (http 200).
  Tokens: /tmp/tmp.YBrWlChIRF/run3.tokens (257 lines)
  Row: qwen35-4b-mtp,Q4_K_M,d3d12,2048,2,95.48,34.64,3672,4362,2692,4147,324,256,0,xbox-series-t2-u64-b256-mtp2-pmin50-greedy-s1-g34-noeog-prof0,2026-10-09T15:18:12Z,3,3393.3,3474.6

--- Appending recorded runs ---
  appended: qwen35-4b-mtp,Q4_K_M,d3d12,2048,2,95.30,34.55,3672,4286,2692,4147,324,256,0,xbox-series-t2-u64-b256-mtp2-pmin50-greedy-s1-g34-noeog-prof0,2026-10-09T15:17:48Z,2,3399.9,3481.3
  appended: qwen35-4b-mtp,Q4_K_M,d3d12,2048,2,95.48,34.64,3672,4362,2692,4147,324,256,0,xbox-series-t2-u64-b256-mtp2-pmin50-greedy-s1-g34-noeog-prof0,2026-10-09T15:18:12Z,3,3393.3,3474.6
Appended 2 run(s) to /home/hjotha/worktrees/xllama-qwen35-4b-maxperf/bench/results/qwen4b-maxperf/enabled-rev207/blocks/b1/csv/code256-mtp-sw1.csv

Done. /home/hjotha/worktrees/xllama-qwen35-4b-maxperf/bench/results/qwen4b-maxperf/enabled-rev207/blocks/b1/csv/code256-mtp-sw1.csv updated.
  Restoring original model.txt on the device...
=== xllama bench-xbox-ort ===
  Model:   qwen35-4b-mtp
  Threads: 2
  n_ctx:   2048
  n_predict: 256
  max_length: derived
  Runs:    3 (run 1 warmup, dropped from median)
  Xbox:    192.168.1.26
  PFN: GianlucaMazza.xllama_1.6.0.207_x64__pj67f1fcj4n14

--- Skipping genai_config (GGUF model; threads via bench_threads.txt) ---

--- Run 1 / 3 ---
  Uploading bench artifacts...
  Uploading bench.flag → LocalState\ ...
  Uploading prompt.txt → LocalState\ ...
  Uploading model.txt → LocalState\ ...
  Uploading bench_threads.txt → LocalState\ ...
  Uploading bench_ctx.txt → LocalState\ ...
  Uploading bench_npredict.txt → LocalState\ ...
  Uploading bench_maxlen.txt → LocalState\ ...
  Uploading bench_ubatch.txt → LocalState\ ...
  Uploading bench_n_batch.txt → LocalState\ ...
  Uploading bench_kvq8.txt → LocalState\ ...
  Uploading bench_gpu_layers.txt → LocalState\ ...
  Uploading bench_ignore_eog.txt → LocalState\ ...
  Uploading bench_mtp.txt → LocalState\ ...
  Uploading bench_mtp_pmin.txt → LocalState\ ...
  Uploading d3d12twocol.txt → LocalState\ ...
  Uploading bench_greedy.txt → LocalState\ ...
  Uploading bench_seed.txt → LocalState\ ...
  Uploading bench_tokens.txt → LocalState\ ...
  Uploading bench_profile.txt → LocalState\ ...
  Uploading bench_run_index.txt → LocalState\ ...
  Starting app...
  Waiting for bench-result.csv.done (timeout 300s)...
  Done after 21s (http 200).
  Tokens: /tmp/tmp.1tdDgObSOf/run1.tokens (257 lines)
  Row: qwen35-4b-mtp,Q4_K_M,d3d12,2048,2,89.20,27.84,3672,4353,2692,4147,298,256,0,xbox-series-t2-u64-b256-mtp2-pmin50-greedy-s1-g34-noeog-prof0,2026-10-09T15:18:40Z,1,3340.8,3424.9

--- Run 2 / 3 ---
  Uploading bench artifacts...
  Uploading bench.flag → LocalState\ ...
  Uploading prompt.txt → LocalState\ ...
  Uploading model.txt → LocalState\ ...
  Uploading bench_threads.txt → LocalState\ ...
  Uploading bench_ctx.txt → LocalState\ ...
  Uploading bench_npredict.txt → LocalState\ ...
  Uploading bench_maxlen.txt → LocalState\ ...
  Uploading bench_ubatch.txt → LocalState\ ...
  Uploading bench_n_batch.txt → LocalState\ ...
  Uploading bench_kvq8.txt → LocalState\ ...
  Uploading bench_gpu_layers.txt → LocalState\ ...
  Uploading bench_ignore_eog.txt → LocalState\ ...
  Uploading bench_mtp.txt → LocalState\ ...
  Uploading bench_mtp_pmin.txt → LocalState\ ...
  Uploading d3d12twocol.txt → LocalState\ ...
  Uploading bench_greedy.txt → LocalState\ ...
  Uploading bench_seed.txt → LocalState\ ...
  Uploading bench_tokens.txt → LocalState\ ...
  Uploading bench_profile.txt → LocalState\ ...
  Uploading bench_run_index.txt → LocalState\ ...
  Starting app...
  Waiting for bench-result.csv.done (timeout 300s)...
  Done after 21s (http 200).
  Tokens: /tmp/tmp.1tdDgObSOf/run2.tokens (257 lines)
  Row: qwen35-4b-mtp,Q4_K_M,d3d12,2048,2,89.31,27.78,3672,4304,2692,4147,298,256,0,xbox-series-t2-u64-b256-mtp2-pmin50-greedy-s1-g34-noeog-prof0,2026-10-09T15:19:05Z,2,3336.6,3420.3

--- Run 3 / 3 ---
  Uploading bench artifacts...
  Uploading bench.flag → LocalState\ ...
  Uploading prompt.txt → LocalState\ ...
  Uploading model.txt → LocalState\ ...
  Uploading bench_threads.txt → LocalState\ ...
  Uploading bench_ctx.txt → LocalState\ ...
  Uploading bench_npredict.txt → LocalState\ ...
  Uploading bench_maxlen.txt → LocalState\ ...
  Uploading bench_ubatch.txt → LocalState\ ...
  Uploading bench_n_batch.txt → LocalState\ ...
  Uploading bench_kvq8.txt → LocalState\ ...
  Uploading bench_gpu_layers.txt → LocalState\ ...
  Uploading bench_ignore_eog.txt → LocalState\ ...
  Uploading bench_mtp.txt → LocalState\ ...
  Uploading bench_mtp_pmin.txt → LocalState\ ...
  Uploading d3d12twocol.txt → LocalState\ ...
  Uploading bench_greedy.txt → LocalState\ ...
  Uploading bench_seed.txt → LocalState\ ...
  Uploading bench_tokens.txt → LocalState\ ...
  Uploading bench_profile.txt → LocalState\ ...
  Uploading bench_run_index.txt → LocalState\ ...
  Starting app...
  Waiting for bench-result.csv.done (timeout 300s)...
  Done after 20s (http 200).
  Tokens: /tmp/tmp.1tdDgObSOf/run3.tokens (257 lines)
  Row: qwen35-4b-mtp,Q4_K_M,d3d12,2048,2,89.00,27.84,3672,4331,2692,4147,298,256,0,xbox-series-t2-u64-b256-mtp2-pmin50-greedy-s1-g34-noeog-prof0,2026-10-09T15:19:31Z,3,3348.3,3442.0

--- Appending recorded runs ---
  appended: qwen35-4b-mtp,Q4_K_M,d3d12,2048,2,89.31,27.78,3672,4304,2692,4147,298,256,0,xbox-series-t2-u64-b256-mtp2-pmin50-greedy-s1-g34-noeog-prof0,2026-10-09T15:19:05Z,2,3336.6,3420.3
  appended: qwen35-4b-mtp,Q4_K_M,d3d12,2048,2,89.00,27.84,3672,4331,2692,4147,298,256,0,xbox-series-t2-u64-b256-mtp2-pmin50-greedy-s1-g34-noeog-prof0,2026-10-09T15:19:31Z,3,3348.3,3442.0
Appended 2 run(s) to /home/hjotha/worktrees/xllama-qwen35-4b-maxperf/bench/results/qwen4b-maxperf/enabled-rev207/blocks/b1/csv/std256-mtp-sw0.csv

Done. /home/hjotha/worktrees/xllama-qwen35-4b-maxperf/bench/results/qwen4b-maxperf/enabled-rev207/blocks/b1/csv/std256-mtp-sw0.csv updated.
  Restoring original model.txt on the device...
=== xllama bench-xbox-ort ===
  Model:   qwen35-4b-mtp
  Threads: 2
  n_ctx:   2048
  n_predict: 256
  max_length: derived
  Runs:    3 (run 1 warmup, dropped from median)
  Xbox:    192.168.1.26
  PFN: GianlucaMazza.xllama_1.6.0.207_x64__pj67f1fcj4n14

--- Skipping genai_config (GGUF model; threads via bench_threads.txt) ---

--- Run 1 / 3 ---
  Uploading bench artifacts...
  Uploading bench.flag → LocalState\ ...
  Uploading prompt.txt → LocalState\ ...
  Uploading model.txt → LocalState\ ...
  Uploading bench_threads.txt → LocalState\ ...
  Uploading bench_ctx.txt → LocalState\ ...
  Uploading bench_npredict.txt → LocalState\ ...
  Uploading bench_maxlen.txt → LocalState\ ...
  Uploading bench_ubatch.txt → LocalState\ ...
  Uploading bench_n_batch.txt → LocalState\ ...
  Uploading bench_kvq8.txt → LocalState\ ...
  Uploading bench_gpu_layers.txt → LocalState\ ...
  Uploading bench_ignore_eog.txt → LocalState\ ...
  Uploading bench_mtp.txt → LocalState\ ...
  Uploading bench_mtp_pmin.txt → LocalState\ ...
  Uploading d3d12twocol.txt → LocalState\ ...
  Uploading bench_greedy.txt → LocalState\ ...
  Uploading bench_seed.txt → LocalState\ ...
  Uploading bench_tokens.txt → LocalState\ ...
  Uploading bench_profile.txt → LocalState\ ...
  Uploading bench_run_index.txt → LocalState\ ...
  Starting app...
  Waiting for bench-result.csv.done (timeout 300s)...
  Done after 20s (http 200).
  Tokens: /tmp/tmp.xdcGadRALF/run1.tokens (257 lines)
  Row: qwen35-4b-mtp,Q4_K_M,d3d12,2048,2,94.56,28.55,3672,4309,2692,4147,298,256,0,xbox-series-t2-u64-b256-mtp2-pmin50-greedy-s1-g34-noeog-prof0,2026-10-09T15:19:56Z,1,3151.4,3232.3

--- Run 2 / 3 ---
  Uploading bench artifacts...
  Uploading bench.flag → LocalState\ ...
  Uploading prompt.txt → LocalState\ ...
  Uploading model.txt → LocalState\ ...
  Uploading bench_threads.txt → LocalState\ ...
  Uploading bench_ctx.txt → LocalState\ ...
  Uploading bench_npredict.txt → LocalState\ ...
  Uploading bench_maxlen.txt → LocalState\ ...
  Uploading bench_ubatch.txt → LocalState\ ...
  Uploading bench_n_batch.txt → LocalState\ ...
  Uploading bench_kvq8.txt → LocalState\ ...
  Uploading bench_gpu_layers.txt → LocalState\ ...
  Uploading bench_ignore_eog.txt → LocalState\ ...
  Uploading bench_mtp.txt → LocalState\ ...
  Uploading bench_mtp_pmin.txt → LocalState\ ...
  Uploading d3d12twocol.txt → LocalState\ ...
  Uploading bench_greedy.txt → LocalState\ ...
  Uploading bench_seed.txt → LocalState\ ...
  Uploading bench_tokens.txt → LocalState\ ...
  Uploading bench_profile.txt → LocalState\ ...
  Uploading bench_run_index.txt → LocalState\ ...
  Starting app...
  Waiting for bench-result.csv.done (timeout 300s)...
  Done after 20s (http 200).
  Tokens: /tmp/tmp.xdcGadRALF/run2.tokens (257 lines)
  Row: qwen35-4b-mtp,Q4_K_M,d3d12,2048,2,93.88,28.91,3674,4291,2692,4147,298,256,0,xbox-series-t2-u64-b256-mtp2-pmin50-greedy-s1-g34-noeog-prof0,2026-10-09T15:20:21Z,2,3174.1,3254.9

--- Run 3 / 3 ---
  Uploading bench artifacts...
  Uploading bench.flag → LocalState\ ...
  Uploading prompt.txt → LocalState\ ...
  Uploading model.txt → LocalState\ ...
  Uploading bench_threads.txt → LocalState\ ...
  Uploading bench_ctx.txt → LocalState\ ...
  Uploading bench_npredict.txt → LocalState\ ...
  Uploading bench_maxlen.txt → LocalState\ ...
  Uploading bench_ubatch.txt → LocalState\ ...
  Uploading bench_n_batch.txt → LocalState\ ...
  Uploading bench_kvq8.txt → LocalState\ ...
  Uploading bench_gpu_layers.txt → LocalState\ ...
  Uploading bench_ignore_eog.txt → LocalState\ ...
  Uploading bench_mtp.txt → LocalState\ ...
  Uploading bench_mtp_pmin.txt → LocalState\ ...
  Uploading d3d12twocol.txt → LocalState\ ...
  Uploading bench_greedy.txt → LocalState\ ...
  Uploading bench_seed.txt → LocalState\ ...
  Uploading bench_tokens.txt → LocalState\ ...
  Uploading bench_profile.txt → LocalState\ ...
  Uploading bench_run_index.txt → LocalState\ ...
  Starting app...
  Waiting for bench-result.csv.done (timeout 300s)...
  Done after 20s (http 200).
  Tokens: /tmp/tmp.xdcGadRALF/run3.tokens (257 lines)
  Row: qwen35-4b-mtp,Q4_K_M,d3d12,2048,2,94.43,28.90,3674,4323,2692,4147,298,256,0,xbox-series-t2-u64-b256-mtp2-pmin50-greedy-s1-g34-noeog-prof0,2026-10-09T15:20:46Z,3,3155.9,3236.3

--- Appending recorded runs ---
  appended: qwen35-4b-mtp,Q4_K_M,d3d12,2048,2,93.88,28.91,3674,4291,2692,4147,298,256,0,xbox-series-t2-u64-b256-mtp2-pmin50-greedy-s1-g34-noeog-prof0,2026-10-09T15:20:21Z,2,3174.1,3254.9
  appended: qwen35-4b-mtp,Q4_K_M,d3d12,2048,2,94.43,28.90,3674,4323,2692,4147,298,256,0,xbox-series-t2-u64-b256-mtp2-pmin50-greedy-s1-g34-noeog-prof0,2026-10-09T15:20:46Z,3,3155.9,3236.3
Appended 2 run(s) to /home/hjotha/worktrees/xllama-qwen35-4b-maxperf/bench/results/qwen4b-maxperf/enabled-rev207/blocks/b1/csv/std256-mtp-sw1.csv

Done. /home/hjotha/worktrees/xllama-qwen35-4b-maxperf/bench/results/qwen4b-maxperf/enabled-rev207/blocks/b1/csv/std256-mtp-sw1.csv updated.
  Restoring original model.txt on the device...
