=== xllama bench-xbox-ort ===
  Model:   qwen35-4b-mtp
  Threads: 2
  n_ctx:   2048
  n_predict: 64
  max_length: derived
  Runs:    3 (run 1 warmup, dropped from median)
  Xbox:    192.168.1.26
  PFN: GianlucaMazza.xllama_1.6.0.209_x64__pj67f1fcj4n14

--- Skipping genai_config (GGUF model; threads via bench_threads.txt) ---

--- Run 1 / 3 ---
  Uploading bench artifacts...
  Uploading bench.flag → LocalState\ ...
  Uploading prompt.txt → LocalState\ ...
  Uploading model.txt → LocalState\ ...
  Uploading bench_threads.txt → LocalState\ ...
  Uploading bench_ctx.txt → LocalState\ ...
  Uploading bench_npredict.txt → LocalState\ ...
  Uploading bench_maxlen.txt → LocalState\ ...
  Uploading bench_ubatch.txt → LocalState\ ...
  Uploading bench_n_batch.txt → LocalState\ ...
  Uploading bench_kvq8.txt → LocalState\ ...
  Uploading bench_gpu_layers.txt → LocalState\ ...
  Uploading bench_ignore_eog.txt → LocalState\ ...
  Uploading bench_mtp_pmin.txt → LocalState\ ...
  Uploading d3d12twocol.txt → LocalState\ ...
  Uploading bench_greedy.txt → LocalState\ ...
  Uploading bench_seed.txt → LocalState\ ...
  Uploading bench_tokens.txt → LocalState\ ...
  Uploading bench_profile.txt → LocalState\ ...
  Uploading bench_run_index.txt → LocalState\ ...
  Starting app...
  Waiting for bench-result.csv.done (timeout 300s)...
  Done after 20s (http 200).
  Tokens: /tmp/tmp.9ZzcY9p5EV/run1.tokens (65 lines)
  Row: qwen35-4b-mtp,Q4_K_M,d3d12,2048,2,97.33,24.76,3461,5424,2614,4147,119,64,0,xbox-series-t2-u64-b256-greedy-s1-g34-noeog-prof0,2026-10-09T17:34:32Z,1,1222.7,1224.1

--- Run 2 / 3 ---
  Uploading bench artifacts...
  Uploading bench.flag → LocalState\ ...
  Uploading prompt.txt → LocalState\ ...
  Uploading model.txt → LocalState\ ...
  Uploading bench_threads.txt → LocalState\ ...
  Uploading bench_ctx.txt → LocalState\ ...
  Uploading bench_npredict.txt → LocalState\ ...
  Uploading bench_maxlen.txt → LocalState\ ...
  Uploading bench_ubatch.txt → LocalState\ ...
  Uploading bench_n_batch.txt → LocalState\ ...
  Uploading bench_kvq8.txt → LocalState\ ...
  Uploading bench_gpu_layers.txt → LocalState\ ...
  Uploading bench_ignore_eog.txt → LocalState\ ...
  Uploading bench_mtp_pmin.txt → LocalState\ ...
  Uploading d3d12twocol.txt → LocalState\ ...
  Uploading bench_greedy.txt → LocalState\ ...
  Uploading bench_seed.txt → LocalState\ ...
  Uploading bench_tokens.txt → LocalState\ ...
  Uploading bench_profile.txt → LocalState\ ...
  Uploading bench_run_index.txt → LocalState\ ...
  Starting app...
  Waiting for bench-result.csv.done (timeout 300s)...
  Done after 20s (http 200).
  Tokens: /tmp/tmp.9ZzcY9p5EV/run2.tokens (65 lines)
  Row: qwen35-4b-mtp,Q4_K_M,d3d12,2048,2,94.09,24.60,3461,5474,2614,4147,119,64,0,xbox-series-t2-u64-b256-greedy-s1-g34-noeog-prof0,2026-10-09T17:34:58Z,2,1264.8,1266.1

--- Run 3 / 3 ---
  Uploading bench artifacts...
  Uploading bench.flag → LocalState\ ...
  Uploading prompt.txt → LocalState\ ...
  Uploading model.txt → LocalState\ ...
  Uploading bench_threads.txt → LocalState\ ...
  Uploading bench_ctx.txt → LocalState\ ...
  Uploading bench_npredict.txt → LocalState\ ...
  Uploading bench_maxlen.txt → LocalState\ ...
  Uploading bench_ubatch.txt → LocalState\ ...
  Uploading bench_n_batch.txt → LocalState\ ...
  Uploading bench_kvq8.txt → LocalState\ ...
  Uploading bench_gpu_layers.txt → LocalState\ ...
  Uploading bench_ignore_eog.txt → LocalState\ ...
  Uploading bench_mtp_pmin.txt → LocalState\ ...
  Uploading d3d12twocol.txt → LocalState\ ...
  Uploading bench_greedy.txt → LocalState\ ...
  Uploading bench_seed.txt → LocalState\ ...
  Uploading bench_tokens.txt → LocalState\ ...
  Uploading bench_profile.txt → LocalState\ ...
  Uploading bench_run_index.txt → LocalState\ ...
  Starting app...
  Waiting for bench-result.csv.done (timeout 300s)...
  Done after 20s (http 200).
  Tokens: /tmp/tmp.9ZzcY9p5EV/run3.tokens (65 lines)
  Row: qwen35-4b-mtp,Q4_K_M,d3d12,2048,2,93.89,24.24,3448,5442,2614,4147,119,64,0,xbox-series-t2-u64-b256-greedy-s1-g34-noeog-prof0,2026-10-09T17:35:23Z,3,1267.4,1268.9

--- Appending recorded runs ---
  appended: qwen35-4b-mtp,Q4_K_M,d3d12,2048,2,94.09,24.60,3461,5474,2614,4147,119,64,0,xbox-series-t2-u64-b256-greedy-s1-g34-noeog-prof0,2026-10-09T17:34:58Z,2,1264.8,1266.1
  appended: qwen35-4b-mtp,Q4_K_M,d3d12,2048,2,93.89,24.24,3448,5442,2614,4147,119,64,0,xbox-series-t2-u64-b256-greedy-s1-g34-noeog-prof0,2026-10-09T17:35:23Z,3,1267.4,1268.9
Appended 2 run(s) to /home/hjotha/worktrees/xllama-qwen35-4b-maxperf/bench/results/qwen4b-maxperf/enabled-rev209/blocks/b2/csv/chat64-sw0.csv

Done. /home/hjotha/worktrees/xllama-qwen35-4b-maxperf/bench/results/qwen4b-maxperf/enabled-rev209/blocks/b2/csv/chat64-sw0.csv updated.
  Restoring original model.txt on the device...
=== xllama bench-xbox-ort ===
  Model:   qwen35-4b-mtp
  Threads: 2
  n_ctx:   2048
  n_predict: 64
  max_length: derived
  Runs:    3 (run 1 warmup, dropped from median)
  Xbox:    192.168.1.26
  PFN: GianlucaMazza.xllama_1.6.0.209_x64__pj67f1fcj4n14

--- Skipping genai_config (GGUF model; threads via bench_threads.txt) ---

--- Run 1 / 3 ---
  Uploading bench artifacts...
  Uploading bench.flag → LocalState\ ...
  Uploading prompt.txt → LocalState\ ...
  Uploading model.txt → LocalState\ ...
  Uploading bench_threads.txt → LocalState\ ...
  Uploading bench_ctx.txt → LocalState\ ...
  Uploading bench_npredict.txt → LocalState\ ...
  Uploading bench_maxlen.txt → LocalState\ ...
  Uploading bench_ubatch.txt → LocalState\ ...
  Uploading bench_n_batch.txt → LocalState\ ...
  Uploading bench_kvq8.txt → LocalState\ ...
  Uploading bench_gpu_layers.txt → LocalState\ ...
  Uploading bench_ignore_eog.txt → LocalState\ ...
  Uploading bench_mtp_pmin.txt → LocalState\ ...
  Uploading d3d12twocol.txt → LocalState\ ...
  Uploading bench_greedy.txt → LocalState\ ...
  Uploading bench_seed.txt → LocalState\ ...
  Uploading bench_tokens.txt → LocalState\ ...
  Uploading bench_profile.txt → LocalState\ ...
  Uploading bench_run_index.txt → LocalState\ ...
  Starting app...
  Waiting for bench-result.csv.done (timeout 300s)...
  Done after 20s (http 200).
  Tokens: /tmp/tmp.HP5bL3qICE/run1.tokens (65 lines)
  Row: qwen35-4b-mtp,Q4_K_M,d3d12,2048,2,101.71,25.84,3461,5403,2614,4147,119,64,0,xbox-series-t2-u64-b256-greedy-s1-g34-noeog-prof0,2026-10-09T17:35:50Z,1,1170.0,1171.4

--- Run 2 / 3 ---
  Uploading bench artifacts...
  Uploading bench.flag → LocalState\ ...
  Uploading prompt.txt → LocalState\ ...
  Uploading model.txt → LocalState\ ...
  Uploading bench_threads.txt → LocalState\ ...
  Uploading bench_ctx.txt → LocalState\ ...
  Uploading bench_npredict.txt → LocalState\ ...
  Uploading bench_maxlen.txt → LocalState\ ...
  Uploading bench_ubatch.txt → LocalState\ ...
  Uploading bench_n_batch.txt → LocalState\ ...
  Uploading bench_kvq8.txt → LocalState\ ...
  Uploading bench_gpu_layers.txt → LocalState\ ...
  Uploading bench_ignore_eog.txt → LocalState\ ...
  Uploading bench_mtp_pmin.txt → LocalState\ ...
  Uploading d3d12twocol.txt → LocalState\ ...
  Uploading bench_greedy.txt → LocalState\ ...
  Uploading bench_seed.txt → LocalState\ ...
  Uploading bench_tokens.txt → LocalState\ ...
  Uploading bench_profile.txt → LocalState\ ...
  Uploading bench_run_index.txt → LocalState\ ...
  Starting app...
  Waiting for bench-result.csv.done (timeout 300s)...
  Done after 20s (http 200).
  Tokens: /tmp/tmp.HP5bL3qICE/run2.tokens (65 lines)
  Row: qwen35-4b-mtp,Q4_K_M,d3d12,2048,2,102.10,25.81,3461,5583,2614,4147,119,64,0,xbox-series-t2-u64-b256-greedy-s1-g34-noeog-prof0,2026-10-09T17:36:15Z,2,1165.5,1167.0

--- Run 3 / 3 ---
  Uploading bench artifacts...
  Uploading bench.flag → LocalState\ ...
  Uploading prompt.txt → LocalState\ ...
  Uploading model.txt → LocalState\ ...
  Uploading bench_threads.txt → LocalState\ ...
  Uploading bench_ctx.txt → LocalState\ ...
  Uploading bench_npredict.txt → LocalState\ ...
  Uploading bench_maxlen.txt → LocalState\ ...
  Uploading bench_ubatch.txt → LocalState\ ...
  Uploading bench_n_batch.txt → LocalState\ ...
  Uploading bench_kvq8.txt → LocalState\ ...
  Uploading bench_gpu_layers.txt → LocalState\ ...
  Uploading bench_ignore_eog.txt → LocalState\ ...
  Uploading bench_mtp_pmin.txt → LocalState\ ...
  Uploading d3d12twocol.txt → LocalState\ ...
  Uploading bench_greedy.txt → LocalState\ ...
  Uploading bench_seed.txt → LocalState\ ...
  Uploading bench_tokens.txt → LocalState\ ...
  Uploading bench_profile.txt → LocalState\ ...
  Uploading bench_run_index.txt → LocalState\ ...
  Starting app...
  Waiting for bench-result.csv.done (timeout 300s)...
  Done after 20s (http 200).
  Tokens: /tmp/tmp.HP5bL3qICE/run3.tokens (65 lines)
  Row: qwen35-4b-mtp,Q4_K_M,d3d12,2048,2,102.46,25.75,3461,5377,2614,4147,119,64,0,xbox-series-t2-u64-b256-greedy-s1-g34-noeog-prof0,2026-10-09T17:36:40Z,3,1161.4,1162.8

--- Appending recorded runs ---
  appended: qwen35-4b-mtp,Q4_K_M,d3d12,2048,2,102.10,25.81,3461,5583,2614,4147,119,64,0,xbox-series-t2-u64-b256-greedy-s1-g34-noeog-prof0,2026-10-09T17:36:15Z,2,1165.5,1167.0
  appended: qwen35-4b-mtp,Q4_K_M,d3d12,2048,2,102.46,25.75,3461,5377,2614,4147,119,64,0,xbox-series-t2-u64-b256-greedy-s1-g34-noeog-prof0,2026-10-09T17:36:40Z,3,1161.4,1162.8
Appended 2 run(s) to /home/hjotha/worktrees/xllama-qwen35-4b-maxperf/bench/results/qwen4b-maxperf/enabled-rev209/blocks/b2/csv/chat64-sw1.csv

Done. /home/hjotha/worktrees/xllama-qwen35-4b-maxperf/bench/results/qwen4b-maxperf/enabled-rev209/blocks/b2/csv/chat64-sw1.csv updated.
  Restoring original model.txt on the device...
=== xllama bench-xbox-ort ===
  Model:   qwen35-4b-mtp
  Threads: 2
  n_ctx:   2048
  n_predict: 64
  max_length: derived
  Runs:    3 (run 1 warmup, dropped from median)
  Xbox:    192.168.1.26
  PFN: GianlucaMazza.xllama_1.6.0.209_x64__pj67f1fcj4n14

--- Skipping genai_config (GGUF model; threads via bench_threads.txt) ---

--- Run 1 / 3 ---
  Uploading bench artifacts...
  Uploading bench.flag → LocalState\ ...
  Uploading prompt.txt → LocalState\ ...
  Uploading model.txt → LocalState\ ...
  Uploading bench_threads.txt → LocalState\ ...
  Uploading bench_ctx.txt → LocalState\ ...
  Uploading bench_npredict.txt → LocalState\ ...
  Uploading bench_maxlen.txt → LocalState\ ...
  Uploading bench_ubatch.txt → LocalState\ ...
  Uploading bench_n_batch.txt → LocalState\ ...
  Uploading bench_kvq8.txt → LocalState\ ...
  Uploading bench_gpu_layers.txt → LocalState\ ...
  Uploading bench_ignore_eog.txt → LocalState\ ...
  Uploading bench_mtp_pmin.txt → LocalState\ ...
  Uploading d3d12twocol.txt → LocalState\ ...
  Uploading bench_greedy.txt → LocalState\ ...
  Uploading bench_seed.txt → LocalState\ ...
  Uploading bench_tokens.txt → LocalState\ ...
  Uploading bench_profile.txt → LocalState\ ...
  Uploading bench_run_index.txt → LocalState\ ...
  Starting app...
  Waiting for bench-result.csv.done (timeout 300s)...
  Done after 21s (http 200).
  Tokens: /tmp/tmp.Sz6aGUEw31/run1.tokens (65 lines)
  Row: qwen35-4b-mtp,Q4_K_M,d3d12,2048,2,96.34,23.77,3461,7583,2614,4147,324,64,0,xbox-series-t2-u64-b256-greedy-s1-g34-noeog-prof0,2026-10-09T17:37:09Z,1,3363.2,3364.6

--- Run 2 / 3 ---
  Uploading bench artifacts...
  Uploading bench.flag → LocalState\ ...
  Uploading prompt.txt → LocalState\ ...
  Uploading model.txt → LocalState\ ...
  Uploading bench_threads.txt → LocalState\ ...
  Uploading bench_ctx.txt → LocalState\ ...
  Uploading bench_npredict.txt → LocalState\ ...
  Uploading bench_maxlen.txt → LocalState\ ...
  Uploading bench_ubatch.txt → LocalState\ ...
  Uploading bench_n_batch.txt → LocalState\ ...
  Uploading bench_kvq8.txt → LocalState\ ...
  Uploading bench_gpu_layers.txt → LocalState\ ...
  Uploading bench_ignore_eog.txt → LocalState\ ...
  Uploading bench_mtp_pmin.txt → LocalState\ ...
  Uploading d3d12twocol.txt → LocalState\ ...
  Uploading bench_greedy.txt → LocalState\ ...
  Uploading bench_seed.txt → LocalState\ ...
  Uploading bench_tokens.txt → LocalState\ ...
  Uploading bench_profile.txt → LocalState\ ...
  Uploading bench_run_index.txt → LocalState\ ...
  Starting app...
  Waiting for bench-result.csv.done (timeout 300s)...
  Done after 21s (http 200).
  Tokens: /tmp/tmp.Sz6aGUEw31/run2.tokens (65 lines)
  Row: qwen35-4b-mtp,Q4_K_M,d3d12,2048,2,96.21,23.77,3448,7555,2614,4147,324,64,0,xbox-series-t2-u64-b256-greedy-s1-g34-noeog-prof0,2026-10-09T17:37:34Z,2,3367.5,3368.9

--- Run 3 / 3 ---
  Uploading bench artifacts...
  Uploading bench.flag → LocalState\ ...
  Uploading prompt.txt → LocalState\ ...
  Uploading model.txt → LocalState\ ...
  Uploading bench_threads.txt → LocalState\ ...
  Uploading bench_ctx.txt → LocalState\ ...
  Uploading bench_npredict.txt → LocalState\ ...
  Uploading bench_maxlen.txt → LocalState\ ...
  Uploading bench_ubatch.txt → LocalState\ ...
  Uploading bench_n_batch.txt → LocalState\ ...
  Uploading bench_kvq8.txt → LocalState\ ...
  Uploading bench_gpu_layers.txt → LocalState\ ...
  Uploading bench_ignore_eog.txt → LocalState\ ...
  Uploading bench_mtp_pmin.txt → LocalState\ ...
  Uploading d3d12twocol.txt → LocalState\ ...
  Uploading bench_greedy.txt → LocalState\ ...
  Uploading bench_seed.txt → LocalState\ ...
  Uploading bench_tokens.txt → LocalState\ ...
  Uploading bench_profile.txt → LocalState\ ...
  Uploading bench_run_index.txt → LocalState\ ...
  Starting app...
  Waiting for bench-result.csv.done (timeout 300s)...
  Done after 20s (http 200).
  Tokens: /tmp/tmp.Sz6aGUEw31/run3.tokens (65 lines)
  Row: qwen35-4b-mtp,Q4_K_M,d3d12,2048,2,95.88,23.92,3448,7551,2614,4147,324,64,0,xbox-series-t2-u64-b256-greedy-s1-g34-noeog-prof0,2026-10-09T17:37:59Z,3,3379.1,3380.5

--- Appending recorded runs ---
  appended: qwen35-4b-mtp,Q4_K_M,d3d12,2048,2,96.21,23.77,3448,7555,2614,4147,324,64,0,xbox-series-t2-u64-b256-greedy-s1-g34-noeog-prof0,2026-10-09T17:37:34Z,2,3367.5,3368.9
  appended: qwen35-4b-mtp,Q4_K_M,d3d12,2048,2,95.88,23.92,3448,7551,2614,4147,324,64,0,xbox-series-t2-u64-b256-greedy-s1-g34-noeog-prof0,2026-10-09T17:37:59Z,3,3379.1,3380.5
Appended 2 run(s) to /home/hjotha/worktrees/xllama-qwen35-4b-maxperf/bench/results/qwen4b-maxperf/enabled-rev209/blocks/b2/csv/code64-sw0.csv

Done. /home/hjotha/worktrees/xllama-qwen35-4b-maxperf/bench/results/qwen4b-maxperf/enabled-rev209/blocks/b2/csv/code64-sw0.csv updated.
  Restoring original model.txt on the device...
=== xllama bench-xbox-ort ===
  Model:   qwen35-4b-mtp
  Threads: 2
  n_ctx:   2048
  n_predict: 64
  max_length: derived
  Runs:    3 (run 1 warmup, dropped from median)
  Xbox:    192.168.1.26
  PFN: GianlucaMazza.xllama_1.6.0.209_x64__pj67f1fcj4n14

--- Skipping genai_config (GGUF model; threads via bench_threads.txt) ---

--- Run 1 / 3 ---
  Uploading bench artifacts...
  Uploading bench.flag → LocalState\ ...
  Uploading prompt.txt → LocalState\ ...
  Uploading model.txt → LocalState\ ...
  Uploading bench_threads.txt → LocalState\ ...
  Uploading bench_ctx.txt → LocalState\ ...
  Uploading bench_npredict.txt → LocalState\ ...
  Uploading bench_maxlen.txt → LocalState\ ...
  Uploading bench_ubatch.txt → LocalState\ ...
  Uploading bench_n_batch.txt → LocalState\ ...
  Uploading bench_kvq8.txt → LocalState\ ...
  Uploading bench_gpu_layers.txt → LocalState\ ...
  Uploading bench_ignore_eog.txt → LocalState\ ...
  Uploading bench_mtp_pmin.txt → LocalState\ ...
  Uploading d3d12twocol.txt → LocalState\ ...
  Uploading bench_greedy.txt → LocalState\ ...
  Uploading bench_seed.txt → LocalState\ ...
  Uploading bench_tokens.txt → LocalState\ ...
  Uploading bench_profile.txt → LocalState\ ...
  Uploading bench_run_index.txt → LocalState\ ...
  Starting app...
  Waiting for bench-result.csv.done (timeout 300s)...
  Done after 20s (http 200).
  Tokens: /tmp/tmp.ArnA3D3gVC/run1.tokens (65 lines)
  Row: qwen35-4b-mtp,Q4_K_M,d3d12,2048,2,102.63,24.97,3448,7348,2614,4147,324,64,0,xbox-series-t2-u64-b256-greedy-s1-g34-noeog-prof0,2026-10-09T17:38:26Z,1,3156.9,3158.2

--- Run 2 / 3 ---
  Uploading bench artifacts...
  Uploading bench.flag → LocalState\ ...
  Uploading prompt.txt → LocalState\ ...
  Uploading model.txt → LocalState\ ...
  Uploading bench_threads.txt → LocalState\ ...
  Uploading bench_ctx.txt → LocalState\ ...
  Uploading bench_npredict.txt → LocalState\ ...
  Uploading bench_maxlen.txt → LocalState\ ...
  Uploading bench_ubatch.txt → LocalState\ ...
  Uploading bench_n_batch.txt → LocalState\ ...
  Uploading bench_kvq8.txt → LocalState\ ...
  Uploading bench_gpu_layers.txt → LocalState\ ...
  Uploading bench_ignore_eog.txt → LocalState\ ...
  Uploading bench_mtp_pmin.txt → LocalState\ ...
  Uploading d3d12twocol.txt → LocalState\ ...
  Uploading bench_greedy.txt → LocalState\ ...
  Uploading bench_seed.txt → LocalState\ ...
  Uploading bench_tokens.txt → LocalState\ ...
  Uploading bench_profile.txt → LocalState\ ...
  Uploading bench_run_index.txt → LocalState\ ...
  Starting app...
  Waiting for bench-result.csv.done (timeout 300s)...
  Done after 21s (http 200).
  Tokens: /tmp/tmp.ArnA3D3gVC/run2.tokens (65 lines)
  Row: qwen35-4b-mtp,Q4_K_M,d3d12,2048,2,100.26,24.87,3461,7537,2614,4147,324,64,0,xbox-series-t2-u64-b256-greedy-s1-g34-noeog-prof0,2026-10-09T17:38:51Z,2,3231.5,3232.9

--- Run 3 / 3 ---
  Uploading bench artifacts...
  Uploading bench.flag → LocalState\ ...
  Uploading prompt.txt → LocalState\ ...
  Uploading model.txt → LocalState\ ...
  Uploading bench_threads.txt → LocalState\ ...
  Uploading bench_ctx.txt → LocalState\ ...
  Uploading bench_npredict.txt → LocalState\ ...
  Uploading bench_maxlen.txt → LocalState\ ...
  Uploading bench_ubatch.txt → LocalState\ ...
  Uploading bench_n_batch.txt → LocalState\ ...
  Uploading bench_kvq8.txt → LocalState\ ...
  Uploading bench_gpu_layers.txt → LocalState\ ...
  Uploading bench_ignore_eog.txt → LocalState\ ...
  Uploading bench_mtp_pmin.txt → LocalState\ ...
  Uploading d3d12twocol.txt → LocalState\ ...
  Uploading bench_greedy.txt → LocalState\ ...
  Uploading bench_seed.txt → LocalState\ ...
  Uploading bench_tokens.txt → LocalState\ ...
  Uploading bench_profile.txt → LocalState\ ...
  Uploading bench_run_index.txt → LocalState\ ...
  Starting app...
  Waiting for bench-result.csv.done (timeout 300s)...
  Done after 21s (http 200).
  Tokens: /tmp/tmp.ArnA3D3gVC/run3.tokens (65 lines)
  Row: qwen35-4b-mtp,Q4_K_M,d3d12,2048,2,102.51,24.96,3461,7344,2614,4147,324,64,0,xbox-series-t2-u64-b256-greedy-s1-g34-noeog-prof0,2026-10-09T17:39:16Z,3,3160.6,3162.2

--- Appending recorded runs ---
  appended: qwen35-4b-mtp,Q4_K_M,d3d12,2048,2,100.26,24.87,3461,7537,2614,4147,324,64,0,xbox-series-t2-u64-b256-greedy-s1-g34-noeog-prof0,2026-10-09T17:38:51Z,2,3231.5,3232.9
  appended: qwen35-4b-mtp,Q4_K_M,d3d12,2048,2,102.51,24.96,3461,7344,2614,4147,324,64,0,xbox-series-t2-u64-b256-greedy-s1-g34-noeog-prof0,2026-10-09T17:39:16Z,3,3160.6,3162.2
Appended 2 run(s) to /home/hjotha/worktrees/xllama-qwen35-4b-maxperf/bench/results/qwen4b-maxperf/enabled-rev209/blocks/b2/csv/code64-sw1.csv

Done. /home/hjotha/worktrees/xllama-qwen35-4b-maxperf/bench/results/qwen4b-maxperf/enabled-rev209/blocks/b2/csv/code64-sw1.csv updated.
  Restoring original model.txt on the device...
=== xllama bench-xbox-ort ===
  Model:   qwen35-4b-mtp
  Threads: 2
  n_ctx:   2048
  n_predict: 64
  max_length: derived
  Runs:    3 (run 1 warmup, dropped from median)
  Xbox:    192.168.1.26
  PFN: GianlucaMazza.xllama_1.6.0.209_x64__pj67f1fcj4n14

--- Skipping genai_config (GGUF model; threads via bench_threads.txt) ---

--- Run 1 / 3 ---
  Uploading bench artifacts...
  Uploading bench.flag → LocalState\ ...
  Uploading prompt.txt → LocalState\ ...
  Uploading model.txt → LocalState\ ...
  Uploading bench_threads.txt → LocalState\ ...
  Uploading bench_ctx.txt → LocalState\ ...
  Uploading bench_npredict.txt → LocalState\ ...
  Uploading bench_maxlen.txt → LocalState\ ...
  Uploading bench_ubatch.txt → LocalState\ ...
  Uploading bench_n_batch.txt → LocalState\ ...
  Uploading bench_kvq8.txt → LocalState\ ...
  Uploading bench_gpu_layers.txt → LocalState\ ...
  Uploading bench_ignore_eog.txt → LocalState\ ...
  Uploading bench_mtp_pmin.txt → LocalState\ ...
  Uploading d3d12twocol.txt → LocalState\ ...
  Uploading bench_greedy.txt → LocalState\ ...
  Uploading bench_seed.txt → LocalState\ ...
  Uploading bench_tokens.txt → LocalState\ ...
  Uploading bench_profile.txt → LocalState\ ...
  Uploading bench_run_index.txt → LocalState\ ...
  Starting app...
  Waiting for bench-result.csv.done (timeout 300s)...
  Done after 20s (http 200).
  Tokens: /tmp/tmp.H9vkkryn16/run1.tokens (65 lines)
  Row: qwen35-4b-mtp,Q4_K_M,d3d12,2048,2,95.87,23.83,3448,7298,2614,4147,298,64,0,xbox-series-t2-u64-b256-greedy-s1-g34-noeog-prof0,2026-10-09T17:39:42Z,1,3108.4,3109.8

--- Run 2 / 3 ---
  Uploading bench artifacts...
  Uploading bench.flag → LocalState\ ...
  Uploading prompt.txt → LocalState\ ...
  Uploading model.txt → LocalState\ ...
  Uploading bench_threads.txt → LocalState\ ...
  Uploading bench_ctx.txt → LocalState\ ...
  Uploading bench_npredict.txt → LocalState\ ...
  Uploading bench_maxlen.txt → LocalState\ ...
  Uploading bench_ubatch.txt → LocalState\ ...
  Uploading bench_n_batch.txt → LocalState\ ...
  Uploading bench_kvq8.txt → LocalState\ ...
  Uploading bench_gpu_layers.txt → LocalState\ ...
  Uploading bench_ignore_eog.txt → LocalState\ ...
  Uploading bench_mtp_pmin.txt → LocalState\ ...
  Uploading d3d12twocol.txt → LocalState\ ...
  Uploading bench_greedy.txt → LocalState\ ...
  Uploading bench_seed.txt → LocalState\ ...
  Uploading bench_tokens.txt → LocalState\ ...
  Uploading bench_profile.txt → LocalState\ ...
  Uploading bench_run_index.txt → LocalState\ ...
  Starting app...
  Waiting for bench-result.csv.done (timeout 300s)...
  Done after 20s (http 200).
  Tokens: /tmp/tmp.H9vkkryn16/run2.tokens (65 lines)
  Row: qwen35-4b-mtp,Q4_K_M,d3d12,2048,2,95.94,23.76,3461,7395,2614,4147,298,64,0,xbox-series-t2-u64-b256-greedy-s1-g34-noeog-prof0,2026-10-09T17:40:07Z,2,3106.3,3107.7

--- Run 3 / 3 ---
  Uploading bench artifacts...
  Uploading bench.flag → LocalState\ ...
  Uploading prompt.txt → LocalState\ ...
  Uploading model.txt → LocalState\ ...
  Uploading bench_threads.txt → LocalState\ ...
  Uploading bench_ctx.txt → LocalState\ ...
  Uploading bench_npredict.txt → LocalState\ ...
  Uploading bench_maxlen.txt → LocalState\ ...
  Uploading bench_ubatch.txt → LocalState\ ...
  Uploading bench_n_batch.txt → LocalState\ ...
  Uploading bench_kvq8.txt → LocalState\ ...
  Uploading bench_gpu_layers.txt → LocalState\ ...
  Uploading bench_ignore_eog.txt → LocalState\ ...
  Uploading bench_mtp_pmin.txt → LocalState\ ...
  Uploading d3d12twocol.txt → LocalState\ ...
  Uploading bench_greedy.txt → LocalState\ ...
  Uploading bench_seed.txt → LocalState\ ...
  Uploading bench_tokens.txt → LocalState\ ...
  Uploading bench_profile.txt → LocalState\ ...
  Uploading bench_run_index.txt → LocalState\ ...
  Starting app...
  Waiting for bench-result.csv.done (timeout 300s)...
  Done after 20s (http 200).
  Tokens: /tmp/tmp.H9vkkryn16/run3.tokens (65 lines)
  Row: qwen35-4b-mtp,Q4_K_M,d3d12,2048,2,95.78,23.91,3448,7333,2614,4147,298,64,0,xbox-series-t2-u64-b256-greedy-s1-g34-noeog-prof0,2026-10-09T17:40:32Z,3,3111.2,3112.6

--- Appending recorded runs ---
  appended: qwen35-4b-mtp,Q4_K_M,d3d12,2048,2,95.94,23.76,3461,7395,2614,4147,298,64,0,xbox-series-t2-u64-b256-greedy-s1-g34-noeog-prof0,2026-10-09T17:40:07Z,2,3106.3,3107.7
  appended: qwen35-4b-mtp,Q4_K_M,d3d12,2048,2,95.78,23.91,3448,7333,2614,4147,298,64,0,xbox-series-t2-u64-b256-greedy-s1-g34-noeog-prof0,2026-10-09T17:40:32Z,3,3111.2,3112.6
Appended 2 run(s) to /home/hjotha/worktrees/xllama-qwen35-4b-maxperf/bench/results/qwen4b-maxperf/enabled-rev209/blocks/b2/csv/std64-sw0.csv

Done. /home/hjotha/worktrees/xllama-qwen35-4b-maxperf/bench/results/qwen4b-maxperf/enabled-rev209/blocks/b2/csv/std64-sw0.csv updated.
  Restoring original model.txt on the device...
=== xllama bench-xbox-ort ===
  Model:   qwen35-4b-mtp
  Threads: 2
  n_ctx:   2048
  n_predict: 64
  max_length: derived
  Runs:    3 (run 1 warmup, dropped from median)
  Xbox:    192.168.1.26
  PFN: GianlucaMazza.xllama_1.6.0.209_x64__pj67f1fcj4n14

--- Skipping genai_config (GGUF model; threads via bench_threads.txt) ---

--- Run 1 / 3 ---
  Uploading bench artifacts...
  Uploading bench.flag → LocalState\ ...
  Uploading prompt.txt → LocalState\ ...
  Uploading model.txt → LocalState\ ...
  Uploading bench_threads.txt → LocalState\ ...
  Uploading bench_ctx.txt → LocalState\ ...
  Uploading bench_npredict.txt → LocalState\ ...
  Uploading bench_maxlen.txt → LocalState\ ...
  Uploading bench_ubatch.txt → LocalState\ ...
  Uploading bench_n_batch.txt → LocalState\ ...
  Uploading bench_kvq8.txt → LocalState\ ...
  Uploading bench_gpu_layers.txt → LocalState\ ...
  Uploading bench_ignore_eog.txt → LocalState\ ...
  Uploading bench_mtp_pmin.txt → LocalState\ ...
  Uploading d3d12twocol.txt → LocalState\ ...
  Uploading bench_greedy.txt → LocalState\ ...
  Uploading bench_seed.txt → LocalState\ ...
  Uploading bench_tokens.txt → LocalState\ ...
  Uploading bench_profile.txt → LocalState\ ...
  Uploading bench_run_index.txt → LocalState\ ...
  Starting app...
  Waiting for bench-result.csv.done (timeout 300s)...
  Done after 21s (http 200).
  Tokens: /tmp/tmp.OppEnWB14s/run1.tokens (65 lines)
  Row: qwen35-4b-mtp,Q4_K_M,d3d12,2048,2,101.98,25.03,3448,7105,2614,4147,298,64,0,xbox-series-t2-u64-b256-greedy-s1-g34-noeog-prof0,2026-10-09T17:40:59Z,1,2922.1,2923.5

--- Run 2 / 3 ---
  Uploading bench artifacts...
  Uploading bench.flag → LocalState\ ...
  Uploading prompt.txt → LocalState\ ...
  Uploading model.txt → LocalState\ ...
  Uploading bench_threads.txt → LocalState\ ...
  Uploading bench_ctx.txt → LocalState\ ...
  Uploading bench_npredict.txt → LocalState\ ...
  Uploading bench_maxlen.txt → LocalState\ ...
  Uploading bench_ubatch.txt → LocalState\ ...
  Uploading bench_n_batch.txt → LocalState\ ...
  Uploading bench_kvq8.txt → LocalState\ ...
  Uploading bench_gpu_layers.txt → LocalState\ ...
  Uploading bench_ignore_eog.txt → LocalState\ ...
  Uploading bench_mtp_pmin.txt → LocalState\ ...
  Uploading d3d12twocol.txt → LocalState\ ...
  Uploading bench_greedy.txt → LocalState\ ...
  Uploading bench_seed.txt → LocalState\ ...
  Uploading bench_tokens.txt → LocalState\ ...
  Uploading bench_profile.txt → LocalState\ ...
  Uploading bench_run_index.txt → LocalState\ ...
  Starting app...
  Waiting for bench-result.csv.done (timeout 300s)...
  Done after 20s (http 200).
  Tokens: /tmp/tmp.OppEnWB14s/run2.tokens (65 lines)
  Row: qwen35-4b-mtp,Q4_K_M,d3d12,2048,2,100.70,24.69,3448,7130,2614,4147,298,64,0,xbox-series-t2-u64-b256-greedy-s1-g34-noeog-prof0,2026-10-09T17:41:24Z,2,2959.4,2960.7

--- Run 3 / 3 ---
  Uploading bench artifacts...
  Uploading bench.flag → LocalState\ ...
  Uploading prompt.txt → LocalState\ ...
  Uploading model.txt → LocalState\ ...
  Uploading bench_threads.txt → LocalState\ ...
  Uploading bench_ctx.txt → LocalState\ ...
  Uploading bench_npredict.txt → LocalState\ ...
  Uploading bench_maxlen.txt → LocalState\ ...
  Uploading bench_ubatch.txt → LocalState\ ...
  Uploading bench_n_batch.txt → LocalState\ ...
  Uploading bench_kvq8.txt → LocalState\ ...
  Uploading bench_gpu_layers.txt → LocalState\ ...
  Uploading bench_ignore_eog.txt → LocalState\ ...
  Uploading bench_mtp_pmin.txt → LocalState\ ...
  Uploading d3d12twocol.txt → LocalState\ ...
  Uploading bench_greedy.txt → LocalState\ ...
  Uploading bench_seed.txt → LocalState\ ...
  Uploading bench_tokens.txt → LocalState\ ...
  Uploading bench_profile.txt → LocalState\ ...
  Uploading bench_run_index.txt → LocalState\ ...
  Starting app...
  Waiting for bench-result.csv.done (timeout 300s)...
  Done after 20s (http 200).
  Tokens: /tmp/tmp.OppEnWB14s/run3.tokens (65 lines)
  Row: qwen35-4b-mtp,Q4_K_M,d3d12,2048,2,101.46,24.88,3458,7097,2614,4147,298,64,0,xbox-series-t2-u64-b256-greedy-s1-g34-noeog-prof0,2026-10-09T17:41:49Z,3,2937.2,2938.6

--- Appending recorded runs ---
  appended: qwen35-4b-mtp,Q4_K_M,d3d12,2048,2,100.70,24.69,3448,7130,2614,4147,298,64,0,xbox-series-t2-u64-b256-greedy-s1-g34-noeog-prof0,2026-10-09T17:41:24Z,2,2959.4,2960.7
  appended: qwen35-4b-mtp,Q4_K_M,d3d12,2048,2,101.46,24.88,3458,7097,2614,4147,298,64,0,xbox-series-t2-u64-b256-greedy-s1-g34-noeog-prof0,2026-10-09T17:41:49Z,3,2937.2,2938.6
Appended 2 run(s) to /home/hjotha/worktrees/xllama-qwen35-4b-maxperf/bench/results/qwen4b-maxperf/enabled-rev209/blocks/b2/csv/std64-sw1.csv

Done. /home/hjotha/worktrees/xllama-qwen35-4b-maxperf/bench/results/qwen4b-maxperf/enabled-rev209/blocks/b2/csv/std64-sw1.csv updated.
  Restoring original model.txt on the device...
=== xllama bench-xbox-ort ===
  Model:   qwen35-4b-mtp
  Threads: 2
  n_ctx:   2048
  n_predict: 256
  max_length: derived
  Runs:    3 (run 1 warmup, dropped from median)
  Xbox:    192.168.1.26
  PFN: GianlucaMazza.xllama_1.6.0.209_x64__pj67f1fcj4n14

--- Skipping genai_config (GGUF model; threads via bench_threads.txt) ---

--- Run 1 / 3 ---
  Uploading bench artifacts...
  Uploading bench.flag → LocalState\ ...
  Uploading prompt.txt → LocalState\ ...
  Uploading model.txt → LocalState\ ...
  Uploading bench_threads.txt → LocalState\ ...
  Uploading bench_ctx.txt → LocalState\ ...
  Uploading bench_npredict.txt → LocalState\ ...
  Uploading bench_maxlen.txt → LocalState\ ...
  Uploading bench_ubatch.txt → LocalState\ ...
  Uploading bench_n_batch.txt → LocalState\ ...
  Uploading bench_kvq8.txt → LocalState\ ...
  Uploading bench_gpu_layers.txt → LocalState\ ...
  Uploading bench_ignore_eog.txt → LocalState\ ...
  Uploading bench_mtp_pmin.txt → LocalState\ ...
  Uploading d3d12twocol.txt → LocalState\ ...
  Uploading bench_greedy.txt → LocalState\ ...
  Uploading bench_seed.txt → LocalState\ ...
  Uploading bench_tokens.txt → LocalState\ ...
  Uploading bench_profile.txt → LocalState\ ...
  Uploading bench_run_index.txt → LocalState\ ...
  Starting app...
  Waiting for bench-result.csv.done (timeout 300s)...
  Done after 21s (http 200).
  Tokens: /tmp/tmp.IjRrANE7JN/run1.tokens (257 lines)
  Row: qwen35-4b-mtp,Q4_K_M,d3d12,2048,2,95.50,24.32,3461,5463,2614,4147,119,256,0,xbox-series-t2-u64-b256-greedy-s1-g34-noeog-prof0,2026-10-09T17:42:22Z,1,1246.1,1247.5

--- Run 2 / 3 ---
  Uploading bench artifacts...
  Uploading bench.flag → LocalState\ ...
  Uploading prompt.txt → LocalState\ ...
  Uploading model.txt → LocalState\ ...
  Uploading bench_threads.txt → LocalState\ ...
  Uploading bench_ctx.txt → LocalState\ ...
  Uploading bench_npredict.txt → LocalState\ ...
  Uploading bench_maxlen.txt → LocalState\ ...
  Uploading bench_ubatch.txt → LocalState\ ...
  Uploading bench_n_batch.txt → LocalState\ ...
  Uploading bench_kvq8.txt → LocalState\ ...
  Uploading bench_gpu_layers.txt → LocalState\ ...
  Uploading bench_ignore_eog.txt → LocalState\ ...
  Uploading bench_mtp_pmin.txt → LocalState\ ...
  Uploading d3d12twocol.txt → LocalState\ ...
  Uploading bench_greedy.txt → LocalState\ ...
  Uploading bench_seed.txt → LocalState\ ...
  Uploading bench_tokens.txt → LocalState\ ...
  Uploading bench_profile.txt → LocalState\ ...
  Uploading bench_run_index.txt → LocalState\ ...
  Starting app...
  Waiting for bench-result.csv.done (timeout 300s)...
  Done after 20s (http 200).
  Tokens: /tmp/tmp.IjRrANE7JN/run2.tokens (257 lines)
  Row: qwen35-4b-mtp,Q4_K_M,d3d12,2048,2,97.32,24.61,3461,5553,2614,4147,119,256,0,xbox-series-t2-u64-b256-greedy-s1-g34-noeog-prof0,2026-10-09T17:42:47Z,2,1222.7,1224.1

--- Run 3 / 3 ---
  Uploading bench artifacts...
  Uploading bench.flag → LocalState\ ...
  Uploading prompt.txt → LocalState\ ...
  Uploading model.txt → LocalState\ ...
  Uploading bench_threads.txt → LocalState\ ...
  Uploading bench_ctx.txt → LocalState\ ...
  Uploading bench_npredict.txt → LocalState\ ...
  Uploading bench_maxlen.txt → LocalState\ ...
  Uploading bench_ubatch.txt → LocalState\ ...
  Uploading bench_n_batch.txt → LocalState\ ...
  Uploading bench_kvq8.txt → LocalState\ ...
  Uploading bench_gpu_layers.txt → LocalState\ ...
  Uploading bench_ignore_eog.txt → LocalState\ ...
  Uploading bench_mtp_pmin.txt → LocalState\ ...
  Uploading d3d12twocol.txt → LocalState\ ...
  Uploading bench_greedy.txt → LocalState\ ...
  Uploading bench_seed.txt → LocalState\ ...
  Uploading bench_tokens.txt → LocalState\ ...
  Uploading bench_profile.txt → LocalState\ ...
  Uploading bench_run_index.txt → LocalState\ ...
  Starting app...
  Waiting for bench-result.csv.done (timeout 300s)...
  Done after 20s (http 200).
  Tokens: /tmp/tmp.IjRrANE7JN/run3.tokens (257 lines)
  Row: qwen35-4b-mtp,Q4_K_M,d3d12,2048,2,94.19,24.42,3458,5424,2614,4147,119,256,0,xbox-series-t2-u64-b256-greedy-s1-g34-noeog-prof0,2026-10-09T17:43:12Z,3,1263.5,1264.8

--- Appending recorded runs ---
  appended: qwen35-4b-mtp,Q4_K_M,d3d12,2048,2,97.32,24.61,3461,5553,2614,4147,119,256,0,xbox-series-t2-u64-b256-greedy-s1-g34-noeog-prof0,2026-10-09T17:42:47Z,2,1222.7,1224.1
  appended: qwen35-4b-mtp,Q4_K_M,d3d12,2048,2,94.19,24.42,3458,5424,2614,4147,119,256,0,xbox-series-t2-u64-b256-greedy-s1-g34-noeog-prof0,2026-10-09T17:43:12Z,3,1263.5,1264.8
Appended 2 run(s) to /home/hjotha/worktrees/xllama-qwen35-4b-maxperf/bench/results/qwen4b-maxperf/enabled-rev209/blocks/b2/csv/chat256-sw0.csv

Done. /home/hjotha/worktrees/xllama-qwen35-4b-maxperf/bench/results/qwen4b-maxperf/enabled-rev209/blocks/b2/csv/chat256-sw0.csv updated.
  Restoring original model.txt on the device...
=== xllama bench-xbox-ort ===
  Model:   qwen35-4b-mtp
  Threads: 2
  n_ctx:   2048
  n_predict: 256
  max_length: derived
  Runs:    3 (run 1 warmup, dropped from median)
  Xbox:    192.168.1.26
  PFN: GianlucaMazza.xllama_1.6.0.209_x64__pj67f1fcj4n14

--- Skipping genai_config (GGUF model; threads via bench_threads.txt) ---

--- Run 1 / 3 ---
  Uploading bench artifacts...
  Uploading bench.flag → LocalState\ ...
  Uploading prompt.txt → LocalState\ ...
  Uploading model.txt → LocalState\ ...
  Uploading bench_threads.txt → LocalState\ ...
  Uploading bench_ctx.txt → LocalState\ ...
  Uploading bench_npredict.txt → LocalState\ ...
  Uploading bench_maxlen.txt → LocalState\ ...
  Uploading bench_ubatch.txt → LocalState\ ...
  Uploading bench_n_batch.txt → LocalState\ ...
  Uploading bench_kvq8.txt → LocalState\ ...
  Uploading bench_gpu_layers.txt → LocalState\ ...
  Uploading bench_ignore_eog.txt → LocalState\ ...
  Uploading bench_mtp_pmin.txt → LocalState\ ...
  Uploading d3d12twocol.txt → LocalState\ ...
  Uploading bench_greedy.txt → LocalState\ ...
  Uploading bench_seed.txt → LocalState\ ...
  Uploading bench_tokens.txt → LocalState\ ...
  Uploading bench_profile.txt → LocalState\ ...
  Uploading bench_run_index.txt → LocalState\ ...
  Starting app...
  Waiting for bench-result.csv.done (timeout 300s)...
  Done after 20s (http 200).
  Tokens: /tmp/tmp.Pbaa6ijqiH/run1.tokens (257 lines)
  Row: qwen35-4b-mtp,Q4_K_M,d3d12,2048,2,103.26,25.63,3458,5353,2614,4147,119,256,0,xbox-series-t2-u64-b256-greedy-s1-g34-noeog-prof0,2026-10-09T17:43:38Z,1,1152.4,1153.8

--- Run 2 / 3 ---
  Uploading bench artifacts...
  Uploading bench.flag → LocalState\ ...
  Uploading prompt.txt → LocalState\ ...
  Uploading model.txt → LocalState\ ...
  Uploading bench_threads.txt → LocalState\ ...
  Uploading bench_ctx.txt → LocalState\ ...
  Uploading bench_npredict.txt → LocalState\ ...
  Uploading bench_maxlen.txt → LocalState\ ...
  Uploading bench_ubatch.txt → LocalState\ ...
  Uploading bench_n_batch.txt → LocalState\ ...
  Uploading bench_kvq8.txt → LocalState\ ...
  Uploading bench_gpu_layers.txt → LocalState\ ...
  Uploading bench_ignore_eog.txt → LocalState\ ...
  Uploading bench_mtp_pmin.txt → LocalState\ ...
  Uploading d3d12twocol.txt → LocalState\ ...
  Uploading bench_greedy.txt → LocalState\ ...
  Uploading bench_seed.txt → LocalState\ ...
  Uploading bench_tokens.txt → LocalState\ ...
  Uploading bench_profile.txt → LocalState\ ...
  Uploading bench_run_index.txt → LocalState\ ...
  Starting app...
  Waiting for bench-result.csv.done (timeout 300s)...
  Done after 20s (http 200).
  Tokens: /tmp/tmp.Pbaa6ijqiH/run2.tokens (257 lines)
  Row: qwen35-4b-mtp,Q4_K_M,d3d12,2048,2,101.81,25.67,3461,5393,2614,4147,119,256,0,xbox-series-t2-u64-b256-greedy-s1-g34-noeog-prof0,2026-10-09T17:44:03Z,2,1168.8,1170.2

--- Run 3 / 3 ---
  Uploading bench artifacts...
  Uploading bench.flag → LocalState\ ...
  Uploading prompt.txt → LocalState\ ...
  Uploading model.txt → LocalState\ ...
  Uploading bench_threads.txt → LocalState\ ...
  Uploading bench_ctx.txt → LocalState\ ...
  Uploading bench_npredict.txt → LocalState\ ...
  Uploading bench_maxlen.txt → LocalState\ ...
  Uploading bench_ubatch.txt → LocalState\ ...
  Uploading bench_n_batch.txt → LocalState\ ...
  Uploading bench_kvq8.txt → LocalState\ ...
  Uploading bench_gpu_layers.txt → LocalState\ ...
  Uploading bench_ignore_eog.txt → LocalState\ ...
  Uploading bench_mtp_pmin.txt → LocalState\ ...
  Uploading d3d12twocol.txt → LocalState\ ...
  Uploading bench_greedy.txt → LocalState\ ...
  Uploading bench_seed.txt → LocalState\ ...
  Uploading bench_tokens.txt → LocalState\ ...
  Uploading bench_profile.txt → LocalState\ ...
  Uploading bench_run_index.txt → LocalState\ ...
  Starting app...
  Waiting for bench-result.csv.done (timeout 300s)...
  Done after 20s (http 200).
  Tokens: /tmp/tmp.Pbaa6ijqiH/run3.tokens (257 lines)
  Row: qwen35-4b-mtp,Q4_K_M,d3d12,2048,2,102.89,25.86,3448,5338,2614,4147,119,256,0,xbox-series-t2-u64-b256-greedy-s1-g34-noeog-prof0,2026-10-09T17:44:28Z,3,1156.5,1157.9

--- Appending recorded runs ---
  appended: qwen35-4b-mtp,Q4_K_M,d3d12,2048,2,101.81,25.67,3461,5393,2614,4147,119,256,0,xbox-series-t2-u64-b256-greedy-s1-g34-noeog-prof0,2026-10-09T17:44:03Z,2,1168.8,1170.2
  appended: qwen35-4b-mtp,Q4_K_M,d3d12,2048,2,102.89,25.86,3448,5338,2614,4147,119,256,0,xbox-series-t2-u64-b256-greedy-s1-g34-noeog-prof0,2026-10-09T17:44:28Z,3,1156.5,1157.9
Appended 2 run(s) to /home/hjotha/worktrees/xllama-qwen35-4b-maxperf/bench/results/qwen4b-maxperf/enabled-rev209/blocks/b2/csv/chat256-sw1.csv

Done. /home/hjotha/worktrees/xllama-qwen35-4b-maxperf/bench/results/qwen4b-maxperf/enabled-rev209/blocks/b2/csv/chat256-sw1.csv updated.
  Restoring original model.txt on the device...
=== xllama bench-xbox-ort ===
  Model:   qwen35-4b-mtp
  Threads: 2
  n_ctx:   2048
  n_predict: 256
  max_length: derived
  Runs:    3 (run 1 warmup, dropped from median)
  Xbox:    192.168.1.26
  PFN: GianlucaMazza.xllama_1.6.0.209_x64__pj67f1fcj4n14

--- Skipping genai_config (GGUF model; threads via bench_threads.txt) ---

--- Run 1 / 3 ---
  Uploading bench artifacts...
  Uploading bench.flag → LocalState\ ...
  Uploading prompt.txt → LocalState\ ...
  Uploading model.txt → LocalState\ ...
  Uploading bench_threads.txt → LocalState\ ...
  Uploading bench_ctx.txt → LocalState\ ...
  Uploading bench_npredict.txt → LocalState\ ...
  Uploading bench_maxlen.txt → LocalState\ ...
  Uploading bench_ubatch.txt → LocalState\ ...
  Uploading bench_n_batch.txt → LocalState\ ...
  Uploading bench_kvq8.txt → LocalState\ ...
  Uploading bench_gpu_layers.txt → LocalState\ ...
  Uploading bench_ignore_eog.txt → LocalState\ ...
  Uploading bench_mtp_pmin.txt → LocalState\ ...
  Uploading d3d12twocol.txt → LocalState\ ...
  Uploading bench_greedy.txt → LocalState\ ...
  Uploading bench_seed.txt → LocalState\ ...
  Uploading bench_tokens.txt → LocalState\ ...
  Uploading bench_profile.txt → LocalState\ ...
  Uploading bench_run_index.txt → LocalState\ ...
  Starting app...
  Waiting for bench-result.csv.done (timeout 300s)...
  Done after 30s (http 200).
  Tokens: /tmp/tmp.mC5xHlSpgF/run1.tokens (257 lines)
  Row: qwen35-4b-mtp,Q4_K_M,d3d12,2048,2,97.05,23.39,3457,7531,2614,4147,324,256,0,xbox-series-t2-u64-b256-greedy-s1-g34-noeog-prof0,2026-10-09T17:44:57Z,1,3338.6,3340.0

--- Run 2 / 3 ---
  Uploading bench artifacts...
  Uploading bench.flag → LocalState\ ...
  Uploading prompt.txt → LocalState\ ...
  Uploading model.txt → LocalState\ ...
  Uploading bench_threads.txt → LocalState\ ...
  Uploading bench_ctx.txt → LocalState\ ...
  Uploading bench_npredict.txt → LocalState\ ...
  Uploading bench_maxlen.txt → LocalState\ ...
  Uploading bench_ubatch.txt → LocalState\ ...
  Uploading bench_n_batch.txt → LocalState\ ...
  Uploading bench_kvq8.txt → LocalState\ ...
  Uploading bench_gpu_layers.txt → LocalState\ ...
  Uploading bench_ignore_eog.txt → LocalState\ ...
  Uploading bench_mtp_pmin.txt → LocalState\ ...
  Uploading d3d12twocol.txt → LocalState\ ...
  Uploading bench_greedy.txt → LocalState\ ...
  Uploading bench_seed.txt → LocalState\ ...
  Uploading bench_tokens.txt → LocalState\ ...
  Uploading bench_profile.txt → LocalState\ ...
  Uploading bench_run_index.txt → LocalState\ ...
  Starting app...
  Waiting for bench-result.csv.done (timeout 300s)...
  Done after 30s (http 200).
  Tokens: /tmp/tmp.mC5xHlSpgF/run2.tokens (257 lines)
  Row: qwen35-4b-mtp,Q4_K_M,d3d12,2048,2,97.07,23.19,3448,7511,2614,4147,324,256,0,xbox-series-t2-u64-b256-greedy-s1-g34-noeog-prof0,2026-10-09T17:45:32Z,2,3337.6,3339.0

--- Run 3 / 3 ---
  Uploading bench artifacts...
  Uploading bench.flag → LocalState\ ...
  Uploading prompt.txt → LocalState\ ...
  Uploading model.txt → LocalState\ ...
  Uploading bench_threads.txt → LocalState\ ...
  Uploading bench_ctx.txt → LocalState\ ...
  Uploading bench_npredict.txt → LocalState\ ...
  Uploading bench_maxlen.txt → LocalState\ ...
  Uploading bench_ubatch.txt → LocalState\ ...
  Uploading bench_n_batch.txt → LocalState\ ...
  Uploading bench_kvq8.txt → LocalState\ ...
  Uploading bench_gpu_layers.txt → LocalState\ ...
  Uploading bench_ignore_eog.txt → LocalState\ ...
  Uploading bench_mtp_pmin.txt → LocalState\ ...
  Uploading d3d12twocol.txt → LocalState\ ...
  Uploading bench_greedy.txt → LocalState\ ...
  Uploading bench_seed.txt → LocalState\ ...
  Uploading bench_tokens.txt → LocalState\ ...
  Uploading bench_profile.txt → LocalState\ ...
  Uploading bench_run_index.txt → LocalState\ ...
  Starting app...
  Waiting for bench-result.csv.done (timeout 300s)...
  Done after 30s (http 200).
  Tokens: /tmp/tmp.mC5xHlSpgF/run3.tokens (257 lines)
  Row: qwen35-4b-mtp,Q4_K_M,d3d12,2048,2,96.98,23.52,3461,7588,2614,4147,324,256,0,xbox-series-t2-u64-b256-greedy-s1-g34-noeog-prof0,2026-10-09T17:46:08Z,3,3340.9,3342.3

--- Appending recorded runs ---
  appended: qwen35-4b-mtp,Q4_K_M,d3d12,2048,2,97.07,23.19,3448,7511,2614,4147,324,256,0,xbox-series-t2-u64-b256-greedy-s1-g34-noeog-prof0,2026-10-09T17:45:32Z,2,3337.6,3339.0
  appended: qwen35-4b-mtp,Q4_K_M,d3d12,2048,2,96.98,23.52,3461,7588,2614,4147,324,256,0,xbox-series-t2-u64-b256-greedy-s1-g34-noeog-prof0,2026-10-09T17:46:08Z,3,3340.9,3342.3
Appended 2 run(s) to /home/hjotha/worktrees/xllama-qwen35-4b-maxperf/bench/results/qwen4b-maxperf/enabled-rev209/blocks/b2/csv/code256-sw0.csv

Done. /home/hjotha/worktrees/xllama-qwen35-4b-maxperf/bench/results/qwen4b-maxperf/enabled-rev209/blocks/b2/csv/code256-sw0.csv updated.
  Restoring original model.txt on the device...
=== xllama bench-xbox-ort ===
  Model:   qwen35-4b-mtp
  Threads: 2
  n_ctx:   2048
  n_predict: 256
  max_length: derived
  Runs:    3 (run 1 warmup, dropped from median)
  Xbox:    192.168.1.26
  PFN: GianlucaMazza.xllama_1.6.0.209_x64__pj67f1fcj4n14

--- Skipping genai_config (GGUF model; threads via bench_threads.txt) ---

--- Run 1 / 3 ---
  Uploading bench artifacts...
  Uploading bench.flag → LocalState\ ...
  Uploading prompt.txt → LocalState\ ...
  Uploading model.txt → LocalState\ ...
  Uploading bench_threads.txt → LocalState\ ...
  Uploading bench_ctx.txt → LocalState\ ...
  Uploading bench_npredict.txt → LocalState\ ...
  Uploading bench_maxlen.txt → LocalState\ ...
  Uploading bench_ubatch.txt → LocalState\ ...
  Uploading bench_n_batch.txt → LocalState\ ...
  Uploading bench_kvq8.txt → LocalState\ ...
  Uploading bench_gpu_layers.txt → LocalState\ ...
  Uploading bench_ignore_eog.txt → LocalState\ ...
  Uploading bench_mtp_pmin.txt → LocalState\ ...
  Uploading d3d12twocol.txt → LocalState\ ...
  Uploading bench_greedy.txt → LocalState\ ...
  Uploading bench_seed.txt → LocalState\ ...
  Uploading bench_tokens.txt → LocalState\ ...
  Uploading bench_profile.txt → LocalState\ ...
  Uploading bench_run_index.txt → LocalState\ ...
  Starting app...
  Waiting for bench-result.csv.done (timeout 300s)...
  Done after 30s (http 200).
  Tokens: /tmp/tmp.qypNdhjVgS/run1.tokens (257 lines)
  Row: qwen35-4b-mtp,Q4_K_M,d3d12,2048,2,102.69,24.70,3461,7435,2614,4147,324,256,0,xbox-series-t2-u64-b256-greedy-s1-g34-noeog-prof0,2026-10-09T17:46:45Z,1,3155.0,3156.3

--- Run 2 / 3 ---
  Uploading bench artifacts...
  Uploading bench.flag → LocalState\ ...
  Uploading prompt.txt → LocalState\ ...
  Uploading model.txt → LocalState\ ...
  Uploading bench_threads.txt → LocalState\ ...
  Uploading bench_ctx.txt → LocalState\ ...
  Uploading bench_npredict.txt → LocalState\ ...
  Uploading bench_maxlen.txt → LocalState\ ...
  Uploading bench_ubatch.txt → LocalState\ ...
  Uploading bench_n_batch.txt → LocalState\ ...
  Uploading bench_kvq8.txt → LocalState\ ...
  Uploading bench_gpu_layers.txt → LocalState\ ...
  Uploading bench_ignore_eog.txt → LocalState\ ...
  Uploading bench_mtp_pmin.txt → LocalState\ ...
  Uploading d3d12twocol.txt → LocalState\ ...
  Uploading bench_greedy.txt → LocalState\ ...
  Uploading bench_seed.txt → LocalState\ ...
  Uploading bench_tokens.txt → LocalState\ ...
  Uploading bench_profile.txt → LocalState\ ...
  Uploading bench_run_index.txt → LocalState\ ...
  Starting app...
  Waiting for bench-result.csv.done (timeout 300s)...
  Done after 30s (http 200).
  Tokens: /tmp/tmp.qypNdhjVgS/run2.tokens (257 lines)
  Row: qwen35-4b-mtp,Q4_K_M,d3d12,2048,2,102.77,24.60,3461,7359,2614,4147,324,256,0,xbox-series-t2-u64-b256-greedy-s1-g34-noeog-prof0,2026-10-09T17:47:21Z,2,3152.7,3154.1

--- Run 3 / 3 ---
  Uploading bench artifacts...
  Uploading bench.flag → LocalState\ ...
  Uploading prompt.txt → LocalState\ ...
  Uploading model.txt → LocalState\ ...
  Uploading bench_threads.txt → LocalState\ ...
  Uploading bench_ctx.txt → LocalState\ ...
  Uploading bench_npredict.txt → LocalState\ ...
  Uploading bench_maxlen.txt → LocalState\ ...
  Uploading bench_ubatch.txt → LocalState\ ...
  Uploading bench_n_batch.txt → LocalState\ ...
  Uploading bench_kvq8.txt → LocalState\ ...
  Uploading bench_gpu_layers.txt → LocalState\ ...
  Uploading bench_ignore_eog.txt → LocalState\ ...
  Uploading bench_mtp_pmin.txt → LocalState\ ...
  Uploading d3d12twocol.txt → LocalState\ ...
  Uploading bench_greedy.txt → LocalState\ ...
  Uploading bench_seed.txt → LocalState\ ...
  Uploading bench_tokens.txt → LocalState\ ...
  Uploading bench_profile.txt → LocalState\ ...
  Uploading bench_run_index.txt → LocalState\ ...
  Starting app...
  Waiting for bench-result.csv.done (timeout 300s)...
  Done after 30s (http 200).
  Tokens: /tmp/tmp.qypNdhjVgS/run3.tokens (257 lines)
  Row: qwen35-4b-mtp,Q4_K_M,d3d12,2048,2,102.72,24.43,3448,7331,2614,4147,324,256,0,xbox-series-t2-u64-b256-greedy-s1-g34-noeog-prof0,2026-10-09T17:47:57Z,3,3154.1,3155.5

--- Appending recorded runs ---
  appended: qwen35-4b-mtp,Q4_K_M,d3d12,2048,2,102.77,24.60,3461,7359,2614,4147,324,256,0,xbox-series-t2-u64-b256-greedy-s1-g34-noeog-prof0,2026-10-09T17:47:21Z,2,3152.7,3154.1
  appended: qwen35-4b-mtp,Q4_K_M,d3d12,2048,2,102.72,24.43,3448,7331,2614,4147,324,256,0,xbox-series-t2-u64-b256-greedy-s1-g34-noeog-prof0,2026-10-09T17:47:57Z,3,3154.1,3155.5
Appended 2 run(s) to /home/hjotha/worktrees/xllama-qwen35-4b-maxperf/bench/results/qwen4b-maxperf/enabled-rev209/blocks/b2/csv/code256-sw1.csv

Done. /home/hjotha/worktrees/xllama-qwen35-4b-maxperf/bench/results/qwen4b-maxperf/enabled-rev209/blocks/b2/csv/code256-sw1.csv updated.
  Restoring original model.txt on the device...
=== xllama bench-xbox-ort ===
  Model:   qwen35-4b-mtp
  Threads: 2
  n_ctx:   2048
  n_predict: 256
  max_length: derived
  Runs:    3 (run 1 warmup, dropped from median)
  Xbox:    192.168.1.26
  PFN: GianlucaMazza.xllama_1.6.0.209_x64__pj67f1fcj4n14

--- Skipping genai_config (GGUF model; threads via bench_threads.txt) ---

--- Run 1 / 3 ---
  Uploading bench artifacts...
  Uploading bench.flag → LocalState\ ...
  Uploading prompt.txt → LocalState\ ...
  Uploading model.txt → LocalState\ ...
  Uploading bench_threads.txt → LocalState\ ...
  Uploading bench_ctx.txt → LocalState\ ...
  Uploading bench_npredict.txt → LocalState\ ...
  Uploading bench_maxlen.txt → LocalState\ ...
  Uploading bench_ubatch.txt → LocalState\ ...
  Uploading bench_n_batch.txt → LocalState\ ...
  Uploading bench_kvq8.txt → LocalState\ ...
  Uploading bench_gpu_layers.txt → LocalState\ ...
  Uploading bench_ignore_eog.txt → LocalState\ ...
  Uploading bench_mtp_pmin.txt → LocalState\ ...
  Uploading d3d12twocol.txt → LocalState\ ...
  Uploading bench_greedy.txt → LocalState\ ...
  Uploading bench_seed.txt → LocalState\ ...
  Uploading bench_tokens.txt → LocalState\ ...
  Uploading bench_profile.txt → LocalState\ ...
  Uploading bench_run_index.txt → LocalState\ ...
  Starting app...
  Waiting for bench-result.csv.done (timeout 300s)...
  Done after 30s (http 200).
  Tokens: /tmp/tmp.2RnNWckBXV/run1.tokens (257 lines)
  Row: qwen35-4b-mtp,Q4_K_M,d3d12,2048,2,96.67,23.52,3448,7304,2614,4147,298,256,0,xbox-series-t2-u64-b256-greedy-s1-g34-noeog-prof0,2026-10-09T17:48:36Z,1,3082.7,3084.1

--- Run 2 / 3 ---
  Uploading bench artifacts...
  Uploading bench.flag → LocalState\ ...
  Uploading prompt.txt → LocalState\ ...
  Uploading model.txt → LocalState\ ...
  Uploading bench_threads.txt → LocalState\ ...
  Uploading bench_ctx.txt → LocalState\ ...
  Uploading bench_npredict.txt → LocalState\ ...
  Uploading bench_maxlen.txt → LocalState\ ...
  Uploading bench_ubatch.txt → LocalState\ ...
  Uploading bench_n_batch.txt → LocalState\ ...
  Uploading bench_kvq8.txt → LocalState\ ...
  Uploading bench_gpu_layers.txt → LocalState\ ...
  Uploading bench_ignore_eog.txt → LocalState\ ...
  Uploading bench_mtp_pmin.txt → LocalState\ ...
  Uploading d3d12twocol.txt → LocalState\ ...
  Uploading bench_greedy.txt → LocalState\ ...
  Uploading bench_seed.txt → LocalState\ ...
  Uploading bench_tokens.txt → LocalState\ ...
  Uploading bench_profile.txt → LocalState\ ...
  Uploading bench_run_index.txt → LocalState\ ...
  Starting app...
  Waiting for bench-result.csv.done (timeout 300s)...
  Done after 30s (http 200).
  Tokens: /tmp/tmp.2RnNWckBXV/run2.tokens (257 lines)
  Row: qwen35-4b-mtp,Q4_K_M,d3d12,2048,2,96.70,23.38,3459,7236,2614,4147,298,256,0,xbox-series-t2-u64-b256-greedy-s1-g34-noeog-prof0,2026-10-09T17:49:11Z,2,3081.8,3083.3

--- Run 3 / 3 ---
  Uploading bench artifacts...
  Uploading bench.flag → LocalState\ ...
  Uploading prompt.txt → LocalState\ ...
  Uploading model.txt → LocalState\ ...
  Uploading bench_threads.txt → LocalState\ ...
  Uploading bench_ctx.txt → LocalState\ ...
  Uploading bench_npredict.txt → LocalState\ ...
  Uploading bench_maxlen.txt → LocalState\ ...
  Uploading bench_ubatch.txt → LocalState\ ...
  Uploading bench_n_batch.txt → LocalState\ ...
  Uploading bench_kvq8.txt → LocalState\ ...
  Uploading bench_gpu_layers.txt → LocalState\ ...
  Uploading bench_ignore_eog.txt → LocalState\ ...
  Uploading bench_mtp_pmin.txt → LocalState\ ...
  Uploading d3d12twocol.txt → LocalState\ ...
  Uploading bench_greedy.txt → LocalState\ ...
  Uploading bench_seed.txt → LocalState\ ...
  Uploading bench_tokens.txt → LocalState\ ...
  Uploading bench_profile.txt → LocalState\ ...
  Uploading bench_run_index.txt → LocalState\ ...
  Starting app...
  Waiting for bench-result.csv.done (timeout 300s)...
  Done after 30s (http 200).
  Tokens: /tmp/tmp.2RnNWckBXV/run3.tokens (257 lines)
  Row: qwen35-4b-mtp,Q4_K_M,d3d12,2048,2,95.64,23.48,3461,7363,2614,4147,298,256,0,xbox-series-t2-u64-b256-greedy-s1-g34-noeog-prof0,2026-10-09T17:49:47Z,3,3115.8,3117.2

--- Appending recorded runs ---
  appended: qwen35-4b-mtp,Q4_K_M,d3d12,2048,2,96.70,23.38,3459,7236,2614,4147,298,256,0,xbox-series-t2-u64-b256-greedy-s1-g34-noeog-prof0,2026-10-09T17:49:11Z,2,3081.8,3083.3
  appended: qwen35-4b-mtp,Q4_K_M,d3d12,2048,2,95.64,23.48,3461,7363,2614,4147,298,256,0,xbox-series-t2-u64-b256-greedy-s1-g34-noeog-prof0,2026-10-09T17:49:47Z,3,3115.8,3117.2
Appended 2 run(s) to /home/hjotha/worktrees/xllama-qwen35-4b-maxperf/bench/results/qwen4b-maxperf/enabled-rev209/blocks/b2/csv/std256-sw0.csv

Done. /home/hjotha/worktrees/xllama-qwen35-4b-maxperf/bench/results/qwen4b-maxperf/enabled-rev209/blocks/b2/csv/std256-sw0.csv updated.
  Restoring original model.txt on the device...
=== xllama bench-xbox-ort ===
  Model:   qwen35-4b-mtp
  Threads: 2
  n_ctx:   2048
  n_predict: 256
  max_length: derived
  Runs:    3 (run 1 warmup, dropped from median)
  Xbox:    192.168.1.26
  PFN: GianlucaMazza.xllama_1.6.0.209_x64__pj67f1fcj4n14

--- Skipping genai_config (GGUF model; threads via bench_threads.txt) ---

--- Run 1 / 3 ---
  Uploading bench artifacts...
  Uploading bench.flag → LocalState\ ...
  Uploading prompt.txt → LocalState\ ...
  Uploading model.txt → LocalState\ ...
  Uploading bench_threads.txt → LocalState\ ...
  Uploading bench_ctx.txt → LocalState\ ...
  Uploading bench_npredict.txt → LocalState\ ...
  Uploading bench_maxlen.txt → LocalState\ ...
  Uploading bench_ubatch.txt → LocalState\ ...
  Uploading bench_n_batch.txt → LocalState\ ...
  Uploading bench_kvq8.txt → LocalState\ ...
  Uploading bench_gpu_layers.txt → LocalState\ ...
  Uploading bench_ignore_eog.txt → LocalState\ ...
  Uploading bench_mtp_pmin.txt → LocalState\ ...
  Uploading d3d12twocol.txt → LocalState\ ...
  Uploading bench_greedy.txt → LocalState\ ...
  Uploading bench_seed.txt → LocalState\ ...
  Uploading bench_tokens.txt → LocalState\ ...
  Uploading bench_profile.txt → LocalState\ ...
  Uploading bench_run_index.txt → LocalState\ ...
  Starting app...
  Waiting for bench-result.csv.done (timeout 300s)...
  Done after 31s (http 200).
  Tokens: /tmp/tmp.h8uiNQged9/run1.tokens (257 lines)
  Row: qwen35-4b-mtp,Q4_K_M,d3d12,2048,2,102.22,24.73,3461,7175,2614,4147,298,256,0,xbox-series-t2-u64-b256-greedy-s1-g34-noeog-prof0,2026-10-09T17:50:22Z,1,2915.3,2916.7

--- Run 2 / 3 ---
  Uploading bench artifacts...
  Uploading bench.flag → LocalState\ ...
  Uploading prompt.txt → LocalState\ ...
  Uploading model.txt → LocalState\ ...
  Uploading bench_threads.txt → LocalState\ ...
  Uploading bench_ctx.txt → LocalState\ ...
  Uploading bench_npredict.txt → LocalState\ ...
  Uploading bench_maxlen.txt → LocalState\ ...
  Uploading bench_ubatch.txt → LocalState\ ...
  Uploading bench_n_batch.txt → LocalState\ ...
  Uploading bench_kvq8.txt → LocalState\ ...
  Uploading bench_gpu_layers.txt → LocalState\ ...
  Uploading bench_ignore_eog.txt → LocalState\ ...
  Uploading bench_mtp_pmin.txt → LocalState\ ...
  Uploading d3d12twocol.txt → LocalState\ ...
  Uploading bench_greedy.txt → LocalState\ ...
  Uploading bench_seed.txt → LocalState\ ...
  Uploading bench_tokens.txt → LocalState\ ...
  Uploading bench_profile.txt → LocalState\ ...
  Uploading bench_run_index.txt → LocalState\ ...
  Starting app...
  Waiting for bench-result.csv.done (timeout 300s)...
  Done after 30s (http 200).
  Tokens: /tmp/tmp.h8uiNQged9/run2.tokens (257 lines)
  Row: qwen35-4b-mtp,Q4_K_M,d3d12,2048,2,101.59,24.75,3461,7165,2614,4147,298,256,0,xbox-series-t2-u64-b256-greedy-s1-g34-noeog-prof0,2026-10-09T17:50:58Z,2,2933.3,2934.8

--- Run 3 / 3 ---
  Uploading bench artifacts...
  Uploading bench.flag → LocalState\ ...
  Uploading prompt.txt → LocalState\ ...
  Uploading model.txt → LocalState\ ...
  Uploading bench_threads.txt → LocalState\ ...
  Uploading bench_ctx.txt → LocalState\ ...
  Uploading bench_npredict.txt → LocalState\ ...
  Uploading bench_maxlen.txt → LocalState\ ...
  Uploading bench_ubatch.txt → LocalState\ ...
  Uploading bench_n_batch.txt → LocalState\ ...
  Uploading bench_kvq8.txt → LocalState\ ...
  Uploading bench_gpu_layers.txt → LocalState\ ...
  Uploading bench_ignore_eog.txt → LocalState\ ...
  Uploading bench_mtp_pmin.txt → LocalState\ ...
  Uploading d3d12twocol.txt → LocalState\ ...
  Uploading bench_greedy.txt → LocalState\ ...
  Uploading bench_seed.txt → LocalState\ ...
  Uploading bench_tokens.txt → LocalState\ ...
  Uploading bench_profile.txt → LocalState\ ...
  Uploading bench_run_index.txt → LocalState\ ...
  Starting app...
  Waiting for bench-result.csv.done (timeout 300s)...
  Done after 31s (http 200).
  Tokens: /tmp/tmp.h8uiNQged9/run3.tokens (257 lines)
  Row: qwen35-4b-mtp,Q4_K_M,d3d12,2048,2,102.09,24.72,3461,7281,2614,4147,298,256,0,xbox-series-t2-u64-b256-greedy-s1-g34-noeog-prof0,2026-10-09T17:51:33Z,3,2919.1,2920.5

--- Appending recorded runs ---
  appended: qwen35-4b-mtp,Q4_K_M,d3d12,2048,2,101.59,24.75,3461,7165,2614,4147,298,256,0,xbox-series-t2-u64-b256-greedy-s1-g34-noeog-prof0,2026-10-09T17:50:58Z,2,2933.3,2934.8
  appended: qwen35-4b-mtp,Q4_K_M,d3d12,2048,2,102.09,24.72,3461,7281,2614,4147,298,256,0,xbox-series-t2-u64-b256-greedy-s1-g34-noeog-prof0,2026-10-09T17:51:33Z,3,2919.1,2920.5
Appended 2 run(s) to /home/hjotha/worktrees/xllama-qwen35-4b-maxperf/bench/results/qwen4b-maxperf/enabled-rev209/blocks/b2/csv/std256-sw1.csv

Done. /home/hjotha/worktrees/xllama-qwen35-4b-maxperf/bench/results/qwen4b-maxperf/enabled-rev209/blocks/b2/csv/std256-sw1.csv updated.
  Restoring original model.txt on the device...
=== xllama bench-xbox-ort ===
  Model:   qwen35-4b-mtp
  Threads: 2
  n_ctx:   2048
  n_predict: 64
  max_length: derived
  Runs:    3 (run 1 warmup, dropped from median)
  Xbox:    192.168.1.26
  PFN: GianlucaMazza.xllama_1.6.0.209_x64__pj67f1fcj4n14

--- Skipping genai_config (GGUF model; threads via bench_threads.txt) ---

--- Run 1 / 3 ---
  Uploading bench artifacts...
  Uploading bench.flag → LocalState\ ...
  Uploading prompt.txt → LocalState\ ...
  Uploading model.txt → LocalState\ ...
  Uploading bench_threads.txt → LocalState\ ...
  Uploading bench_ctx.txt → LocalState\ ...
  Uploading bench_npredict.txt → LocalState\ ...
  Uploading bench_maxlen.txt → LocalState\ ...
  Uploading bench_ubatch.txt → LocalState\ ...
  Uploading bench_n_batch.txt → LocalState\ ...
  Uploading bench_kvq8.txt → LocalState\ ...
  Uploading bench_gpu_layers.txt → LocalState\ ...
  Uploading bench_ignore_eog.txt → LocalState\ ...
  Uploading bench_mtp.txt → LocalState\ ...
  Uploading bench_mtp_pmin.txt → LocalState\ ...
  Uploading d3d12twocol.txt → LocalState\ ...
  Uploading bench_greedy.txt → LocalState\ ...
  Uploading bench_seed.txt → LocalState\ ...
  Uploading bench_tokens.txt → LocalState\ ...
  Uploading bench_profile.txt → LocalState\ ...
  Uploading bench_run_index.txt → LocalState\ ...
  Starting app...
  Waiting for bench-result.csv.done (timeout 300s)...
  Done after 21s (http 200).
  Tokens: /tmp/tmp.S5c3ZBCleC/run1.tokens (65 lines)
  Row: qwen35-4b-mtp,Q4_K_M,d3d12,2048,2,88.41,29.17,3673,4409,2692,4147,119,64,0,xbox-series-t2-u64-b256-mtp2-pmin50-greedy-s1-g34-noeog-prof0,2026-10-09T17:52:01Z,1,1346.0,1430.6

--- Run 2 / 3 ---
  Uploading bench artifacts...
  Uploading bench.flag → LocalState\ ...
  Uploading prompt.txt → LocalState\ ...
  Uploading model.txt → LocalState\ ...
  Uploading bench_threads.txt → LocalState\ ...
  Uploading bench_ctx.txt → LocalState\ ...
  Uploading bench_npredict.txt → LocalState\ ...
  Uploading bench_maxlen.txt → LocalState\ ...
  Uploading bench_ubatch.txt → LocalState\ ...
  Uploading bench_n_batch.txt → LocalState\ ...
  Uploading bench_kvq8.txt → LocalState\ ...
  Uploading bench_gpu_layers.txt → LocalState\ ...
  Uploading bench_ignore_eog.txt → LocalState\ ...
  Uploading bench_mtp.txt → LocalState\ ...
  Uploading bench_mtp_pmin.txt → LocalState\ ...
  Uploading d3d12twocol.txt → LocalState\ ...
  Uploading bench_greedy.txt → LocalState\ ...
  Uploading bench_seed.txt → LocalState\ ...
  Uploading bench_tokens.txt → LocalState\ ...
  Uploading bench_profile.txt → LocalState\ ...
  Uploading bench_run_index.txt → LocalState\ ...
  Starting app...
  Waiting for bench-result.csv.done (timeout 300s)...
  Done after 20s (http 200).
  Tokens: /tmp/tmp.S5c3ZBCleC/run2.tokens (65 lines)
  Row: qwen35-4b-mtp,Q4_K_M,d3d12,2048,2,90.73,28.59,3672,4345,2692,4147,119,64,0,xbox-series-t2-u64-b256-mtp2-pmin50-greedy-s1-g34-noeog-prof0,2026-10-09T17:52:26Z,2,1311.5,1394.2

--- Run 3 / 3 ---
  Uploading bench artifacts...
  Uploading bench.flag → LocalState\ ...
  Uploading prompt.txt → LocalState\ ...
  Uploading model.txt → LocalState\ ...
  Uploading bench_threads.txt → LocalState\ ...
  Uploading bench_ctx.txt → LocalState\ ...
  Uploading bench_npredict.txt → LocalState\ ...
  Uploading bench_maxlen.txt → LocalState\ ...
  Uploading bench_ubatch.txt → LocalState\ ...
  Uploading bench_n_batch.txt → LocalState\ ...
  Uploading bench_kvq8.txt → LocalState\ ...
  Uploading bench_gpu_layers.txt → LocalState\ ...
  Uploading bench_ignore_eog.txt → LocalState\ ...
  Uploading bench_mtp.txt → LocalState\ ...
  Uploading bench_mtp_pmin.txt → LocalState\ ...
  Uploading d3d12twocol.txt → LocalState\ ...
  Uploading bench_greedy.txt → LocalState\ ...
  Uploading bench_seed.txt → LocalState\ ...
  Uploading bench_tokens.txt → LocalState\ ...
  Uploading bench_profile.txt → LocalState\ ...
  Uploading bench_run_index.txt → LocalState\ ...
  Starting app...
  Waiting for bench-result.csv.done (timeout 300s)...
  Done after 21s (http 200).
  Tokens: /tmp/tmp.S5c3ZBCleC/run3.tokens (65 lines)
  Row: qwen35-4b-mtp,Q4_K_M,d3d12,2048,2,88.24,28.80,3672,4325,2692,4147,119,64,0,xbox-series-t2-u64-b256-mtp2-pmin50-greedy-s1-g34-noeog-prof0,2026-10-09T17:52:52Z,3,1348.5,1432.9

--- Appending recorded runs ---
  appended: qwen35-4b-mtp,Q4_K_M,d3d12,2048,2,90.73,28.59,3672,4345,2692,4147,119,64,0,xbox-series-t2-u64-b256-mtp2-pmin50-greedy-s1-g34-noeog-prof0,2026-10-09T17:52:26Z,2,1311.5,1394.2
  appended: qwen35-4b-mtp,Q4_K_M,d3d12,2048,2,88.24,28.80,3672,4325,2692,4147,119,64,0,xbox-series-t2-u64-b256-mtp2-pmin50-greedy-s1-g34-noeog-prof0,2026-10-09T17:52:52Z,3,1348.5,1432.9
Appended 2 run(s) to /home/hjotha/worktrees/xllama-qwen35-4b-maxperf/bench/results/qwen4b-maxperf/enabled-rev209/blocks/b2/csv/chat64-mtp-sw0.csv

Done. /home/hjotha/worktrees/xllama-qwen35-4b-maxperf/bench/results/qwen4b-maxperf/enabled-rev209/blocks/b2/csv/chat64-mtp-sw0.csv updated.
  Restoring original model.txt on the device...
=== xllama bench-xbox-ort ===
  Model:   qwen35-4b-mtp
  Threads: 2
  n_ctx:   2048
  n_predict: 64
  max_length: derived
  Runs:    3 (run 1 warmup, dropped from median)
  Xbox:    192.168.1.26
  PFN: GianlucaMazza.xllama_1.6.0.209_x64__pj67f1fcj4n14

--- Skipping genai_config (GGUF model; threads via bench_threads.txt) ---

--- Run 1 / 3 ---
  Uploading bench artifacts...
  Uploading bench.flag → LocalState\ ...
  Uploading prompt.txt → LocalState\ ...
  Uploading model.txt → LocalState\ ...
  Uploading bench_threads.txt → LocalState\ ...
  Uploading bench_ctx.txt → LocalState\ ...
  Uploading bench_npredict.txt → LocalState\ ...
  Uploading bench_maxlen.txt → LocalState\ ...
  Uploading bench_ubatch.txt → LocalState\ ...
  Uploading bench_n_batch.txt → LocalState\ ...
  Uploading bench_kvq8.txt → LocalState\ ...
  Uploading bench_gpu_layers.txt → LocalState\ ...
  Uploading bench_ignore_eog.txt → LocalState\ ...
  Uploading bench_mtp.txt → LocalState\ ...
  Uploading bench_mtp_pmin.txt → LocalState\ ...
  Uploading d3d12twocol.txt → LocalState\ ...
  Uploading bench_greedy.txt → LocalState\ ...
  Uploading bench_seed.txt → LocalState\ ...
  Uploading bench_tokens.txt → LocalState\ ...
  Uploading bench_profile.txt → LocalState\ ...
  Uploading bench_run_index.txt → LocalState\ ...
  Starting app...
  Waiting for bench-result.csv.done (timeout 300s)...
  Done after 20s (http 200).
  Tokens: /tmp/tmp.w3QTrTrSPd/run1.tokens (65 lines)
  Row: qwen35-4b-mtp,Q4_K_M,d3d12,2048,2,96.09,30.28,3672,4373,2692,4147,119,64,0,xbox-series-t2-u64-b256-mtp2-pmin50-greedy-s1-g34-noeog-prof0,2026-10-09T17:53:18Z,1,1238.5,1316.2

--- Run 2 / 3 ---
  Uploading bench artifacts...
  Uploading bench.flag → LocalState\ ...
  Uploading prompt.txt → LocalState\ ...
  Uploading model.txt → LocalState\ ...
  Uploading bench_threads.txt → LocalState\ ...
  Uploading bench_ctx.txt → LocalState\ ...
  Uploading bench_npredict.txt → LocalState\ ...
  Uploading bench_maxlen.txt → LocalState\ ...
  Uploading bench_ubatch.txt → LocalState\ ...
  Uploading bench_n_batch.txt → LocalState\ ...
  Uploading bench_kvq8.txt → LocalState\ ...
  Uploading bench_gpu_layers.txt → LocalState\ ...
  Uploading bench_ignore_eog.txt → LocalState\ ...
  Uploading bench_mtp.txt → LocalState\ ...
  Uploading bench_mtp_pmin.txt → LocalState\ ...
  Uploading d3d12twocol.txt → LocalState\ ...
  Uploading bench_greedy.txt → LocalState\ ...
  Uploading bench_seed.txt → LocalState\ ...
  Uploading bench_tokens.txt → LocalState\ ...
  Uploading bench_profile.txt → LocalState\ ...
  Uploading bench_run_index.txt → LocalState\ ...
  Starting app...
  Waiting for bench-result.csv.done (timeout 300s)...
  Done after 20s (http 200).
  Tokens: /tmp/tmp.w3QTrTrSPd/run2.tokens (65 lines)
  Row: qwen35-4b-mtp,Q4_K_M,d3d12,2048,2,95.74,30.14,3673,4348,2692,4147,119,64,0,xbox-series-t2-u64-b256-mtp2-pmin50-greedy-s1-g34-noeog-prof0,2026-10-09T17:53:44Z,2,1242.9,1322.5

--- Run 3 / 3 ---
  Uploading bench artifacts...
  Uploading bench.flag → LocalState\ ...
  Uploading prompt.txt → LocalState\ ...
  Uploading model.txt → LocalState\ ...
  Uploading bench_threads.txt → LocalState\ ...
  Uploading bench_ctx.txt → LocalState\ ...
  Uploading bench_npredict.txt → LocalState\ ...
  Uploading bench_maxlen.txt → LocalState\ ...
  Uploading bench_ubatch.txt → LocalState\ ...
  Uploading bench_n_batch.txt → LocalState\ ...
  Uploading bench_kvq8.txt → LocalState\ ...
  Uploading bench_gpu_layers.txt → LocalState\ ...
  Uploading bench_ignore_eog.txt → LocalState\ ...
  Uploading bench_mtp.txt → LocalState\ ...
  Uploading bench_mtp_pmin.txt → LocalState\ ...
  Uploading d3d12twocol.txt → LocalState\ ...
  Uploading bench_greedy.txt → LocalState\ ...
  Uploading bench_seed.txt → LocalState\ ...
  Uploading bench_tokens.txt → LocalState\ ...
  Uploading bench_profile.txt → LocalState\ ...
  Uploading bench_run_index.txt → LocalState\ ...
  Starting app...
  Waiting for bench-result.csv.done (timeout 300s)...
  Done after 20s (http 200).
  Tokens: /tmp/tmp.w3QTrTrSPd/run3.tokens (65 lines)
  Row: qwen35-4b-mtp,Q4_K_M,d3d12,2048,2,95.55,30.00,3672,4327,2692,4147,119,64,0,xbox-series-t2-u64-b256-mtp2-pmin50-greedy-s1-g34-noeog-prof0,2026-10-09T17:54:09Z,3,1245.4,1323.0

--- Appending recorded runs ---
  appended: qwen35-4b-mtp,Q4_K_M,d3d12,2048,2,95.74,30.14,3673,4348,2692,4147,119,64,0,xbox-series-t2-u64-b256-mtp2-pmin50-greedy-s1-g34-noeog-prof0,2026-10-09T17:53:44Z,2,1242.9,1322.5
  appended: qwen35-4b-mtp,Q4_K_M,d3d12,2048,2,95.55,30.00,3672,4327,2692,4147,119,64,0,xbox-series-t2-u64-b256-mtp2-pmin50-greedy-s1-g34-noeog-prof0,2026-10-09T17:54:09Z,3,1245.4,1323.0
Appended 2 run(s) to /home/hjotha/worktrees/xllama-qwen35-4b-maxperf/bench/results/qwen4b-maxperf/enabled-rev209/blocks/b2/csv/chat64-mtp-sw1.csv

Done. /home/hjotha/worktrees/xllama-qwen35-4b-maxperf/bench/results/qwen4b-maxperf/enabled-rev209/blocks/b2/csv/chat64-mtp-sw1.csv updated.
  Restoring original model.txt on the device...
=== xllama bench-xbox-ort ===
  Model:   qwen35-4b-mtp
  Threads: 2
  n_ctx:   2048
  n_predict: 64
  max_length: derived
  Runs:    3 (run 1 warmup, dropped from median)
  Xbox:    192.168.1.26
  PFN: GianlucaMazza.xllama_1.6.0.209_x64__pj67f1fcj4n14

--- Skipping genai_config (GGUF model; threads via bench_threads.txt) ---

--- Run 1 / 3 ---
  Uploading bench artifacts...
  Uploading bench.flag → LocalState\ ...
  Uploading prompt.txt → LocalState\ ...
  Uploading model.txt → LocalState\ ...
  Uploading bench_threads.txt → LocalState\ ...
  Uploading bench_ctx.txt → LocalState\ ...
  Uploading bench_npredict.txt → LocalState\ ...
  Uploading bench_maxlen.txt → LocalState\ ...
  Uploading bench_ubatch.txt → LocalState\ ...
  Uploading bench_n_batch.txt → LocalState\ ...
  Uploading bench_kvq8.txt → LocalState\ ...
  Uploading bench_gpu_layers.txt → LocalState\ ...
  Uploading bench_ignore_eog.txt → LocalState\ ...
  Uploading bench_mtp.txt → LocalState\ ...
  Uploading bench_mtp_pmin.txt → LocalState\ ...
  Uploading d3d12twocol.txt → LocalState\ ...
  Uploading bench_greedy.txt → LocalState\ ...
  Uploading bench_seed.txt → LocalState\ ...
  Uploading bench_tokens.txt → LocalState\ ...
  Uploading bench_profile.txt → LocalState\ ...
  Uploading bench_run_index.txt → LocalState\ ...
  Starting app...
  Waiting for bench-result.csv.done (timeout 300s)...
  Done after 20s (http 200).
  Tokens: /tmp/tmp.Yc9jYBcYhQ/run1.tokens (65 lines)
  Row: qwen35-4b-mtp,Q4_K_M,d3d12,2048,2,88.37,34.19,3672,4318,2692,4147,324,64,0,xbox-series-t2-u64-b256-mtp2-pmin50-greedy-s1-g34-noeog-prof0,2026-10-09T17:54:38Z,1,3666.2,3750.7

--- Run 2 / 3 ---
  Uploading bench artifacts...
  Uploading bench.flag → LocalState\ ...
  Uploading prompt.txt → LocalState\ ...
  Uploading model.txt → LocalState\ ...
  Uploading bench_threads.txt → LocalState\ ...
  Uploading bench_ctx.txt → LocalState\ ...
  Uploading bench_npredict.txt → LocalState\ ...
  Uploading bench_maxlen.txt → LocalState\ ...
  Uploading bench_ubatch.txt → LocalState\ ...
  Uploading bench_n_batch.txt → LocalState\ ...
  Uploading bench_kvq8.txt → LocalState\ ...
  Uploading bench_gpu_layers.txt → LocalState\ ...
  Uploading bench_ignore_eog.txt → LocalState\ ...
  Uploading bench_mtp.txt → LocalState\ ...
  Uploading bench_mtp_pmin.txt → LocalState\ ...
  Uploading d3d12twocol.txt → LocalState\ ...
  Uploading bench_greedy.txt → LocalState\ ...
  Uploading bench_seed.txt → LocalState\ ...
  Uploading bench_tokens.txt → LocalState\ ...
  Uploading bench_profile.txt → LocalState\ ...
  Uploading bench_run_index.txt → LocalState\ ...
  Starting app...
  Waiting for bench-result.csv.done (timeout 300s)...
  Done after 20s (http 200).
  Tokens: /tmp/tmp.Yc9jYBcYhQ/run2.tokens (65 lines)
  Row: qwen35-4b-mtp,Q4_K_M,d3d12,2048,2,89.37,34.50,3672,4324,2692,4147,324,64,0,xbox-series-t2-u64-b256-mtp2-pmin50-greedy-s1-g34-noeog-prof0,2026-10-09T17:55:03Z,2,3625.4,3709.6

--- Run 3 / 3 ---
  Uploading bench artifacts...
  Uploading bench.flag → LocalState\ ...
  Uploading prompt.txt → LocalState\ ...
  Uploading model.txt → LocalState\ ...
  Uploading bench_threads.txt → LocalState\ ...
  Uploading bench_ctx.txt → LocalState\ ...
  Uploading bench_npredict.txt → LocalState\ ...
  Uploading bench_maxlen.txt → LocalState\ ...
  Uploading bench_ubatch.txt → LocalState\ ...
  Uploading bench_n_batch.txt → LocalState\ ...
  Uploading bench_kvq8.txt → LocalState\ ...
  Uploading bench_gpu_layers.txt → LocalState\ ...
  Uploading bench_ignore_eog.txt → LocalState\ ...
  Uploading bench_mtp.txt → LocalState\ ...
  Uploading bench_mtp_pmin.txt → LocalState\ ...
  Uploading d3d12twocol.txt → LocalState\ ...
  Uploading bench_greedy.txt → LocalState\ ...
  Uploading bench_seed.txt → LocalState\ ...
  Uploading bench_tokens.txt → LocalState\ ...
  Uploading bench_profile.txt → LocalState\ ...
  Uploading bench_run_index.txt → LocalState\ ...
  Starting app...
  Waiting for bench-result.csv.done (timeout 300s)...
  Done after 20s (http 200).
  Tokens: /tmp/tmp.Yc9jYBcYhQ/run3.tokens (65 lines)
  Row: qwen35-4b-mtp,Q4_K_M,d3d12,2048,2,89.85,34.46,3672,4329,2692,4147,324,64,0,xbox-series-t2-u64-b256-mtp2-pmin50-greedy-s1-g34-noeog-prof0,2026-10-09T17:55:28Z,3,3606.1,3690.3

--- Appending recorded runs ---
  appended: qwen35-4b-mtp,Q4_K_M,d3d12,2048,2,89.37,34.50,3672,4324,2692,4147,324,64,0,xbox-series-t2-u64-b256-mtp2-pmin50-greedy-s1-g34-noeog-prof0,2026-10-09T17:55:03Z,2,3625.4,3709.6
  appended: qwen35-4b-mtp,Q4_K_M,d3d12,2048,2,89.85,34.46,3672,4329,2692,4147,324,64,0,xbox-series-t2-u64-b256-mtp2-pmin50-greedy-s1-g34-noeog-prof0,2026-10-09T17:55:28Z,3,3606.1,3690.3
Appended 2 run(s) to /home/hjotha/worktrees/xllama-qwen35-4b-maxperf/bench/results/qwen4b-maxperf/enabled-rev209/blocks/b2/csv/code64-mtp-sw0.csv

Done. /home/hjotha/worktrees/xllama-qwen35-4b-maxperf/bench/results/qwen4b-maxperf/enabled-rev209/blocks/b2/csv/code64-mtp-sw0.csv updated.
  Restoring original model.txt on the device...
=== xllama bench-xbox-ort ===
  Model:   qwen35-4b-mtp
  Threads: 2
  n_ctx:   2048
  n_predict: 64
  max_length: derived
  Runs:    3 (run 1 warmup, dropped from median)
  Xbox:    192.168.1.26
  PFN: GianlucaMazza.xllama_1.6.0.209_x64__pj67f1fcj4n14

--- Skipping genai_config (GGUF model; threads via bench_threads.txt) ---

--- Run 1 / 3 ---
  Uploading bench artifacts...
  Uploading bench.flag → LocalState\ ...
  Uploading prompt.txt → LocalState\ ...
  Uploading model.txt → LocalState\ ...
  Uploading bench_threads.txt → LocalState\ ...
  Uploading bench_ctx.txt → LocalState\ ...
  Uploading bench_npredict.txt → LocalState\ ...
  Uploading bench_maxlen.txt → LocalState\ ...
  Uploading bench_ubatch.txt → LocalState\ ...
  Uploading bench_n_batch.txt → LocalState\ ...
  Uploading bench_kvq8.txt → LocalState\ ...
  Uploading bench_gpu_layers.txt → LocalState\ ...
  Uploading bench_ignore_eog.txt → LocalState\ ...
  Uploading bench_mtp.txt → LocalState\ ...
  Uploading bench_mtp_pmin.txt → LocalState\ ...
  Uploading d3d12twocol.txt → LocalState\ ...
  Uploading bench_greedy.txt → LocalState\ ...
  Uploading bench_seed.txt → LocalState\ ...
  Uploading bench_tokens.txt → LocalState\ ...
  Uploading bench_profile.txt → LocalState\ ...
  Uploading bench_run_index.txt → LocalState\ ...
  Starting app...
  Waiting for bench-result.csv.done (timeout 300s)...
  Done after 20s (http 200).
  Tokens: /tmp/tmp.sujTwzhLqf/run1.tokens (65 lines)
  Row: qwen35-4b-mtp,Q4_K_M,d3d12,2048,2,94.97,35.75,3672,4273,2692,4147,324,64,0,xbox-series-t2-u64-b256-mtp2-pmin50-greedy-s1-g34-noeog-prof0,2026-10-09T17:55:54Z,1,3411.5,3492.9

--- Run 2 / 3 ---
  Uploading bench artifacts...
  Uploading bench.flag → LocalState\ ...
  Uploading prompt.txt → LocalState\ ...
  Uploading model.txt → LocalState\ ...
  Uploading bench_threads.txt → LocalState\ ...
  Uploading bench_ctx.txt → LocalState\ ...
  Uploading bench_npredict.txt → LocalState\ ...
  Uploading bench_maxlen.txt → LocalState\ ...
  Uploading bench_ubatch.txt → LocalState\ ...
  Uploading bench_n_batch.txt → LocalState\ ...
  Uploading bench_kvq8.txt → LocalState\ ...
  Uploading bench_gpu_layers.txt → LocalState\ ...
  Uploading bench_ignore_eog.txt → LocalState\ ...
  Uploading bench_mtp.txt → LocalState\ ...
  Uploading bench_mtp_pmin.txt → LocalState\ ...
  Uploading d3d12twocol.txt → LocalState\ ...
  Uploading bench_greedy.txt → LocalState\ ...
  Uploading bench_seed.txt → LocalState\ ...
  Uploading bench_tokens.txt → LocalState\ ...
  Uploading bench_profile.txt → LocalState\ ...
  Uploading bench_run_index.txt → LocalState\ ...
  Starting app...
  Waiting for bench-result.csv.done (timeout 300s)...
  Done after 20s (http 200).
  Tokens: /tmp/tmp.sujTwzhLqf/run2.tokens (65 lines)
  Row: qwen35-4b-mtp,Q4_K_M,d3d12,2048,2,94.71,35.98,3662,4299,2692,4147,324,64,0,xbox-series-t2-u64-b256-mtp2-pmin50-greedy-s1-g34-noeog-prof0,2026-10-09T17:56:19Z,2,3421.1,3501.8

--- Run 3 / 3 ---
  Uploading bench artifacts...
  Uploading bench.flag → LocalState\ ...
  Uploading prompt.txt → LocalState\ ...
  Uploading model.txt → LocalState\ ...
  Uploading bench_threads.txt → LocalState\ ...
  Uploading bench_ctx.txt → LocalState\ ...
  Uploading bench_npredict.txt → LocalState\ ...
  Uploading bench_maxlen.txt → LocalState\ ...
  Uploading bench_ubatch.txt → LocalState\ ...
  Uploading bench_n_batch.txt → LocalState\ ...
  Uploading bench_kvq8.txt → LocalState\ ...
  Uploading bench_gpu_layers.txt → LocalState\ ...
  Uploading bench_ignore_eog.txt → LocalState\ ...
  Uploading bench_mtp.txt → LocalState\ ...
  Uploading bench_mtp_pmin.txt → LocalState\ ...
  Uploading d3d12twocol.txt → LocalState\ ...
  Uploading bench_greedy.txt → LocalState\ ...
  Uploading bench_seed.txt → LocalState\ ...
  Uploading bench_tokens.txt → LocalState\ ...
  Uploading bench_profile.txt → LocalState\ ...
  Uploading bench_run_index.txt → LocalState\ ...
  Starting app...
  Waiting for bench-result.csv.done (timeout 300s)...
  Done after 20s (http 200).
  Tokens: /tmp/tmp.sujTwzhLqf/run3.tokens (65 lines)
  Row: qwen35-4b-mtp,Q4_K_M,d3d12,2048,2,94.89,35.68,3672,4351,2692,4147,324,64,0,xbox-series-t2-u64-b256-mtp2-pmin50-greedy-s1-g34-noeog-prof0,2026-10-09T17:56:44Z,3,3414.5,3515.8

--- Appending recorded runs ---
  appended: qwen35-4b-mtp,Q4_K_M,d3d12,2048,2,94.71,35.98,3662,4299,2692,4147,324,64,0,xbox-series-t2-u64-b256-mtp2-pmin50-greedy-s1-g34-noeog-prof0,2026-10-09T17:56:19Z,2,3421.1,3501.8
  appended: qwen35-4b-mtp,Q4_K_M,d3d12,2048,2,94.89,35.68,3672,4351,2692,4147,324,64,0,xbox-series-t2-u64-b256-mtp2-pmin50-greedy-s1-g34-noeog-prof0,2026-10-09T17:56:44Z,3,3414.5,3515.8
Appended 2 run(s) to /home/hjotha/worktrees/xllama-qwen35-4b-maxperf/bench/results/qwen4b-maxperf/enabled-rev209/blocks/b2/csv/code64-mtp-sw1.csv

Done. /home/hjotha/worktrees/xllama-qwen35-4b-maxperf/bench/results/qwen4b-maxperf/enabled-rev209/blocks/b2/csv/code64-mtp-sw1.csv updated.
  Restoring original model.txt on the device...
=== xllama bench-xbox-ort ===
  Model:   qwen35-4b-mtp
  Threads: 2
  n_ctx:   2048
  n_predict: 64
  max_length: derived
  Runs:    3 (run 1 warmup, dropped from median)
  Xbox:    192.168.1.26
  PFN: GianlucaMazza.xllama_1.6.0.209_x64__pj67f1fcj4n14

--- Skipping genai_config (GGUF model; threads via bench_threads.txt) ---

--- Run 1 / 3 ---
  Uploading bench artifacts...
  Uploading bench.flag → LocalState\ ...
  Uploading prompt.txt → LocalState\ ...
  Uploading model.txt → LocalState\ ...
  Uploading bench_threads.txt → LocalState\ ...
  Uploading bench_ctx.txt → LocalState\ ...
  Uploading bench_npredict.txt → LocalState\ ...
  Uploading bench_maxlen.txt → LocalState\ ...
  Uploading bench_ubatch.txt → LocalState\ ...
  Uploading bench_n_batch.txt → LocalState\ ...
  Uploading bench_kvq8.txt → LocalState\ ...
  Uploading bench_gpu_layers.txt → LocalState\ ...
  Uploading bench_ignore_eog.txt → LocalState\ ...
  Uploading bench_mtp.txt → LocalState\ ...
  Uploading bench_mtp_pmin.txt → LocalState\ ...
  Uploading d3d12twocol.txt → LocalState\ ...
  Uploading bench_greedy.txt → LocalState\ ...
  Uploading bench_seed.txt → LocalState\ ...
  Uploading bench_tokens.txt → LocalState\ ...
  Uploading bench_profile.txt → LocalState\ ...
  Uploading bench_run_index.txt → LocalState\ ...
  Starting app...
  Waiting for bench-result.csv.done (timeout 300s)...
  Done after 21s (http 200).
  Tokens: /tmp/tmp.vdUpwqqiU7/run1.tokens (65 lines)
  Row: qwen35-4b-mtp,Q4_K_M,d3d12,2048,2,88.96,28.24,3672,4271,2692,4147,298,64,0,xbox-series-t2-u64-b256-mtp2-pmin50-greedy-s1-g34-noeog-prof0,2026-10-09T17:57:12Z,1,3349.7,3433.6

--- Run 2 / 3 ---
  Uploading bench artifacts...
  Uploading bench.flag → LocalState\ ...
  Uploading prompt.txt → LocalState\ ...
  Uploading model.txt → LocalState\ ...
  Uploading bench_threads.txt → LocalState\ ...
  Uploading bench_ctx.txt → LocalState\ ...
  Uploading bench_npredict.txt → LocalState\ ...
  Uploading bench_maxlen.txt → LocalState\ ...
  Uploading bench_ubatch.txt → LocalState\ ...
  Uploading bench_n_batch.txt → LocalState\ ...
  Uploading bench_kvq8.txt → LocalState\ ...
  Uploading bench_gpu_layers.txt → LocalState\ ...
  Uploading bench_ignore_eog.txt → LocalState\ ...
  Uploading bench_mtp.txt → LocalState\ ...
  Uploading bench_mtp_pmin.txt → LocalState\ ...
  Uploading d3d12twocol.txt → LocalState\ ...
  Uploading bench_greedy.txt → LocalState\ ...
  Uploading bench_seed.txt → LocalState\ ...
  Uploading bench_tokens.txt → LocalState\ ...
  Uploading bench_profile.txt → LocalState\ ...
  Uploading bench_run_index.txt → LocalState\ ...
  Starting app...
  Waiting for bench-result.csv.done (timeout 300s)...
  Done after 21s (http 200).
  Tokens: /tmp/tmp.vdUpwqqiU7/run2.tokens (65 lines)
  Row: qwen35-4b-mtp,Q4_K_M,d3d12,2048,2,88.87,28.19,3672,4346,2692,4147,298,64,0,xbox-series-t2-u64-b256-mtp2-pmin50-greedy-s1-g34-noeog-prof0,2026-10-09T17:57:37Z,2,3353.1,3441.5

--- Run 3 / 3 ---
  Uploading bench artifacts...
  Uploading bench.flag → LocalState\ ...
  Uploading prompt.txt → LocalState\ ...
  Uploading model.txt → LocalState\ ...
  Uploading bench_threads.txt → LocalState\ ...
  Uploading bench_ctx.txt → LocalState\ ...
  Uploading bench_npredict.txt → LocalState\ ...
  Uploading bench_maxlen.txt → LocalState\ ...
  Uploading bench_ubatch.txt → LocalState\ ...
  Uploading bench_n_batch.txt → LocalState\ ...
  Uploading bench_kvq8.txt → LocalState\ ...
  Uploading bench_gpu_layers.txt → LocalState\ ...
  Uploading bench_ignore_eog.txt → LocalState\ ...
  Uploading bench_mtp.txt → LocalState\ ...
  Uploading bench_mtp_pmin.txt → LocalState\ ...
  Uploading d3d12twocol.txt → LocalState\ ...
  Uploading bench_greedy.txt → LocalState\ ...
  Uploading bench_seed.txt → LocalState\ ...
  Uploading bench_tokens.txt → LocalState\ ...
  Uploading bench_profile.txt → LocalState\ ...
  Uploading bench_run_index.txt → LocalState\ ...
  Starting app...
  Waiting for bench-result.csv.done (timeout 300s)...
  Done after 20s (http 200).
  Tokens: /tmp/tmp.vdUpwqqiU7/run3.tokens (65 lines)
  Row: qwen35-4b-mtp,Q4_K_M,d3d12,2048,2,89.67,28.09,3672,4316,2692,4147,298,64,0,xbox-series-t2-u64-b256-mtp2-pmin50-greedy-s1-g34-noeog-prof0,2026-10-09T17:58:02Z,3,3323.4,3407.3

--- Appending recorded runs ---
  appended: qwen35-4b-mtp,Q4_K_M,d3d12,2048,2,88.87,28.19,3672,4346,2692,4147,298,64,0,xbox-series-t2-u64-b256-mtp2-pmin50-greedy-s1-g34-noeog-prof0,2026-10-09T17:57:37Z,2,3353.1,3441.5
  appended: qwen35-4b-mtp,Q4_K_M,d3d12,2048,2,89.67,28.09,3672,4316,2692,4147,298,64,0,xbox-series-t2-u64-b256-mtp2-pmin50-greedy-s1-g34-noeog-prof0,2026-10-09T17:58:02Z,3,3323.4,3407.3
Appended 2 run(s) to /home/hjotha/worktrees/xllama-qwen35-4b-maxperf/bench/results/qwen4b-maxperf/enabled-rev209/blocks/b2/csv/std64-mtp-sw0.csv

Done. /home/hjotha/worktrees/xllama-qwen35-4b-maxperf/bench/results/qwen4b-maxperf/enabled-rev209/blocks/b2/csv/std64-mtp-sw0.csv updated.
  Restoring original model.txt on the device...
=== xllama bench-xbox-ort ===
  Model:   qwen35-4b-mtp
  Threads: 2
  n_ctx:   2048
  n_predict: 64
  max_length: derived
  Runs:    3 (run 1 warmup, dropped from median)
  Xbox:    192.168.1.26
  PFN: GianlucaMazza.xllama_1.6.0.209_x64__pj67f1fcj4n14

--- Skipping genai_config (GGUF model; threads via bench_threads.txt) ---

--- Run 1 / 3 ---
  Uploading bench artifacts...
  Uploading bench.flag → LocalState\ ...
  Uploading prompt.txt → LocalState\ ...
  Uploading model.txt → LocalState\ ...
  Uploading bench_threads.txt → LocalState\ ...
  Uploading bench_ctx.txt → LocalState\ ...
  Uploading bench_npredict.txt → LocalState\ ...
  Uploading bench_maxlen.txt → LocalState\ ...
  Uploading bench_ubatch.txt → LocalState\ ...
  Uploading bench_n_batch.txt → LocalState\ ...
  Uploading bench_kvq8.txt → LocalState\ ...
  Uploading bench_gpu_layers.txt → LocalState\ ...
  Uploading bench_ignore_eog.txt → LocalState\ ...
  Uploading bench_mtp.txt → LocalState\ ...
  Uploading bench_mtp_pmin.txt → LocalState\ ...
  Uploading d3d12twocol.txt → LocalState\ ...
  Uploading bench_greedy.txt → LocalState\ ...
  Uploading bench_seed.txt → LocalState\ ...
  Uploading bench_tokens.txt → LocalState\ ...
  Uploading bench_profile.txt → LocalState\ ...
  Uploading bench_run_index.txt → LocalState\ ...
  Starting app...
  Waiting for bench-result.csv.done (timeout 300s)...
  Done after 20s (http 200).
  Tokens: /tmp/tmp.xS6jaJuaKa/run1.tokens (65 lines)
  Row: qwen35-4b-mtp,Q4_K_M,d3d12,2048,2,93.42,29.12,3672,4291,2692,4147,298,64,0,xbox-series-t2-u64-b256-mtp2-pmin50-greedy-s1-g34-noeog-prof0,2026-10-09T17:58:29Z,1,3189.8,3270.7

--- Run 2 / 3 ---
  Uploading bench artifacts...
  Uploading bench.flag → LocalState\ ...
  Uploading prompt.txt → LocalState\ ...
  Uploading model.txt → LocalState\ ...
  Uploading bench_threads.txt → LocalState\ ...
  Uploading bench_ctx.txt → LocalState\ ...
  Uploading bench_npredict.txt → LocalState\ ...
  Uploading bench_maxlen.txt → LocalState\ ...
  Uploading bench_ubatch.txt → LocalState\ ...
  Uploading bench_n_batch.txt → LocalState\ ...
  Uploading bench_kvq8.txt → LocalState\ ...
  Uploading bench_gpu_layers.txt → LocalState\ ...
  Uploading bench_ignore_eog.txt → LocalState\ ...
  Uploading bench_mtp.txt → LocalState\ ...
  Uploading bench_mtp_pmin.txt → LocalState\ ...
  Uploading d3d12twocol.txt → LocalState\ ...
  Uploading bench_greedy.txt → LocalState\ ...
  Uploading bench_seed.txt → LocalState\ ...
  Uploading bench_tokens.txt → LocalState\ ...
  Uploading bench_profile.txt → LocalState\ ...
  Uploading bench_run_index.txt → LocalState\ ...
  Starting app...
  Waiting for bench-result.csv.done (timeout 300s)...
  Done after 20s (http 200).
  Tokens: /tmp/tmp.xS6jaJuaKa/run2.tokens (65 lines)
  Row: qwen35-4b-mtp,Q4_K_M,d3d12,2048,2,93.50,28.83,3672,4321,2692,4147,298,64,0,xbox-series-t2-u64-b256-mtp2-pmin50-greedy-s1-g34-noeog-prof0,2026-10-09T17:58:54Z,2,3187.2,3267.7

--- Run 3 / 3 ---
  Uploading bench artifacts...
  Uploading bench.flag → LocalState\ ...
  Uploading prompt.txt → LocalState\ ...
  Uploading model.txt → LocalState\ ...
  Uploading bench_threads.txt → LocalState\ ...
  Uploading bench_ctx.txt → LocalState\ ...
  Uploading bench_npredict.txt → LocalState\ ...
  Uploading bench_maxlen.txt → LocalState\ ...
  Uploading bench_ubatch.txt → LocalState\ ...
  Uploading bench_n_batch.txt → LocalState\ ...
  Uploading bench_kvq8.txt → LocalState\ ...
  Uploading bench_gpu_layers.txt → LocalState\ ...
  Uploading bench_ignore_eog.txt → LocalState\ ...
  Uploading bench_mtp.txt → LocalState\ ...
  Uploading bench_mtp_pmin.txt → LocalState\ ...
  Uploading d3d12twocol.txt → LocalState\ ...
  Uploading bench_greedy.txt → LocalState\ ...
  Uploading bench_seed.txt → LocalState\ ...
  Uploading bench_tokens.txt → LocalState\ ...
  Uploading bench_profile.txt → LocalState\ ...
  Uploading bench_run_index.txt → LocalState\ ...
  Starting app...
  Waiting for bench-result.csv.done (timeout 300s)...
  Done after 20s (http 200).
  Tokens: /tmp/tmp.xS6jaJuaKa/run3.tokens (65 lines)
  Row: qwen35-4b-mtp,Q4_K_M,d3d12,2048,2,93.49,29.05,3672,4308,2692,4147,298,64,0,xbox-series-t2-u64-b256-mtp2-pmin50-greedy-s1-g34-noeog-prof0,2026-10-09T17:59:19Z,3,3187.6,3268.0

--- Appending recorded runs ---
  appended: qwen35-4b-mtp,Q4_K_M,d3d12,2048,2,93.50,28.83,3672,4321,2692,4147,298,64,0,xbox-series-t2-u64-b256-mtp2-pmin50-greedy-s1-g34-noeog-prof0,2026-10-09T17:58:54Z,2,3187.2,3267.7
  appended: qwen35-4b-mtp,Q4_K_M,d3d12,2048,2,93.49,29.05,3672,4308,2692,4147,298,64,0,xbox-series-t2-u64-b256-mtp2-pmin50-greedy-s1-g34-noeog-prof0,2026-10-09T17:59:19Z,3,3187.6,3268.0
Appended 2 run(s) to /home/hjotha/worktrees/xllama-qwen35-4b-maxperf/bench/results/qwen4b-maxperf/enabled-rev209/blocks/b2/csv/std64-mtp-sw1.csv

Done. /home/hjotha/worktrees/xllama-qwen35-4b-maxperf/bench/results/qwen4b-maxperf/enabled-rev209/blocks/b2/csv/std64-mtp-sw1.csv updated.
  Restoring original model.txt on the device...
=== xllama bench-xbox-ort ===
  Model:   qwen35-4b-mtp
  Threads: 2
  n_ctx:   2048
  n_predict: 256
  max_length: derived
  Runs:    3 (run 1 warmup, dropped from median)
  Xbox:    192.168.1.26
  PFN: GianlucaMazza.xllama_1.6.0.209_x64__pj67f1fcj4n14

--- Skipping genai_config (GGUF model; threads via bench_threads.txt) ---

--- Run 1 / 3 ---
  Uploading bench artifacts...
  Uploading bench.flag → LocalState\ ...
  Uploading prompt.txt → LocalState\ ...
  Uploading model.txt → LocalState\ ...
  Uploading bench_threads.txt → LocalState\ ...
  Uploading bench_ctx.txt → LocalState\ ...
  Uploading bench_npredict.txt → LocalState\ ...
  Uploading bench_maxlen.txt → LocalState\ ...
  Uploading bench_ubatch.txt → LocalState\ ...
  Uploading bench_n_batch.txt → LocalState\ ...
  Uploading bench_kvq8.txt → LocalState\ ...
  Uploading bench_gpu_layers.txt → LocalState\ ...
  Uploading bench_ignore_eog.txt → LocalState\ ...
  Uploading bench_mtp.txt → LocalState\ ...
  Uploading bench_mtp_pmin.txt → LocalState\ ...
  Uploading d3d12twocol.txt → LocalState\ ...
  Uploading bench_greedy.txt → LocalState\ ...
  Uploading bench_seed.txt → LocalState\ ...
  Uploading bench_tokens.txt → LocalState\ ...
  Uploading bench_profile.txt → LocalState\ ...
  Uploading bench_run_index.txt → LocalState\ ...
  Starting app...
  Waiting for bench-result.csv.done (timeout 300s)...
  Done after 20s (http 200).
  Tokens: /tmp/tmp.KJqlYzU4EN/run1.tokens (257 lines)
  Row: qwen35-4b-mtp,Q4_K_M,d3d12,2048,2,90.33,24.87,3672,4304,2692,4147,119,256,0,xbox-series-t2-u64-b256-mtp2-pmin50-greedy-s1-g34-noeog-prof0,2026-10-09T17:59:52Z,1,1317.3,1396.7

--- Run 2 / 3 ---
  Uploading bench artifacts...
  Uploading bench.flag → LocalState\ ...
  Uploading prompt.txt → LocalState\ ...
  Uploading model.txt → LocalState\ ...
  Uploading bench_threads.txt → LocalState\ ...
  Uploading bench_ctx.txt → LocalState\ ...
  Uploading bench_npredict.txt → LocalState\ ...
  Uploading bench_maxlen.txt → LocalState\ ...
  Uploading bench_ubatch.txt → LocalState\ ...
  Uploading bench_n_batch.txt → LocalState\ ...
  Uploading bench_kvq8.txt → LocalState\ ...
  Uploading bench_gpu_layers.txt → LocalState\ ...
  Uploading bench_ignore_eog.txt → LocalState\ ...
  Uploading bench_mtp.txt → LocalState\ ...
  Uploading bench_mtp_pmin.txt → LocalState\ ...
  Uploading d3d12twocol.txt → LocalState\ ...
  Uploading bench_greedy.txt → LocalState\ ...
  Uploading bench_seed.txt → LocalState\ ...
  Uploading bench_tokens.txt → LocalState\ ...
  Uploading bench_profile.txt → LocalState\ ...
  Uploading bench_run_index.txt → LocalState\ ...
  Starting app...
  Waiting for bench-result.csv.done (timeout 300s)...
  Done after 21s (http 200).
  Tokens: /tmp/tmp.KJqlYzU4EN/run2.tokens (257 lines)
  Row: qwen35-4b-mtp,Q4_K_M,d3d12,2048,2,88.07,28.11,3673,4360,2692,4147,119,256,0,xbox-series-t2-u64-b256-mtp2-pmin50-greedy-s1-g34-noeog-prof0,2026-10-09T18:00:16Z,2,1351.2,1436.0

--- Run 3 / 3 ---
  Uploading bench artifacts...
  Uploading bench.flag → LocalState\ ...
  Uploading prompt.txt → LocalState\ ...
  Uploading model.txt → LocalState\ ...
  Uploading bench_threads.txt → LocalState\ ...
  Uploading bench_ctx.txt → LocalState\ ...
  Uploading bench_npredict.txt → LocalState\ ...
  Uploading bench_maxlen.txt → LocalState\ ...
  Uploading bench_ubatch.txt → LocalState\ ...
  Uploading bench_n_batch.txt → LocalState\ ...
  Uploading bench_kvq8.txt → LocalState\ ...
  Uploading bench_gpu_layers.txt → LocalState\ ...
  Uploading bench_ignore_eog.txt → LocalState\ ...
  Uploading bench_mtp.txt → LocalState\ ...
  Uploading bench_mtp_pmin.txt → LocalState\ ...
  Uploading d3d12twocol.txt → LocalState\ ...
  Uploading bench_greedy.txt → LocalState\ ...
  Uploading bench_seed.txt → LocalState\ ...
  Uploading bench_tokens.txt → LocalState\ ...
  Uploading bench_profile.txt → LocalState\ ...
  Uploading bench_run_index.txt → LocalState\ ...
  Starting app...
  Waiting for bench-result.csv.done (timeout 300s)...
  Done after 20s (http 200).
  Tokens: /tmp/tmp.KJqlYzU4EN/run3.tokens (257 lines)
  Row: qwen35-4b-mtp,Q4_K_M,d3d12,2048,2,89.40,27.96,3672,4384,2692,4147,119,256,0,xbox-series-t2-u64-b256-mtp2-pmin50-greedy-s1-g34-noeog-prof0,2026-10-09T18:00:41Z,3,1331.0,1413.6

--- Appending recorded runs ---
  appended: qwen35-4b-mtp,Q4_K_M,d3d12,2048,2,88.07,28.11,3673,4360,2692,4147,119,256,0,xbox-series-t2-u64-b256-mtp2-pmin50-greedy-s1-g34-noeog-prof0,2026-10-09T18:00:16Z,2,1351.2,1436.0
  appended: qwen35-4b-mtp,Q4_K_M,d3d12,2048,2,89.40,27.96,3672,4384,2692,4147,119,256,0,xbox-series-t2-u64-b256-mtp2-pmin50-greedy-s1-g34-noeog-prof0,2026-10-09T18:00:41Z,3,1331.0,1413.6
Appended 2 run(s) to /home/hjotha/worktrees/xllama-qwen35-4b-maxperf/bench/results/qwen4b-maxperf/enabled-rev209/blocks/b2/csv/chat256-mtp-sw0.csv

Done. /home/hjotha/worktrees/xllama-qwen35-4b-maxperf/bench/results/qwen4b-maxperf/enabled-rev209/blocks/b2/csv/chat256-mtp-sw0.csv updated.
  Restoring original model.txt on the device...
=== xllama bench-xbox-ort ===
  Model:   qwen35-4b-mtp
  Threads: 2
  n_ctx:   2048
  n_predict: 256
  max_length: derived
  Runs:    3 (run 1 warmup, dropped from median)
  Xbox:    192.168.1.26
  PFN: GianlucaMazza.xllama_1.6.0.209_x64__pj67f1fcj4n14

--- Skipping genai_config (GGUF model; threads via bench_threads.txt) ---

--- Run 1 / 3 ---
  Uploading bench artifacts...
  Uploading bench.flag → LocalState\ ...
  Uploading prompt.txt → LocalState\ ...
  Uploading model.txt → LocalState\ ...
  Uploading bench_threads.txt → LocalState\ ...
  Uploading bench_ctx.txt → LocalState\ ...
  Uploading bench_npredict.txt → LocalState\ ...
  Uploading bench_maxlen.txt → LocalState\ ...
  Uploading bench_ubatch.txt → LocalState\ ...
  Uploading bench_n_batch.txt → LocalState\ ...
  Uploading bench_kvq8.txt → LocalState\ ...
  Uploading bench_gpu_layers.txt → LocalState\ ...
  Uploading bench_ignore_eog.txt → LocalState\ ...
  Uploading bench_mtp.txt → LocalState\ ...
  Uploading bench_mtp_pmin.txt → LocalState\ ...
  Uploading d3d12twocol.txt → LocalState\ ...
  Uploading bench_greedy.txt → LocalState\ ...
  Uploading bench_seed.txt → LocalState\ ...
  Uploading bench_tokens.txt → LocalState\ ...
  Uploading bench_profile.txt → LocalState\ ...
  Uploading bench_run_index.txt → LocalState\ ...
  Starting app...
  Waiting for bench-result.csv.done (timeout 300s)...
  Done after 21s (http 200).
  Tokens: /tmp/tmp.IwDzD2fmY8/run1.tokens (257 lines)
  Row: qwen35-4b-mtp,Q4_K_M,d3d12,2048,2,91.69,29.24,3672,4357,2692,4147,119,256,0,xbox-series-t2-u64-b256-mtp2-pmin50-greedy-s1-g34-noeog-prof0,2026-10-09T18:01:06Z,1,1297.9,1379.4

--- Run 2 / 3 ---
  Uploading bench artifacts...
  Uploading bench.flag → LocalState\ ...
  Uploading prompt.txt → LocalState\ ...
  Uploading model.txt → LocalState\ ...
  Uploading bench_threads.txt → LocalState\ ...
  Uploading bench_ctx.txt → LocalState\ ...
  Uploading bench_npredict.txt → LocalState\ ...
  Uploading bench_maxlen.txt → LocalState\ ...
  Uploading bench_ubatch.txt → LocalState\ ...
  Uploading bench_n_batch.txt → LocalState\ ...
  Uploading bench_kvq8.txt → LocalState\ ...
  Uploading bench_gpu_layers.txt → LocalState\ ...
  Uploading bench_ignore_eog.txt → LocalState\ ...
  Uploading bench_mtp.txt → LocalState\ ...
  Uploading bench_mtp_pmin.txt → LocalState\ ...
  Uploading d3d12twocol.txt → LocalState\ ...
  Uploading bench_greedy.txt → LocalState\ ...
  Uploading bench_seed.txt → LocalState\ ...
  Uploading bench_tokens.txt → LocalState\ ...
  Uploading bench_profile.txt → LocalState\ ...
  Uploading bench_run_index.txt → LocalState\ ...
  Starting app...
  Waiting for bench-result.csv.done (timeout 300s)...
  Done after 21s (http 200).
  Tokens: /tmp/tmp.IwDzD2fmY8/run2.tokens (257 lines)
  Row: qwen35-4b-mtp,Q4_K_M,d3d12,2048,2,95.67,29.31,3672,4314,2692,4147,119,256,0,xbox-series-t2-u64-b256-mtp2-pmin50-greedy-s1-g34-noeog-prof0,2026-10-09T18:01:31Z,2,1243.8,1319.6

--- Run 3 / 3 ---
  Uploading bench artifacts...
  Uploading bench.flag → LocalState\ ...
  Uploading prompt.txt → LocalState\ ...
  Uploading model.txt → LocalState\ ...
  Uploading bench_threads.txt → LocalState\ ...
  Uploading bench_ctx.txt → LocalState\ ...
  Uploading bench_npredict.txt → LocalState\ ...
  Uploading bench_maxlen.txt → LocalState\ ...
  Uploading bench_ubatch.txt → LocalState\ ...
  Uploading bench_n_batch.txt → LocalState\ ...
  Uploading bench_kvq8.txt → LocalState\ ...
  Uploading bench_gpu_layers.txt → LocalState\ ...
  Uploading bench_ignore_eog.txt → LocalState\ ...
  Uploading bench_mtp.txt → LocalState\ ...
  Uploading bench_mtp_pmin.txt → LocalState\ ...
  Uploading d3d12twocol.txt → LocalState\ ...
  Uploading bench_greedy.txt → LocalState\ ...
  Uploading bench_seed.txt → LocalState\ ...
  Uploading bench_tokens.txt → LocalState\ ...
  Uploading bench_profile.txt → LocalState\ ...
  Uploading bench_run_index.txt → LocalState\ ...
  Starting app...
  Waiting for bench-result.csv.done (timeout 300s)...
  Done after 21s (http 200).
  Tokens: /tmp/tmp.IwDzD2fmY8/run3.tokens (257 lines)
  Row: qwen35-4b-mtp,Q4_K_M,d3d12,2048,2,93.23,29.24,3673,4320,2692,4147,119,256,0,xbox-series-t2-u64-b256-mtp2-pmin50-greedy-s1-g34-noeog-prof0,2026-10-09T18:01:56Z,3,1276.4,1378.6

--- Appending recorded runs ---
  appended: qwen35-4b-mtp,Q4_K_M,d3d12,2048,2,95.67,29.31,3672,4314,2692,4147,119,256,0,xbox-series-t2-u64-b256-mtp2-pmin50-greedy-s1-g34-noeog-prof0,2026-10-09T18:01:31Z,2,1243.8,1319.6
  appended: qwen35-4b-mtp,Q4_K_M,d3d12,2048,2,93.23,29.24,3673,4320,2692,4147,119,256,0,xbox-series-t2-u64-b256-mtp2-pmin50-greedy-s1-g34-noeog-prof0,2026-10-09T18:01:56Z,3,1276.4,1378.6
Appended 2 run(s) to /home/hjotha/worktrees/xllama-qwen35-4b-maxperf/bench/results/qwen4b-maxperf/enabled-rev209/blocks/b2/csv/chat256-mtp-sw1.csv

Done. /home/hjotha/worktrees/xllama-qwen35-4b-maxperf/bench/results/qwen4b-maxperf/enabled-rev209/blocks/b2/csv/chat256-mtp-sw1.csv updated.
  Restoring original model.txt on the device...
=== xllama bench-xbox-ort ===
  Model:   qwen35-4b-mtp
  Threads: 2
  n_ctx:   2048
  n_predict: 256
  max_length: derived
  Runs:    3 (run 1 warmup, dropped from median)
  Xbox:    192.168.1.26
  PFN: GianlucaMazza.xllama_1.6.0.209_x64__pj67f1fcj4n14

--- Skipping genai_config (GGUF model; threads via bench_threads.txt) ---

--- Run 1 / 3 ---
  Uploading bench artifacts...
  Uploading bench.flag → LocalState\ ...
  Uploading prompt.txt → LocalState\ ...
  Uploading model.txt → LocalState\ ...
  Uploading bench_threads.txt → LocalState\ ...
  Uploading bench_ctx.txt → LocalState\ ...
  Uploading bench_npredict.txt → LocalState\ ...
  Uploading bench_maxlen.txt → LocalState\ ...
  Uploading bench_ubatch.txt → LocalState\ ...
  Uploading bench_n_batch.txt → LocalState\ ...
  Uploading bench_kvq8.txt → LocalState\ ...
  Uploading bench_gpu_layers.txt → LocalState\ ...
  Uploading bench_ignore_eog.txt → LocalState\ ...
  Uploading bench_mtp.txt → LocalState\ ...
  Uploading bench_mtp_pmin.txt → LocalState\ ...
  Uploading d3d12twocol.txt → LocalState\ ...
  Uploading bench_greedy.txt → LocalState\ ...
  Uploading bench_seed.txt → LocalState\ ...
  Uploading bench_tokens.txt → LocalState\ ...
  Uploading bench_profile.txt → LocalState\ ...
  Uploading bench_run_index.txt → LocalState\ ...
  Starting app...
  Waiting for bench-result.csv.done (timeout 300s)...
  Done after 20s (http 200).
  Tokens: /tmp/tmp.qEzHBXW9yn/run1.tokens (257 lines)
  Row: qwen35-4b-mtp,Q4_K_M,d3d12,2048,2,90.40,33.36,3672,4327,2692,4147,324,256,0,xbox-series-t2-u64-b256-mtp2-pmin50-greedy-s1-g34-noeog-prof0,2026-10-09T18:02:24Z,1,3584.0,3688.7

--- Run 2 / 3 ---
  Uploading bench artifacts...
  Uploading bench.flag → LocalState\ ...
  Uploading prompt.txt → LocalState\ ...
  Uploading model.txt → LocalState\ ...
  Uploading bench_threads.txt → LocalState\ ...
  Uploading bench_ctx.txt → LocalState\ ...
  Uploading bench_npredict.txt → LocalState\ ...
  Uploading bench_maxlen.txt → LocalState\ ...
  Uploading bench_ubatch.txt → LocalState\ ...
  Uploading bench_n_batch.txt → LocalState\ ...
  Uploading bench_kvq8.txt → LocalState\ ...
  Uploading bench_gpu_layers.txt → LocalState\ ...
  Uploading bench_ignore_eog.txt → LocalState\ ...
  Uploading bench_mtp.txt → LocalState\ ...
  Uploading bench_mtp_pmin.txt → LocalState\ ...
  Uploading d3d12twocol.txt → LocalState\ ...
  Uploading bench_greedy.txt → LocalState\ ...
  Uploading bench_seed.txt → LocalState\ ...
  Uploading bench_tokens.txt → LocalState\ ...
  Uploading bench_profile.txt → LocalState\ ...
  Uploading bench_run_index.txt → LocalState\ ...
  Starting app...
  Waiting for bench-result.csv.done (timeout 300s)...
  Done after 20s (http 200).
  Tokens: /tmp/tmp.qEzHBXW9yn/run2.tokens (257 lines)
  Row: qwen35-4b-mtp,Q4_K_M,d3d12,2048,2,89.46,33.17,3672,4340,2692,4147,324,256,0,xbox-series-t2-u64-b256-mtp2-pmin50-greedy-s1-g34-noeog-prof0,2026-10-09T18:02:49Z,2,3621.7,3708.8

--- Run 3 / 3 ---
  Uploading bench artifacts...
  Uploading bench.flag → LocalState\ ...
  Uploading prompt.txt → LocalState\ ...
  Uploading model.txt → LocalState\ ...
  Uploading bench_threads.txt → LocalState\ ...
  Uploading bench_ctx.txt → LocalState\ ...
  Uploading bench_npredict.txt → LocalState\ ...
  Uploading bench_maxlen.txt → LocalState\ ...
  Uploading bench_ubatch.txt → LocalState\ ...
  Uploading bench_n_batch.txt → LocalState\ ...
  Uploading bench_kvq8.txt → LocalState\ ...
  Uploading bench_gpu_layers.txt → LocalState\ ...
  Uploading bench_ignore_eog.txt → LocalState\ ...
  Uploading bench_mtp.txt → LocalState\ ...
  Uploading bench_mtp_pmin.txt → LocalState\ ...
  Uploading d3d12twocol.txt → LocalState\ ...
  Uploading bench_greedy.txt → LocalState\ ...
  Uploading bench_seed.txt → LocalState\ ...
  Uploading bench_tokens.txt → LocalState\ ...
  Uploading bench_profile.txt → LocalState\ ...
  Uploading bench_run_index.txt → LocalState\ ...
  Starting app...
  Waiting for bench-result.csv.done (timeout 300s)...
  Done after 20s (http 200).
  Tokens: /tmp/tmp.qEzHBXW9yn/run3.tokens (257 lines)
  Row: qwen35-4b-mtp,Q4_K_M,d3d12,2048,2,89.87,33.32,3672,4330,2692,4147,324,256,0,xbox-series-t2-u64-b256-mtp2-pmin50-greedy-s1-g34-noeog-prof0,2026-10-09T18:03:14Z,3,3605.2,3695.1

--- Appending recorded runs ---
  appended: qwen35-4b-mtp,Q4_K_M,d3d12,2048,2,89.46,33.17,3672,4340,2692,4147,324,256,0,xbox-series-t2-u64-b256-mtp2-pmin50-greedy-s1-g34-noeog-prof0,2026-10-09T18:02:49Z,2,3621.7,3708.8
  appended: qwen35-4b-mtp,Q4_K_M,d3d12,2048,2,89.87,33.32,3672,4330,2692,4147,324,256,0,xbox-series-t2-u64-b256-mtp2-pmin50-greedy-s1-g34-noeog-prof0,2026-10-09T18:03:14Z,3,3605.2,3695.1
Appended 2 run(s) to /home/hjotha/worktrees/xllama-qwen35-4b-maxperf/bench/results/qwen4b-maxperf/enabled-rev209/blocks/b2/csv/code256-mtp-sw0.csv

Done. /home/hjotha/worktrees/xllama-qwen35-4b-maxperf/bench/results/qwen4b-maxperf/enabled-rev209/blocks/b2/csv/code256-mtp-sw0.csv updated.
  Restoring original model.txt on the device...
=== xllama bench-xbox-ort ===
  Model:   qwen35-4b-mtp
  Threads: 2
  n_ctx:   2048
  n_predict: 256
  max_length: derived
  Runs:    3 (run 1 warmup, dropped from median)
  Xbox:    192.168.1.26
  PFN: GianlucaMazza.xllama_1.6.0.209_x64__pj67f1fcj4n14

--- Skipping genai_config (GGUF model; threads via bench_threads.txt) ---

--- Run 1 / 3 ---
  Uploading bench artifacts...
  Uploading bench.flag → LocalState\ ...
  Uploading prompt.txt → LocalState\ ...
  Uploading model.txt → LocalState\ ...
  Uploading bench_threads.txt → LocalState\ ...
  Uploading bench_ctx.txt → LocalState\ ...
  Uploading bench_npredict.txt → LocalState\ ...
  Uploading bench_maxlen.txt → LocalState\ ...
  Uploading bench_ubatch.txt → LocalState\ ...
  Uploading bench_n_batch.txt → LocalState\ ...
  Uploading bench_kvq8.txt → LocalState\ ...
  Uploading bench_gpu_layers.txt → LocalState\ ...
  Uploading bench_ignore_eog.txt → LocalState\ ...
  Uploading bench_mtp.txt → LocalState\ ...
  Uploading bench_mtp_pmin.txt → LocalState\ ...
  Uploading d3d12twocol.txt → LocalState\ ...
  Uploading bench_greedy.txt → LocalState\ ...
  Uploading bench_seed.txt → LocalState\ ...
  Uploading bench_tokens.txt → LocalState\ ...
  Uploading bench_profile.txt → LocalState\ ...
  Uploading bench_run_index.txt → LocalState\ ...
  Starting app...
  Waiting for bench-result.csv.done (timeout 300s)...
  Done after 20s (http 200).
  Tokens: /tmp/tmp.GmviOF4Jqk/run1.tokens (257 lines)
  Row: qwen35-4b-mtp,Q4_K_M,d3d12,2048,2,94.52,34.71,3672,4311,2692,4147,324,256,0,xbox-series-t2-u64-b256-mtp2-pmin50-greedy-s1-g34-noeog-prof0,2026-10-09T18:03:40Z,1,3427.8,3523.7

--- Run 2 / 3 ---
  Uploading bench artifacts...
  Uploading bench.flag → LocalState\ ...
  Uploading prompt.txt → LocalState\ ...
  Uploading model.txt → LocalState\ ...
  Uploading bench_threads.txt → LocalState\ ...
  Uploading bench_ctx.txt → LocalState\ ...
  Uploading bench_npredict.txt → LocalState\ ...
  Uploading bench_maxlen.txt → LocalState\ ...
  Uploading bench_ubatch.txt → LocalState\ ...
  Uploading bench_n_batch.txt → LocalState\ ...
  Uploading bench_kvq8.txt → LocalState\ ...
  Uploading bench_gpu_layers.txt → LocalState\ ...
  Uploading bench_ignore_eog.txt → LocalState\ ...
  Uploading bench_mtp.txt → LocalState\ ...
  Uploading bench_mtp_pmin.txt → LocalState\ ...
  Uploading d3d12twocol.txt → LocalState\ ...
  Uploading bench_greedy.txt → LocalState\ ...
  Uploading bench_seed.txt → LocalState\ ...
  Uploading bench_tokens.txt → LocalState\ ...
  Uploading bench_profile.txt → LocalState\ ...
  Uploading bench_run_index.txt → LocalState\ ...
  Starting app...
  Waiting for bench-result.csv.done (timeout 300s)...
  Done after 20s (http 200).
  Tokens: /tmp/tmp.GmviOF4Jqk/run2.tokens (257 lines)
  Row: qwen35-4b-mtp,Q4_K_M,d3d12,2048,2,94.75,34.41,3672,4303,2692,4147,324,256,0,xbox-series-t2-u64-b256-mtp2-pmin50-greedy-s1-g34-noeog-prof0,2026-10-09T18:04:05Z,2,3419.6,3501.1

--- Run 3 / 3 ---
  Uploading bench artifacts...
  Uploading bench.flag → LocalState\ ...
  Uploading prompt.txt → LocalState\ ...
  Uploading model.txt → LocalState\ ...
  Uploading bench_threads.txt → LocalState\ ...
  Uploading bench_ctx.txt → LocalState\ ...
  Uploading bench_npredict.txt → LocalState\ ...
  Uploading bench_maxlen.txt → LocalState\ ...
  Uploading bench_ubatch.txt → LocalState\ ...
  Uploading bench_n_batch.txt → LocalState\ ...
  Uploading bench_kvq8.txt → LocalState\ ...
  Uploading bench_gpu_layers.txt → LocalState\ ...
  Uploading bench_ignore_eog.txt → LocalState\ ...
  Uploading bench_mtp.txt → LocalState\ ...
  Uploading bench_mtp_pmin.txt → LocalState\ ...
  Uploading d3d12twocol.txt → LocalState\ ...
  Uploading bench_greedy.txt → LocalState\ ...
  Uploading bench_seed.txt → LocalState\ ...
  Uploading bench_tokens.txt → LocalState\ ...
  Uploading bench_profile.txt → LocalState\ ...
  Uploading bench_run_index.txt → LocalState\ ...
  Starting app...
  Waiting for bench-result.csv.done (timeout 300s)...
  Done after 20s (http 200).
  Tokens: /tmp/tmp.GmviOF4Jqk/run3.tokens (257 lines)
  Row: qwen35-4b-mtp,Q4_K_M,d3d12,2048,2,94.43,34.33,3662,4341,2692,4147,324,256,0,xbox-series-t2-u64-b256-mtp2-pmin50-greedy-s1-g34-noeog-prof0,2026-10-09T18:04:30Z,3,3431.3,3519.5

--- Appending recorded runs ---
  appended: qwen35-4b-mtp,Q4_K_M,d3d12,2048,2,94.75,34.41,3672,4303,2692,4147,324,256,0,xbox-series-t2-u64-b256-mtp2-pmin50-greedy-s1-g34-noeog-prof0,2026-10-09T18:04:05Z,2,3419.6,3501.1
  appended: qwen35-4b-mtp,Q4_K_M,d3d12,2048,2,94.43,34.33,3662,4341,2692,4147,324,256,0,xbox-series-t2-u64-b256-mtp2-pmin50-greedy-s1-g34-noeog-prof0,2026-10-09T18:04:30Z,3,3431.3,3519.5
Appended 2 run(s) to /home/hjotha/worktrees/xllama-qwen35-4b-maxperf/bench/results/qwen4b-maxperf/enabled-rev209/blocks/b2/csv/code256-mtp-sw1.csv

Done. /home/hjotha/worktrees/xllama-qwen35-4b-maxperf/bench/results/qwen4b-maxperf/enabled-rev209/blocks/b2/csv/code256-mtp-sw1.csv updated.
  Restoring original model.txt on the device...
=== xllama bench-xbox-ort ===
  Model:   qwen35-4b-mtp
  Threads: 2
  n_ctx:   2048
  n_predict: 256
  max_length: derived
  Runs:    3 (run 1 warmup, dropped from median)
  Xbox:    192.168.1.26
  PFN: GianlucaMazza.xllama_1.6.0.209_x64__pj67f1fcj4n14

--- Skipping genai_config (GGUF model; threads via bench_threads.txt) ---

--- Run 1 / 3 ---
  Uploading bench artifacts...
  Uploading bench.flag → LocalState\ ...
  Uploading prompt.txt → LocalState\ ...
  Uploading model.txt → LocalState\ ...
  Uploading bench_threads.txt → LocalState\ ...
  Uploading bench_ctx.txt → LocalState\ ...
  Uploading bench_npredict.txt → LocalState\ ...
  Uploading bench_maxlen.txt → LocalState\ ...
  Uploading bench_ubatch.txt → LocalState\ ...
  Uploading bench_n_batch.txt → LocalState\ ...
  Uploading bench_kvq8.txt → LocalState\ ...
  Uploading bench_gpu_layers.txt → LocalState\ ...
  Uploading bench_ignore_eog.txt → LocalState\ ...
  Uploading bench_mtp.txt → LocalState\ ...
  Uploading bench_mtp_pmin.txt → LocalState\ ...
  Uploading d3d12twocol.txt → LocalState\ ...
  Uploading bench_greedy.txt → LocalState\ ...
  Uploading bench_seed.txt → LocalState\ ...
  Uploading bench_tokens.txt → LocalState\ ...
  Uploading bench_profile.txt → LocalState\ ...
  Uploading bench_run_index.txt → LocalState\ ...
  Starting app...
  Waiting for bench-result.csv.done (timeout 300s)...
  Done after 21s (http 200).
  Tokens: /tmp/tmp.N7q68T3lko/run1.tokens (257 lines)
  Row: qwen35-4b-mtp,Q4_K_M,d3d12,2048,2,88.80,27.82,3672,4333,2692,4147,298,256,0,xbox-series-t2-u64-b256-mtp2-pmin50-greedy-s1-g34-noeog-prof0,2026-10-09T18:04:58Z,1,3355.8,3449.8

--- Run 2 / 3 ---
  Uploading bench artifacts...
  Uploading bench.flag → LocalState\ ...
  Uploading prompt.txt → LocalState\ ...
  Uploading model.txt → LocalState\ ...
  Uploading bench_threads.txt → LocalState\ ...
  Uploading bench_ctx.txt → LocalState\ ...
  Uploading bench_npredict.txt → LocalState\ ...
  Uploading bench_maxlen.txt → LocalState\ ...
  Uploading bench_ubatch.txt → LocalState\ ...
  Uploading bench_n_batch.txt → LocalState\ ...
  Uploading bench_kvq8.txt → LocalState\ ...
  Uploading bench_gpu_layers.txt → LocalState\ ...
  Uploading bench_ignore_eog.txt → LocalState\ ...
  Uploading bench_mtp.txt → LocalState\ ...
  Uploading bench_mtp_pmin.txt → LocalState\ ...
  Uploading d3d12twocol.txt → LocalState\ ...
  Uploading bench_greedy.txt → LocalState\ ...
  Uploading bench_seed.txt → LocalState\ ...
  Uploading bench_tokens.txt → LocalState\ ...
  Uploading bench_profile.txt → LocalState\ ...
  Uploading bench_run_index.txt → LocalState\ ...
  Starting app...
  Waiting for bench-result.csv.done (timeout 300s)...
  Done after 31s (http 200).
  Tokens: /tmp/tmp.N7q68T3lko/run2.tokens (257 lines)
  Row: qwen35-4b-mtp,Q4_K_M,d3d12,2048,2,88.95,27.87,3672,4575,2692,4147,298,256,0,xbox-series-t2-u64-b256-mtp2-pmin50-greedy-s1-g34-noeog-prof0,2026-10-09T18:05:23Z,2,3350.3,3436.4

--- Run 3 / 3 ---
  Uploading bench artifacts...
  Uploading bench.flag → LocalState\ ...
  Uploading prompt.txt → LocalState\ ...
  Uploading model.txt → LocalState\ ...
  Uploading bench_threads.txt → LocalState\ ...
  Uploading bench_ctx.txt → LocalState\ ...
  Uploading bench_npredict.txt → LocalState\ ...
  Uploading bench_maxlen.txt → LocalState\ ...
  Uploading bench_ubatch.txt → LocalState\ ...
  Uploading bench_n_batch.txt → LocalState\ ...
  Uploading bench_kvq8.txt → LocalState\ ...
  Uploading bench_gpu_layers.txt → LocalState\ ...
  Uploading bench_ignore_eog.txt → LocalState\ ...
  Uploading bench_mtp.txt → LocalState\ ...
  Uploading bench_mtp_pmin.txt → LocalState\ ...
  Uploading d3d12twocol.txt → LocalState\ ...
  Uploading bench_greedy.txt → LocalState\ ...
  Uploading bench_seed.txt → LocalState\ ...
  Uploading bench_tokens.txt → LocalState\ ...
  Uploading bench_profile.txt → LocalState\ ...
  Uploading bench_run_index.txt → LocalState\ ...
  Starting app...
  Waiting for bench-result.csv.done (timeout 300s)...
  Done after 30s (http 200).
  Tokens: /tmp/tmp.N7q68T3lko/run3.tokens (257 lines)
  Row: qwen35-4b-mtp,Q4_K_M,d3d12,2048,2,89.08,27.77,3672,4511,2692,4147,298,256,0,xbox-series-t2-u64-b256-mtp2-pmin50-greedy-s1-g34-noeog-prof0,2026-10-09T18:05:59Z,3,3345.5,3429.7

--- Appending recorded runs ---
  appended: qwen35-4b-mtp,Q4_K_M,d3d12,2048,2,88.95,27.87,3672,4575,2692,4147,298,256,0,xbox-series-t2-u64-b256-mtp2-pmin50-greedy-s1-g34-noeog-prof0,2026-10-09T18:05:23Z,2,3350.3,3436.4
  appended: qwen35-4b-mtp,Q4_K_M,d3d12,2048,2,89.08,27.77,3672,4511,2692,4147,298,256,0,xbox-series-t2-u64-b256-mtp2-pmin50-greedy-s1-g34-noeog-prof0,2026-10-09T18:05:59Z,3,3345.5,3429.7
Appended 2 run(s) to /home/hjotha/worktrees/xllama-qwen35-4b-maxperf/bench/results/qwen4b-maxperf/enabled-rev209/blocks/b2/csv/std256-mtp-sw0.csv

Done. /home/hjotha/worktrees/xllama-qwen35-4b-maxperf/bench/results/qwen4b-maxperf/enabled-rev209/blocks/b2/csv/std256-mtp-sw0.csv updated.
  Restoring original model.txt on the device...
=== xllama bench-xbox-ort ===
  Model:   qwen35-4b-mtp
  Threads: 2
  n_ctx:   2048
  n_predict: 256
  max_length: derived
  Runs:    3 (run 1 warmup, dropped from median)
  Xbox:    192.168.1.26
  PFN: GianlucaMazza.xllama_1.6.0.209_x64__pj67f1fcj4n14

--- Skipping genai_config (GGUF model; threads via bench_threads.txt) ---

--- Run 1 / 3 ---
  Uploading bench artifacts...
  Uploading bench.flag → LocalState\ ...
  Uploading prompt.txt → LocalState\ ...
  Uploading model.txt → LocalState\ ...
  Uploading bench_threads.txt → LocalState\ ...
  Uploading bench_ctx.txt → LocalState\ ...
  Uploading bench_npredict.txt → LocalState\ ...
  Uploading bench_maxlen.txt → LocalState\ ...
  Uploading bench_ubatch.txt → LocalState\ ...
  Uploading bench_n_batch.txt → LocalState\ ...
  Uploading bench_kvq8.txt → LocalState\ ...
  Uploading bench_gpu_layers.txt → LocalState\ ...
  Uploading bench_ignore_eog.txt → LocalState\ ...
  Uploading bench_mtp.txt → LocalState\ ...
  Uploading bench_mtp_pmin.txt → LocalState\ ...
  Uploading d3d12twocol.txt → LocalState\ ...
  Uploading bench_greedy.txt → LocalState\ ...
  Uploading bench_seed.txt → LocalState\ ...
  Uploading bench_tokens.txt → LocalState\ ...
  Uploading bench_profile.txt → LocalState\ ...
  Uploading bench_run_index.txt → LocalState\ ...
  Starting app...
  Waiting for bench-result.csv.done (timeout 300s)...
  Done after 20s (http 200).
  Tokens: /tmp/tmp.DBMdsAbfWo/run1.tokens (257 lines)
  Row: qwen35-4b-mtp,Q4_K_M,d3d12,2048,2,92.87,28.85,3672,4333,2692,4147,298,256,0,xbox-series-t2-u64-b256-mtp2-pmin50-greedy-s1-g34-noeog-prof0,2026-10-09T18:06:35Z,1,3208.8,3289.5

--- Run 2 / 3 ---
  Uploading bench artifacts...
  Uploading bench.flag → LocalState\ ...
  Uploading prompt.txt → LocalState\ ...
  Uploading model.txt → LocalState\ ...
  Uploading bench_threads.txt → LocalState\ ...
  Uploading bench_ctx.txt → LocalState\ ...
  Uploading bench_npredict.txt → LocalState\ ...
  Uploading bench_maxlen.txt → LocalState\ ...
  Uploading bench_ubatch.txt → LocalState\ ...
  Uploading bench_n_batch.txt → LocalState\ ...
  Uploading bench_kvq8.txt → LocalState\ ...
  Uploading bench_gpu_layers.txt → LocalState\ ...
  Uploading bench_ignore_eog.txt → LocalState\ ...
  Uploading bench_mtp.txt → LocalState\ ...
  Uploading bench_mtp_pmin.txt → LocalState\ ...
  Uploading d3d12twocol.txt → LocalState\ ...
  Uploading bench_greedy.txt → LocalState\ ...
  Uploading bench_seed.txt → LocalState\ ...
  Uploading bench_tokens.txt → LocalState\ ...
  Uploading bench_profile.txt → LocalState\ ...
  Uploading bench_run_index.txt → LocalState\ ...
  Starting app...
  Waiting for bench-result.csv.done (timeout 300s)...
  Done after 21s (http 200).
  Tokens: /tmp/tmp.DBMdsAbfWo/run2.tokens (257 lines)
  Row: qwen35-4b-mtp,Q4_K_M,d3d12,2048,2,94.36,28.84,3674,4437,2692,4147,298,256,0,xbox-series-t2-u64-b256-mtp2-pmin50-greedy-s1-g34-noeog-prof0,2026-10-09T18:07:00Z,2,3158.0,3258.2

--- Run 3 / 3 ---
  Uploading bench artifacts...
  Uploading bench.flag → LocalState\ ...
  Uploading prompt.txt → LocalState\ ...
  Uploading model.txt → LocalState\ ...
  Uploading bench_threads.txt → LocalState\ ...
  Uploading bench_ctx.txt → LocalState\ ...
  Uploading bench_npredict.txt → LocalState\ ...
  Uploading bench_maxlen.txt → LocalState\ ...
  Uploading bench_ubatch.txt → LocalState\ ...
  Uploading bench_n_batch.txt → LocalState\ ...
  Uploading bench_kvq8.txt → LocalState\ ...
  Uploading bench_gpu_layers.txt → LocalState\ ...
  Uploading bench_ignore_eog.txt → LocalState\ ...
  Uploading bench_mtp.txt → LocalState\ ...
  Uploading bench_mtp_pmin.txt → LocalState\ ...
  Uploading d3d12twocol.txt → LocalState\ ...
  Uploading bench_greedy.txt → LocalState\ ...
  Uploading bench_seed.txt → LocalState\ ...
  Uploading bench_tokens.txt → LocalState\ ...
  Uploading bench_profile.txt → LocalState\ ...
  Uploading bench_run_index.txt → LocalState\ ...
  Starting app...
  Waiting for bench-result.csv.done (timeout 300s)...
  Done after 20s (http 200).
  Tokens: /tmp/tmp.DBMdsAbfWo/run3.tokens (257 lines)
  Row: qwen35-4b-mtp,Q4_K_M,d3d12,2048,2,94.49,28.90,3672,4340,2692,4147,298,256,0,xbox-series-t2-u64-b256-mtp2-pmin50-greedy-s1-g34-noeog-prof0,2026-10-09T18:07:26Z,3,3153.7,3234.7

--- Appending recorded runs ---
  appended: qwen35-4b-mtp,Q4_K_M,d3d12,2048,2,94.36,28.84,3674,4437,2692,4147,298,256,0,xbox-series-t2-u64-b256-mtp2-pmin50-greedy-s1-g34-noeog-prof0,2026-10-09T18:07:00Z,2,3158.0,3258.2
  appended: qwen35-4b-mtp,Q4_K_M,d3d12,2048,2,94.49,28.90,3672,4340,2692,4147,298,256,0,xbox-series-t2-u64-b256-mtp2-pmin50-greedy-s1-g34-noeog-prof0,2026-10-09T18:07:26Z,3,3153.7,3234.7
Appended 2 run(s) to /home/hjotha/worktrees/xllama-qwen35-4b-maxperf/bench/results/qwen4b-maxperf/enabled-rev209/blocks/b2/csv/std256-mtp-sw1.csv

Done. /home/hjotha/worktrees/xllama-qwen35-4b-maxperf/bench/results/qwen4b-maxperf/enabled-rev209/blocks/b2/csv/std256-mtp-sw1.csv updated.
  Restoring original model.txt on the device...
