=== xllama bench-xbox-ort ===
  Model:   qwen35-4b-mtp
  Threads: 2
  n_ctx:   2048
  n_predict: 64
  max_length: derived
  Runs:    3 (run 1 warmup, dropped from median)
  Xbox:    192.168.1.26
  PFN: GianlucaMazza.xllama_1.6.0.207_x64__pj67f1fcj4n14

--- Skipping genai_config (GGUF model; threads via bench_threads.txt) ---

--- Run 1 / 3 ---
  Uploading bench artifacts...
  Uploading bench.flag → LocalState\ ...
  Uploading prompt.txt → LocalState\ ...
  Uploading model.txt → LocalState\ ...
  Uploading bench_threads.txt → LocalState\ ...
  Uploading bench_ctx.txt → LocalState\ ...
  Uploading bench_npredict.txt → LocalState\ ...
  Uploading bench_maxlen.txt → LocalState\ ...
  Uploading bench_ubatch.txt → LocalState\ ...
  Uploading bench_n_batch.txt → LocalState\ ...
  Uploading bench_kvq8.txt → LocalState\ ...
  Uploading bench_gpu_layers.txt → LocalState\ ...
  Uploading bench_ignore_eog.txt → LocalState\ ...
  Uploading bench_mtp_pmin.txt → LocalState\ ...
  Uploading d3d12twocol.txt → LocalState\ ...
  Uploading bench_greedy.txt → LocalState\ ...
  Uploading bench_seed.txt → LocalState\ ...
  Uploading bench_tokens.txt → LocalState\ ...
  Uploading bench_profile.txt → LocalState\ ...
  Uploading bench_run_index.txt → LocalState\ ...
  Starting app...
  Waiting for bench-result.csv.done (timeout 300s)...
  Done after 20s (http 200).
  Tokens: /tmp/tmp.aBFvyhPhpb/run1.tokens (65 lines)
  Row: qwen35-4b-mtp,Q4_K_M,d3d12,2048,2,93.73,24.35,3448,5470,2614,4147,119,64,0,xbox-series-t2-u64-b256-greedy-s1-g34-noeog-prof0,2026-10-09T15:21:28Z,1,1269.6,1270.9

--- Run 2 / 3 ---
  Uploading bench artifacts...
  Uploading bench.flag → LocalState\ ...
  Uploading prompt.txt → LocalState\ ...
  Uploading model.txt → LocalState\ ...
  Uploading bench_threads.txt → LocalState\ ...
  Uploading bench_ctx.txt → LocalState\ ...
  Uploading bench_npredict.txt → LocalState\ ...
  Uploading bench_maxlen.txt → LocalState\ ...
  Uploading bench_ubatch.txt → LocalState\ ...
  Uploading bench_n_batch.txt → LocalState\ ...
  Uploading bench_kvq8.txt → LocalState\ ...
  Uploading bench_gpu_layers.txt → LocalState\ ...
  Uploading bench_ignore_eog.txt → LocalState\ ...
  Uploading bench_mtp_pmin.txt → LocalState\ ...
  Uploading d3d12twocol.txt → LocalState\ ...
  Uploading bench_greedy.txt → LocalState\ ...
  Uploading bench_seed.txt → LocalState\ ...
  Uploading bench_tokens.txt → LocalState\ ...
  Uploading bench_profile.txt → LocalState\ ...
  Uploading bench_run_index.txt → LocalState\ ...
  Starting app...
  Waiting for bench-result.csv.done (timeout 300s)...
  Done after 20s (http 200).
  Tokens: /tmp/tmp.aBFvyhPhpb/run2.tokens (65 lines)
  Row: qwen35-4b-mtp,Q4_K_M,d3d12,2048,2,93.93,24.40,3461,5494,2614,4147,119,64,0,xbox-series-t2-u64-b256-greedy-s1-g34-noeog-prof0,2026-10-09T15:21:54Z,2,1266.8,1268.3

--- Run 3 / 3 ---
  Uploading bench artifacts...
  Uploading bench.flag → LocalState\ ...
  Uploading prompt.txt → LocalState\ ...
  Uploading model.txt → LocalState\ ...
  Uploading bench_threads.txt → LocalState\ ...
  Uploading bench_ctx.txt → LocalState\ ...
  Uploading bench_npredict.txt → LocalState\ ...
  Uploading bench_maxlen.txt → LocalState\ ...
  Uploading bench_ubatch.txt → LocalState\ ...
  Uploading bench_n_batch.txt → LocalState\ ...
  Uploading bench_kvq8.txt → LocalState\ ...
  Uploading bench_gpu_layers.txt → LocalState\ ...
  Uploading bench_ignore_eog.txt → LocalState\ ...
  Uploading bench_mtp_pmin.txt → LocalState\ ...
  Uploading d3d12twocol.txt → LocalState\ ...
  Uploading bench_greedy.txt → LocalState\ ...
  Uploading bench_seed.txt → LocalState\ ...
  Uploading bench_tokens.txt → LocalState\ ...
  Uploading bench_profile.txt → LocalState\ ...
  Uploading bench_run_index.txt → LocalState\ ...
  Starting app...
  Waiting for bench-result.csv.done (timeout 300s)...
  Done after 20s (http 200).
  Tokens: /tmp/tmp.aBFvyhPhpb/run3.tokens (65 lines)
  Row: qwen35-4b-mtp,Q4_K_M,d3d12,2048,2,95.73,24.36,3448,5430,2614,4147,119,64,0,xbox-series-t2-u64-b256-greedy-s1-g34-noeog-prof0,2026-10-09T15:22:20Z,3,1243.1,1244.6

--- Appending recorded runs ---
  appended: qwen35-4b-mtp,Q4_K_M,d3d12,2048,2,93.93,24.40,3461,5494,2614,4147,119,64,0,xbox-series-t2-u64-b256-greedy-s1-g34-noeog-prof0,2026-10-09T15:21:54Z,2,1266.8,1268.3
  appended: qwen35-4b-mtp,Q4_K_M,d3d12,2048,2,95.73,24.36,3448,5430,2614,4147,119,64,0,xbox-series-t2-u64-b256-greedy-s1-g34-noeog-prof0,2026-10-09T15:22:20Z,3,1243.1,1244.6
Appended 2 run(s) to /home/hjotha/worktrees/xllama-qwen35-4b-maxperf/bench/results/qwen4b-maxperf/enabled-rev207/blocks/b2/csv/chat64-sw0.csv

Done. /home/hjotha/worktrees/xllama-qwen35-4b-maxperf/bench/results/qwen4b-maxperf/enabled-rev207/blocks/b2/csv/chat64-sw0.csv updated.
  Restoring original model.txt on the device...
=== xllama bench-xbox-ort ===
  Model:   qwen35-4b-mtp
  Threads: 2
  n_ctx:   2048
  n_predict: 64
  max_length: derived
  Runs:    3 (run 1 warmup, dropped from median)
  Xbox:    192.168.1.26
  PFN: GianlucaMazza.xllama_1.6.0.207_x64__pj67f1fcj4n14

--- Skipping genai_config (GGUF model; threads via bench_threads.txt) ---

--- Run 1 / 3 ---
  Uploading bench artifacts...
  Uploading bench.flag → LocalState\ ...
  Uploading prompt.txt → LocalState\ ...
  Uploading model.txt → LocalState\ ...
  Uploading bench_threads.txt → LocalState\ ...
  Uploading bench_ctx.txt → LocalState\ ...
  Uploading bench_npredict.txt → LocalState\ ...
  Uploading bench_maxlen.txt → LocalState\ ...
  Uploading bench_ubatch.txt → LocalState\ ...
  Uploading bench_n_batch.txt → LocalState\ ...
  Uploading bench_kvq8.txt → LocalState\ ...
  Uploading bench_gpu_layers.txt → LocalState\ ...
  Uploading bench_ignore_eog.txt → LocalState\ ...
  Uploading bench_mtp_pmin.txt → LocalState\ ...
  Uploading d3d12twocol.txt → LocalState\ ...
  Uploading bench_greedy.txt → LocalState\ ...
  Uploading bench_seed.txt → LocalState\ ...
  Uploading bench_tokens.txt → LocalState\ ...
  Uploading bench_profile.txt → LocalState\ ...
  Uploading bench_run_index.txt → LocalState\ ...
  Starting app...
  Waiting for bench-result.csv.done (timeout 300s)...
  Done after 20s (http 200).
  Tokens: /tmp/tmp.x0VkEog0Br/run1.tokens (65 lines)
  Row: qwen35-4b-mtp,Q4_K_M,d3d12,2048,2,101.32,25.93,3461,5685,2614,4147,119,64,0,xbox-series-t2-u64-b256-greedy-s1-g34-noeog-prof0,2026-10-09T15:22:46Z,1,1174.5,1175.9

--- Run 2 / 3 ---
  Uploading bench artifacts...
  Uploading bench.flag → LocalState\ ...
  Uploading prompt.txt → LocalState\ ...
  Uploading model.txt → LocalState\ ...
  Uploading bench_threads.txt → LocalState\ ...
  Uploading bench_ctx.txt → LocalState\ ...
  Uploading bench_npredict.txt → LocalState\ ...
  Uploading bench_maxlen.txt → LocalState\ ...
  Uploading bench_ubatch.txt → LocalState\ ...
  Uploading bench_n_batch.txt → LocalState\ ...
  Uploading bench_kvq8.txt → LocalState\ ...
  Uploading bench_gpu_layers.txt → LocalState\ ...
  Uploading bench_ignore_eog.txt → LocalState\ ...
  Uploading bench_mtp_pmin.txt → LocalState\ ...
  Uploading d3d12twocol.txt → LocalState\ ...
  Uploading bench_greedy.txt → LocalState\ ...
  Uploading bench_seed.txt → LocalState\ ...
  Uploading bench_tokens.txt → LocalState\ ...
  Uploading bench_profile.txt → LocalState\ ...
  Uploading bench_run_index.txt → LocalState\ ...
  Starting app...
  Waiting for bench-result.csv.done (timeout 300s)...
  Done after 21s (http 200).
  Tokens: /tmp/tmp.x0VkEog0Br/run2.tokens (65 lines)
  Row: qwen35-4b-mtp,Q4_K_M,d3d12,2048,2,102.17,26.13,3461,5376,2614,4147,119,64,0,xbox-series-t2-u64-b256-greedy-s1-g34-noeog-prof0,2026-10-09T15:23:11Z,2,1164.7,1166.1

--- Run 3 / 3 ---
  Uploading bench artifacts...
  Uploading bench.flag → LocalState\ ...
  Uploading prompt.txt → LocalState\ ...
  Uploading model.txt → LocalState\ ...
  Uploading bench_threads.txt → LocalState\ ...
  Uploading bench_ctx.txt → LocalState\ ...
  Uploading bench_npredict.txt → LocalState\ ...
  Uploading bench_maxlen.txt → LocalState\ ...
  Uploading bench_ubatch.txt → LocalState\ ...
  Uploading bench_n_batch.txt → LocalState\ ...
  Uploading bench_kvq8.txt → LocalState\ ...
  Uploading bench_gpu_layers.txt → LocalState\ ...
  Uploading bench_ignore_eog.txt → LocalState\ ...
  Uploading bench_mtp_pmin.txt → LocalState\ ...
  Uploading d3d12twocol.txt → LocalState\ ...
  Uploading bench_greedy.txt → LocalState\ ...
  Uploading bench_seed.txt → LocalState\ ...
  Uploading bench_tokens.txt → LocalState\ ...
  Uploading bench_profile.txt → LocalState\ ...
  Uploading bench_run_index.txt → LocalState\ ...
  Starting app...
  Waiting for bench-result.csv.done (timeout 300s)...
  Done after 20s (http 200).
  Tokens: /tmp/tmp.x0VkEog0Br/run3.tokens (65 lines)
  Row: qwen35-4b-mtp,Q4_K_M,d3d12,2048,2,102.23,25.81,3457,5342,2614,4147,119,64,0,xbox-series-t2-u64-b256-greedy-s1-g34-noeog-prof0,2026-10-09T15:23:37Z,3,1164.0,1165.4

--- Appending recorded runs ---
  appended: qwen35-4b-mtp,Q4_K_M,d3d12,2048,2,102.17,26.13,3461,5376,2614,4147,119,64,0,xbox-series-t2-u64-b256-greedy-s1-g34-noeog-prof0,2026-10-09T15:23:11Z,2,1164.7,1166.1
  appended: qwen35-4b-mtp,Q4_K_M,d3d12,2048,2,102.23,25.81,3457,5342,2614,4147,119,64,0,xbox-series-t2-u64-b256-greedy-s1-g34-noeog-prof0,2026-10-09T15:23:37Z,3,1164.0,1165.4
Appended 2 run(s) to /home/hjotha/worktrees/xllama-qwen35-4b-maxperf/bench/results/qwen4b-maxperf/enabled-rev207/blocks/b2/csv/chat64-sw1.csv

Done. /home/hjotha/worktrees/xllama-qwen35-4b-maxperf/bench/results/qwen4b-maxperf/enabled-rev207/blocks/b2/csv/chat64-sw1.csv updated.
  Restoring original model.txt on the device...
=== xllama bench-xbox-ort ===
  Model:   qwen35-4b-mtp
  Threads: 2
  n_ctx:   2048
  n_predict: 64
  max_length: derived
  Runs:    3 (run 1 warmup, dropped from median)
  Xbox:    192.168.1.26
  PFN: GianlucaMazza.xllama_1.6.0.207_x64__pj67f1fcj4n14

--- Skipping genai_config (GGUF model; threads via bench_threads.txt) ---

--- Run 1 / 3 ---
  Uploading bench artifacts...
  Uploading bench.flag → LocalState\ ...
  Uploading prompt.txt → LocalState\ ...
  Uploading model.txt → LocalState\ ...
  Uploading bench_threads.txt → LocalState\ ...
  Uploading bench_ctx.txt → LocalState\ ...
  Uploading bench_npredict.txt → LocalState\ ...
  Uploading bench_maxlen.txt → LocalState\ ...
  Uploading bench_ubatch.txt → LocalState\ ...
  Uploading bench_n_batch.txt → LocalState\ ...
  Uploading bench_kvq8.txt → LocalState\ ...
  Uploading bench_gpu_layers.txt → LocalState\ ...
  Uploading bench_ignore_eog.txt → LocalState\ ...
  Uploading bench_mtp_pmin.txt → LocalState\ ...
  Uploading d3d12twocol.txt → LocalState\ ...
  Uploading bench_greedy.txt → LocalState\ ...
  Uploading bench_seed.txt → LocalState\ ...
  Uploading bench_tokens.txt → LocalState\ ...
  Uploading bench_profile.txt → LocalState\ ...
  Uploading bench_run_index.txt → LocalState\ ...
  Starting app...
  Waiting for bench-result.csv.done (timeout 300s)...
  Done after 20s (http 200).
  Tokens: /tmp/tmp.NI07TxuHq2/run1.tokens (65 lines)
  Row: qwen35-4b-mtp,Q4_K_M,d3d12,2048,2,96.87,23.90,3448,7549,2614,4147,324,64,0,xbox-series-t2-u64-b256-greedy-s1-g34-noeog-prof0,2026-10-09T15:24:06Z,1,3344.6,3346.0

--- Run 2 / 3 ---
  Uploading bench artifacts...
  Uploading bench.flag → LocalState\ ...
  Uploading prompt.txt → LocalState\ ...
  Uploading model.txt → LocalState\ ...
  Uploading bench_threads.txt → LocalState\ ...
  Uploading bench_ctx.txt → LocalState\ ...
  Uploading bench_npredict.txt → LocalState\ ...
  Uploading bench_maxlen.txt → LocalState\ ...
  Uploading bench_ubatch.txt → LocalState\ ...
  Uploading bench_n_batch.txt → LocalState\ ...
  Uploading bench_kvq8.txt → LocalState\ ...
  Uploading bench_gpu_layers.txt → LocalState\ ...
  Uploading bench_ignore_eog.txt → LocalState\ ...
  Uploading bench_mtp_pmin.txt → LocalState\ ...
  Uploading d3d12twocol.txt → LocalState\ ...
  Uploading bench_greedy.txt → LocalState\ ...
  Uploading bench_seed.txt → LocalState\ ...
  Uploading bench_tokens.txt → LocalState\ ...
  Uploading bench_profile.txt → LocalState\ ...
  Uploading bench_run_index.txt → LocalState\ ...
  Starting app...
  Waiting for bench-result.csv.done (timeout 300s)...
  Done after 20s (http 200).
  Tokens: /tmp/tmp.NI07TxuHq2/run2.tokens (65 lines)
  Row: qwen35-4b-mtp,Q4_K_M,d3d12,2048,2,96.91,23.69,3461,7601,2614,4147,324,64,0,xbox-series-t2-u64-b256-greedy-s1-g34-noeog-prof0,2026-10-09T15:24:31Z,2,3343.2,3344.6

--- Run 3 / 3 ---
  Uploading bench artifacts...
  Uploading bench.flag → LocalState\ ...
  Uploading prompt.txt → LocalState\ ...
  Uploading model.txt → LocalState\ ...
  Uploading bench_threads.txt → LocalState\ ...
  Uploading bench_ctx.txt → LocalState\ ...
  Uploading bench_npredict.txt → LocalState\ ...
  Uploading bench_maxlen.txt → LocalState\ ...
  Uploading bench_ubatch.txt → LocalState\ ...
  Uploading bench_n_batch.txt → LocalState\ ...
  Uploading bench_kvq8.txt → LocalState\ ...
  Uploading bench_gpu_layers.txt → LocalState\ ...
  Uploading bench_ignore_eog.txt → LocalState\ ...
  Uploading bench_mtp_pmin.txt → LocalState\ ...
  Uploading d3d12twocol.txt → LocalState\ ...
  Uploading bench_greedy.txt → LocalState\ ...
  Uploading bench_seed.txt → LocalState\ ...
  Uploading bench_tokens.txt → LocalState\ ...
  Uploading bench_profile.txt → LocalState\ ...
  Uploading bench_run_index.txt → LocalState\ ...
  Starting app...
  Waiting for bench-result.csv.done (timeout 300s)...
  Done after 20s (http 200).
  Tokens: /tmp/tmp.NI07TxuHq2/run3.tokens (65 lines)
  Row: qwen35-4b-mtp,Q4_K_M,d3d12,2048,2,96.68,23.65,3448,7567,2614,4147,324,64,0,xbox-series-t2-u64-b256-greedy-s1-g34-noeog-prof0,2026-10-09T15:24:56Z,3,3351.4,3352.8

--- Appending recorded runs ---
  appended: qwen35-4b-mtp,Q4_K_M,d3d12,2048,2,96.91,23.69,3461,7601,2614,4147,324,64,0,xbox-series-t2-u64-b256-greedy-s1-g34-noeog-prof0,2026-10-09T15:24:31Z,2,3343.2,3344.6
  appended: qwen35-4b-mtp,Q4_K_M,d3d12,2048,2,96.68,23.65,3448,7567,2614,4147,324,64,0,xbox-series-t2-u64-b256-greedy-s1-g34-noeog-prof0,2026-10-09T15:24:56Z,3,3351.4,3352.8
Appended 2 run(s) to /home/hjotha/worktrees/xllama-qwen35-4b-maxperf/bench/results/qwen4b-maxperf/enabled-rev207/blocks/b2/csv/code64-sw0.csv

Done. /home/hjotha/worktrees/xllama-qwen35-4b-maxperf/bench/results/qwen4b-maxperf/enabled-rev207/blocks/b2/csv/code64-sw0.csv updated.
  Restoring original model.txt on the device...
=== xllama bench-xbox-ort ===
  Model:   qwen35-4b-mtp
  Threads: 2
  n_ctx:   2048
  n_predict: 64
  max_length: derived
  Runs:    3 (run 1 warmup, dropped from median)
  Xbox:    192.168.1.26
  PFN: GianlucaMazza.xllama_1.6.0.207_x64__pj67f1fcj4n14

--- Skipping genai_config (GGUF model; threads via bench_threads.txt) ---

--- Run 1 / 3 ---
  Uploading bench artifacts...
  Uploading bench.flag → LocalState\ ...
  Uploading prompt.txt → LocalState\ ...
  Uploading model.txt → LocalState\ ...
  Uploading bench_threads.txt → LocalState\ ...
  Uploading bench_ctx.txt → LocalState\ ...
  Uploading bench_npredict.txt → LocalState\ ...
  Uploading bench_maxlen.txt → LocalState\ ...
  Uploading bench_ubatch.txt → LocalState\ ...
  Uploading bench_n_batch.txt → LocalState\ ...
  Uploading bench_kvq8.txt → LocalState\ ...
  Uploading bench_gpu_layers.txt → LocalState\ ...
  Uploading bench_ignore_eog.txt → LocalState\ ...
  Uploading bench_mtp_pmin.txt → LocalState\ ...
  Uploading d3d12twocol.txt → LocalState\ ...
  Uploading bench_greedy.txt → LocalState\ ...
  Uploading bench_seed.txt → LocalState\ ...
  Uploading bench_tokens.txt → LocalState\ ...
  Uploading bench_profile.txt → LocalState\ ...
  Uploading bench_run_index.txt → LocalState\ ...
  Starting app...
  Waiting for bench-result.csv.done (timeout 300s)...
  Done after 20s (http 200).
  Tokens: /tmp/tmp.jXCzcJb0oF/run1.tokens (65 lines)
  Row: qwen35-4b-mtp,Q4_K_M,d3d12,2048,2,103.35,25.08,3461,7328,2614,4147,324,64,0,xbox-series-t2-u64-b256-greedy-s1-g34-noeog-prof0,2026-10-09T15:25:22Z,1,3134.8,3136.1

--- Run 2 / 3 ---
  Uploading bench artifacts...
  Uploading bench.flag → LocalState\ ...
  Uploading prompt.txt → LocalState\ ...
  Uploading model.txt → LocalState\ ...
  Uploading bench_threads.txt → LocalState\ ...
  Uploading bench_ctx.txt → LocalState\ ...
  Uploading bench_npredict.txt → LocalState\ ...
  Uploading bench_maxlen.txt → LocalState\ ...
  Uploading bench_ubatch.txt → LocalState\ ...
  Uploading bench_n_batch.txt → LocalState\ ...
  Uploading bench_kvq8.txt → LocalState\ ...
  Uploading bench_gpu_layers.txt → LocalState\ ...
  Uploading bench_ignore_eog.txt → LocalState\ ...
  Uploading bench_mtp_pmin.txt → LocalState\ ...
  Uploading d3d12twocol.txt → LocalState\ ...
  Uploading bench_greedy.txt → LocalState\ ...
  Uploading bench_seed.txt → LocalState\ ...
  Uploading bench_tokens.txt → LocalState\ ...
  Uploading bench_profile.txt → LocalState\ ...
  Uploading bench_run_index.txt → LocalState\ ...
  Starting app...
  Waiting for bench-result.csv.done (timeout 300s)...
  Done after 20s (http 200).
  Tokens: /tmp/tmp.jXCzcJb0oF/run2.tokens (65 lines)
  Row: qwen35-4b-mtp,Q4_K_M,d3d12,2048,2,101.51,24.75,3461,7403,2614,4147,324,64,0,xbox-series-t2-u64-b256-greedy-s1-g34-noeog-prof0,2026-10-09T15:25:47Z,2,3191.8,3193.2

--- Run 3 / 3 ---
  Uploading bench artifacts...
  Uploading bench.flag → LocalState\ ...
  Uploading prompt.txt → LocalState\ ...
  Uploading model.txt → LocalState\ ...
  Uploading bench_threads.txt → LocalState\ ...
  Uploading bench_ctx.txt → LocalState\ ...
  Uploading bench_npredict.txt → LocalState\ ...
  Uploading bench_maxlen.txt → LocalState\ ...
  Uploading bench_ubatch.txt → LocalState\ ...
  Uploading bench_n_batch.txt → LocalState\ ...
  Uploading bench_kvq8.txt → LocalState\ ...
  Uploading bench_gpu_layers.txt → LocalState\ ...
  Uploading bench_ignore_eog.txt → LocalState\ ...
  Uploading bench_mtp_pmin.txt → LocalState\ ...
  Uploading d3d12twocol.txt → LocalState\ ...
  Uploading bench_greedy.txt → LocalState\ ...
  Uploading bench_seed.txt → LocalState\ ...
  Uploading bench_tokens.txt → LocalState\ ...
  Uploading bench_profile.txt → LocalState\ ...
  Uploading bench_run_index.txt → LocalState\ ...
  Starting app...
  Waiting for bench-result.csv.done (timeout 300s)...
  Done after 20s (http 200).
  Tokens: /tmp/tmp.jXCzcJb0oF/run3.tokens (65 lines)
  Row: qwen35-4b-mtp,Q4_K_M,d3d12,2048,2,102.64,24.89,3448,7350,2614,4147,324,64,0,xbox-series-t2-u64-b256-greedy-s1-g34-noeog-prof0,2026-10-09T15:26:12Z,3,3156.7,3158.0

--- Appending recorded runs ---
  appended: qwen35-4b-mtp,Q4_K_M,d3d12,2048,2,101.51,24.75,3461,7403,2614,4147,324,64,0,xbox-series-t2-u64-b256-greedy-s1-g34-noeog-prof0,2026-10-09T15:25:47Z,2,3191.8,3193.2
  appended: qwen35-4b-mtp,Q4_K_M,d3d12,2048,2,102.64,24.89,3448,7350,2614,4147,324,64,0,xbox-series-t2-u64-b256-greedy-s1-g34-noeog-prof0,2026-10-09T15:26:12Z,3,3156.7,3158.0
Appended 2 run(s) to /home/hjotha/worktrees/xllama-qwen35-4b-maxperf/bench/results/qwen4b-maxperf/enabled-rev207/blocks/b2/csv/code64-sw1.csv

Done. /home/hjotha/worktrees/xllama-qwen35-4b-maxperf/bench/results/qwen4b-maxperf/enabled-rev207/blocks/b2/csv/code64-sw1.csv updated.
  Restoring original model.txt on the device...
=== xllama bench-xbox-ort ===
  Model:   qwen35-4b-mtp
  Threads: 2
  n_ctx:   2048
  n_predict: 64
  max_length: derived
  Runs:    3 (run 1 warmup, dropped from median)
  Xbox:    192.168.1.26
  PFN: GianlucaMazza.xllama_1.6.0.207_x64__pj67f1fcj4n14

--- Skipping genai_config (GGUF model; threads via bench_threads.txt) ---

--- Run 1 / 3 ---
  Uploading bench artifacts...
  Uploading bench.flag → LocalState\ ...
  Uploading prompt.txt → LocalState\ ...
  Uploading model.txt → LocalState\ ...
  Uploading bench_threads.txt → LocalState\ ...
  Uploading bench_ctx.txt → LocalState\ ...
  Uploading bench_npredict.txt → LocalState\ ...
  Uploading bench_maxlen.txt → LocalState\ ...
  Uploading bench_ubatch.txt → LocalState\ ...
  Uploading bench_n_batch.txt → LocalState\ ...
  Uploading bench_kvq8.txt → LocalState\ ...
  Uploading bench_gpu_layers.txt → LocalState\ ...
  Uploading bench_ignore_eog.txt → LocalState\ ...
  Uploading bench_mtp_pmin.txt → LocalState\ ...
  Uploading d3d12twocol.txt → LocalState\ ...
  Uploading bench_greedy.txt → LocalState\ ...
  Uploading bench_seed.txt → LocalState\ ...
  Uploading bench_tokens.txt → LocalState\ ...
  Uploading bench_profile.txt → LocalState\ ...
  Uploading bench_run_index.txt → LocalState\ ...
  Starting app...
  Waiting for bench-result.csv.done (timeout 300s)...
  Done after 20s (http 200).
  Tokens: /tmp/tmp.t3o6hB3hkJ/run1.tokens (65 lines)
  Row: qwen35-4b-mtp,Q4_K_M,d3d12,2048,2,96.54,24.02,3461,7322,2614,4147,298,64,0,xbox-series-t2-u64-b256-greedy-s1-g34-noeog-prof0,2026-10-09T15:26:38Z,1,3086.9,3088.3

--- Run 2 / 3 ---
  Uploading bench artifacts...
  Uploading bench.flag → LocalState\ ...
  Uploading prompt.txt → LocalState\ ...
  Uploading model.txt → LocalState\ ...
  Uploading bench_threads.txt → LocalState\ ...
  Uploading bench_ctx.txt → LocalState\ ...
  Uploading bench_npredict.txt → LocalState\ ...
  Uploading bench_maxlen.txt → LocalState\ ...
  Uploading bench_ubatch.txt → LocalState\ ...
  Uploading bench_n_batch.txt → LocalState\ ...
  Uploading bench_kvq8.txt → LocalState\ ...
  Uploading bench_gpu_layers.txt → LocalState\ ...
  Uploading bench_ignore_eog.txt → LocalState\ ...
  Uploading bench_mtp_pmin.txt → LocalState\ ...
  Uploading d3d12twocol.txt → LocalState\ ...
  Uploading bench_greedy.txt → LocalState\ ...
  Uploading bench_seed.txt → LocalState\ ...
  Uploading bench_tokens.txt → LocalState\ ...
  Uploading bench_profile.txt → LocalState\ ...
  Uploading bench_run_index.txt → LocalState\ ...
  Starting app...
  Waiting for bench-result.csv.done (timeout 300s)...
  Done after 20s (http 200).
  Tokens: /tmp/tmp.t3o6hB3hkJ/run2.tokens (65 lines)
  Row: qwen35-4b-mtp,Q4_K_M,d3d12,2048,2,96.17,23.91,3462,7622,2614,4147,298,64,0,xbox-series-t2-u64-b256-greedy-s1-g34-noeog-prof0,2026-10-09T15:27:03Z,2,3098.8,3100.2

--- Run 3 / 3 ---
  Uploading bench artifacts...
  Uploading bench.flag → LocalState\ ...
  Uploading prompt.txt → LocalState\ ...
  Uploading model.txt → LocalState\ ...
  Uploading bench_threads.txt → LocalState\ ...
  Uploading bench_ctx.txt → LocalState\ ...
  Uploading bench_npredict.txt → LocalState\ ...
  Uploading bench_maxlen.txt → LocalState\ ...
  Uploading bench_ubatch.txt → LocalState\ ...
  Uploading bench_n_batch.txt → LocalState\ ...
  Uploading bench_kvq8.txt → LocalState\ ...
  Uploading bench_gpu_layers.txt → LocalState\ ...
  Uploading bench_ignore_eog.txt → LocalState\ ...
  Uploading bench_mtp_pmin.txt → LocalState\ ...
  Uploading d3d12twocol.txt → LocalState\ ...
  Uploading bench_greedy.txt → LocalState\ ...
  Uploading bench_seed.txt → LocalState\ ...
  Uploading bench_tokens.txt → LocalState\ ...
  Uploading bench_profile.txt → LocalState\ ...
  Uploading bench_run_index.txt → LocalState\ ...
  Starting app...
  Waiting for bench-result.csv.done (timeout 300s)...
  Done after 20s (http 200).
  Tokens: /tmp/tmp.t3o6hB3hkJ/run3.tokens (65 lines)
  Row: qwen35-4b-mtp,Q4_K_M,d3d12,2048,2,96.28,23.99,3461,7283,2614,4147,298,64,0,xbox-series-t2-u64-b256-greedy-s1-g34-noeog-prof0,2026-10-09T15:27:28Z,3,3095.2,3096.6

--- Appending recorded runs ---
  appended: qwen35-4b-mtp,Q4_K_M,d3d12,2048,2,96.17,23.91,3462,7622,2614,4147,298,64,0,xbox-series-t2-u64-b256-greedy-s1-g34-noeog-prof0,2026-10-09T15:27:03Z,2,3098.8,3100.2
  appended: qwen35-4b-mtp,Q4_K_M,d3d12,2048,2,96.28,23.99,3461,7283,2614,4147,298,64,0,xbox-series-t2-u64-b256-greedy-s1-g34-noeog-prof0,2026-10-09T15:27:28Z,3,3095.2,3096.6
Appended 2 run(s) to /home/hjotha/worktrees/xllama-qwen35-4b-maxperf/bench/results/qwen4b-maxperf/enabled-rev207/blocks/b2/csv/std64-sw0.csv

Done. /home/hjotha/worktrees/xllama-qwen35-4b-maxperf/bench/results/qwen4b-maxperf/enabled-rev207/blocks/b2/csv/std64-sw0.csv updated.
  Restoring original model.txt on the device...
=== xllama bench-xbox-ort ===
  Model:   qwen35-4b-mtp
  Threads: 2
  n_ctx:   2048
  n_predict: 64
  max_length: derived
  Runs:    3 (run 1 warmup, dropped from median)
  Xbox:    192.168.1.26
  PFN: GianlucaMazza.xllama_1.6.0.207_x64__pj67f1fcj4n14

--- Skipping genai_config (GGUF model; threads via bench_threads.txt) ---

--- Run 1 / 3 ---
  Uploading bench artifacts...
  Uploading bench.flag → LocalState\ ...
  Uploading prompt.txt → LocalState\ ...
  Uploading model.txt → LocalState\ ...
  Uploading bench_threads.txt → LocalState\ ...
  Uploading bench_ctx.txt → LocalState\ ...
  Uploading bench_npredict.txt → LocalState\ ...
  Uploading bench_maxlen.txt → LocalState\ ...
  Uploading bench_ubatch.txt → LocalState\ ...
  Uploading bench_n_batch.txt → LocalState\ ...
  Uploading bench_kvq8.txt → LocalState\ ...
  Uploading bench_gpu_layers.txt → LocalState\ ...
  Uploading bench_ignore_eog.txt → LocalState\ ...
  Uploading bench_mtp_pmin.txt → LocalState\ ...
  Uploading d3d12twocol.txt → LocalState\ ...
  Uploading bench_greedy.txt → LocalState\ ...
  Uploading bench_seed.txt → LocalState\ ...
  Uploading bench_tokens.txt → LocalState\ ...
  Uploading bench_profile.txt → LocalState\ ...
  Uploading bench_run_index.txt → LocalState\ ...
  Starting app...
  Waiting for bench-result.csv.done (timeout 300s)...
  Done after 20s (http 200).
  Tokens: /tmp/tmp.sin7a5l6Kn/run1.tokens (65 lines)
  Row: qwen35-4b-mtp,Q4_K_M,d3d12,2048,2,101.89,25.10,3461,7447,2614,4147,298,64,0,xbox-series-t2-u64-b256-greedy-s1-g34-noeog-prof0,2026-10-09T15:27:54Z,1,2924.6,2926.0

--- Run 2 / 3 ---
  Uploading bench artifacts...
  Uploading bench.flag → LocalState\ ...
  Uploading prompt.txt → LocalState\ ...
  Uploading model.txt → LocalState\ ...
  Uploading bench_threads.txt → LocalState\ ...
  Uploading bench_ctx.txt → LocalState\ ...
  Uploading bench_npredict.txt → LocalState\ ...
  Uploading bench_maxlen.txt → LocalState\ ...
  Uploading bench_ubatch.txt → LocalState\ ...
  Uploading bench_n_batch.txt → LocalState\ ...
  Uploading bench_kvq8.txt → LocalState\ ...
  Uploading bench_gpu_layers.txt → LocalState\ ...
  Uploading bench_ignore_eog.txt → LocalState\ ...
  Uploading bench_mtp_pmin.txt → LocalState\ ...
  Uploading d3d12twocol.txt → LocalState\ ...
  Uploading bench_greedy.txt → LocalState\ ...
  Uploading bench_seed.txt → LocalState\ ...
  Uploading bench_tokens.txt → LocalState\ ...
  Uploading bench_profile.txt → LocalState\ ...
  Uploading bench_run_index.txt → LocalState\ ...
  Starting app...
  Waiting for bench-result.csv.done (timeout 300s)...
  Done after 20s (http 200).
  Tokens: /tmp/tmp.sin7a5l6Kn/run2.tokens (65 lines)
  Row: qwen35-4b-mtp,Q4_K_M,d3d12,2048,2,100.77,25.25,3461,7188,2614,4147,298,64,0,xbox-series-t2-u64-b256-greedy-s1-g34-noeog-prof0,2026-10-09T15:28:19Z,2,2957.2,2958.6

--- Run 3 / 3 ---
  Uploading bench artifacts...
  Uploading bench.flag → LocalState\ ...
  Uploading prompt.txt → LocalState\ ...
  Uploading model.txt → LocalState\ ...
  Uploading bench_threads.txt → LocalState\ ...
  Uploading bench_ctx.txt → LocalState\ ...
  Uploading bench_npredict.txt → LocalState\ ...
  Uploading bench_maxlen.txt → LocalState\ ...
  Uploading bench_ubatch.txt → LocalState\ ...
  Uploading bench_n_batch.txt → LocalState\ ...
  Uploading bench_kvq8.txt → LocalState\ ...
  Uploading bench_gpu_layers.txt → LocalState\ ...
  Uploading bench_ignore_eog.txt → LocalState\ ...
  Uploading bench_mtp_pmin.txt → LocalState\ ...
  Uploading d3d12twocol.txt → LocalState\ ...
  Uploading bench_greedy.txt → LocalState\ ...
  Uploading bench_seed.txt → LocalState\ ...
  Uploading bench_tokens.txt → LocalState\ ...
  Uploading bench_profile.txt → LocalState\ ...
  Uploading bench_run_index.txt → LocalState\ ...
  Starting app...
  Waiting for bench-result.csv.done (timeout 300s)...
  Done after 20s (http 200).
  Tokens: /tmp/tmp.sin7a5l6Kn/run3.tokens (65 lines)
  Row: qwen35-4b-mtp,Q4_K_M,d3d12,2048,2,101.42,24.85,3448,7139,2614,4147,298,64,0,xbox-series-t2-u64-b256-greedy-s1-g34-noeog-prof0,2026-10-09T15:28:44Z,3,2938.2,2939.7

--- Appending recorded runs ---
  appended: qwen35-4b-mtp,Q4_K_M,d3d12,2048,2,100.77,25.25,3461,7188,2614,4147,298,64,0,xbox-series-t2-u64-b256-greedy-s1-g34-noeog-prof0,2026-10-09T15:28:19Z,2,2957.2,2958.6
  appended: qwen35-4b-mtp,Q4_K_M,d3d12,2048,2,101.42,24.85,3448,7139,2614,4147,298,64,0,xbox-series-t2-u64-b256-greedy-s1-g34-noeog-prof0,2026-10-09T15:28:44Z,3,2938.2,2939.7
Appended 2 run(s) to /home/hjotha/worktrees/xllama-qwen35-4b-maxperf/bench/results/qwen4b-maxperf/enabled-rev207/blocks/b2/csv/std64-sw1.csv

Done. /home/hjotha/worktrees/xllama-qwen35-4b-maxperf/bench/results/qwen4b-maxperf/enabled-rev207/blocks/b2/csv/std64-sw1.csv updated.
  Restoring original model.txt on the device...
=== xllama bench-xbox-ort ===
  Model:   qwen35-4b-mtp
  Threads: 2
  n_ctx:   2048
  n_predict: 256
  max_length: derived
  Runs:    3 (run 1 warmup, dropped from median)
  Xbox:    192.168.1.26
  PFN: GianlucaMazza.xllama_1.6.0.207_x64__pj67f1fcj4n14

--- Skipping genai_config (GGUF model; threads via bench_threads.txt) ---

--- Run 1 / 3 ---
  Uploading bench artifacts...
  Uploading bench.flag → LocalState\ ...
  Uploading prompt.txt → LocalState\ ...
  Uploading model.txt → LocalState\ ...
  Uploading bench_threads.txt → LocalState\ ...
  Uploading bench_ctx.txt → LocalState\ ...
  Uploading bench_npredict.txt → LocalState\ ...
  Uploading bench_maxlen.txt → LocalState\ ...
  Uploading bench_ubatch.txt → LocalState\ ...
  Uploading bench_n_batch.txt → LocalState\ ...
  Uploading bench_kvq8.txt → LocalState\ ...
  Uploading bench_gpu_layers.txt → LocalState\ ...
  Uploading bench_ignore_eog.txt → LocalState\ ...
  Uploading bench_mtp_pmin.txt → LocalState\ ...
  Uploading d3d12twocol.txt → LocalState\ ...
  Uploading bench_greedy.txt → LocalState\ ...
  Uploading bench_seed.txt → LocalState\ ...
  Uploading bench_tokens.txt → LocalState\ ...
  Uploading bench_profile.txt → LocalState\ ...
  Uploading bench_run_index.txt → LocalState\ ...
  Starting app...
  Waiting for bench-result.csv.done (timeout 300s)...
  Done after 20s (http 200).
  Tokens: /tmp/tmp.pXXble9b1f/run1.tokens (257 lines)
  Row: qwen35-4b-mtp,Q4_K_M,d3d12,2048,2,96.14,24.59,3461,5480,2614,4147,119,256,0,xbox-series-t2-u64-b256-greedy-s1-g34-noeog-prof0,2026-10-09T15:29:16Z,1,1237.8,1239.1

--- Run 2 / 3 ---
  Uploading bench artifacts...
  Uploading bench.flag → LocalState\ ...
  Uploading prompt.txt → LocalState\ ...
  Uploading model.txt → LocalState\ ...
  Uploading bench_threads.txt → LocalState\ ...
  Uploading bench_ctx.txt → LocalState\ ...
  Uploading bench_npredict.txt → LocalState\ ...
  Uploading bench_maxlen.txt → LocalState\ ...
  Uploading bench_ubatch.txt → LocalState\ ...
  Uploading bench_n_batch.txt → LocalState\ ...
  Uploading bench_kvq8.txt → LocalState\ ...
  Uploading bench_gpu_layers.txt → LocalState\ ...
  Uploading bench_ignore_eog.txt → LocalState\ ...
  Uploading bench_mtp_pmin.txt → LocalState\ ...
  Uploading d3d12twocol.txt → LocalState\ ...
  Uploading bench_greedy.txt → LocalState\ ...
  Uploading bench_seed.txt → LocalState\ ...
  Uploading bench_tokens.txt → LocalState\ ...
  Uploading bench_profile.txt → LocalState\ ...
  Uploading bench_run_index.txt → LocalState\ ...
  Starting app...
  Waiting for bench-result.csv.done (timeout 300s)...
  Done after 20s (http 200).
  Tokens: /tmp/tmp.pXXble9b1f/run2.tokens (257 lines)
  Row: qwen35-4b-mtp,Q4_K_M,d3d12,2048,2,94.60,24.29,3448,5416,2614,4147,119,256,0,xbox-series-t2-u64-b256-greedy-s1-g34-noeog-prof0,2026-10-09T15:29:41Z,2,1257.9,1259.3

--- Run 3 / 3 ---
  Uploading bench artifacts...
  Uploading bench.flag → LocalState\ ...
  Uploading prompt.txt → LocalState\ ...
  Uploading model.txt → LocalState\ ...
  Uploading bench_threads.txt → LocalState\ ...
  Uploading bench_ctx.txt → LocalState\ ...
  Uploading bench_npredict.txt → LocalState\ ...
  Uploading bench_maxlen.txt → LocalState\ ...
  Uploading bench_ubatch.txt → LocalState\ ...
  Uploading bench_n_batch.txt → LocalState\ ...
  Uploading bench_kvq8.txt → LocalState\ ...
  Uploading bench_gpu_layers.txt → LocalState\ ...
  Uploading bench_ignore_eog.txt → LocalState\ ...
  Uploading bench_mtp_pmin.txt → LocalState\ ...
  Uploading d3d12twocol.txt → LocalState\ ...
  Uploading bench_greedy.txt → LocalState\ ...
  Uploading bench_seed.txt → LocalState\ ...
  Uploading bench_tokens.txt → LocalState\ ...
  Uploading bench_profile.txt → LocalState\ ...
  Uploading bench_run_index.txt → LocalState\ ...
  Starting app...
  Waiting for bench-result.csv.done (timeout 300s)...
  Done after 20s (http 200).
  Tokens: /tmp/tmp.pXXble9b1f/run3.tokens (257 lines)
  Row: qwen35-4b-mtp,Q4_K_M,d3d12,2048,2,94.68,24.39,3448,5421,2614,4147,119,256,0,xbox-series-t2-u64-b256-greedy-s1-g34-noeog-prof0,2026-10-09T15:30:06Z,3,1256.9,1258.3

--- Appending recorded runs ---
  appended: qwen35-4b-mtp,Q4_K_M,d3d12,2048,2,94.60,24.29,3448,5416,2614,4147,119,256,0,xbox-series-t2-u64-b256-greedy-s1-g34-noeog-prof0,2026-10-09T15:29:41Z,2,1257.9,1259.3
  appended: qwen35-4b-mtp,Q4_K_M,d3d12,2048,2,94.68,24.39,3448,5421,2614,4147,119,256,0,xbox-series-t2-u64-b256-greedy-s1-g34-noeog-prof0,2026-10-09T15:30:06Z,3,1256.9,1258.3
Appended 2 run(s) to /home/hjotha/worktrees/xllama-qwen35-4b-maxperf/bench/results/qwen4b-maxperf/enabled-rev207/blocks/b2/csv/chat256-sw0.csv

Done. /home/hjotha/worktrees/xllama-qwen35-4b-maxperf/bench/results/qwen4b-maxperf/enabled-rev207/blocks/b2/csv/chat256-sw0.csv updated.
  Restoring original model.txt on the device...
=== xllama bench-xbox-ort ===
  Model:   qwen35-4b-mtp
  Threads: 2
  n_ctx:   2048
  n_predict: 256
  max_length: derived
  Runs:    3 (run 1 warmup, dropped from median)
  Xbox:    192.168.1.26
  PFN: GianlucaMazza.xllama_1.6.0.207_x64__pj67f1fcj4n14

--- Skipping genai_config (GGUF model; threads via bench_threads.txt) ---

--- Run 1 / 3 ---
  Uploading bench artifacts...
  Uploading bench.flag → LocalState\ ...
  Uploading prompt.txt → LocalState\ ...
  Uploading model.txt → LocalState\ ...
  Uploading bench_threads.txt → LocalState\ ...
  Uploading bench_ctx.txt → LocalState\ ...
  Uploading bench_npredict.txt → LocalState\ ...
  Uploading bench_maxlen.txt → LocalState\ ...
  Uploading bench_ubatch.txt → LocalState\ ...
  Uploading bench_n_batch.txt → LocalState\ ...
  Uploading bench_kvq8.txt → LocalState\ ...
  Uploading bench_gpu_layers.txt → LocalState\ ...
  Uploading bench_ignore_eog.txt → LocalState\ ...
  Uploading bench_mtp_pmin.txt → LocalState\ ...
  Uploading d3d12twocol.txt → LocalState\ ...
  Uploading bench_greedy.txt → LocalState\ ...
  Uploading bench_seed.txt → LocalState\ ...
  Uploading bench_tokens.txt → LocalState\ ...
  Uploading bench_profile.txt → LocalState\ ...
  Uploading bench_run_index.txt → LocalState\ ...
  Starting app...
  Waiting for bench-result.csv.done (timeout 300s)...
  Done after 20s (http 200).
  Tokens: /tmp/tmp.cOoeASYjWv/run1.tokens (257 lines)
  Row: qwen35-4b-mtp,Q4_K_M,d3d12,2048,2,102.37,25.51,3461,5377,2614,4147,119,256,0,xbox-series-t2-u64-b256-greedy-s1-g34-noeog-prof0,2026-10-09T15:30:32Z,1,1162.5,1163.9

--- Run 2 / 3 ---
  Uploading bench artifacts...
  Uploading bench.flag → LocalState\ ...
  Uploading prompt.txt → LocalState\ ...
  Uploading model.txt → LocalState\ ...
  Uploading bench_threads.txt → LocalState\ ...
  Uploading bench_ctx.txt → LocalState\ ...
  Uploading bench_npredict.txt → LocalState\ ...
  Uploading bench_maxlen.txt → LocalState\ ...
  Uploading bench_ubatch.txt → LocalState\ ...
  Uploading bench_n_batch.txt → LocalState\ ...
  Uploading bench_kvq8.txt → LocalState\ ...
  Uploading bench_gpu_layers.txt → LocalState\ ...
  Uploading bench_ignore_eog.txt → LocalState\ ...
  Uploading bench_mtp_pmin.txt → LocalState\ ...
  Uploading d3d12twocol.txt → LocalState\ ...
  Uploading bench_greedy.txt → LocalState\ ...
  Uploading bench_seed.txt → LocalState\ ...
  Uploading bench_tokens.txt → LocalState\ ...
  Uploading bench_profile.txt → LocalState\ ...
  Uploading bench_run_index.txt → LocalState\ ...
  Starting app...
  Waiting for bench-result.csv.done (timeout 300s)...
  Done after 20s (http 200).
  Tokens: /tmp/tmp.cOoeASYjWv/run2.tokens (257 lines)
  Row: qwen35-4b-mtp,Q4_K_M,d3d12,2048,2,101.26,25.55,3448,5366,2614,4147,119,256,0,xbox-series-t2-u64-b256-greedy-s1-g34-noeog-prof0,2026-10-09T15:30:56Z,2,1175.2,1176.6

--- Run 3 / 3 ---
  Uploading bench artifacts...
  Uploading bench.flag → LocalState\ ...
  Uploading prompt.txt → LocalState\ ...
  Uploading model.txt → LocalState\ ...
  Uploading bench_threads.txt → LocalState\ ...
  Uploading bench_ctx.txt → LocalState\ ...
  Uploading bench_npredict.txt → LocalState\ ...
  Uploading bench_maxlen.txt → LocalState\ ...
  Uploading bench_ubatch.txt → LocalState\ ...
  Uploading bench_n_batch.txt → LocalState\ ...
  Uploading bench_kvq8.txt → LocalState\ ...
  Uploading bench_gpu_layers.txt → LocalState\ ...
  Uploading bench_ignore_eog.txt → LocalState\ ...
  Uploading bench_mtp_pmin.txt → LocalState\ ...
  Uploading d3d12twocol.txt → LocalState\ ...
  Uploading bench_greedy.txt → LocalState\ ...
  Uploading bench_seed.txt → LocalState\ ...
  Uploading bench_tokens.txt → LocalState\ ...
  Uploading bench_profile.txt → LocalState\ ...
  Uploading bench_run_index.txt → LocalState\ ...
  Starting app...
  Waiting for bench-result.csv.done (timeout 300s)...
  Done after 20s (http 200).
  Tokens: /tmp/tmp.cOoeASYjWv/run3.tokens (257 lines)
  Row: qwen35-4b-mtp,Q4_K_M,d3d12,2048,2,102.47,25.66,3462,5370,2614,4147,119,256,0,xbox-series-t2-u64-b256-greedy-s1-g34-noeog-prof0,2026-10-09T15:31:21Z,3,1161.4,1162.8

--- Appending recorded runs ---
  appended: qwen35-4b-mtp,Q4_K_M,d3d12,2048,2,101.26,25.55,3448,5366,2614,4147,119,256,0,xbox-series-t2-u64-b256-greedy-s1-g34-noeog-prof0,2026-10-09T15:30:56Z,2,1175.2,1176.6
  appended: qwen35-4b-mtp,Q4_K_M,d3d12,2048,2,102.47,25.66,3462,5370,2614,4147,119,256,0,xbox-series-t2-u64-b256-greedy-s1-g34-noeog-prof0,2026-10-09T15:31:21Z,3,1161.4,1162.8
Appended 2 run(s) to /home/hjotha/worktrees/xllama-qwen35-4b-maxperf/bench/results/qwen4b-maxperf/enabled-rev207/blocks/b2/csv/chat256-sw1.csv

Done. /home/hjotha/worktrees/xllama-qwen35-4b-maxperf/bench/results/qwen4b-maxperf/enabled-rev207/blocks/b2/csv/chat256-sw1.csv updated.
  Restoring original model.txt on the device...
=== xllama bench-xbox-ort ===
  Model:   qwen35-4b-mtp
  Threads: 2
  n_ctx:   2048
  n_predict: 256
  max_length: derived
  Runs:    3 (run 1 warmup, dropped from median)
  Xbox:    192.168.1.26
  PFN: GianlucaMazza.xllama_1.6.0.207_x64__pj67f1fcj4n14

--- Skipping genai_config (GGUF model; threads via bench_threads.txt) ---

--- Run 1 / 3 ---
  Uploading bench artifacts...
  Uploading bench.flag → LocalState\ ...
  Uploading prompt.txt → LocalState\ ...
  Uploading model.txt → LocalState\ ...
  Uploading bench_threads.txt → LocalState\ ...
  Uploading bench_ctx.txt → LocalState\ ...
  Uploading bench_npredict.txt → LocalState\ ...
  Uploading bench_maxlen.txt → LocalState\ ...
  Uploading bench_ubatch.txt → LocalState\ ...
  Uploading bench_n_batch.txt → LocalState\ ...
  Uploading bench_kvq8.txt → LocalState\ ...
  Uploading bench_gpu_layers.txt → LocalState\ ...
  Uploading bench_ignore_eog.txt → LocalState\ ...
  Uploading bench_mtp_pmin.txt → LocalState\ ...
  Uploading d3d12twocol.txt → LocalState\ ...
  Uploading bench_greedy.txt → LocalState\ ...
  Uploading bench_seed.txt → LocalState\ ...
  Uploading bench_tokens.txt → LocalState\ ...
  Uploading bench_profile.txt → LocalState\ ...
  Uploading bench_run_index.txt → LocalState\ ...
  Starting app...
  Waiting for bench-result.csv.done (timeout 300s)...
  Done after 30s (http 200).
  Tokens: /tmp/tmp.SVjkYJftgW/run1.tokens (257 lines)
  Row: qwen35-4b-mtp,Q4_K_M,d3d12,2048,2,95.27,23.24,3457,7581,2614,4147,324,256,0,xbox-series-t2-u64-b256-greedy-s1-g34-noeog-prof0,2026-10-09T15:31:51Z,1,3400.8,3402.2

--- Run 2 / 3 ---
  Uploading bench artifacts...
  Uploading bench.flag → LocalState\ ...
  Uploading prompt.txt → LocalState\ ...
  Uploading model.txt → LocalState\ ...
  Uploading bench_threads.txt → LocalState\ ...
  Uploading bench_ctx.txt → LocalState\ ...
  Uploading bench_npredict.txt → LocalState\ ...
  Uploading bench_maxlen.txt → LocalState\ ...
  Uploading bench_ubatch.txt → LocalState\ ...
  Uploading bench_n_batch.txt → LocalState\ ...
  Uploading bench_kvq8.txt → LocalState\ ...
  Uploading bench_gpu_layers.txt → LocalState\ ...
  Uploading bench_ignore_eog.txt → LocalState\ ...
  Uploading bench_mtp_pmin.txt → LocalState\ ...
  Uploading d3d12twocol.txt → LocalState\ ...
  Uploading bench_greedy.txt → LocalState\ ...
  Uploading bench_seed.txt → LocalState\ ...
  Uploading bench_tokens.txt → LocalState\ ...
  Uploading bench_profile.txt → LocalState\ ...
  Uploading bench_run_index.txt → LocalState\ ...
  Starting app...
  Waiting for bench-result.csv.done (timeout 300s)...
  Done after 30s (http 200).
  Tokens: /tmp/tmp.SVjkYJftgW/run2.tokens (257 lines)
  Row: qwen35-4b-mtp,Q4_K_M,d3d12,2048,2,96.94,23.32,3461,7556,2614,4147,324,256,0,xbox-series-t2-u64-b256-greedy-s1-g34-noeog-prof0,2026-10-09T15:32:26Z,2,3342.3,3343.7

--- Run 3 / 3 ---
  Uploading bench artifacts...
  Uploading bench.flag → LocalState\ ...
  Uploading prompt.txt → LocalState\ ...
  Uploading model.txt → LocalState\ ...
  Uploading bench_threads.txt → LocalState\ ...
  Uploading bench_ctx.txt → LocalState\ ...
  Uploading bench_npredict.txt → LocalState\ ...
  Uploading bench_maxlen.txt → LocalState\ ...
  Uploading bench_ubatch.txt → LocalState\ ...
  Uploading bench_n_batch.txt → LocalState\ ...
  Uploading bench_kvq8.txt → LocalState\ ...
  Uploading bench_gpu_layers.txt → LocalState\ ...
  Uploading bench_ignore_eog.txt → LocalState\ ...
  Uploading bench_mtp_pmin.txt → LocalState\ ...
  Uploading d3d12twocol.txt → LocalState\ ...
  Uploading bench_greedy.txt → LocalState\ ...
  Uploading bench_seed.txt → LocalState\ ...
  Uploading bench_tokens.txt → LocalState\ ...
  Uploading bench_profile.txt → LocalState\ ...
  Uploading bench_run_index.txt → LocalState\ ...
  Starting app...
  Waiting for bench-result.csv.done (timeout 300s)...
  Done after 30s (http 200).
  Tokens: /tmp/tmp.SVjkYJftgW/run3.tokens (257 lines)
  Row: qwen35-4b-mtp,Q4_K_M,d3d12,2048,2,96.97,23.47,3448,7522,2614,4147,324,256,0,xbox-series-t2-u64-b256-greedy-s1-g34-noeog-prof0,2026-10-09T15:33:01Z,3,3341.2,3342.5

--- Appending recorded runs ---
  appended: qwen35-4b-mtp,Q4_K_M,d3d12,2048,2,96.94,23.32,3461,7556,2614,4147,324,256,0,xbox-series-t2-u64-b256-greedy-s1-g34-noeog-prof0,2026-10-09T15:32:26Z,2,3342.3,3343.7
  appended: qwen35-4b-mtp,Q4_K_M,d3d12,2048,2,96.97,23.47,3448,7522,2614,4147,324,256,0,xbox-series-t2-u64-b256-greedy-s1-g34-noeog-prof0,2026-10-09T15:33:01Z,3,3341.2,3342.5
Appended 2 run(s) to /home/hjotha/worktrees/xllama-qwen35-4b-maxperf/bench/results/qwen4b-maxperf/enabled-rev207/blocks/b2/csv/code256-sw0.csv

Done. /home/hjotha/worktrees/xllama-qwen35-4b-maxperf/bench/results/qwen4b-maxperf/enabled-rev207/blocks/b2/csv/code256-sw0.csv updated.
  Restoring original model.txt on the device...
=== xllama bench-xbox-ort ===
  Model:   qwen35-4b-mtp
  Threads: 2
  n_ctx:   2048
  n_predict: 256
  max_length: derived
  Runs:    3 (run 1 warmup, dropped from median)
  Xbox:    192.168.1.26
  PFN: GianlucaMazza.xllama_1.6.0.207_x64__pj67f1fcj4n14

--- Skipping genai_config (GGUF model; threads via bench_threads.txt) ---

--- Run 1 / 3 ---
  Uploading bench artifacts...
  Uploading bench.flag → LocalState\ ...
  Uploading prompt.txt → LocalState\ ...
  Uploading model.txt → LocalState\ ...
  Uploading bench_threads.txt → LocalState\ ...
  Uploading bench_ctx.txt → LocalState\ ...
  Uploading bench_npredict.txt → LocalState\ ...
  Uploading bench_maxlen.txt → LocalState\ ...
  Uploading bench_ubatch.txt → LocalState\ ...
  Uploading bench_n_batch.txt → LocalState\ ...
  Uploading bench_kvq8.txt → LocalState\ ...
  Uploading bench_gpu_layers.txt → LocalState\ ...
  Uploading bench_ignore_eog.txt → LocalState\ ...
  Uploading bench_mtp_pmin.txt → LocalState\ ...
  Uploading d3d12twocol.txt → LocalState\ ...
  Uploading bench_greedy.txt → LocalState\ ...
  Uploading bench_seed.txt → LocalState\ ...
  Uploading bench_tokens.txt → LocalState\ ...
  Uploading bench_profile.txt → LocalState\ ...
  Uploading bench_run_index.txt → LocalState\ ...
  Starting app...
  Waiting for bench-result.csv.done (timeout 300s)...
  Done after 31s (http 200).
  Tokens: /tmp/tmp.qopUWFfZLw/run1.tokens (257 lines)
  Row: qwen35-4b-mtp,Q4_K_M,d3d12,2048,2,103.65,24.61,3459,7276,2614,4147,324,256,0,xbox-series-t2-u64-b256-greedy-s1-g34-noeog-prof0,2026-10-09T15:33:37Z,1,3126.0,3127.4

--- Run 2 / 3 ---
  Uploading bench artifacts...
  Uploading bench.flag → LocalState\ ...
  Uploading prompt.txt → LocalState\ ...
  Uploading model.txt → LocalState\ ...
  Uploading bench_threads.txt → LocalState\ ...
  Uploading bench_ctx.txt → LocalState\ ...
  Uploading bench_npredict.txt → LocalState\ ...
  Uploading bench_maxlen.txt → LocalState\ ...
  Uploading bench_ubatch.txt → LocalState\ ...
  Uploading bench_n_batch.txt → LocalState\ ...
  Uploading bench_kvq8.txt → LocalState\ ...
  Uploading bench_gpu_layers.txt → LocalState\ ...
  Uploading bench_ignore_eog.txt → LocalState\ ...
  Uploading bench_mtp_pmin.txt → LocalState\ ...
  Uploading d3d12twocol.txt → LocalState\ ...
  Uploading bench_greedy.txt → LocalState\ ...
  Uploading bench_seed.txt → LocalState\ ...
  Uploading bench_tokens.txt → LocalState\ ...
  Uploading bench_profile.txt → LocalState\ ...
  Uploading bench_run_index.txt → LocalState\ ...
  Starting app...
  Waiting for bench-result.csv.done (timeout 300s)...
  Done after 30s (http 200).
  Tokens: /tmp/tmp.qopUWFfZLw/run2.tokens (257 lines)
  Row: qwen35-4b-mtp,Q4_K_M,d3d12,2048,2,101.39,24.03,3462,7418,2614,4147,324,256,0,xbox-series-t2-u64-b256-greedy-s1-g34-noeog-prof0,2026-10-09T15:34:13Z,2,3195.6,3197.0

--- Run 3 / 3 ---
  Uploading bench artifacts...
  Uploading bench.flag → LocalState\ ...
  Uploading prompt.txt → LocalState\ ...
  Uploading model.txt → LocalState\ ...
  Uploading bench_threads.txt → LocalState\ ...
  Uploading bench_ctx.txt → LocalState\ ...
  Uploading bench_npredict.txt → LocalState\ ...
  Uploading bench_maxlen.txt → LocalState\ ...
  Uploading bench_ubatch.txt → LocalState\ ...
  Uploading bench_n_batch.txt → LocalState\ ...
  Uploading bench_kvq8.txt → LocalState\ ...
  Uploading bench_gpu_layers.txt → LocalState\ ...
  Uploading bench_ignore_eog.txt → LocalState\ ...
  Uploading bench_mtp_pmin.txt → LocalState\ ...
  Uploading d3d12twocol.txt → LocalState\ ...
  Uploading bench_greedy.txt → LocalState\ ...
  Uploading bench_seed.txt → LocalState\ ...
  Uploading bench_tokens.txt → LocalState\ ...
  Uploading bench_profile.txt → LocalState\ ...
  Uploading bench_run_index.txt → LocalState\ ...
  Starting app...
  Waiting for bench-result.csv.done (timeout 300s)...
  Done after 30s (http 200).
  Tokens: /tmp/tmp.qopUWFfZLw/run3.tokens (257 lines)
  Row: qwen35-4b-mtp,Q4_K_M,d3d12,2048,2,103.14,24.37,3451,7348,2614,4147,324,256,0,xbox-series-t2-u64-b256-greedy-s1-g34-noeog-prof0,2026-10-09T15:34:49Z,3,3141.4,3142.8

--- Appending recorded runs ---
  appended: qwen35-4b-mtp,Q4_K_M,d3d12,2048,2,101.39,24.03,3462,7418,2614,4147,324,256,0,xbox-series-t2-u64-b256-greedy-s1-g34-noeog-prof0,2026-10-09T15:34:13Z,2,3195.6,3197.0
  appended: qwen35-4b-mtp,Q4_K_M,d3d12,2048,2,103.14,24.37,3451,7348,2614,4147,324,256,0,xbox-series-t2-u64-b256-greedy-s1-g34-noeog-prof0,2026-10-09T15:34:49Z,3,3141.4,3142.8
Appended 2 run(s) to /home/hjotha/worktrees/xllama-qwen35-4b-maxperf/bench/results/qwen4b-maxperf/enabled-rev207/blocks/b2/csv/code256-sw1.csv

Done. /home/hjotha/worktrees/xllama-qwen35-4b-maxperf/bench/results/qwen4b-maxperf/enabled-rev207/blocks/b2/csv/code256-sw1.csv updated.
  Restoring original model.txt on the device...
=== xllama bench-xbox-ort ===
  Model:   qwen35-4b-mtp
  Threads: 2
  n_ctx:   2048
  n_predict: 256
  max_length: derived
  Runs:    3 (run 1 warmup, dropped from median)
  Xbox:    192.168.1.26
  PFN: GianlucaMazza.xllama_1.6.0.207_x64__pj67f1fcj4n14

--- Skipping genai_config (GGUF model; threads via bench_threads.txt) ---

--- Run 1 / 3 ---
  Uploading bench artifacts...
  Uploading bench.flag → LocalState\ ...
  Uploading prompt.txt → LocalState\ ...
  Uploading model.txt → LocalState\ ...
  Uploading bench_threads.txt → LocalState\ ...
  Uploading bench_ctx.txt → LocalState\ ...
  Uploading bench_npredict.txt → LocalState\ ...
  Uploading bench_maxlen.txt → LocalState\ ...
  Uploading bench_ubatch.txt → LocalState\ ...
  Uploading bench_n_batch.txt → LocalState\ ...
  Uploading bench_kvq8.txt → LocalState\ ...
  Uploading bench_gpu_layers.txt → LocalState\ ...
  Uploading bench_ignore_eog.txt → LocalState\ ...
  Uploading bench_mtp_pmin.txt → LocalState\ ...
  Uploading d3d12twocol.txt → LocalState\ ...
  Uploading bench_greedy.txt → LocalState\ ...
  Uploading bench_seed.txt → LocalState\ ...
  Uploading bench_tokens.txt → LocalState\ ...
  Uploading bench_profile.txt → LocalState\ ...
  Uploading bench_run_index.txt → LocalState\ ...
  Starting app...
  Waiting for bench-result.csv.done (timeout 300s)...
  Done after 30s (http 200).
  Tokens: /tmp/tmp.u3FptR8yUh/run1.tokens (257 lines)
  Row: qwen35-4b-mtp,Q4_K_M,d3d12,2048,2,95.35,23.32,3457,7291,2614,4147,298,256,0,xbox-series-t2-u64-b256-greedy-s1-g34-noeog-prof0,2026-10-09T15:35:25Z,1,3125.3,3127.6

--- Run 2 / 3 ---
  Uploading bench artifacts...
  Uploading bench.flag → LocalState\ ...
  Uploading prompt.txt → LocalState\ ...
  Uploading model.txt → LocalState\ ...
  Uploading bench_threads.txt → LocalState\ ...
  Uploading bench_ctx.txt → LocalState\ ...
  Uploading bench_npredict.txt → LocalState\ ...
  Uploading bench_maxlen.txt → LocalState\ ...
  Uploading bench_ubatch.txt → LocalState\ ...
  Uploading bench_n_batch.txt → LocalState\ ...
  Uploading bench_kvq8.txt → LocalState\ ...
  Uploading bench_gpu_layers.txt → LocalState\ ...
  Uploading bench_ignore_eog.txt → LocalState\ ...
  Uploading bench_mtp_pmin.txt → LocalState\ ...
  Uploading d3d12twocol.txt → LocalState\ ...
  Uploading bench_greedy.txt → LocalState\ ...
  Uploading bench_seed.txt → LocalState\ ...
  Uploading bench_tokens.txt → LocalState\ ...
  Uploading bench_profile.txt → LocalState\ ...
  Uploading bench_run_index.txt → LocalState\ ...
  Starting app...
  Waiting for bench-result.csv.done (timeout 300s)...
  Done after 30s (http 200).
  Tokens: /tmp/tmp.u3FptR8yUh/run2.tokens (257 lines)
  Row: qwen35-4b-mtp,Q4_K_M,d3d12,2048,2,96.13,23.33,3448,7286,2614,4147,298,256,0,xbox-series-t2-u64-b256-greedy-s1-g34-noeog-prof0,2026-10-09T15:36:00Z,2,3100.0,3101.4

--- Run 3 / 3 ---
  Uploading bench artifacts...
  Uploading bench.flag → LocalState\ ...
  Uploading prompt.txt → LocalState\ ...
  Uploading model.txt → LocalState\ ...
  Uploading bench_threads.txt → LocalState\ ...
  Uploading bench_ctx.txt → LocalState\ ...
  Uploading bench_npredict.txt → LocalState\ ...
  Uploading bench_maxlen.txt → LocalState\ ...
  Uploading bench_ubatch.txt → LocalState\ ...
  Uploading bench_n_batch.txt → LocalState\ ...
  Uploading bench_kvq8.txt → LocalState\ ...
  Uploading bench_gpu_layers.txt → LocalState\ ...
  Uploading bench_ignore_eog.txt → LocalState\ ...
  Uploading bench_mtp_pmin.txt → LocalState\ ...
  Uploading d3d12twocol.txt → LocalState\ ...
  Uploading bench_greedy.txt → LocalState\ ...
  Uploading bench_seed.txt → LocalState\ ...
  Uploading bench_tokens.txt → LocalState\ ...
  Uploading bench_profile.txt → LocalState\ ...
  Uploading bench_run_index.txt → LocalState\ ...
  Starting app...
  Waiting for bench-result.csv.done (timeout 300s)...
  Done after 31s (http 200).
  Tokens: /tmp/tmp.u3FptR8yUh/run3.tokens (257 lines)
  Row: qwen35-4b-mtp,Q4_K_M,d3d12,2048,2,96.12,23.43,3461,7303,2614,4147,298,256,0,xbox-series-t2-u64-b256-greedy-s1-g34-noeog-prof0,2026-10-09T15:36:36Z,3,3100.3,3101.7

--- Appending recorded runs ---
  appended: qwen35-4b-mtp,Q4_K_M,d3d12,2048,2,96.13,23.33,3448,7286,2614,4147,298,256,0,xbox-series-t2-u64-b256-greedy-s1-g34-noeog-prof0,2026-10-09T15:36:00Z,2,3100.0,3101.4
  appended: qwen35-4b-mtp,Q4_K_M,d3d12,2048,2,96.12,23.43,3461,7303,2614,4147,298,256,0,xbox-series-t2-u64-b256-greedy-s1-g34-noeog-prof0,2026-10-09T15:36:36Z,3,3100.3,3101.7
Appended 2 run(s) to /home/hjotha/worktrees/xllama-qwen35-4b-maxperf/bench/results/qwen4b-maxperf/enabled-rev207/blocks/b2/csv/std256-sw0.csv

Done. /home/hjotha/worktrees/xllama-qwen35-4b-maxperf/bench/results/qwen4b-maxperf/enabled-rev207/blocks/b2/csv/std256-sw0.csv updated.
  Restoring original model.txt on the device...
=== xllama bench-xbox-ort ===
  Model:   qwen35-4b-mtp
  Threads: 2
  n_ctx:   2048
  n_predict: 256
  max_length: derived
  Runs:    3 (run 1 warmup, dropped from median)
  Xbox:    192.168.1.26
  PFN: GianlucaMazza.xllama_1.6.0.207_x64__pj67f1fcj4n14

--- Skipping genai_config (GGUF model; threads via bench_threads.txt) ---

--- Run 1 / 3 ---
  Uploading bench artifacts...
  Uploading bench.flag → LocalState\ ...
  Uploading prompt.txt → LocalState\ ...
  Uploading model.txt → LocalState\ ...
  Uploading bench_threads.txt → LocalState\ ...
  Uploading bench_ctx.txt → LocalState\ ...
  Uploading bench_npredict.txt → LocalState\ ...
  Uploading bench_maxlen.txt → LocalState\ ...
  Uploading bench_ubatch.txt → LocalState\ ...
  Uploading bench_n_batch.txt → LocalState\ ...
  Uploading bench_kvq8.txt → LocalState\ ...
  Uploading bench_gpu_layers.txt → LocalState\ ...
  Uploading bench_ignore_eog.txt → LocalState\ ...
  Uploading bench_mtp_pmin.txt → LocalState\ ...
  Uploading d3d12twocol.txt → LocalState\ ...
  Uploading bench_greedy.txt → LocalState\ ...
  Uploading bench_seed.txt → LocalState\ ...
  Uploading bench_tokens.txt → LocalState\ ...
  Uploading bench_profile.txt → LocalState\ ...
  Uploading bench_run_index.txt → LocalState\ ...
  Starting app...
  Waiting for bench-result.csv.done (timeout 300s)...
  Done after 30s (http 200).
  Tokens: /tmp/tmp.yZR1wBIPts/run1.tokens (257 lines)
  Row: qwen35-4b-mtp,Q4_K_M,d3d12,2048,2,102.04,24.56,3451,7130,2614,4147,298,256,0,xbox-series-t2-u64-b256-greedy-s1-g34-noeog-prof0,2026-10-09T15:37:12Z,1,2920.3,2921.6

--- Run 2 / 3 ---
  Uploading bench artifacts...
  Uploading bench.flag → LocalState\ ...
  Uploading prompt.txt → LocalState\ ...
  Uploading model.txt → LocalState\ ...
  Uploading bench_threads.txt → LocalState\ ...
  Uploading bench_ctx.txt → LocalState\ ...
  Uploading bench_npredict.txt → LocalState\ ...
  Uploading bench_maxlen.txt → LocalState\ ...
  Uploading bench_ubatch.txt → LocalState\ ...
  Uploading bench_n_batch.txt → LocalState\ ...
  Uploading bench_kvq8.txt → LocalState\ ...
  Uploading bench_gpu_layers.txt → LocalState\ ...
  Uploading bench_ignore_eog.txt → LocalState\ ...
  Uploading bench_mtp_pmin.txt → LocalState\ ...
  Uploading d3d12twocol.txt → LocalState\ ...
  Uploading bench_greedy.txt → LocalState\ ...
  Uploading bench_seed.txt → LocalState\ ...
  Uploading bench_tokens.txt → LocalState\ ...
  Uploading bench_profile.txt → LocalState\ ...
  Uploading bench_run_index.txt → LocalState\ ...
  Starting app...
  Waiting for bench-result.csv.done (timeout 300s)...
  Done after 31s (http 200).
  Tokens: /tmp/tmp.yZR1wBIPts/run2.tokens (257 lines)
  Row: qwen35-4b-mtp,Q4_K_M,d3d12,2048,2,101.95,24.70,3462,7177,2614,4147,298,256,0,xbox-series-t2-u64-b256-greedy-s1-g34-noeog-prof0,2026-10-09T15:37:47Z,2,2923.0,2924.4

--- Run 3 / 3 ---
  Uploading bench artifacts...
  Uploading bench.flag → LocalState\ ...
  Uploading prompt.txt → LocalState\ ...
  Uploading model.txt → LocalState\ ...
  Uploading bench_threads.txt → LocalState\ ...
  Uploading bench_ctx.txt → LocalState\ ...
  Uploading bench_npredict.txt → LocalState\ ...
  Uploading bench_maxlen.txt → LocalState\ ...
  Uploading bench_ubatch.txt → LocalState\ ...
  Uploading bench_n_batch.txt → LocalState\ ...
  Uploading bench_kvq8.txt → LocalState\ ...
  Uploading bench_gpu_layers.txt → LocalState\ ...
  Uploading bench_ignore_eog.txt → LocalState\ ...
  Uploading bench_mtp_pmin.txt → LocalState\ ...
  Uploading d3d12twocol.txt → LocalState\ ...
  Uploading bench_greedy.txt → LocalState\ ...
  Uploading bench_seed.txt → LocalState\ ...
  Uploading bench_tokens.txt → LocalState\ ...
  Uploading bench_profile.txt → LocalState\ ...
  Uploading bench_run_index.txt → LocalState\ ...
  Starting app...
  Waiting for bench-result.csv.done (timeout 300s)...
  Done after 30s (http 200).
  Tokens: /tmp/tmp.yZR1wBIPts/run3.tokens (257 lines)
  Row: qwen35-4b-mtp,Q4_K_M,d3d12,2048,2,102.25,24.71,3461,7158,2614,4147,298,256,0,xbox-series-t2-u64-b256-greedy-s1-g34-noeog-prof0,2026-10-09T15:38:22Z,3,2914.5,2916.1

--- Appending recorded runs ---
  appended: qwen35-4b-mtp,Q4_K_M,d3d12,2048,2,101.95,24.70,3462,7177,2614,4147,298,256,0,xbox-series-t2-u64-b256-greedy-s1-g34-noeog-prof0,2026-10-09T15:37:47Z,2,2923.0,2924.4
  appended: qwen35-4b-mtp,Q4_K_M,d3d12,2048,2,102.25,24.71,3461,7158,2614,4147,298,256,0,xbox-series-t2-u64-b256-greedy-s1-g34-noeog-prof0,2026-10-09T15:38:22Z,3,2914.5,2916.1
Appended 2 run(s) to /home/hjotha/worktrees/xllama-qwen35-4b-maxperf/bench/results/qwen4b-maxperf/enabled-rev207/blocks/b2/csv/std256-sw1.csv

Done. /home/hjotha/worktrees/xllama-qwen35-4b-maxperf/bench/results/qwen4b-maxperf/enabled-rev207/blocks/b2/csv/std256-sw1.csv updated.
  Restoring original model.txt on the device...
=== xllama bench-xbox-ort ===
  Model:   qwen35-4b-mtp
  Threads: 2
  n_ctx:   2048
  n_predict: 64
  max_length: derived
  Runs:    3 (run 1 warmup, dropped from median)
  Xbox:    192.168.1.26
  PFN: GianlucaMazza.xllama_1.6.0.207_x64__pj67f1fcj4n14

--- Skipping genai_config (GGUF model; threads via bench_threads.txt) ---

--- Run 1 / 3 ---
  Uploading bench artifacts...
  Uploading bench.flag → LocalState\ ...
  Uploading prompt.txt → LocalState\ ...
  Uploading model.txt → LocalState\ ...
  Uploading bench_threads.txt → LocalState\ ...
  Uploading bench_ctx.txt → LocalState\ ...
  Uploading bench_npredict.txt → LocalState\ ...
  Uploading bench_maxlen.txt → LocalState\ ...
  Uploading bench_ubatch.txt → LocalState\ ...
  Uploading bench_n_batch.txt → LocalState\ ...
  Uploading bench_kvq8.txt → LocalState\ ...
  Uploading bench_gpu_layers.txt → LocalState\ ...
  Uploading bench_ignore_eog.txt → LocalState\ ...
  Uploading bench_mtp.txt → LocalState\ ...
  Uploading bench_mtp_pmin.txt → LocalState\ ...
  Uploading d3d12twocol.txt → LocalState\ ...
  Uploading bench_greedy.txt → LocalState\ ...
  Uploading bench_seed.txt → LocalState\ ...
  Uploading bench_tokens.txt → LocalState\ ...
  Uploading bench_profile.txt → LocalState\ ...
  Uploading bench_run_index.txt → LocalState\ ...
  Starting app...
  Waiting for bench-result.csv.done (timeout 300s)...
  Done after 20s (http 200).
  Tokens: /tmp/tmp.1EhAohof2F/run1.tokens (65 lines)
  Row: qwen35-4b-mtp,Q4_K_M,d3d12,2048,2,90.65,29.00,3673,4347,2692,4147,119,64,0,xbox-series-t2-u64-b256-mtp2-pmin50-greedy-s1-g34-noeog-prof0,2026-10-09T15:38:49Z,1,1312.7,1394.1

--- Run 2 / 3 ---
  Uploading bench artifacts...
  Uploading bench.flag → LocalState\ ...
  Uploading prompt.txt → LocalState\ ...
  Uploading model.txt → LocalState\ ...
  Uploading bench_threads.txt → LocalState\ ...
  Uploading bench_ctx.txt → LocalState\ ...
  Uploading bench_npredict.txt → LocalState\ ...
  Uploading bench_maxlen.txt → LocalState\ ...
  Uploading bench_ubatch.txt → LocalState\ ...
  Uploading bench_n_batch.txt → LocalState\ ...
  Uploading bench_kvq8.txt → LocalState\ ...
  Uploading bench_gpu_layers.txt → LocalState\ ...
  Uploading bench_ignore_eog.txt → LocalState\ ...
  Uploading bench_mtp.txt → LocalState\ ...
  Uploading bench_mtp_pmin.txt → LocalState\ ...
  Uploading d3d12twocol.txt → LocalState\ ...
  Uploading bench_greedy.txt → LocalState\ ...
  Uploading bench_seed.txt → LocalState\ ...
  Uploading bench_tokens.txt → LocalState\ ...
  Uploading bench_profile.txt → LocalState\ ...
  Uploading bench_run_index.txt → LocalState\ ...
  Starting app...
  Waiting for bench-result.csv.done (timeout 300s)...
  Done after 21s (http 200).
  Tokens: /tmp/tmp.1EhAohof2F/run2.tokens (65 lines)
  Row: qwen35-4b-mtp,Q4_K_M,d3d12,2048,2,90.64,28.98,3672,4302,2692,4147,119,64,0,xbox-series-t2-u64-b256-mtp2-pmin50-greedy-s1-g34-noeog-prof0,2026-10-09T15:39:14Z,2,1312.9,1393.6

--- Run 3 / 3 ---
  Uploading bench artifacts...
  Uploading bench.flag → LocalState\ ...
  Uploading prompt.txt → LocalState\ ...
  Uploading model.txt → LocalState\ ...
  Uploading bench_threads.txt → LocalState\ ...
  Uploading bench_ctx.txt → LocalState\ ...
  Uploading bench_npredict.txt → LocalState\ ...
  Uploading bench_maxlen.txt → LocalState\ ...
  Uploading bench_ubatch.txt → LocalState\ ...
  Uploading bench_n_batch.txt → LocalState\ ...
  Uploading bench_kvq8.txt → LocalState\ ...
  Uploading bench_gpu_layers.txt → LocalState\ ...
  Uploading bench_ignore_eog.txt → LocalState\ ...
  Uploading bench_mtp.txt → LocalState\ ...
  Uploading bench_mtp_pmin.txt → LocalState\ ...
  Uploading d3d12twocol.txt → LocalState\ ...
  Uploading bench_greedy.txt → LocalState\ ...
  Uploading bench_seed.txt → LocalState\ ...
  Uploading bench_tokens.txt → LocalState\ ...
  Uploading bench_profile.txt → LocalState\ ...
  Uploading bench_run_index.txt → LocalState\ ...
  Starting app...
  Waiting for bench-result.csv.done (timeout 300s)...
  Done after 20s (http 200).
  Tokens: /tmp/tmp.1EhAohof2F/run3.tokens (65 lines)
  Row: qwen35-4b-mtp,Q4_K_M,d3d12,2048,2,86.98,28.45,3673,4342,2692,4147,119,64,0,xbox-series-t2-u64-b256-mtp2-pmin50-greedy-s1-g34-noeog-prof0,2026-10-09T15:39:40Z,3,1368.1,1453.1

--- Appending recorded runs ---
  appended: qwen35-4b-mtp,Q4_K_M,d3d12,2048,2,90.64,28.98,3672,4302,2692,4147,119,64,0,xbox-series-t2-u64-b256-mtp2-pmin50-greedy-s1-g34-noeog-prof0,2026-10-09T15:39:14Z,2,1312.9,1393.6
  appended: qwen35-4b-mtp,Q4_K_M,d3d12,2048,2,86.98,28.45,3673,4342,2692,4147,119,64,0,xbox-series-t2-u64-b256-mtp2-pmin50-greedy-s1-g34-noeog-prof0,2026-10-09T15:39:40Z,3,1368.1,1453.1
Appended 2 run(s) to /home/hjotha/worktrees/xllama-qwen35-4b-maxperf/bench/results/qwen4b-maxperf/enabled-rev207/blocks/b2/csv/chat64-mtp-sw0.csv

Done. /home/hjotha/worktrees/xllama-qwen35-4b-maxperf/bench/results/qwen4b-maxperf/enabled-rev207/blocks/b2/csv/chat64-mtp-sw0.csv updated.
  Restoring original model.txt on the device...
=== xllama bench-xbox-ort ===
  Model:   qwen35-4b-mtp
  Threads: 2
  n_ctx:   2048
  n_predict: 64
  max_length: derived
  Runs:    3 (run 1 warmup, dropped from median)
  Xbox:    192.168.1.26
  PFN: GianlucaMazza.xllama_1.6.0.207_x64__pj67f1fcj4n14

--- Skipping genai_config (GGUF model; threads via bench_threads.txt) ---

--- Run 1 / 3 ---
  Uploading bench artifacts...
  Uploading bench.flag → LocalState\ ...
  Uploading prompt.txt → LocalState\ ...
  Uploading model.txt → LocalState\ ...
  Uploading bench_threads.txt → LocalState\ ...
  Uploading bench_ctx.txt → LocalState\ ...
  Uploading bench_npredict.txt → LocalState\ ...
  Uploading bench_maxlen.txt → LocalState\ ...
  Uploading bench_ubatch.txt → LocalState\ ...
  Uploading bench_n_batch.txt → LocalState\ ...
  Uploading bench_kvq8.txt → LocalState\ ...
  Uploading bench_gpu_layers.txt → LocalState\ ...
  Uploading bench_ignore_eog.txt → LocalState\ ...
  Uploading bench_mtp.txt → LocalState\ ...
  Uploading bench_mtp_pmin.txt → LocalState\ ...
  Uploading d3d12twocol.txt → LocalState\ ...
  Uploading bench_greedy.txt → LocalState\ ...
  Uploading bench_seed.txt → LocalState\ ...
  Uploading bench_tokens.txt → LocalState\ ...
  Uploading bench_profile.txt → LocalState\ ...
  Uploading bench_run_index.txt → LocalState\ ...
  Starting app...
  Waiting for bench-result.csv.done (timeout 300s)...
  Done after 21s (http 200).
  Tokens: /tmp/tmp.tqKpr953it/run1.tokens (65 lines)
  Row: qwen35-4b-mtp,Q4_K_M,d3d12,2048,2,96.71,30.01,3672,4326,2692,4147,119,64,0,xbox-series-t2-u64-b256-mtp2-pmin50-greedy-s1-g34-noeog-prof0,2026-10-09T15:40:06Z,1,1230.5,1307.8

--- Run 2 / 3 ---
  Uploading bench artifacts...
  Uploading bench.flag → LocalState\ ...
  Uploading prompt.txt → LocalState\ ...
  Uploading model.txt → LocalState\ ...
  Uploading bench_threads.txt → LocalState\ ...
  Uploading bench_ctx.txt → LocalState\ ...
  Uploading bench_npredict.txt → LocalState\ ...
  Uploading bench_maxlen.txt → LocalState\ ...
  Uploading bench_ubatch.txt → LocalState\ ...
  Uploading bench_n_batch.txt → LocalState\ ...
  Uploading bench_kvq8.txt → LocalState\ ...
  Uploading bench_gpu_layers.txt → LocalState\ ...
  Uploading bench_ignore_eog.txt → LocalState\ ...
  Uploading bench_mtp.txt → LocalState\ ...
  Uploading bench_mtp_pmin.txt → LocalState\ ...
  Uploading d3d12twocol.txt → LocalState\ ...
  Uploading bench_greedy.txt → LocalState\ ...
  Uploading bench_seed.txt → LocalState\ ...
  Uploading bench_tokens.txt → LocalState\ ...
  Uploading bench_profile.txt → LocalState\ ...
  Uploading bench_run_index.txt → LocalState\ ...
  Starting app...
  Waiting for bench-result.csv.done (timeout 300s)...
  Done after 20s (http 200).
  Tokens: /tmp/tmp.tqKpr953it/run2.tokens (65 lines)
  Row: qwen35-4b-mtp,Q4_K_M,d3d12,2048,2,92.60,29.96,3672,4305,2692,4147,119,64,0,xbox-series-t2-u64-b256-mtp2-pmin50-greedy-s1-g34-noeog-prof0,2026-10-09T15:40:32Z,2,1285.1,1366.1

--- Run 3 / 3 ---
  Uploading bench artifacts...
  Uploading bench.flag → LocalState\ ...
  Uploading prompt.txt → LocalState\ ...
  Uploading model.txt → LocalState\ ...
  Uploading bench_threads.txt → LocalState\ ...
  Uploading bench_ctx.txt → LocalState\ ...
  Uploading bench_npredict.txt → LocalState\ ...
  Uploading bench_maxlen.txt → LocalState\ ...
  Uploading bench_ubatch.txt → LocalState\ ...
  Uploading bench_n_batch.txt → LocalState\ ...
  Uploading bench_kvq8.txt → LocalState\ ...
  Uploading bench_gpu_layers.txt → LocalState\ ...
  Uploading bench_ignore_eog.txt → LocalState\ ...
  Uploading bench_mtp.txt → LocalState\ ...
  Uploading bench_mtp_pmin.txt → LocalState\ ...
  Uploading d3d12twocol.txt → LocalState\ ...
  Uploading bench_greedy.txt → LocalState\ ...
  Uploading bench_seed.txt → LocalState\ ...
  Uploading bench_tokens.txt → LocalState\ ...
  Uploading bench_profile.txt → LocalState\ ...
  Uploading bench_run_index.txt → LocalState\ ...
  Starting app...
  Waiting for bench-result.csv.done (timeout 300s)...
  Done after 21s (http 200).
  Tokens: /tmp/tmp.tqKpr953it/run3.tokens (65 lines)
  Row: qwen35-4b-mtp,Q4_K_M,d3d12,2048,2,96.11,29.42,3673,4627,2692,4147,119,64,0,xbox-series-t2-u64-b256-mtp2-pmin50-greedy-s1-g34-noeog-prof0,2026-10-09T15:40:58Z,3,1238.2,1314.6

--- Appending recorded runs ---
  appended: qwen35-4b-mtp,Q4_K_M,d3d12,2048,2,92.60,29.96,3672,4305,2692,4147,119,64,0,xbox-series-t2-u64-b256-mtp2-pmin50-greedy-s1-g34-noeog-prof0,2026-10-09T15:40:32Z,2,1285.1,1366.1
  appended: qwen35-4b-mtp,Q4_K_M,d3d12,2048,2,96.11,29.42,3673,4627,2692,4147,119,64,0,xbox-series-t2-u64-b256-mtp2-pmin50-greedy-s1-g34-noeog-prof0,2026-10-09T15:40:58Z,3,1238.2,1314.6
Appended 2 run(s) to /home/hjotha/worktrees/xllama-qwen35-4b-maxperf/bench/results/qwen4b-maxperf/enabled-rev207/blocks/b2/csv/chat64-mtp-sw1.csv

Done. /home/hjotha/worktrees/xllama-qwen35-4b-maxperf/bench/results/qwen4b-maxperf/enabled-rev207/blocks/b2/csv/chat64-mtp-sw1.csv updated.
  Restoring original model.txt on the device...
=== xllama bench-xbox-ort ===
  Model:   qwen35-4b-mtp
  Threads: 2
  n_ctx:   2048
  n_predict: 64
  max_length: derived
  Runs:    3 (run 1 warmup, dropped from median)
  Xbox:    192.168.1.26
  PFN: GianlucaMazza.xllama_1.6.0.207_x64__pj67f1fcj4n14

--- Skipping genai_config (GGUF model; threads via bench_threads.txt) ---

--- Run 1 / 3 ---
  Uploading bench artifacts...
  Uploading bench.flag → LocalState\ ...
  Uploading prompt.txt → LocalState\ ...
  Uploading model.txt → LocalState\ ...
  Uploading bench_threads.txt → LocalState\ ...
  Uploading bench_ctx.txt → LocalState\ ...
  Uploading bench_npredict.txt → LocalState\ ...
  Uploading bench_maxlen.txt → LocalState\ ...
  Uploading bench_ubatch.txt → LocalState\ ...
  Uploading bench_n_batch.txt → LocalState\ ...
  Uploading bench_kvq8.txt → LocalState\ ...
  Uploading bench_gpu_layers.txt → LocalState\ ...
  Uploading bench_ignore_eog.txt → LocalState\ ...
  Uploading bench_mtp.txt → LocalState\ ...
  Uploading bench_mtp_pmin.txt → LocalState\ ...
  Uploading d3d12twocol.txt → LocalState\ ...
  Uploading bench_greedy.txt → LocalState\ ...
  Uploading bench_seed.txt → LocalState\ ...
  Uploading bench_tokens.txt → LocalState\ ...
  Uploading bench_profile.txt → LocalState\ ...
  Uploading bench_run_index.txt → LocalState\ ...
  Starting app...
  Waiting for bench-result.csv.done (timeout 300s)...
  Done after 20s (http 200).
  Tokens: /tmp/tmp.bEpEvFSVZn/run1.tokens (65 lines)
  Row: qwen35-4b-mtp,Q4_K_M,d3d12,2048,2,88.30,32.89,3665,4327,2692,4147,324,64,0,xbox-series-t2-u64-b256-mtp2-pmin50-greedy-s1-g34-noeog-prof0,2026-10-09T15:41:26Z,1,3669.4,3754.0

--- Run 2 / 3 ---
  Uploading bench artifacts...
  Uploading bench.flag → LocalState\ ...
  Uploading prompt.txt → LocalState\ ...
  Uploading model.txt → LocalState\ ...
  Uploading bench_threads.txt → LocalState\ ...
  Uploading bench_ctx.txt → LocalState\ ...
  Uploading bench_npredict.txt → LocalState\ ...
  Uploading bench_maxlen.txt → LocalState\ ...
  Uploading bench_ubatch.txt → LocalState\ ...
  Uploading bench_n_batch.txt → LocalState\ ...
  Uploading bench_kvq8.txt → LocalState\ ...
  Uploading bench_gpu_layers.txt → LocalState\ ...
  Uploading bench_ignore_eog.txt → LocalState\ ...
  Uploading bench_mtp.txt → LocalState\ ...
  Uploading bench_mtp_pmin.txt → LocalState\ ...
  Uploading d3d12twocol.txt → LocalState\ ...
  Uploading bench_greedy.txt → LocalState\ ...
  Uploading bench_seed.txt → LocalState\ ...
  Uploading bench_tokens.txt → LocalState\ ...
  Uploading bench_profile.txt → LocalState\ ...
  Uploading bench_run_index.txt → LocalState\ ...
  Starting app...
  Waiting for bench-result.csv.done (timeout 300s)...
  Done after 20s (http 200).
  Tokens: /tmp/tmp.bEpEvFSVZn/run2.tokens (65 lines)
  Row: qwen35-4b-mtp,Q4_K_M,d3d12,2048,2,89.48,34.55,3672,4299,2692,4147,324,64,0,xbox-series-t2-u64-b256-mtp2-pmin50-greedy-s1-g34-noeog-prof0,2026-10-09T15:41:51Z,2,3621.1,3705.1

--- Run 3 / 3 ---
  Uploading bench artifacts...
  Uploading bench.flag → LocalState\ ...
  Uploading prompt.txt → LocalState\ ...
  Uploading model.txt → LocalState\ ...
  Uploading bench_threads.txt → LocalState\ ...
  Uploading bench_ctx.txt → LocalState\ ...
  Uploading bench_npredict.txt → LocalState\ ...
  Uploading bench_maxlen.txt → LocalState\ ...
  Uploading bench_ubatch.txt → LocalState\ ...
  Uploading bench_n_batch.txt → LocalState\ ...
  Uploading bench_kvq8.txt → LocalState\ ...
  Uploading bench_gpu_layers.txt → LocalState\ ...
  Uploading bench_ignore_eog.txt → LocalState\ ...
  Uploading bench_mtp.txt → LocalState\ ...
  Uploading bench_mtp_pmin.txt → LocalState\ ...
  Uploading d3d12twocol.txt → LocalState\ ...
  Uploading bench_greedy.txt → LocalState\ ...
  Uploading bench_seed.txt → LocalState\ ...
  Uploading bench_tokens.txt → LocalState\ ...
  Uploading bench_profile.txt → LocalState\ ...
  Uploading bench_run_index.txt → LocalState\ ...
  Starting app...
  Waiting for bench-result.csv.done (timeout 300s)...
  Done after 21s (http 200).
  Tokens: /tmp/tmp.bEpEvFSVZn/run3.tokens (65 lines)
  Row: qwen35-4b-mtp,Q4_K_M,d3d12,2048,2,89.13,34.45,3672,4309,2692,4147,324,64,0,xbox-series-t2-u64-b256-mtp2-pmin50-greedy-s1-g34-noeog-prof0,2026-10-09T15:42:16Z,3,3635.0,3719.7

--- Appending recorded runs ---
  appended: qwen35-4b-mtp,Q4_K_M,d3d12,2048,2,89.48,34.55,3672,4299,2692,4147,324,64,0,xbox-series-t2-u64-b256-mtp2-pmin50-greedy-s1-g34-noeog-prof0,2026-10-09T15:41:51Z,2,3621.1,3705.1
  appended: qwen35-4b-mtp,Q4_K_M,d3d12,2048,2,89.13,34.45,3672,4309,2692,4147,324,64,0,xbox-series-t2-u64-b256-mtp2-pmin50-greedy-s1-g34-noeog-prof0,2026-10-09T15:42:16Z,3,3635.0,3719.7
Appended 2 run(s) to /home/hjotha/worktrees/xllama-qwen35-4b-maxperf/bench/results/qwen4b-maxperf/enabled-rev207/blocks/b2/csv/code64-mtp-sw0.csv

Done. /home/hjotha/worktrees/xllama-qwen35-4b-maxperf/bench/results/qwen4b-maxperf/enabled-rev207/blocks/b2/csv/code64-mtp-sw0.csv updated.
  Restoring original model.txt on the device...
=== xllama bench-xbox-ort ===
  Model:   qwen35-4b-mtp
  Threads: 2
  n_ctx:   2048
  n_predict: 64
  max_length: derived
  Runs:    3 (run 1 warmup, dropped from median)
  Xbox:    192.168.1.26
  PFN: GianlucaMazza.xllama_1.6.0.207_x64__pj67f1fcj4n14

--- Skipping genai_config (GGUF model; threads via bench_threads.txt) ---

--- Run 1 / 3 ---
  Uploading bench artifacts...
  Uploading bench.flag → LocalState\ ...
  Uploading prompt.txt → LocalState\ ...
  Uploading model.txt → LocalState\ ...
  Uploading bench_threads.txt → LocalState\ ...
  Uploading bench_ctx.txt → LocalState\ ...
  Uploading bench_npredict.txt → LocalState\ ...
  Uploading bench_maxlen.txt → LocalState\ ...
  Uploading bench_ubatch.txt → LocalState\ ...
  Uploading bench_n_batch.txt → LocalState\ ...
  Uploading bench_kvq8.txt → LocalState\ ...
  Uploading bench_gpu_layers.txt → LocalState\ ...
  Uploading bench_ignore_eog.txt → LocalState\ ...
  Uploading bench_mtp.txt → LocalState\ ...
  Uploading bench_mtp_pmin.txt → LocalState\ ...
  Uploading d3d12twocol.txt → LocalState\ ...
  Uploading bench_greedy.txt → LocalState\ ...
  Uploading bench_seed.txt → LocalState\ ...
  Uploading bench_tokens.txt → LocalState\ ...
  Uploading bench_profile.txt → LocalState\ ...
  Uploading bench_run_index.txt → LocalState\ ...
  Starting app...
  Waiting for bench-result.csv.done (timeout 300s)...
  Done after 20s (http 200).
  Tokens: /tmp/tmp.N32Vj7PNez/run1.tokens (65 lines)
  Row: qwen35-4b-mtp,Q4_K_M,d3d12,2048,2,95.09,36.03,3672,4305,2692,4147,324,64,0,xbox-series-t2-u64-b256-mtp2-pmin50-greedy-s1-g34-noeog-prof0,2026-10-09T15:42:42Z,1,3407.3,3488.7

--- Run 2 / 3 ---
  Uploading bench artifacts...
  Uploading bench.flag → LocalState\ ...
  Uploading prompt.txt → LocalState\ ...
  Uploading model.txt → LocalState\ ...
  Uploading bench_threads.txt → LocalState\ ...
  Uploading bench_ctx.txt → LocalState\ ...
  Uploading bench_npredict.txt → LocalState\ ...
  Uploading bench_maxlen.txt → LocalState\ ...
  Uploading bench_ubatch.txt → LocalState\ ...
  Uploading bench_n_batch.txt → LocalState\ ...
  Uploading bench_kvq8.txt → LocalState\ ...
  Uploading bench_gpu_layers.txt → LocalState\ ...
  Uploading bench_ignore_eog.txt → LocalState\ ...
  Uploading bench_mtp.txt → LocalState\ ...
  Uploading bench_mtp_pmin.txt → LocalState\ ...
  Uploading d3d12twocol.txt → LocalState\ ...
  Uploading bench_greedy.txt → LocalState\ ...
  Uploading bench_seed.txt → LocalState\ ...
  Uploading bench_tokens.txt → LocalState\ ...
  Uploading bench_profile.txt → LocalState\ ...
  Uploading bench_run_index.txt → LocalState\ ...
  Starting app...
  Waiting for bench-result.csv.done (timeout 300s)...
  Done after 20s (http 200).
  Tokens: /tmp/tmp.N32Vj7PNez/run2.tokens (65 lines)
  Row: qwen35-4b-mtp,Q4_K_M,d3d12,2048,2,93.89,36.39,3672,4400,2692,4147,324,64,0,xbox-series-t2-u64-b256-mtp2-pmin50-greedy-s1-g34-noeog-prof0,2026-10-09T15:43:07Z,2,3450.8,3532.4

--- Run 3 / 3 ---
  Uploading bench artifacts...
  Uploading bench.flag → LocalState\ ...
  Uploading prompt.txt → LocalState\ ...
  Uploading model.txt → LocalState\ ...
  Uploading bench_threads.txt → LocalState\ ...
  Uploading bench_ctx.txt → LocalState\ ...
  Uploading bench_npredict.txt → LocalState\ ...
  Uploading bench_maxlen.txt → LocalState\ ...
  Uploading bench_ubatch.txt → LocalState\ ...
  Uploading bench_n_batch.txt → LocalState\ ...
  Uploading bench_kvq8.txt → LocalState\ ...
  Uploading bench_gpu_layers.txt → LocalState\ ...
  Uploading bench_ignore_eog.txt → LocalState\ ...
  Uploading bench_mtp.txt → LocalState\ ...
  Uploading bench_mtp_pmin.txt → LocalState\ ...
  Uploading d3d12twocol.txt → LocalState\ ...
  Uploading bench_greedy.txt → LocalState\ ...
  Uploading bench_seed.txt → LocalState\ ...
  Uploading bench_tokens.txt → LocalState\ ...
  Uploading bench_profile.txt → LocalState\ ...
  Uploading bench_run_index.txt → LocalState\ ...
  Starting app...
  Waiting for bench-result.csv.done (timeout 300s)...
  Done after 20s (http 200).
  Tokens: /tmp/tmp.N32Vj7PNez/run3.tokens (65 lines)
  Row: qwen35-4b-mtp,Q4_K_M,d3d12,2048,2,95.38,36.37,3672,4313,2692,4147,324,64,0,xbox-series-t2-u64-b256-mtp2-pmin50-greedy-s1-g34-noeog-prof0,2026-10-09T15:43:32Z,3,3396.8,3478.0

--- Appending recorded runs ---
  appended: qwen35-4b-mtp,Q4_K_M,d3d12,2048,2,93.89,36.39,3672,4400,2692,4147,324,64,0,xbox-series-t2-u64-b256-mtp2-pmin50-greedy-s1-g34-noeog-prof0,2026-10-09T15:43:07Z,2,3450.8,3532.4
  appended: qwen35-4b-mtp,Q4_K_M,d3d12,2048,2,95.38,36.37,3672,4313,2692,4147,324,64,0,xbox-series-t2-u64-b256-mtp2-pmin50-greedy-s1-g34-noeog-prof0,2026-10-09T15:43:32Z,3,3396.8,3478.0
Appended 2 run(s) to /home/hjotha/worktrees/xllama-qwen35-4b-maxperf/bench/results/qwen4b-maxperf/enabled-rev207/blocks/b2/csv/code64-mtp-sw1.csv

Done. /home/hjotha/worktrees/xllama-qwen35-4b-maxperf/bench/results/qwen4b-maxperf/enabled-rev207/blocks/b2/csv/code64-mtp-sw1.csv updated.
  Restoring original model.txt on the device...
=== xllama bench-xbox-ort ===
  Model:   qwen35-4b-mtp
  Threads: 2
  n_ctx:   2048
  n_predict: 64
  max_length: derived
  Runs:    3 (run 1 warmup, dropped from median)
  Xbox:    192.168.1.26
  PFN: GianlucaMazza.xllama_1.6.0.207_x64__pj67f1fcj4n14

--- Skipping genai_config (GGUF model; threads via bench_threads.txt) ---

--- Run 1 / 3 ---
  Uploading bench artifacts...
  Uploading bench.flag → LocalState\ ...
  Uploading prompt.txt → LocalState\ ...
  Uploading model.txt → LocalState\ ...
  Uploading bench_threads.txt → LocalState\ ...
  Uploading bench_ctx.txt → LocalState\ ...
  Uploading bench_npredict.txt → LocalState\ ...
  Uploading bench_maxlen.txt → LocalState\ ...
  Uploading bench_ubatch.txt → LocalState\ ...
  Uploading bench_n_batch.txt → LocalState\ ...
  Uploading bench_kvq8.txt → LocalState\ ...
  Uploading bench_gpu_layers.txt → LocalState\ ...
  Uploading bench_ignore_eog.txt → LocalState\ ...
  Uploading bench_mtp.txt → LocalState\ ...
  Uploading bench_mtp_pmin.txt → LocalState\ ...
  Uploading d3d12twocol.txt → LocalState\ ...
  Uploading bench_greedy.txt → LocalState\ ...
  Uploading bench_seed.txt → LocalState\ ...
  Uploading bench_tokens.txt → LocalState\ ...
  Uploading bench_profile.txt → LocalState\ ...
  Uploading bench_run_index.txt → LocalState\ ...
  Starting app...
  Waiting for bench-result.csv.done (timeout 300s)...
  Done after 21s (http 200).
  Tokens: /tmp/tmp.ooH7xURPr2/run1.tokens (65 lines)
  Row: qwen35-4b-mtp,Q4_K_M,d3d12,2048,2,89.54,28.02,3672,4276,2692,4147,298,64,0,xbox-series-t2-u64-b256-mtp2-pmin50-greedy-s1-g34-noeog-prof0,2026-10-09T15:43:58Z,1,3328.1,3411.7

--- Run 2 / 3 ---
  Uploading bench artifacts...
  Uploading bench.flag → LocalState\ ...
  Uploading prompt.txt → LocalState\ ...
  Uploading model.txt → LocalState\ ...
  Uploading bench_threads.txt → LocalState\ ...
  Uploading bench_ctx.txt → LocalState\ ...
  Uploading bench_npredict.txt → LocalState\ ...
  Uploading bench_maxlen.txt → LocalState\ ...
  Uploading bench_ubatch.txt → LocalState\ ...
  Uploading bench_n_batch.txt → LocalState\ ...
  Uploading bench_kvq8.txt → LocalState\ ...
  Uploading bench_gpu_layers.txt → LocalState\ ...
  Uploading bench_ignore_eog.txt → LocalState\ ...
  Uploading bench_mtp.txt → LocalState\ ...
  Uploading bench_mtp_pmin.txt → LocalState\ ...
  Uploading d3d12twocol.txt → LocalState\ ...
  Uploading bench_greedy.txt → LocalState\ ...
  Uploading bench_seed.txt → LocalState\ ...
  Uploading bench_tokens.txt → LocalState\ ...
  Uploading bench_profile.txt → LocalState\ ...
  Uploading bench_run_index.txt → LocalState\ ...
  Starting app...
  Waiting for bench-result.csv.done (timeout 300s)...
  Done after 20s (http 200).
  Tokens: /tmp/tmp.ooH7xURPr2/run2.tokens (65 lines)
  Row: qwen35-4b-mtp,Q4_K_M,d3d12,2048,2,89.27,28.21,3661,4327,2692,4147,298,64,0,xbox-series-t2-u64-b256-mtp2-pmin50-greedy-s1-g34-noeog-prof0,2026-10-09T15:44:24Z,2,3338.3,3427.6

--- Run 3 / 3 ---
  Uploading bench artifacts...
  Uploading bench.flag → LocalState\ ...
  Uploading prompt.txt → LocalState\ ...
  Uploading model.txt → LocalState\ ...
  Uploading bench_threads.txt → LocalState\ ...
  Uploading bench_ctx.txt → LocalState\ ...
  Uploading bench_npredict.txt → LocalState\ ...
  Uploading bench_maxlen.txt → LocalState\ ...
  Uploading bench_ubatch.txt → LocalState\ ...
  Uploading bench_n_batch.txt → LocalState\ ...
  Uploading bench_kvq8.txt → LocalState\ ...
  Uploading bench_gpu_layers.txt → LocalState\ ...
  Uploading bench_ignore_eog.txt → LocalState\ ...
  Uploading bench_mtp.txt → LocalState\ ...
  Uploading bench_mtp_pmin.txt → LocalState\ ...
  Uploading d3d12twocol.txt → LocalState\ ...
  Uploading bench_greedy.txt → LocalState\ ...
  Uploading bench_seed.txt → LocalState\ ...
  Uploading bench_tokens.txt → LocalState\ ...
  Uploading bench_profile.txt → LocalState\ ...
  Uploading bench_run_index.txt → LocalState\ ...
  Starting app...
  Waiting for bench-result.csv.done (timeout 300s)...
  Done after 20s (http 200).
  Tokens: /tmp/tmp.ooH7xURPr2/run3.tokens (65 lines)
  Row: qwen35-4b-mtp,Q4_K_M,d3d12,2048,2,88.87,28.07,3662,4300,2692,4147,298,64,0,xbox-series-t2-u64-b256-mtp2-pmin50-greedy-s1-g34-noeog-prof0,2026-10-09T15:44:49Z,3,3353.4,3456.4

--- Appending recorded runs ---
  appended: qwen35-4b-mtp,Q4_K_M,d3d12,2048,2,89.27,28.21,3661,4327,2692,4147,298,64,0,xbox-series-t2-u64-b256-mtp2-pmin50-greedy-s1-g34-noeog-prof0,2026-10-09T15:44:24Z,2,3338.3,3427.6
  appended: qwen35-4b-mtp,Q4_K_M,d3d12,2048,2,88.87,28.07,3662,4300,2692,4147,298,64,0,xbox-series-t2-u64-b256-mtp2-pmin50-greedy-s1-g34-noeog-prof0,2026-10-09T15:44:49Z,3,3353.4,3456.4
Appended 2 run(s) to /home/hjotha/worktrees/xllama-qwen35-4b-maxperf/bench/results/qwen4b-maxperf/enabled-rev207/blocks/b2/csv/std64-mtp-sw0.csv

Done. /home/hjotha/worktrees/xllama-qwen35-4b-maxperf/bench/results/qwen4b-maxperf/enabled-rev207/blocks/b2/csv/std64-mtp-sw0.csv updated.
  Restoring original model.txt on the device...
=== xllama bench-xbox-ort ===
  Model:   qwen35-4b-mtp
  Threads: 2
  n_ctx:   2048
  n_predict: 64
  max_length: derived
  Runs:    3 (run 1 warmup, dropped from median)
  Xbox:    192.168.1.26
  PFN: GianlucaMazza.xllama_1.6.0.207_x64__pj67f1fcj4n14

--- Skipping genai_config (GGUF model; threads via bench_threads.txt) ---

--- Run 1 / 3 ---
  Uploading bench artifacts...
  Uploading bench.flag → LocalState\ ...
  Uploading prompt.txt → LocalState\ ...
  Uploading model.txt → LocalState\ ...
  Uploading bench_threads.txt → LocalState\ ...
  Uploading bench_ctx.txt → LocalState\ ...
  Uploading bench_npredict.txt → LocalState\ ...
  Uploading bench_maxlen.txt → LocalState\ ...
  Uploading bench_ubatch.txt → LocalState\ ...
  Uploading bench_n_batch.txt → LocalState\ ...
  Uploading bench_kvq8.txt → LocalState\ ...
  Uploading bench_gpu_layers.txt → LocalState\ ...
  Uploading bench_ignore_eog.txt → LocalState\ ...
  Uploading bench_mtp.txt → LocalState\ ...
  Uploading bench_mtp_pmin.txt → LocalState\ ...
  Uploading d3d12twocol.txt → LocalState\ ...
  Uploading bench_greedy.txt → LocalState\ ...
  Uploading bench_seed.txt → LocalState\ ...
  Uploading bench_tokens.txt → LocalState\ ...
  Uploading bench_profile.txt → LocalState\ ...
  Uploading bench_run_index.txt → LocalState\ ...
  Starting app...
  Waiting for bench-result.csv.done (timeout 300s)...
  Done after 20s (http 200).
  Tokens: /tmp/tmp.UWDszFi9hV/run1.tokens (65 lines)
  Row: qwen35-4b-mtp,Q4_K_M,d3d12,2048,2,94.29,29.23,3672,4344,2692,4147,298,64,0,xbox-series-t2-u64-b256-mtp2-pmin50-greedy-s1-g34-noeog-prof0,2026-10-09T15:45:15Z,1,3160.3,3246.8

--- Run 2 / 3 ---
  Uploading bench artifacts...
  Uploading bench.flag → LocalState\ ...
  Uploading prompt.txt → LocalState\ ...
  Uploading model.txt → LocalState\ ...
  Uploading bench_threads.txt → LocalState\ ...
  Uploading bench_ctx.txt → LocalState\ ...
  Uploading bench_npredict.txt → LocalState\ ...
  Uploading bench_maxlen.txt → LocalState\ ...
  Uploading bench_ubatch.txt → LocalState\ ...
  Uploading bench_n_batch.txt → LocalState\ ...
  Uploading bench_kvq8.txt → LocalState\ ...
  Uploading bench_gpu_layers.txt → LocalState\ ...
  Uploading bench_ignore_eog.txt → LocalState\ ...
  Uploading bench_mtp.txt → LocalState\ ...
  Uploading bench_mtp_pmin.txt → LocalState\ ...
  Uploading d3d12twocol.txt → LocalState\ ...
  Uploading bench_greedy.txt → LocalState\ ...
  Uploading bench_seed.txt → LocalState\ ...
  Uploading bench_tokens.txt → LocalState\ ...
  Uploading bench_profile.txt → LocalState\ ...
  Uploading bench_run_index.txt → LocalState\ ...
  Starting app...
  Waiting for bench-result.csv.done (timeout 300s)...
  Done after 20s (http 200).
  Tokens: /tmp/tmp.UWDszFi9hV/run2.tokens (65 lines)
  Row: qwen35-4b-mtp,Q4_K_M,d3d12,2048,2,93.08,29.30,3672,4345,2692,4147,298,64,0,xbox-series-t2-u64-b256-mtp2-pmin50-greedy-s1-g34-noeog-prof0,2026-10-09T15:45:40Z,2,3201.4,3282.7

--- Run 3 / 3 ---
  Uploading bench artifacts...
  Uploading bench.flag → LocalState\ ...
  Uploading prompt.txt → LocalState\ ...
  Uploading model.txt → LocalState\ ...
  Uploading bench_threads.txt → LocalState\ ...
  Uploading bench_ctx.txt → LocalState\ ...
  Uploading bench_npredict.txt → LocalState\ ...
  Uploading bench_maxlen.txt → LocalState\ ...
  Uploading bench_ubatch.txt → LocalState\ ...
  Uploading bench_n_batch.txt → LocalState\ ...
  Uploading bench_kvq8.txt → LocalState\ ...
  Uploading bench_gpu_layers.txt → LocalState\ ...
  Uploading bench_ignore_eog.txt → LocalState\ ...
  Uploading bench_mtp.txt → LocalState\ ...
  Uploading bench_mtp_pmin.txt → LocalState\ ...
  Uploading d3d12twocol.txt → LocalState\ ...
  Uploading bench_greedy.txt → LocalState\ ...
  Uploading bench_seed.txt → LocalState\ ...
  Uploading bench_tokens.txt → LocalState\ ...
  Uploading bench_profile.txt → LocalState\ ...
  Uploading bench_run_index.txt → LocalState\ ...
  Starting app...
  Waiting for bench-result.csv.done (timeout 300s)...
  Done after 20s (http 200).
  Tokens: /tmp/tmp.UWDszFi9hV/run3.tokens (65 lines)
  Row: qwen35-4b-mtp,Q4_K_M,d3d12,2048,2,93.32,29.14,3672,4338,2692,4147,298,64,0,xbox-series-t2-u64-b256-mtp2-pmin50-greedy-s1-g34-noeog-prof0,2026-10-09T15:46:05Z,3,3193.4,3274.7

--- Appending recorded runs ---
  appended: qwen35-4b-mtp,Q4_K_M,d3d12,2048,2,93.08,29.30,3672,4345,2692,4147,298,64,0,xbox-series-t2-u64-b256-mtp2-pmin50-greedy-s1-g34-noeog-prof0,2026-10-09T15:45:40Z,2,3201.4,3282.7
  appended: qwen35-4b-mtp,Q4_K_M,d3d12,2048,2,93.32,29.14,3672,4338,2692,4147,298,64,0,xbox-series-t2-u64-b256-mtp2-pmin50-greedy-s1-g34-noeog-prof0,2026-10-09T15:46:05Z,3,3193.4,3274.7
Appended 2 run(s) to /home/hjotha/worktrees/xllama-qwen35-4b-maxperf/bench/results/qwen4b-maxperf/enabled-rev207/blocks/b2/csv/std64-mtp-sw1.csv

Done. /home/hjotha/worktrees/xllama-qwen35-4b-maxperf/bench/results/qwen4b-maxperf/enabled-rev207/blocks/b2/csv/std64-mtp-sw1.csv updated.
  Restoring original model.txt on the device...
=== xllama bench-xbox-ort ===
  Model:   qwen35-4b-mtp
  Threads: 2
  n_ctx:   2048
  n_predict: 256
  max_length: derived
  Runs:    3 (run 1 warmup, dropped from median)
  Xbox:    192.168.1.26
  PFN: GianlucaMazza.xllama_1.6.0.207_x64__pj67f1fcj4n14

--- Skipping genai_config (GGUF model; threads via bench_threads.txt) ---

--- Run 1 / 3 ---
  Uploading bench artifacts...
  Uploading bench.flag → LocalState\ ...
  Uploading prompt.txt → LocalState\ ...
  Uploading model.txt → LocalState\ ...
  Uploading bench_threads.txt → LocalState\ ...
  Uploading bench_ctx.txt → LocalState\ ...
  Uploading bench_npredict.txt → LocalState\ ...
  Uploading bench_maxlen.txt → LocalState\ ...
  Uploading bench_ubatch.txt → LocalState\ ...
  Uploading bench_n_batch.txt → LocalState\ ...
  Uploading bench_kvq8.txt → LocalState\ ...
  Uploading bench_gpu_layers.txt → LocalState\ ...
  Uploading bench_ignore_eog.txt → LocalState\ ...
  Uploading bench_mtp.txt → LocalState\ ...
  Uploading bench_mtp_pmin.txt → LocalState\ ...
  Uploading d3d12twocol.txt → LocalState\ ...
  Uploading bench_greedy.txt → LocalState\ ...
  Uploading bench_seed.txt → LocalState\ ...
  Uploading bench_tokens.txt → LocalState\ ...
  Uploading bench_profile.txt → LocalState\ ...
  Uploading bench_run_index.txt → LocalState\ ...
  Starting app...
  Waiting for bench-result.csv.done (timeout 300s)...
  Done after 20s (http 200).
  Tokens: /tmp/tmp.B7IOySkMAk/run1.tokens (257 lines)
  Row: qwen35-4b-mtp,Q4_K_M,d3d12,2048,2,90.34,28.07,3672,4326,2692,4147,119,256,0,xbox-series-t2-u64-b256-mtp2-pmin50-greedy-s1-g34-noeog-prof0,2026-10-09T15:46:36Z,1,1317.2,1398.9

--- Run 2 / 3 ---
  Uploading bench artifacts...
  Uploading bench.flag → LocalState\ ...
  Uploading prompt.txt → LocalState\ ...
  Uploading model.txt → LocalState\ ...
  Uploading bench_threads.txt → LocalState\ ...
  Uploading bench_ctx.txt → LocalState\ ...
  Uploading bench_npredict.txt → LocalState\ ...
  Uploading bench_maxlen.txt → LocalState\ ...
  Uploading bench_ubatch.txt → LocalState\ ...
  Uploading bench_n_batch.txt → LocalState\ ...
  Uploading bench_kvq8.txt → LocalState\ ...
  Uploading bench_gpu_layers.txt → LocalState\ ...
  Uploading bench_ignore_eog.txt → LocalState\ ...
  Uploading bench_mtp.txt → LocalState\ ...
  Uploading bench_mtp_pmin.txt → LocalState\ ...
  Uploading d3d12twocol.txt → LocalState\ ...
  Uploading bench_greedy.txt → LocalState\ ...
  Uploading bench_seed.txt → LocalState\ ...
  Uploading bench_tokens.txt → LocalState\ ...
  Uploading bench_profile.txt → LocalState\ ...
  Uploading bench_run_index.txt → LocalState\ ...
  Starting app...
  Waiting for bench-result.csv.done (timeout 300s)...
  Done after 21s (http 200).
  Tokens: /tmp/tmp.B7IOySkMAk/run2.tokens (257 lines)
  Row: qwen35-4b-mtp,Q4_K_M,d3d12,2048,2,90.52,28.02,3672,4333,2692,4147,119,256,0,xbox-series-t2-u64-b256-mtp2-pmin50-greedy-s1-g34-noeog-prof0,2026-10-09T15:47:01Z,2,1314.6,1395.3

--- Run 3 / 3 ---
  Uploading bench artifacts...
  Uploading bench.flag → LocalState\ ...
  Uploading prompt.txt → LocalState\ ...
  Uploading model.txt → LocalState\ ...
  Uploading bench_threads.txt → LocalState\ ...
  Uploading bench_ctx.txt → LocalState\ ...
  Uploading bench_npredict.txt → LocalState\ ...
  Uploading bench_maxlen.txt → LocalState\ ...
  Uploading bench_ubatch.txt → LocalState\ ...
  Uploading bench_n_batch.txt → LocalState\ ...
  Uploading bench_kvq8.txt → LocalState\ ...
  Uploading bench_gpu_layers.txt → LocalState\ ...
  Uploading bench_ignore_eog.txt → LocalState\ ...
  Uploading bench_mtp.txt → LocalState\ ...
  Uploading bench_mtp_pmin.txt → LocalState\ ...
  Uploading d3d12twocol.txt → LocalState\ ...
  Uploading bench_greedy.txt → LocalState\ ...
  Uploading bench_seed.txt → LocalState\ ...
  Uploading bench_tokens.txt → LocalState\ ...
  Uploading bench_profile.txt → LocalState\ ...
  Uploading bench_run_index.txt → LocalState\ ...
  Starting app...
  Waiting for bench-result.csv.done (timeout 300s)...
  Done after 20s (http 200).
  Tokens: /tmp/tmp.B7IOySkMAk/run3.tokens (257 lines)
  Row: qwen35-4b-mtp,Q4_K_M,d3d12,2048,2,89.27,28.02,3672,4330,2692,4147,119,256,0,xbox-series-t2-u64-b256-mtp2-pmin50-greedy-s1-g34-noeog-prof0,2026-10-09T15:47:27Z,3,1333.0,1412.7

--- Appending recorded runs ---
  appended: qwen35-4b-mtp,Q4_K_M,d3d12,2048,2,90.52,28.02,3672,4333,2692,4147,119,256,0,xbox-series-t2-u64-b256-mtp2-pmin50-greedy-s1-g34-noeog-prof0,2026-10-09T15:47:01Z,2,1314.6,1395.3
  appended: qwen35-4b-mtp,Q4_K_M,d3d12,2048,2,89.27,28.02,3672,4330,2692,4147,119,256,0,xbox-series-t2-u64-b256-mtp2-pmin50-greedy-s1-g34-noeog-prof0,2026-10-09T15:47:27Z,3,1333.0,1412.7
Appended 2 run(s) to /home/hjotha/worktrees/xllama-qwen35-4b-maxperf/bench/results/qwen4b-maxperf/enabled-rev207/blocks/b2/csv/chat256-mtp-sw0.csv

Done. /home/hjotha/worktrees/xllama-qwen35-4b-maxperf/bench/results/qwen4b-maxperf/enabled-rev207/blocks/b2/csv/chat256-mtp-sw0.csv updated.
  Restoring original model.txt on the device...
=== xllama bench-xbox-ort ===
  Model:   qwen35-4b-mtp
  Threads: 2
  n_ctx:   2048
  n_predict: 256
  max_length: derived
  Runs:    3 (run 1 warmup, dropped from median)
  Xbox:    192.168.1.26
  PFN: GianlucaMazza.xllama_1.6.0.207_x64__pj67f1fcj4n14

--- Skipping genai_config (GGUF model; threads via bench_threads.txt) ---

--- Run 1 / 3 ---
  Uploading bench artifacts...
  Uploading bench.flag → LocalState\ ...
  Uploading prompt.txt → LocalState\ ...
  Uploading model.txt → LocalState\ ...
  Uploading bench_threads.txt → LocalState\ ...
  Uploading bench_ctx.txt → LocalState\ ...
  Uploading bench_npredict.txt → LocalState\ ...
  Uploading bench_maxlen.txt → LocalState\ ...
  Uploading bench_ubatch.txt → LocalState\ ...
  Uploading bench_n_batch.txt → LocalState\ ...
  Uploading bench_kvq8.txt → LocalState\ ...
  Uploading bench_gpu_layers.txt → LocalState\ ...
  Uploading bench_ignore_eog.txt → LocalState\ ...
  Uploading bench_mtp.txt → LocalState\ ...
  Uploading bench_mtp_pmin.txt → LocalState\ ...
  Uploading d3d12twocol.txt → LocalState\ ...
  Uploading bench_greedy.txt → LocalState\ ...
  Uploading bench_seed.txt → LocalState\ ...
  Uploading bench_tokens.txt → LocalState\ ...
  Uploading bench_profile.txt → LocalState\ ...
  Uploading bench_run_index.txt → LocalState\ ...
  Starting app...
  Waiting for bench-result.csv.done (timeout 300s)...
  Done after 20s (http 200).
  Tokens: /tmp/tmp.ffPbKfzKeM/run1.tokens (257 lines)
  Row: qwen35-4b-mtp,Q4_K_M,d3d12,2048,2,95.79,29.05,3672,4357,2692,4147,119,256,0,xbox-series-t2-u64-b256-mtp2-pmin50-greedy-s1-g34-noeog-prof0,2026-10-09T15:47:52Z,1,1242.3,1318.7

--- Run 2 / 3 ---
  Uploading bench artifacts...
  Uploading bench.flag → LocalState\ ...
  Uploading prompt.txt → LocalState\ ...
  Uploading model.txt → LocalState\ ...
  Uploading bench_threads.txt → LocalState\ ...
  Uploading bench_ctx.txt → LocalState\ ...
  Uploading bench_npredict.txt → LocalState\ ...
  Uploading bench_maxlen.txt → LocalState\ ...
  Uploading bench_ubatch.txt → LocalState\ ...
  Uploading bench_n_batch.txt → LocalState\ ...
  Uploading bench_kvq8.txt → LocalState\ ...
  Uploading bench_gpu_layers.txt → LocalState\ ...
  Uploading bench_ignore_eog.txt → LocalState\ ...
  Uploading bench_mtp.txt → LocalState\ ...
  Uploading bench_mtp_pmin.txt → LocalState\ ...
  Uploading d3d12twocol.txt → LocalState\ ...
  Uploading bench_greedy.txt → LocalState\ ...
  Uploading bench_seed.txt → LocalState\ ...
  Uploading bench_tokens.txt → LocalState\ ...
  Uploading bench_profile.txt → LocalState\ ...
  Uploading bench_run_index.txt → LocalState\ ...
  Starting app...
  Waiting for bench-result.csv.done (timeout 300s)...
  Done after 20s (http 200).
  Tokens: /tmp/tmp.ffPbKfzKeM/run2.tokens (257 lines)
  Row: qwen35-4b-mtp,Q4_K_M,d3d12,2048,2,94.23,29.34,3672,4385,2692,4147,119,256,0,xbox-series-t2-u64-b256-mtp2-pmin50-greedy-s1-g34-noeog-prof0,2026-10-09T15:48:17Z,2,1262.9,1338.6

--- Run 3 / 3 ---
  Uploading bench artifacts...
  Uploading bench.flag → LocalState\ ...
  Uploading prompt.txt → LocalState\ ...
  Uploading model.txt → LocalState\ ...
  Uploading bench_threads.txt → LocalState\ ...
  Uploading bench_ctx.txt → LocalState\ ...
  Uploading bench_npredict.txt → LocalState\ ...
  Uploading bench_maxlen.txt → LocalState\ ...
  Uploading bench_ubatch.txt → LocalState\ ...
  Uploading bench_n_batch.txt → LocalState\ ...
  Uploading bench_kvq8.txt → LocalState\ ...
  Uploading bench_gpu_layers.txt → LocalState\ ...
  Uploading bench_ignore_eog.txt → LocalState\ ...
  Uploading bench_mtp.txt → LocalState\ ...
  Uploading bench_mtp_pmin.txt → LocalState\ ...
  Uploading d3d12twocol.txt → LocalState\ ...
  Uploading bench_greedy.txt → LocalState\ ...
  Uploading bench_seed.txt → LocalState\ ...
  Uploading bench_tokens.txt → LocalState\ ...
  Uploading bench_profile.txt → LocalState\ ...
  Uploading bench_run_index.txt → LocalState\ ...
  Starting app...
  Waiting for bench-result.csv.done (timeout 300s)...
  Done after 20s (http 200).
  Tokens: /tmp/tmp.ffPbKfzKeM/run3.tokens (257 lines)
  Row: qwen35-4b-mtp,Q4_K_M,d3d12,2048,2,96.85,29.32,3672,4332,2692,4147,119,256,0,xbox-series-t2-u64-b256-mtp2-pmin50-greedy-s1-g34-noeog-prof0,2026-10-09T15:48:42Z,3,1228.7,1304.9

--- Appending recorded runs ---
  appended: qwen35-4b-mtp,Q4_K_M,d3d12,2048,2,94.23,29.34,3672,4385,2692,4147,119,256,0,xbox-series-t2-u64-b256-mtp2-pmin50-greedy-s1-g34-noeog-prof0,2026-10-09T15:48:17Z,2,1262.9,1338.6
  appended: qwen35-4b-mtp,Q4_K_M,d3d12,2048,2,96.85,29.32,3672,4332,2692,4147,119,256,0,xbox-series-t2-u64-b256-mtp2-pmin50-greedy-s1-g34-noeog-prof0,2026-10-09T15:48:42Z,3,1228.7,1304.9
Appended 2 run(s) to /home/hjotha/worktrees/xllama-qwen35-4b-maxperf/bench/results/qwen4b-maxperf/enabled-rev207/blocks/b2/csv/chat256-mtp-sw1.csv

Done. /home/hjotha/worktrees/xllama-qwen35-4b-maxperf/bench/results/qwen4b-maxperf/enabled-rev207/blocks/b2/csv/chat256-mtp-sw1.csv updated.
  Restoring original model.txt on the device...
=== xllama bench-xbox-ort ===
  Model:   qwen35-4b-mtp
  Threads: 2
  n_ctx:   2048
  n_predict: 256
  max_length: derived
  Runs:    3 (run 1 warmup, dropped from median)
  Xbox:    192.168.1.26
  PFN: GianlucaMazza.xllama_1.6.0.207_x64__pj67f1fcj4n14

--- Skipping genai_config (GGUF model; threads via bench_threads.txt) ---

--- Run 1 / 3 ---
  Uploading bench artifacts...
  Uploading bench.flag → LocalState\ ...
  Uploading prompt.txt → LocalState\ ...
  Uploading model.txt → LocalState\ ...
  Uploading bench_threads.txt → LocalState\ ...
  Uploading bench_ctx.txt → LocalState\ ...
  Uploading bench_npredict.txt → LocalState\ ...
  Uploading bench_maxlen.txt → LocalState\ ...
  Uploading bench_ubatch.txt → LocalState\ ...
  Uploading bench_n_batch.txt → LocalState\ ...
  Uploading bench_kvq8.txt → LocalState\ ...
  Uploading bench_gpu_layers.txt → LocalState\ ...
  Uploading bench_ignore_eog.txt → LocalState\ ...
  Uploading bench_mtp.txt → LocalState\ ...
  Uploading bench_mtp_pmin.txt → LocalState\ ...
  Uploading d3d12twocol.txt → LocalState\ ...
  Uploading bench_greedy.txt → LocalState\ ...
  Uploading bench_seed.txt → LocalState\ ...
  Uploading bench_tokens.txt → LocalState\ ...
  Uploading bench_profile.txt → LocalState\ ...
  Uploading bench_run_index.txt → LocalState\ ...
  Starting app...
  Waiting for bench-result.csv.done (timeout 300s)...
  Done after 20s (http 200).
  Tokens: /tmp/tmp.5KTmOIOkEc/run1.tokens (257 lines)
  Row: qwen35-4b-mtp,Q4_K_M,d3d12,2048,2,88.31,33.20,3675,4345,2692,4147,324,256,0,xbox-series-t2-u64-b256-mtp2-pmin50-greedy-s1-g34-noeog-prof0,2026-10-09T15:49:09Z,1,3668.9,3753.3

--- Run 2 / 3 ---
  Uploading bench artifacts...
  Uploading bench.flag → LocalState\ ...
  Uploading prompt.txt → LocalState\ ...
  Uploading model.txt → LocalState\ ...
  Uploading bench_threads.txt → LocalState\ ...
  Uploading bench_ctx.txt → LocalState\ ...
  Uploading bench_npredict.txt → LocalState\ ...
  Uploading bench_maxlen.txt → LocalState\ ...
  Uploading bench_ubatch.txt → LocalState\ ...
  Uploading bench_n_batch.txt → LocalState\ ...
  Uploading bench_kvq8.txt → LocalState\ ...
  Uploading bench_gpu_layers.txt → LocalState\ ...
  Uploading bench_ignore_eog.txt → LocalState\ ...
  Uploading bench_mtp.txt → LocalState\ ...
  Uploading bench_mtp_pmin.txt → LocalState\ ...
  Uploading d3d12twocol.txt → LocalState\ ...
  Uploading bench_greedy.txt → LocalState\ ...
  Uploading bench_seed.txt → LocalState\ ...
  Uploading bench_tokens.txt → LocalState\ ...
  Uploading bench_profile.txt → LocalState\ ...
  Uploading bench_run_index.txt → LocalState\ ...
  Starting app...
  Waiting for bench-result.csv.done (timeout 300s)...
  Done after 20s (http 200).
  Tokens: /tmp/tmp.5KTmOIOkEc/run2.tokens (257 lines)
  Row: qwen35-4b-mtp,Q4_K_M,d3d12,2048,2,90.06,33.26,3672,4338,2692,4147,324,256,0,xbox-series-t2-u64-b256-mtp2-pmin50-greedy-s1-g34-noeog-prof0,2026-10-09T15:49:34Z,2,3597.4,3681.9

--- Run 3 / 3 ---
  Uploading bench artifacts...
  Uploading bench.flag → LocalState\ ...
  Uploading prompt.txt → LocalState\ ...
  Uploading model.txt → LocalState\ ...
  Uploading bench_threads.txt → LocalState\ ...
  Uploading bench_ctx.txt → LocalState\ ...
  Uploading bench_npredict.txt → LocalState\ ...
  Uploading bench_maxlen.txt → LocalState\ ...
  Uploading bench_ubatch.txt → LocalState\ ...
  Uploading bench_n_batch.txt → LocalState\ ...
  Uploading bench_kvq8.txt → LocalState\ ...
  Uploading bench_gpu_layers.txt → LocalState\ ...
  Uploading bench_ignore_eog.txt → LocalState\ ...
  Uploading bench_mtp.txt → LocalState\ ...
  Uploading bench_mtp_pmin.txt → LocalState\ ...
  Uploading d3d12twocol.txt → LocalState\ ...
  Uploading bench_greedy.txt → LocalState\ ...
  Uploading bench_seed.txt → LocalState\ ...
  Uploading bench_tokens.txt → LocalState\ ...
  Uploading bench_profile.txt → LocalState\ ...
  Uploading bench_run_index.txt → LocalState\ ...
  Starting app...
  Waiting for bench-result.csv.done (timeout 300s)...
  Done after 20s (http 200).
  Tokens: /tmp/tmp.5KTmOIOkEc/run3.tokens (257 lines)
  Row: qwen35-4b-mtp,Q4_K_M,d3d12,2048,2,89.20,33.36,3672,4639,2692,4147,324,256,0,xbox-series-t2-u64-b256-mtp2-pmin50-greedy-s1-g34-noeog-prof0,2026-10-09T15:50:00Z,3,3632.1,3716.2

--- Appending recorded runs ---
  appended: qwen35-4b-mtp,Q4_K_M,d3d12,2048,2,90.06,33.26,3672,4338,2692,4147,324,256,0,xbox-series-t2-u64-b256-mtp2-pmin50-greedy-s1-g34-noeog-prof0,2026-10-09T15:49:34Z,2,3597.4,3681.9
  appended: qwen35-4b-mtp,Q4_K_M,d3d12,2048,2,89.20,33.36,3672,4639,2692,4147,324,256,0,xbox-series-t2-u64-b256-mtp2-pmin50-greedy-s1-g34-noeog-prof0,2026-10-09T15:50:00Z,3,3632.1,3716.2
Appended 2 run(s) to /home/hjotha/worktrees/xllama-qwen35-4b-maxperf/bench/results/qwen4b-maxperf/enabled-rev207/blocks/b2/csv/code256-mtp-sw0.csv

Done. /home/hjotha/worktrees/xllama-qwen35-4b-maxperf/bench/results/qwen4b-maxperf/enabled-rev207/blocks/b2/csv/code256-mtp-sw0.csv updated.
  Restoring original model.txt on the device...
=== xllama bench-xbox-ort ===
  Model:   qwen35-4b-mtp
  Threads: 2
  n_ctx:   2048
  n_predict: 256
  max_length: derived
  Runs:    3 (run 1 warmup, dropped from median)
  Xbox:    192.168.1.26
  PFN: GianlucaMazza.xllama_1.6.0.207_x64__pj67f1fcj4n14

--- Skipping genai_config (GGUF model; threads via bench_threads.txt) ---

--- Run 1 / 3 ---
  Uploading bench artifacts...
  Uploading bench.flag → LocalState\ ...
  Uploading prompt.txt → LocalState\ ...
  Uploading model.txt → LocalState\ ...
  Uploading bench_threads.txt → LocalState\ ...
  Uploading bench_ctx.txt → LocalState\ ...
  Uploading bench_npredict.txt → LocalState\ ...
  Uploading bench_maxlen.txt → LocalState\ ...
  Uploading bench_ubatch.txt → LocalState\ ...
  Uploading bench_n_batch.txt → LocalState\ ...
  Uploading bench_kvq8.txt → LocalState\ ...
  Uploading bench_gpu_layers.txt → LocalState\ ...
  Uploading bench_ignore_eog.txt → LocalState\ ...
  Uploading bench_mtp.txt → LocalState\ ...
  Uploading bench_mtp_pmin.txt → LocalState\ ...
  Uploading d3d12twocol.txt → LocalState\ ...
  Uploading bench_greedy.txt → LocalState\ ...
  Uploading bench_seed.txt → LocalState\ ...
  Uploading bench_tokens.txt → LocalState\ ...
  Uploading bench_profile.txt → LocalState\ ...
  Uploading bench_run_index.txt → LocalState\ ...
  Starting app...
  Waiting for bench-result.csv.done (timeout 300s)...
  Done after 20s (http 200).
  Tokens: /tmp/tmp.WbhdeTEf5U/run1.tokens (257 lines)
  Row: qwen35-4b-mtp,Q4_K_M,d3d12,2048,2,94.03,34.47,3672,4310,2692,4147,324,256,0,xbox-series-t2-u64-b256-mtp2-pmin50-greedy-s1-g34-noeog-prof0,2026-10-09T15:50:25Z,1,3445.7,3527.0

--- Run 2 / 3 ---
  Uploading bench artifacts...
  Uploading bench.flag → LocalState\ ...
  Uploading prompt.txt → LocalState\ ...
  Uploading model.txt → LocalState\ ...
  Uploading bench_threads.txt → LocalState\ ...
  Uploading bench_ctx.txt → LocalState\ ...
  Uploading bench_npredict.txt → LocalState\ ...
  Uploading bench_maxlen.txt → LocalState\ ...
  Uploading bench_ubatch.txt → LocalState\ ...
  Uploading bench_n_batch.txt → LocalState\ ...
  Uploading bench_kvq8.txt → LocalState\ ...
  Uploading bench_gpu_layers.txt → LocalState\ ...
  Uploading bench_ignore_eog.txt → LocalState\ ...
  Uploading bench_mtp.txt → LocalState\ ...
  Uploading bench_mtp_pmin.txt → LocalState\ ...
  Uploading d3d12twocol.txt → LocalState\ ...
  Uploading bench_greedy.txt → LocalState\ ...
  Uploading bench_seed.txt → LocalState\ ...
  Uploading bench_tokens.txt → LocalState\ ...
  Uploading bench_profile.txt → LocalState\ ...
  Uploading bench_run_index.txt → LocalState\ ...
  Starting app...
  Waiting for bench-result.csv.done (timeout 300s)...
  Done after 20s (http 200).
  Tokens: /tmp/tmp.WbhdeTEf5U/run2.tokens (257 lines)
  Row: qwen35-4b-mtp,Q4_K_M,d3d12,2048,2,94.04,34.49,3672,4304,2692,4147,324,256,0,xbox-series-t2-u64-b256-mtp2-pmin50-greedy-s1-g34-noeog-prof0,2026-10-09T15:50:50Z,2,3445.4,3526.9

--- Run 3 / 3 ---
  Uploading bench artifacts...
  Uploading bench.flag → LocalState\ ...
  Uploading prompt.txt → LocalState\ ...
  Uploading model.txt → LocalState\ ...
  Uploading bench_threads.txt → LocalState\ ...
  Uploading bench_ctx.txt → LocalState\ ...
  Uploading bench_npredict.txt → LocalState\ ...
  Uploading bench_maxlen.txt → LocalState\ ...
  Uploading bench_ubatch.txt → LocalState\ ...
  Uploading bench_n_batch.txt → LocalState\ ...
  Uploading bench_kvq8.txt → LocalState\ ...
  Uploading bench_gpu_layers.txt → LocalState\ ...
  Uploading bench_ignore_eog.txt → LocalState\ ...
  Uploading bench_mtp.txt → LocalState\ ...
  Uploading bench_mtp_pmin.txt → LocalState\ ...
  Uploading d3d12twocol.txt → LocalState\ ...
  Uploading bench_greedy.txt → LocalState\ ...
  Uploading bench_seed.txt → LocalState\ ...
  Uploading bench_tokens.txt → LocalState\ ...
  Uploading bench_profile.txt → LocalState\ ...
  Uploading bench_run_index.txt → LocalState\ ...
  Starting app...
  Waiting for bench-result.csv.done (timeout 300s)...
  Done after 20s (http 200).
  Tokens: /tmp/tmp.WbhdeTEf5U/run3.tokens (257 lines)
  Row: qwen35-4b-mtp,Q4_K_M,d3d12,2048,2,94.25,34.56,3672,4322,2692,4147,324,256,0,xbox-series-t2-u64-b256-mtp2-pmin50-greedy-s1-g34-noeog-prof0,2026-10-09T15:51:15Z,3,3437.6,3518.7

--- Appending recorded runs ---
  appended: qwen35-4b-mtp,Q4_K_M,d3d12,2048,2,94.04,34.49,3672,4304,2692,4147,324,256,0,xbox-series-t2-u64-b256-mtp2-pmin50-greedy-s1-g34-noeog-prof0,2026-10-09T15:50:50Z,2,3445.4,3526.9
  appended: qwen35-4b-mtp,Q4_K_M,d3d12,2048,2,94.25,34.56,3672,4322,2692,4147,324,256,0,xbox-series-t2-u64-b256-mtp2-pmin50-greedy-s1-g34-noeog-prof0,2026-10-09T15:51:15Z,3,3437.6,3518.7
Appended 2 run(s) to /home/hjotha/worktrees/xllama-qwen35-4b-maxperf/bench/results/qwen4b-maxperf/enabled-rev207/blocks/b2/csv/code256-mtp-sw1.csv

Done. /home/hjotha/worktrees/xllama-qwen35-4b-maxperf/bench/results/qwen4b-maxperf/enabled-rev207/blocks/b2/csv/code256-mtp-sw1.csv updated.
  Restoring original model.txt on the device...
=== xllama bench-xbox-ort ===
  Model:   qwen35-4b-mtp
  Threads: 2
  n_ctx:   2048
  n_predict: 256
  max_length: derived
  Runs:    3 (run 1 warmup, dropped from median)
  Xbox:    192.168.1.26
  PFN: GianlucaMazza.xllama_1.6.0.207_x64__pj67f1fcj4n14

--- Skipping genai_config (GGUF model; threads via bench_threads.txt) ---

--- Run 1 / 3 ---
  Uploading bench artifacts...
  Uploading bench.flag → LocalState\ ...
  Uploading prompt.txt → LocalState\ ...
  Uploading model.txt → LocalState\ ...
  Uploading bench_threads.txt → LocalState\ ...
  Uploading bench_ctx.txt → LocalState\ ...
  Uploading bench_npredict.txt → LocalState\ ...
  Uploading bench_maxlen.txt → LocalState\ ...
  Uploading bench_ubatch.txt → LocalState\ ...
  Uploading bench_n_batch.txt → LocalState\ ...
  Uploading bench_kvq8.txt → LocalState\ ...
  Uploading bench_gpu_layers.txt → LocalState\ ...
  Uploading bench_ignore_eog.txt → LocalState\ ...
  Uploading bench_mtp.txt → LocalState\ ...
  Uploading bench_mtp_pmin.txt → LocalState\ ...
  Uploading d3d12twocol.txt → LocalState\ ...
  Uploading bench_greedy.txt → LocalState\ ...
  Uploading bench_seed.txt → LocalState\ ...
  Uploading bench_tokens.txt → LocalState\ ...
  Uploading bench_profile.txt → LocalState\ ...
  Uploading bench_run_index.txt → LocalState\ ...
  Starting app...
  Waiting for bench-result.csv.done (timeout 300s)...
  Done after 20s (http 200).
  Tokens: /tmp/tmp.nlIHDTZ4JR/run1.tokens (257 lines)
  Row: qwen35-4b-mtp,Q4_K_M,d3d12,2048,2,89.32,27.92,3672,4341,2692,4147,298,256,0,xbox-series-t2-u64-b256-mtp2-pmin50-greedy-s1-g34-noeog-prof0,2026-10-09T15:51:43Z,1,3336.2,3420.6

--- Run 2 / 3 ---
  Uploading bench artifacts...
  Uploading bench.flag → LocalState\ ...
  Uploading prompt.txt → LocalState\ ...
  Uploading model.txt → LocalState\ ...
  Uploading bench_threads.txt → LocalState\ ...
  Uploading bench_ctx.txt → LocalState\ ...
  Uploading bench_npredict.txt → LocalState\ ...
  Uploading bench_maxlen.txt → LocalState\ ...
  Uploading bench_ubatch.txt → LocalState\ ...
  Uploading bench_n_batch.txt → LocalState\ ...
  Uploading bench_kvq8.txt → LocalState\ ...
  Uploading bench_gpu_layers.txt → LocalState\ ...
  Uploading bench_ignore_eog.txt → LocalState\ ...
  Uploading bench_mtp.txt → LocalState\ ...
  Uploading bench_mtp_pmin.txt → LocalState\ ...
  Uploading d3d12twocol.txt → LocalState\ ...
  Uploading bench_greedy.txt → LocalState\ ...
  Uploading bench_seed.txt → LocalState\ ...
  Uploading bench_tokens.txt → LocalState\ ...
  Uploading bench_profile.txt → LocalState\ ...
  Uploading bench_run_index.txt → LocalState\ ...
  Starting app...
  Waiting for bench-result.csv.done (timeout 300s)...
  Done after 20s (http 200).
  Tokens: /tmp/tmp.nlIHDTZ4JR/run2.tokens (257 lines)
  Row: qwen35-4b-mtp,Q4_K_M,d3d12,2048,2,89.09,27.75,3672,4323,2692,4147,298,256,0,xbox-series-t2-u64-b256-mtp2-pmin50-greedy-s1-g34-noeog-prof0,2026-10-09T15:52:08Z,2,3345.0,3429.2

--- Run 3 / 3 ---
  Uploading bench artifacts...
  Uploading bench.flag → LocalState\ ...
  Uploading prompt.txt → LocalState\ ...
  Uploading model.txt → LocalState\ ...
  Uploading bench_threads.txt → LocalState\ ...
  Uploading bench_ctx.txt → LocalState\ ...
  Uploading bench_npredict.txt → LocalState\ ...
  Uploading bench_maxlen.txt → LocalState\ ...
  Uploading bench_ubatch.txt → LocalState\ ...
  Uploading bench_n_batch.txt → LocalState\ ...
  Uploading bench_kvq8.txt → LocalState\ ...
  Uploading bench_gpu_layers.txt → LocalState\ ...
  Uploading bench_ignore_eog.txt → LocalState\ ...
  Uploading bench_mtp.txt → LocalState\ ...
  Uploading bench_mtp_pmin.txt → LocalState\ ...
  Uploading d3d12twocol.txt → LocalState\ ...
  Uploading bench_greedy.txt → LocalState\ ...
  Uploading bench_seed.txt → LocalState\ ...
  Uploading bench_tokens.txt → LocalState\ ...
  Uploading bench_profile.txt → LocalState\ ...
  Uploading bench_run_index.txt → LocalState\ ...
  Starting app...
  Waiting for bench-result.csv.done (timeout 300s)...
  Done after 20s (http 200).
  Tokens: /tmp/tmp.nlIHDTZ4JR/run3.tokens (257 lines)
  Row: qwen35-4b-mtp,Q4_K_M,d3d12,2048,2,88.92,27.97,3672,4319,2692,4147,298,256,0,xbox-series-t2-u64-b256-mtp2-pmin50-greedy-s1-g34-noeog-prof0,2026-10-09T15:52:33Z,3,3351.3,3435.8

--- Appending recorded runs ---
  appended: qwen35-4b-mtp,Q4_K_M,d3d12,2048,2,89.09,27.75,3672,4323,2692,4147,298,256,0,xbox-series-t2-u64-b256-mtp2-pmin50-greedy-s1-g34-noeog-prof0,2026-10-09T15:52:08Z,2,3345.0,3429.2
  appended: qwen35-4b-mtp,Q4_K_M,d3d12,2048,2,88.92,27.97,3672,4319,2692,4147,298,256,0,xbox-series-t2-u64-b256-mtp2-pmin50-greedy-s1-g34-noeog-prof0,2026-10-09T15:52:33Z,3,3351.3,3435.8
Appended 2 run(s) to /home/hjotha/worktrees/xllama-qwen35-4b-maxperf/bench/results/qwen4b-maxperf/enabled-rev207/blocks/b2/csv/std256-mtp-sw0.csv

Done. /home/hjotha/worktrees/xllama-qwen35-4b-maxperf/bench/results/qwen4b-maxperf/enabled-rev207/blocks/b2/csv/std256-mtp-sw0.csv updated.
  Restoring original model.txt on the device...
=== xllama bench-xbox-ort ===
  Model:   qwen35-4b-mtp
  Threads: 2
  n_ctx:   2048
  n_predict: 256
  max_length: derived
  Runs:    3 (run 1 warmup, dropped from median)
  Xbox:    192.168.1.26
  PFN: GianlucaMazza.xllama_1.6.0.207_x64__pj67f1fcj4n14

--- Skipping genai_config (GGUF model; threads via bench_threads.txt) ---

--- Run 1 / 3 ---
  Uploading bench artifacts...
  Uploading bench.flag → LocalState\ ...
  Uploading prompt.txt → LocalState\ ...
  Uploading model.txt → LocalState\ ...
  Uploading bench_threads.txt → LocalState\ ...
  Uploading bench_ctx.txt → LocalState\ ...
  Uploading bench_npredict.txt → LocalState\ ...
  Uploading bench_maxlen.txt → LocalState\ ...
  Uploading bench_ubatch.txt → LocalState\ ...
  Uploading bench_n_batch.txt → LocalState\ ...
  Uploading bench_kvq8.txt → LocalState\ ...
  Uploading bench_gpu_layers.txt → LocalState\ ...
  Uploading bench_ignore_eog.txt → LocalState\ ...
  Uploading bench_mtp.txt → LocalState\ ...
  Uploading bench_mtp_pmin.txt → LocalState\ ...
  Uploading d3d12twocol.txt → LocalState\ ...
  Uploading bench_greedy.txt → LocalState\ ...
  Uploading bench_seed.txt → LocalState\ ...
  Uploading bench_tokens.txt → LocalState\ ...
  Uploading bench_profile.txt → LocalState\ ...
  Uploading bench_run_index.txt → LocalState\ ...
  Starting app...
  Waiting for bench-result.csv.done (timeout 300s)...
  Done after 20s (http 200).
  Tokens: /tmp/tmp.oOjwxDRTCG/run1.tokens (257 lines)
  Row: qwen35-4b-mtp,Q4_K_M,d3d12,2048,2,94.40,28.81,3672,4339,2692,4147,298,256,0,xbox-series-t2-u64-b256-mtp2-pmin50-greedy-s1-g34-noeog-prof0,2026-10-09T15:52:58Z,1,3156.8,3251.3

--- Run 2 / 3 ---
  Uploading bench artifacts...
  Uploading bench.flag → LocalState\ ...
  Uploading prompt.txt → LocalState\ ...
  Uploading model.txt → LocalState\ ...
  Uploading bench_threads.txt → LocalState\ ...
  Uploading bench_ctx.txt → LocalState\ ...
  Uploading bench_npredict.txt → LocalState\ ...
  Uploading bench_maxlen.txt → LocalState\ ...
  Uploading bench_ubatch.txt → LocalState\ ...
  Uploading bench_n_batch.txt → LocalState\ ...
  Uploading bench_kvq8.txt → LocalState\ ...
  Uploading bench_gpu_layers.txt → LocalState\ ...
  Uploading bench_ignore_eog.txt → LocalState\ ...
  Uploading bench_mtp.txt → LocalState\ ...
  Uploading bench_mtp_pmin.txt → LocalState\ ...
  Uploading d3d12twocol.txt → LocalState\ ...
  Uploading bench_greedy.txt → LocalState\ ...
  Uploading bench_seed.txt → LocalState\ ...
  Uploading bench_tokens.txt → LocalState\ ...
  Uploading bench_profile.txt → LocalState\ ...
  Uploading bench_run_index.txt → LocalState\ ...
  Starting app...
  Waiting for bench-result.csv.done (timeout 300s)...
  Done after 20s (http 200).
  Tokens: /tmp/tmp.oOjwxDRTCG/run2.tokens (257 lines)
  Row: qwen35-4b-mtp,Q4_K_M,d3d12,2048,2,92.55,28.81,3672,4326,2692,4147,298,256,0,xbox-series-t2-u64-b256-mtp2-pmin50-greedy-s1-g34-noeog-prof0,2026-10-09T15:53:24Z,2,3219.9,3301.2

--- Run 3 / 3 ---
  Uploading bench artifacts...
  Uploading bench.flag → LocalState\ ...
  Uploading prompt.txt → LocalState\ ...
  Uploading model.txt → LocalState\ ...
  Uploading bench_threads.txt → LocalState\ ...
  Uploading bench_ctx.txt → LocalState\ ...
  Uploading bench_npredict.txt → LocalState\ ...
  Uploading bench_maxlen.txt → LocalState\ ...
  Uploading bench_ubatch.txt → LocalState\ ...
  Uploading bench_n_batch.txt → LocalState\ ...
  Uploading bench_kvq8.txt → LocalState\ ...
  Uploading bench_gpu_layers.txt → LocalState\ ...
  Uploading bench_ignore_eog.txt → LocalState\ ...
  Uploading bench_mtp.txt → LocalState\ ...
  Uploading bench_mtp_pmin.txt → LocalState\ ...
  Uploading d3d12twocol.txt → LocalState\ ...
  Uploading bench_greedy.txt → LocalState\ ...
  Uploading bench_seed.txt → LocalState\ ...
  Uploading bench_tokens.txt → LocalState\ ...
  Uploading bench_profile.txt → LocalState\ ...
  Uploading bench_run_index.txt → LocalState\ ...
  Starting app...
  Waiting for bench-result.csv.done (timeout 300s)...
  Done after 20s (http 200).
  Tokens: /tmp/tmp.oOjwxDRTCG/run3.tokens (257 lines)
  Row: qwen35-4b-mtp,Q4_K_M,d3d12,2048,2,95.02,28.90,3674,4341,2692,4147,298,256,0,xbox-series-t2-u64-b256-mtp2-pmin50-greedy-s1-g34-noeog-prof0,2026-10-09T15:53:49Z,3,3136.2,3216.8

--- Appending recorded runs ---
  appended: qwen35-4b-mtp,Q4_K_M,d3d12,2048,2,92.55,28.81,3672,4326,2692,4147,298,256,0,xbox-series-t2-u64-b256-mtp2-pmin50-greedy-s1-g34-noeog-prof0,2026-10-09T15:53:24Z,2,3219.9,3301.2
  appended: qwen35-4b-mtp,Q4_K_M,d3d12,2048,2,95.02,28.90,3674,4341,2692,4147,298,256,0,xbox-series-t2-u64-b256-mtp2-pmin50-greedy-s1-g34-noeog-prof0,2026-10-09T15:53:49Z,3,3136.2,3216.8
Appended 2 run(s) to /home/hjotha/worktrees/xllama-qwen35-4b-maxperf/bench/results/qwen4b-maxperf/enabled-rev207/blocks/b2/csv/std256-mtp-sw1.csv

Done. /home/hjotha/worktrees/xllama-qwen35-4b-maxperf/bench/results/qwen4b-maxperf/enabled-rev207/blocks/b2/csv/std256-mtp-sw1.csv updated.
  Restoring original model.txt on the device...
