=== xllama bench-xbox-ort ===
  Model:   qwen35-4b-mtp
  Threads: 2
  n_ctx:   2048
  n_predict: 64
  max_length: derived
  Runs:    3 (run 1 warmup, dropped from median)
  Xbox:    192.168.1.26
  PFN: GianlucaMazza.xllama_1.6.0.209_x64__pj67f1fcj4n14

--- Skipping genai_config (GGUF model; threads via bench_threads.txt) ---

--- Run 1 / 3 ---
  Uploading bench artifacts...
  Uploading bench.flag → LocalState\ ...
  Uploading prompt.txt → LocalState\ ...
  Uploading model.txt → LocalState\ ...
  Uploading bench_threads.txt → LocalState\ ...
  Uploading bench_ctx.txt → LocalState\ ...
  Uploading bench_npredict.txt → LocalState\ ...
  Uploading bench_maxlen.txt → LocalState\ ...
  Uploading bench_ubatch.txt → LocalState\ ...
  Uploading bench_n_batch.txt → LocalState\ ...
  Uploading bench_kvq8.txt → LocalState\ ...
  Uploading bench_gpu_layers.txt → LocalState\ ...
  Uploading bench_ignore_eog.txt → LocalState\ ...
  Uploading bench_mtp_pmin.txt → LocalState\ ...
  Uploading d3d12twocol.txt → LocalState\ ...
  Uploading bench_greedy.txt → LocalState\ ...
  Uploading bench_seed.txt → LocalState\ ...
  Uploading bench_tokens.txt → LocalState\ ...
  Uploading bench_profile.txt → LocalState\ ...
  Uploading bench_run_index.txt → LocalState\ ...
  Starting app...
  Waiting for bench-result.csv.done (timeout 300s)...
  Done after 20s (http 200).
  Tokens: /tmp/tmp.2LUx3zM3R1/run1.tokens (65 lines)
  Row: qwen35-4b-mtp,Q4_K_M,d3d12,2048,2,95.65,24.22,3461,5793,2614,4147,119,64,0,xbox-series-t2-u64-b256-greedy-s1-g34-noeog-prof0,2026-10-09T17:00:31Z,1,1244.1,1245.5

--- Run 2 / 3 ---
  Uploading bench artifacts...
  Uploading bench.flag → LocalState\ ...
  Uploading prompt.txt → LocalState\ ...
  Uploading model.txt → LocalState\ ...
  Uploading bench_threads.txt → LocalState\ ...
  Uploading bench_ctx.txt → LocalState\ ...
  Uploading bench_npredict.txt → LocalState\ ...
  Uploading bench_maxlen.txt → LocalState\ ...
  Uploading bench_ubatch.txt → LocalState\ ...
  Uploading bench_n_batch.txt → LocalState\ ...
  Uploading bench_kvq8.txt → LocalState\ ...
  Uploading bench_gpu_layers.txt → LocalState\ ...
  Uploading bench_ignore_eog.txt → LocalState\ ...
  Uploading bench_mtp_pmin.txt → LocalState\ ...
  Uploading d3d12twocol.txt → LocalState\ ...
  Uploading bench_greedy.txt → LocalState\ ...
  Uploading bench_seed.txt → LocalState\ ...
  Uploading bench_tokens.txt → LocalState\ ...
  Uploading bench_profile.txt → LocalState\ ...
  Uploading bench_run_index.txt → LocalState\ ...
  Starting app...
  Waiting for bench-result.csv.done (timeout 300s)...
  Done after 20s (http 200).
  Tokens: /tmp/tmp.2LUx3zM3R1/run2.tokens (65 lines)
  Row: qwen35-4b-mtp,Q4_K_M,d3d12,2048,2,94.84,24.34,3461,5484,2614,4147,119,64,0,xbox-series-t2-u64-b256-greedy-s1-g34-noeog-prof0,2026-10-09T17:00:55Z,2,1254.7,1256.2

--- Run 3 / 3 ---
  Uploading bench artifacts...
  Uploading bench.flag → LocalState\ ...
  Uploading prompt.txt → LocalState\ ...
  Uploading model.txt → LocalState\ ...
  Uploading bench_threads.txt → LocalState\ ...
  Uploading bench_ctx.txt → LocalState\ ...
  Uploading bench_npredict.txt → LocalState\ ...
  Uploading bench_maxlen.txt → LocalState\ ...
  Uploading bench_ubatch.txt → LocalState\ ...
  Uploading bench_n_batch.txt → LocalState\ ...
  Uploading bench_kvq8.txt → LocalState\ ...
  Uploading bench_gpu_layers.txt → LocalState\ ...
  Uploading bench_ignore_eog.txt → LocalState\ ...
  Uploading bench_mtp_pmin.txt → LocalState\ ...
  Uploading d3d12twocol.txt → LocalState\ ...
  Uploading bench_greedy.txt → LocalState\ ...
  Uploading bench_seed.txt → LocalState\ ...
  Uploading bench_tokens.txt → LocalState\ ...
  Uploading bench_profile.txt → LocalState\ ...
  Uploading bench_run_index.txt → LocalState\ ...
  Starting app...
  Waiting for bench-result.csv.done (timeout 300s)...
  Done after 20s (http 200).
  Tokens: /tmp/tmp.2LUx3zM3R1/run3.tokens (65 lines)
  Row: qwen35-4b-mtp,Q4_K_M,d3d12,2048,2,93.61,24.36,3448,5450,2614,4147,119,64,0,xbox-series-t2-u64-b256-greedy-s1-g34-noeog-prof0,2026-10-09T17:01:20Z,3,1271.2,1272.7

--- Appending recorded runs ---
  appended: qwen35-4b-mtp,Q4_K_M,d3d12,2048,2,94.84,24.34,3461,5484,2614,4147,119,64,0,xbox-series-t2-u64-b256-greedy-s1-g34-noeog-prof0,2026-10-09T17:00:55Z,2,1254.7,1256.2
  appended: qwen35-4b-mtp,Q4_K_M,d3d12,2048,2,93.61,24.36,3448,5450,2614,4147,119,64,0,xbox-series-t2-u64-b256-greedy-s1-g34-noeog-prof0,2026-10-09T17:01:20Z,3,1271.2,1272.7
Appended 2 run(s) to /home/hjotha/worktrees/xllama-qwen35-4b-maxperf/bench/results/qwen4b-maxperf/enabled-rev209/blocks/b1/csv/chat64-sw0.csv

Done. /home/hjotha/worktrees/xllama-qwen35-4b-maxperf/bench/results/qwen4b-maxperf/enabled-rev209/blocks/b1/csv/chat64-sw0.csv updated.
  Restoring original model.txt on the device...
=== xllama bench-xbox-ort ===
  Model:   qwen35-4b-mtp
  Threads: 2
  n_ctx:   2048
  n_predict: 64
  max_length: derived
  Runs:    3 (run 1 warmup, dropped from median)
  Xbox:    192.168.1.26
  PFN: GianlucaMazza.xllama_1.6.0.209_x64__pj67f1fcj4n14

--- Skipping genai_config (GGUF model; threads via bench_threads.txt) ---

--- Run 1 / 3 ---
  Uploading bench artifacts...
  Uploading bench.flag → LocalState\ ...
  Uploading prompt.txt → LocalState\ ...
  Uploading model.txt → LocalState\ ...
  Uploading bench_threads.txt → LocalState\ ...
  Uploading bench_ctx.txt → LocalState\ ...
  Uploading bench_npredict.txt → LocalState\ ...
  Uploading bench_maxlen.txt → LocalState\ ...
  Uploading bench_ubatch.txt → LocalState\ ...
  Uploading bench_n_batch.txt → LocalState\ ...
  Uploading bench_kvq8.txt → LocalState\ ...
  Uploading bench_gpu_layers.txt → LocalState\ ...
  Uploading bench_ignore_eog.txt → LocalState\ ...
  Uploading bench_mtp_pmin.txt → LocalState\ ...
  Uploading d3d12twocol.txt → LocalState\ ...
  Uploading bench_greedy.txt → LocalState\ ...
  Uploading bench_seed.txt → LocalState\ ...
  Uploading bench_tokens.txt → LocalState\ ...
  Uploading bench_profile.txt → LocalState\ ...
  Uploading bench_run_index.txt → LocalState\ ...
  Starting app...
  Waiting for bench-result.csv.done (timeout 300s)...
  Done after 20s (http 200).
  Tokens: /tmp/tmp.MAB4fY30Aq/run1.tokens (65 lines)
  Row: qwen35-4b-mtp,Q4_K_M,d3d12,2048,2,101.49,25.92,3462,5518,2614,4147,119,64,0,xbox-series-t2-u64-b256-greedy-s1-g34-noeog-prof0,2026-10-09T17:01:47Z,1,1172.5,1173.9

--- Run 2 / 3 ---
  Uploading bench artifacts...
  Uploading bench.flag → LocalState\ ...
  Uploading prompt.txt → LocalState\ ...
  Uploading model.txt → LocalState\ ...
  Uploading bench_threads.txt → LocalState\ ...
  Uploading bench_ctx.txt → LocalState\ ...
  Uploading bench_npredict.txt → LocalState\ ...
  Uploading bench_maxlen.txt → LocalState\ ...
  Uploading bench_ubatch.txt → LocalState\ ...
  Uploading bench_n_batch.txt → LocalState\ ...
  Uploading bench_kvq8.txt → LocalState\ ...
  Uploading bench_gpu_layers.txt → LocalState\ ...
  Uploading bench_ignore_eog.txt → LocalState\ ...
  Uploading bench_mtp_pmin.txt → LocalState\ ...
  Uploading d3d12twocol.txt → LocalState\ ...
  Uploading bench_greedy.txt → LocalState\ ...
  Uploading bench_seed.txt → LocalState\ ...
  Uploading bench_tokens.txt → LocalState\ ...
  Uploading bench_profile.txt → LocalState\ ...
  Uploading bench_run_index.txt → LocalState\ ...
  Starting app...
  Waiting for bench-result.csv.done (timeout 300s)...
  Done after 21s (http 200).
  Tokens: /tmp/tmp.MAB4fY30Aq/run2.tokens (65 lines)
  Row: qwen35-4b-mtp,Q4_K_M,d3d12,2048,2,100.96,25.61,3448,5384,2614,4147,119,64,0,xbox-series-t2-u64-b256-greedy-s1-g34-noeog-prof0,2026-10-09T17:02:14Z,2,1178.7,1180.1

--- Run 3 / 3 ---
  Uploading bench artifacts...
  Uploading bench.flag → LocalState\ ...
  Uploading prompt.txt → LocalState\ ...
  Uploading model.txt → LocalState\ ...
  Uploading bench_threads.txt → LocalState\ ...
  Uploading bench_ctx.txt → LocalState\ ...
  Uploading bench_npredict.txt → LocalState\ ...
  Uploading bench_maxlen.txt → LocalState\ ...
  Uploading bench_ubatch.txt → LocalState\ ...
  Uploading bench_n_batch.txt → LocalState\ ...
  Uploading bench_kvq8.txt → LocalState\ ...
  Uploading bench_gpu_layers.txt → LocalState\ ...
  Uploading bench_ignore_eog.txt → LocalState\ ...
  Uploading bench_mtp_pmin.txt → LocalState\ ...
  Uploading d3d12twocol.txt → LocalState\ ...
  Uploading bench_greedy.txt → LocalState\ ...
  Uploading bench_seed.txt → LocalState\ ...
  Uploading bench_tokens.txt → LocalState\ ...
  Uploading bench_profile.txt → LocalState\ ...
  Uploading bench_run_index.txt → LocalState\ ...
  Starting app...
  Waiting for bench-result.csv.done (timeout 300s)...
  Done after 20s (http 200).
  Tokens: /tmp/tmp.MAB4fY30Aq/run3.tokens (65 lines)
  Row: qwen35-4b-mtp,Q4_K_M,d3d12,2048,2,98.62,25.74,3448,5617,2614,4147,119,64,0,xbox-series-t2-u64-b256-greedy-s1-g34-noeog-prof0,2026-10-09T17:02:39Z,3,1206.7,1208.1

--- Appending recorded runs ---
  appended: qwen35-4b-mtp,Q4_K_M,d3d12,2048,2,100.96,25.61,3448,5384,2614,4147,119,64,0,xbox-series-t2-u64-b256-greedy-s1-g34-noeog-prof0,2026-10-09T17:02:14Z,2,1178.7,1180.1
  appended: qwen35-4b-mtp,Q4_K_M,d3d12,2048,2,98.62,25.74,3448,5617,2614,4147,119,64,0,xbox-series-t2-u64-b256-greedy-s1-g34-noeog-prof0,2026-10-09T17:02:39Z,3,1206.7,1208.1
Appended 2 run(s) to /home/hjotha/worktrees/xllama-qwen35-4b-maxperf/bench/results/qwen4b-maxperf/enabled-rev209/blocks/b1/csv/chat64-sw1.csv

Done. /home/hjotha/worktrees/xllama-qwen35-4b-maxperf/bench/results/qwen4b-maxperf/enabled-rev209/blocks/b1/csv/chat64-sw1.csv updated.
  Restoring original model.txt on the device...
=== xllama bench-xbox-ort ===
  Model:   qwen35-4b-mtp
  Threads: 2
  n_ctx:   2048
  n_predict: 64
  max_length: derived
  Runs:    3 (run 1 warmup, dropped from median)
  Xbox:    192.168.1.26
  PFN: GianlucaMazza.xllama_1.6.0.209_x64__pj67f1fcj4n14

--- Skipping genai_config (GGUF model; threads via bench_threads.txt) ---

--- Run 1 / 3 ---
  Uploading bench artifacts...
  Uploading bench.flag → LocalState\ ...
  Uploading prompt.txt → LocalState\ ...
  Uploading model.txt → LocalState\ ...
  Uploading bench_threads.txt → LocalState\ ...
  Uploading bench_ctx.txt → LocalState\ ...
  Uploading bench_npredict.txt → LocalState\ ...
  Uploading bench_maxlen.txt → LocalState\ ...
  Uploading bench_ubatch.txt → LocalState\ ...
  Uploading bench_n_batch.txt → LocalState\ ...
  Uploading bench_kvq8.txt → LocalState\ ...
  Uploading bench_gpu_layers.txt → LocalState\ ...
  Uploading bench_ignore_eog.txt → LocalState\ ...
  Uploading bench_mtp_pmin.txt → LocalState\ ...
  Uploading d3d12twocol.txt → LocalState\ ...
  Uploading bench_greedy.txt → LocalState\ ...
  Uploading bench_seed.txt → LocalState\ ...
  Uploading bench_tokens.txt → LocalState\ ...
  Uploading bench_profile.txt → LocalState\ ...
  Uploading bench_run_index.txt → LocalState\ ...
  Starting app...
  Waiting for bench-result.csv.done (timeout 300s)...
  Done after 20s (http 200).
  Tokens: /tmp/tmp.KI5wGgm9nf/run1.tokens (65 lines)
  Row: qwen35-4b-mtp,Q4_K_M,d3d12,2048,2,95.31,23.69,3462,7649,2614,4147,324,64,0,xbox-series-t2-u64-b256-greedy-s1-g34-noeog-prof0,2026-10-09T17:03:09Z,1,3399.6,3400.9

--- Run 2 / 3 ---
  Uploading bench artifacts...
  Uploading bench.flag → LocalState\ ...
  Uploading prompt.txt → LocalState\ ...
  Uploading model.txt → LocalState\ ...
  Uploading bench_threads.txt → LocalState\ ...
  Uploading bench_ctx.txt → LocalState\ ...
  Uploading bench_npredict.txt → LocalState\ ...
  Uploading bench_maxlen.txt → LocalState\ ...
  Uploading bench_ubatch.txt → LocalState\ ...
  Uploading bench_n_batch.txt → LocalState\ ...
  Uploading bench_kvq8.txt → LocalState\ ...
  Uploading bench_gpu_layers.txt → LocalState\ ...
  Uploading bench_ignore_eog.txt → LocalState\ ...
  Uploading bench_mtp_pmin.txt → LocalState\ ...
  Uploading d3d12twocol.txt → LocalState\ ...
  Uploading bench_greedy.txt → LocalState\ ...
  Uploading bench_seed.txt → LocalState\ ...
  Uploading bench_tokens.txt → LocalState\ ...
  Uploading bench_profile.txt → LocalState\ ...
  Uploading bench_run_index.txt → LocalState\ ...
  Starting app...
  Waiting for bench-result.csv.done (timeout 300s)...
  Done after 21s (http 200).
  Tokens: /tmp/tmp.KI5wGgm9nf/run2.tokens (65 lines)
  Row: qwen35-4b-mtp,Q4_K_M,d3d12,2048,2,96.46,23.78,3448,7533,2614,4147,324,64,0,xbox-series-t2-u64-b256-greedy-s1-g34-noeog-prof0,2026-10-09T17:03:36Z,2,3359.0,3361.0

--- Run 3 / 3 ---
  Uploading bench artifacts...
  Uploading bench.flag → LocalState\ ...
  Uploading prompt.txt → LocalState\ ...
  Uploading model.txt → LocalState\ ...
  Uploading bench_threads.txt → LocalState\ ...
  Uploading bench_ctx.txt → LocalState\ ...
  Uploading bench_npredict.txt → LocalState\ ...
  Uploading bench_maxlen.txt → LocalState\ ...
  Uploading bench_ubatch.txt → LocalState\ ...
  Uploading bench_n_batch.txt → LocalState\ ...
  Uploading bench_kvq8.txt → LocalState\ ...
  Uploading bench_gpu_layers.txt → LocalState\ ...
  Uploading bench_ignore_eog.txt → LocalState\ ...
  Uploading bench_mtp_pmin.txt → LocalState\ ...
  Uploading d3d12twocol.txt → LocalState\ ...
  Uploading bench_greedy.txt → LocalState\ ...
  Uploading bench_seed.txt → LocalState\ ...
  Uploading bench_tokens.txt → LocalState\ ...
  Uploading bench_profile.txt → LocalState\ ...
  Uploading bench_run_index.txt → LocalState\ ...
  Starting app...
  Waiting for bench-result.csv.done (timeout 300s)...
  Done after 20s (http 200).
  Tokens: /tmp/tmp.KI5wGgm9nf/run3.tokens (65 lines)
  Row: qwen35-4b-mtp,Q4_K_M,d3d12,2048,2,95.56,23.47,3461,7600,2614,4147,324,64,0,xbox-series-t2-u64-b256-greedy-s1-g34-noeog-prof0,2026-10-09T17:04:02Z,3,3390.7,3392.1

--- Appending recorded runs ---
  appended: qwen35-4b-mtp,Q4_K_M,d3d12,2048,2,96.46,23.78,3448,7533,2614,4147,324,64,0,xbox-series-t2-u64-b256-greedy-s1-g34-noeog-prof0,2026-10-09T17:03:36Z,2,3359.0,3361.0
  appended: qwen35-4b-mtp,Q4_K_M,d3d12,2048,2,95.56,23.47,3461,7600,2614,4147,324,64,0,xbox-series-t2-u64-b256-greedy-s1-g34-noeog-prof0,2026-10-09T17:04:02Z,3,3390.7,3392.1
Appended 2 run(s) to /home/hjotha/worktrees/xllama-qwen35-4b-maxperf/bench/results/qwen4b-maxperf/enabled-rev209/blocks/b1/csv/code64-sw0.csv

Done. /home/hjotha/worktrees/xllama-qwen35-4b-maxperf/bench/results/qwen4b-maxperf/enabled-rev209/blocks/b1/csv/code64-sw0.csv updated.
  Restoring original model.txt on the device...
=== xllama bench-xbox-ort ===
  Model:   qwen35-4b-mtp
  Threads: 2
  n_ctx:   2048
  n_predict: 64
  max_length: derived
  Runs:    3 (run 1 warmup, dropped from median)
  Xbox:    192.168.1.26
  PFN: GianlucaMazza.xllama_1.6.0.209_x64__pj67f1fcj4n14

--- Skipping genai_config (GGUF model; threads via bench_threads.txt) ---

--- Run 1 / 3 ---
  Uploading bench artifacts...
  Uploading bench.flag → LocalState\ ...
  Uploading prompt.txt → LocalState\ ...
  Uploading model.txt → LocalState\ ...
  Uploading bench_threads.txt → LocalState\ ...
  Uploading bench_ctx.txt → LocalState\ ...
  Uploading bench_npredict.txt → LocalState\ ...
  Uploading bench_maxlen.txt → LocalState\ ...
  Uploading bench_ubatch.txt → LocalState\ ...
  Uploading bench_n_batch.txt → LocalState\ ...
  Uploading bench_kvq8.txt → LocalState\ ...
  Uploading bench_gpu_layers.txt → LocalState\ ...
  Uploading bench_ignore_eog.txt → LocalState\ ...
  Uploading bench_mtp_pmin.txt → LocalState\ ...
  Uploading d3d12twocol.txt → LocalState\ ...
  Uploading bench_greedy.txt → LocalState\ ...
  Uploading bench_seed.txt → LocalState\ ...
  Uploading bench_tokens.txt → LocalState\ ...
  Uploading bench_profile.txt → LocalState\ ...
  Uploading bench_run_index.txt → LocalState\ ...
  Starting app...
  Waiting for bench-result.csv.done (timeout 300s)...
  Done after 20s (http 200).
  Tokens: /tmp/tmp.EOsMKw0IHX/run1.tokens (65 lines)
  Row: qwen35-4b-mtp,Q4_K_M,d3d12,2048,2,101.57,25.19,3461,7729,2614,4147,324,64,0,xbox-series-t2-u64-b256-greedy-s1-g34-noeog-prof0,2026-10-09T17:04:29Z,1,3189.9,3191.3

--- Run 2 / 3 ---
  Uploading bench artifacts...
  Uploading bench.flag → LocalState\ ...
  Uploading prompt.txt → LocalState\ ...
  Uploading model.txt → LocalState\ ...
  Uploading bench_threads.txt → LocalState\ ...
  Uploading bench_ctx.txt → LocalState\ ...
  Uploading bench_npredict.txt → LocalState\ ...
  Uploading bench_maxlen.txt → LocalState\ ...
  Uploading bench_ubatch.txt → LocalState\ ...
  Uploading bench_n_batch.txt → LocalState\ ...
  Uploading bench_kvq8.txt → LocalState\ ...
  Uploading bench_gpu_layers.txt → LocalState\ ...
  Uploading bench_ignore_eog.txt → LocalState\ ...
  Uploading bench_mtp_pmin.txt → LocalState\ ...
  Uploading d3d12twocol.txt → LocalState\ ...
  Uploading bench_greedy.txt → LocalState\ ...
  Uploading bench_seed.txt → LocalState\ ...
  Uploading bench_tokens.txt → LocalState\ ...
  Uploading bench_profile.txt → LocalState\ ...
  Uploading bench_run_index.txt → LocalState\ ...
  Starting app...
  Waiting for bench-result.csv.done (timeout 300s)...
  Done after 21s (http 200).
  Tokens: /tmp/tmp.EOsMKw0IHX/run2.tokens (65 lines)
  Row: qwen35-4b-mtp,Q4_K_M,d3d12,2048,2,101.20,24.67,3462,7437,2614,4147,324,64,0,xbox-series-t2-u64-b256-greedy-s1-g34-noeog-prof0,2026-10-09T17:04:55Z,2,3201.6,3203.0

--- Run 3 / 3 ---
  Uploading bench artifacts...
  Uploading bench.flag → LocalState\ ...
  Uploading prompt.txt → LocalState\ ...
  Uploading model.txt → LocalState\ ...
  Uploading bench_threads.txt → LocalState\ ...
  Uploading bench_ctx.txt → LocalState\ ...
  Uploading bench_npredict.txt → LocalState\ ...
  Uploading bench_maxlen.txt → LocalState\ ...
  Uploading bench_ubatch.txt → LocalState\ ...
  Uploading bench_n_batch.txt → LocalState\ ...
  Uploading bench_kvq8.txt → LocalState\ ...
  Uploading bench_gpu_layers.txt → LocalState\ ...
  Uploading bench_ignore_eog.txt → LocalState\ ...
  Uploading bench_mtp_pmin.txt → LocalState\ ...
  Uploading d3d12twocol.txt → LocalState\ ...
  Uploading bench_greedy.txt → LocalState\ ...
  Uploading bench_seed.txt → LocalState\ ...
  Uploading bench_tokens.txt → LocalState\ ...
  Uploading bench_profile.txt → LocalState\ ...
  Uploading bench_run_index.txt → LocalState\ ...
  Starting app...
  Waiting for bench-result.csv.done (timeout 300s)...
  Done after 21s (http 200).
  Tokens: /tmp/tmp.EOsMKw0IHX/run3.tokens (65 lines)
  Row: qwen35-4b-mtp,Q4_K_M,d3d12,2048,2,102.95,25.04,3448,7371,2614,4147,324,64,0,xbox-series-t2-u64-b256-greedy-s1-g34-noeog-prof0,2026-10-09T17:05:21Z,3,3147.2,3148.6

--- Appending recorded runs ---
  appended: qwen35-4b-mtp,Q4_K_M,d3d12,2048,2,101.20,24.67,3462,7437,2614,4147,324,64,0,xbox-series-t2-u64-b256-greedy-s1-g34-noeog-prof0,2026-10-09T17:04:55Z,2,3201.6,3203.0
  appended: qwen35-4b-mtp,Q4_K_M,d3d12,2048,2,102.95,25.04,3448,7371,2614,4147,324,64,0,xbox-series-t2-u64-b256-greedy-s1-g34-noeog-prof0,2026-10-09T17:05:21Z,3,3147.2,3148.6
Appended 2 run(s) to /home/hjotha/worktrees/xllama-qwen35-4b-maxperf/bench/results/qwen4b-maxperf/enabled-rev209/blocks/b1/csv/code64-sw1.csv

Done. /home/hjotha/worktrees/xllama-qwen35-4b-maxperf/bench/results/qwen4b-maxperf/enabled-rev209/blocks/b1/csv/code64-sw1.csv updated.
  Restoring original model.txt on the device...
=== xllama bench-xbox-ort ===
  Model:   qwen35-4b-mtp
  Threads: 2
  n_ctx:   2048
  n_predict: 64
  max_length: derived
  Runs:    3 (run 1 warmup, dropped from median)
  Xbox:    192.168.1.26
  PFN: GianlucaMazza.xllama_1.6.0.209_x64__pj67f1fcj4n14

--- Skipping genai_config (GGUF model; threads via bench_threads.txt) ---

--- Run 1 / 3 ---
  Uploading bench artifacts...
  Uploading bench.flag → LocalState\ ...
  Uploading prompt.txt → LocalState\ ...
  Uploading model.txt → LocalState\ ...
  Uploading bench_threads.txt → LocalState\ ...
  Uploading bench_ctx.txt → LocalState\ ...
  Uploading bench_npredict.txt → LocalState\ ...
  Uploading bench_maxlen.txt → LocalState\ ...
  Uploading bench_ubatch.txt → LocalState\ ...
  Uploading bench_n_batch.txt → LocalState\ ...
  Uploading bench_kvq8.txt → LocalState\ ...
  Uploading bench_gpu_layers.txt → LocalState\ ...
  Uploading bench_ignore_eog.txt → LocalState\ ...
  Uploading bench_mtp_pmin.txt → LocalState\ ...
  Uploading d3d12twocol.txt → LocalState\ ...
  Uploading bench_greedy.txt → LocalState\ ...
  Uploading bench_seed.txt → LocalState\ ...
  Uploading bench_tokens.txt → LocalState\ ...
  Uploading bench_profile.txt → LocalState\ ...
  Uploading bench_run_index.txt → LocalState\ ...
  Starting app...
  Waiting for bench-result.csv.done (timeout 300s)...
  Done after 20s (http 200).
  Tokens: /tmp/tmp.WWHWwiXnzA/run1.tokens (65 lines)
  Row: qwen35-4b-mtp,Q4_K_M,d3d12,2048,2,95.74,23.92,3461,7588,2614,4147,298,64,0,xbox-series-t2-u64-b256-greedy-s1-g34-noeog-prof0,2026-10-09T17:05:49Z,1,3112.6,3114.1

--- Run 2 / 3 ---
  Uploading bench artifacts...
  Uploading bench.flag → LocalState\ ...
  Uploading prompt.txt → LocalState\ ...
  Uploading model.txt → LocalState\ ...
  Uploading bench_threads.txt → LocalState\ ...
  Uploading bench_ctx.txt → LocalState\ ...
  Uploading bench_npredict.txt → LocalState\ ...
  Uploading bench_maxlen.txt → LocalState\ ...
  Uploading bench_ubatch.txt → LocalState\ ...
  Uploading bench_n_batch.txt → LocalState\ ...
  Uploading bench_kvq8.txt → LocalState\ ...
  Uploading bench_gpu_layers.txt → LocalState\ ...
  Uploading bench_ignore_eog.txt → LocalState\ ...
  Uploading bench_mtp_pmin.txt → LocalState\ ...
  Uploading d3d12twocol.txt → LocalState\ ...
  Uploading bench_greedy.txt → LocalState\ ...
  Uploading bench_seed.txt → LocalState\ ...
  Uploading bench_tokens.txt → LocalState\ ...
  Uploading bench_profile.txt → LocalState\ ...
  Uploading bench_run_index.txt → LocalState\ ...
  Starting app...
  Waiting for bench-result.csv.done (timeout 300s)...
  Done after 21s (http 200).
  Tokens: /tmp/tmp.WWHWwiXnzA/run2.tokens (65 lines)
  Row: qwen35-4b-mtp,Q4_K_M,d3d12,2048,2,96.46,23.95,3461,7309,2614,4147,298,64,0,xbox-series-t2-u64-b256-greedy-s1-g34-noeog-prof0,2026-10-09T17:06:14Z,2,3089.3,3090.6

--- Run 3 / 3 ---
  Uploading bench artifacts...
  Uploading bench.flag → LocalState\ ...
  Uploading prompt.txt → LocalState\ ...
  Uploading model.txt → LocalState\ ...
  Uploading bench_threads.txt → LocalState\ ...
  Uploading bench_ctx.txt → LocalState\ ...
  Uploading bench_npredict.txt → LocalState\ ...
  Uploading bench_maxlen.txt → LocalState\ ...
  Uploading bench_ubatch.txt → LocalState\ ...
  Uploading bench_n_batch.txt → LocalState\ ...
  Uploading bench_kvq8.txt → LocalState\ ...
  Uploading bench_gpu_layers.txt → LocalState\ ...
  Uploading bench_ignore_eog.txt → LocalState\ ...
  Uploading bench_mtp_pmin.txt → LocalState\ ...
  Uploading d3d12twocol.txt → LocalState\ ...
  Uploading bench_greedy.txt → LocalState\ ...
  Uploading bench_seed.txt → LocalState\ ...
  Uploading bench_tokens.txt → LocalState\ ...
  Uploading bench_profile.txt → LocalState\ ...
  Uploading bench_run_index.txt → LocalState\ ...
  Starting app...
  Waiting for bench-result.csv.done (timeout 300s)...
  Done after 20s (http 200).
  Tokens: /tmp/tmp.WWHWwiXnzA/run3.tokens (65 lines)
  Row: qwen35-4b-mtp,Q4_K_M,d3d12,2048,2,94.76,23.76,3448,7350,2614,4147,298,64,0,xbox-series-t2-u64-b256-greedy-s1-g34-noeog-prof0,2026-10-09T17:06:40Z,3,3144.7,3147.8

--- Appending recorded runs ---
  appended: qwen35-4b-mtp,Q4_K_M,d3d12,2048,2,96.46,23.95,3461,7309,2614,4147,298,64,0,xbox-series-t2-u64-b256-greedy-s1-g34-noeog-prof0,2026-10-09T17:06:14Z,2,3089.3,3090.6
  appended: qwen35-4b-mtp,Q4_K_M,d3d12,2048,2,94.76,23.76,3448,7350,2614,4147,298,64,0,xbox-series-t2-u64-b256-greedy-s1-g34-noeog-prof0,2026-10-09T17:06:40Z,3,3144.7,3147.8
Appended 2 run(s) to /home/hjotha/worktrees/xllama-qwen35-4b-maxperf/bench/results/qwen4b-maxperf/enabled-rev209/blocks/b1/csv/std64-sw0.csv

Done. /home/hjotha/worktrees/xllama-qwen35-4b-maxperf/bench/results/qwen4b-maxperf/enabled-rev209/blocks/b1/csv/std64-sw0.csv updated.
  Restoring original model.txt on the device...
=== xllama bench-xbox-ort ===
  Model:   qwen35-4b-mtp
  Threads: 2
  n_ctx:   2048
  n_predict: 64
  max_length: derived
  Runs:    3 (run 1 warmup, dropped from median)
  Xbox:    192.168.1.26
  PFN: GianlucaMazza.xllama_1.6.0.209_x64__pj67f1fcj4n14

--- Skipping genai_config (GGUF model; threads via bench_threads.txt) ---

--- Run 1 / 3 ---
  Uploading bench artifacts...
  Uploading bench.flag → LocalState\ ...
  Uploading prompt.txt → LocalState\ ...
  Uploading model.txt → LocalState\ ...
  Uploading bench_threads.txt → LocalState\ ...
  Uploading bench_ctx.txt → LocalState\ ...
  Uploading bench_npredict.txt → LocalState\ ...
  Uploading bench_maxlen.txt → LocalState\ ...
  Uploading bench_ubatch.txt → LocalState\ ...
  Uploading bench_n_batch.txt → LocalState\ ...
  Uploading bench_kvq8.txt → LocalState\ ...
  Uploading bench_gpu_layers.txt → LocalState\ ...
  Uploading bench_ignore_eog.txt → LocalState\ ...
  Uploading bench_mtp_pmin.txt → LocalState\ ...
  Uploading d3d12twocol.txt → LocalState\ ...
  Uploading bench_greedy.txt → LocalState\ ...
  Uploading bench_seed.txt → LocalState\ ...
  Uploading bench_tokens.txt → LocalState\ ...
  Uploading bench_profile.txt → LocalState\ ...
  Uploading bench_run_index.txt → LocalState\ ...
  Starting app...
  Waiting for bench-result.csv.done (timeout 300s)...
  Done after 21s (http 200).
  Tokens: /tmp/tmp.XwDHLaB6bP/run1.tokens (65 lines)
  Row: qwen35-4b-mtp,Q4_K_M,d3d12,2048,2,102.37,25.04,3448,7119,2614,4147,298,64,0,xbox-series-t2-u64-b256-greedy-s1-g34-noeog-prof0,2026-10-09T17:07:10Z,1,2911.0,2912.4

--- Run 2 / 3 ---
  Uploading bench artifacts...
  Uploading bench.flag → LocalState\ ...
  Uploading prompt.txt → LocalState\ ...
  Uploading model.txt → LocalState\ ...
  Uploading bench_threads.txt → LocalState\ ...
  Uploading bench_ctx.txt → LocalState\ ...
  Uploading bench_npredict.txt → LocalState\ ...
  Uploading bench_maxlen.txt → LocalState\ ...
  Uploading bench_ubatch.txt → LocalState\ ...
  Uploading bench_n_batch.txt → LocalState\ ...
  Uploading bench_kvq8.txt → LocalState\ ...
  Uploading bench_gpu_layers.txt → LocalState\ ...
  Uploading bench_ignore_eog.txt → LocalState\ ...
  Uploading bench_mtp_pmin.txt → LocalState\ ...
  Uploading d3d12twocol.txt → LocalState\ ...
  Uploading bench_greedy.txt → LocalState\ ...
  Uploading bench_seed.txt → LocalState\ ...
  Uploading bench_tokens.txt → LocalState\ ...
  Uploading bench_profile.txt → LocalState\ ...
  Uploading bench_run_index.txt → LocalState\ ...
  Starting app...
  Waiting for bench-result.csv.done (timeout 300s)...
  Done after 21s (http 200).
  Tokens: /tmp/tmp.XwDHLaB6bP/run2.tokens (65 lines)
  Row: qwen35-4b-mtp,Q4_K_M,d3d12,2048,2,101.50,24.98,3461,7137,2614,4147,298,64,0,xbox-series-t2-u64-b256-greedy-s1-g34-noeog-prof0,2026-10-09T17:07:35Z,2,2935.9,2937.3

--- Run 3 / 3 ---
  Uploading bench artifacts...
  Uploading bench.flag → LocalState\ ...
  Uploading prompt.txt → LocalState\ ...
  Uploading model.txt → LocalState\ ...
  Uploading bench_threads.txt → LocalState\ ...
  Uploading bench_ctx.txt → LocalState\ ...
  Uploading bench_npredict.txt → LocalState\ ...
  Uploading bench_maxlen.txt → LocalState\ ...
  Uploading bench_ubatch.txt → LocalState\ ...
  Uploading bench_n_batch.txt → LocalState\ ...
  Uploading bench_kvq8.txt → LocalState\ ...
  Uploading bench_gpu_layers.txt → LocalState\ ...
  Uploading bench_ignore_eog.txt → LocalState\ ...
  Uploading bench_mtp_pmin.txt → LocalState\ ...
  Uploading d3d12twocol.txt → LocalState\ ...
  Uploading bench_greedy.txt → LocalState\ ...
  Uploading bench_seed.txt → LocalState\ ...
  Uploading bench_tokens.txt → LocalState\ ...
  Uploading bench_profile.txt → LocalState\ ...
  Uploading bench_run_index.txt → LocalState\ ...
  Starting app...
  Waiting for bench-result.csv.done (timeout 300s)...
  Done after 20s (http 200).
  Tokens: /tmp/tmp.XwDHLaB6bP/run3.tokens (65 lines)
  Row: qwen35-4b-mtp,Q4_K_M,d3d12,2048,2,101.70,24.61,3459,7089,2614,4147,298,64,0,xbox-series-t2-u64-b256-greedy-s1-g34-noeog-prof0,2026-10-09T17:08:02Z,3,2930.2,2931.6

--- Appending recorded runs ---
  appended: qwen35-4b-mtp,Q4_K_M,d3d12,2048,2,101.50,24.98,3461,7137,2614,4147,298,64,0,xbox-series-t2-u64-b256-greedy-s1-g34-noeog-prof0,2026-10-09T17:07:35Z,2,2935.9,2937.3
  appended: qwen35-4b-mtp,Q4_K_M,d3d12,2048,2,101.70,24.61,3459,7089,2614,4147,298,64,0,xbox-series-t2-u64-b256-greedy-s1-g34-noeog-prof0,2026-10-09T17:08:02Z,3,2930.2,2931.6
Appended 2 run(s) to /home/hjotha/worktrees/xllama-qwen35-4b-maxperf/bench/results/qwen4b-maxperf/enabled-rev209/blocks/b1/csv/std64-sw1.csv

Done. /home/hjotha/worktrees/xllama-qwen35-4b-maxperf/bench/results/qwen4b-maxperf/enabled-rev209/blocks/b1/csv/std64-sw1.csv updated.
  Restoring original model.txt on the device...
=== xllama bench-xbox-ort ===
  Model:   qwen35-4b-mtp
  Threads: 2
  n_ctx:   2048
  n_predict: 256
  max_length: derived
  Runs:    3 (run 1 warmup, dropped from median)
  Xbox:    192.168.1.26
  PFN: GianlucaMazza.xllama_1.6.0.209_x64__pj67f1fcj4n14

--- Skipping genai_config (GGUF model; threads via bench_threads.txt) ---

--- Run 1 / 3 ---
  Uploading bench artifacts...
  Uploading bench.flag → LocalState\ ...
  Uploading prompt.txt → LocalState\ ...
  Uploading model.txt → LocalState\ ...
  Uploading bench_threads.txt → LocalState\ ...
  Uploading bench_ctx.txt → LocalState\ ...
  Uploading bench_npredict.txt → LocalState\ ...
  Uploading bench_maxlen.txt → LocalState\ ...
  Uploading bench_ubatch.txt → LocalState\ ...
  Uploading bench_n_batch.txt → LocalState\ ...
  Uploading bench_kvq8.txt → LocalState\ ...
  Uploading bench_gpu_layers.txt → LocalState\ ...
  Uploading bench_ignore_eog.txt → LocalState\ ...
  Uploading bench_mtp_pmin.txt → LocalState\ ...
  Uploading d3d12twocol.txt → LocalState\ ...
  Uploading bench_greedy.txt → LocalState\ ...
  Uploading bench_seed.txt → LocalState\ ...
  Uploading bench_tokens.txt → LocalState\ ...
  Uploading bench_profile.txt → LocalState\ ...
  Uploading bench_run_index.txt → LocalState\ ...
  Starting app...
  Waiting for bench-result.csv.done (timeout 300s)...
  Done after 20s (http 200).
  Tokens: /tmp/tmp.NeO1rWuZ5G/run1.tokens (257 lines)
  Row: qwen35-4b-mtp,Q4_K_M,d3d12,2048,2,96.00,24.40,3461,5453,2614,4147,119,256,0,xbox-series-t2-u64-b256-greedy-s1-g34-noeog-prof0,2026-10-09T17:08:37Z,1,1239.6,1241.0

--- Run 2 / 3 ---
  Uploading bench artifacts...
  Uploading bench.flag → LocalState\ ...
  Uploading prompt.txt → LocalState\ ...
  Uploading model.txt → LocalState\ ...
  Uploading bench_threads.txt → LocalState\ ...
  Uploading bench_ctx.txt → LocalState\ ...
  Uploading bench_npredict.txt → LocalState\ ...
  Uploading bench_maxlen.txt → LocalState\ ...
  Uploading bench_ubatch.txt → LocalState\ ...
  Uploading bench_n_batch.txt → LocalState\ ...
  Uploading bench_kvq8.txt → LocalState\ ...
  Uploading bench_gpu_layers.txt → LocalState\ ...
  Uploading bench_ignore_eog.txt → LocalState\ ...
  Uploading bench_mtp_pmin.txt → LocalState\ ...
  Uploading d3d12twocol.txt → LocalState\ ...
  Uploading bench_greedy.txt → LocalState\ ...
  Uploading bench_seed.txt → LocalState\ ...
  Uploading bench_tokens.txt → LocalState\ ...
  Uploading bench_profile.txt → LocalState\ ...
  Uploading bench_run_index.txt → LocalState\ ...
  Starting app...
  Waiting for bench-result.csv.done (timeout 300s)...
  Done after 21s (http 200).
  Tokens: /tmp/tmp.NeO1rWuZ5G/run2.tokens (257 lines)
  Row: qwen35-4b-mtp,Q4_K_M,d3d12,2048,2,96.84,24.38,3461,5426,2614,4147,119,256,0,xbox-series-t2-u64-b256-greedy-s1-g34-noeog-prof0,2026-10-09T17:09:03Z,2,1228.9,1230.3

--- Run 3 / 3 ---
  Uploading bench artifacts...
  Uploading bench.flag → LocalState\ ...
  Uploading prompt.txt → LocalState\ ...
  Uploading model.txt → LocalState\ ...
  Uploading bench_threads.txt → LocalState\ ...
  Uploading bench_ctx.txt → LocalState\ ...
  Uploading bench_npredict.txt → LocalState\ ...
  Uploading bench_maxlen.txt → LocalState\ ...
  Uploading bench_ubatch.txt → LocalState\ ...
  Uploading bench_n_batch.txt → LocalState\ ...
  Uploading bench_kvq8.txt → LocalState\ ...
  Uploading bench_gpu_layers.txt → LocalState\ ...
  Uploading bench_ignore_eog.txt → LocalState\ ...
  Uploading bench_mtp_pmin.txt → LocalState\ ...
  Uploading d3d12twocol.txt → LocalState\ ...
  Uploading bench_greedy.txt → LocalState\ ...
  Uploading bench_seed.txt → LocalState\ ...
  Uploading bench_tokens.txt → LocalState\ ...
  Uploading bench_profile.txt → LocalState\ ...
  Uploading bench_run_index.txt → LocalState\ ...
  Starting app...
  Waiting for bench-result.csv.done (timeout 300s)...
  Done after 20s (http 200).
  Tokens: /tmp/tmp.NeO1rWuZ5G/run3.tokens (257 lines)
  Row: qwen35-4b-mtp,Q4_K_M,d3d12,2048,2,93.75,24.36,3448,5458,2614,4147,119,256,0,xbox-series-t2-u64-b256-greedy-s1-g34-noeog-prof0,2026-10-09T17:09:29Z,3,1269.3,1270.8

--- Appending recorded runs ---
  appended: qwen35-4b-mtp,Q4_K_M,d3d12,2048,2,96.84,24.38,3461,5426,2614,4147,119,256,0,xbox-series-t2-u64-b256-greedy-s1-g34-noeog-prof0,2026-10-09T17:09:03Z,2,1228.9,1230.3
  appended: qwen35-4b-mtp,Q4_K_M,d3d12,2048,2,93.75,24.36,3448,5458,2614,4147,119,256,0,xbox-series-t2-u64-b256-greedy-s1-g34-noeog-prof0,2026-10-09T17:09:29Z,3,1269.3,1270.8
Appended 2 run(s) to /home/hjotha/worktrees/xllama-qwen35-4b-maxperf/bench/results/qwen4b-maxperf/enabled-rev209/blocks/b1/csv/chat256-sw0.csv

Done. /home/hjotha/worktrees/xllama-qwen35-4b-maxperf/bench/results/qwen4b-maxperf/enabled-rev209/blocks/b1/csv/chat256-sw0.csv updated.
  Restoring original model.txt on the device...
=== xllama bench-xbox-ort ===
  Model:   qwen35-4b-mtp
  Threads: 2
  n_ctx:   2048
  n_predict: 256
  max_length: derived
  Runs:    3 (run 1 warmup, dropped from median)
  Xbox:    192.168.1.26
  PFN: GianlucaMazza.xllama_1.6.0.209_x64__pj67f1fcj4n14

--- Skipping genai_config (GGUF model; threads via bench_threads.txt) ---

--- Run 1 / 3 ---
  Uploading bench artifacts...
  Uploading bench.flag → LocalState\ ...
  Uploading prompt.txt → LocalState\ ...
  Uploading model.txt → LocalState\ ...
  Uploading bench_threads.txt → LocalState\ ...
  Uploading bench_ctx.txt → LocalState\ ...
  Uploading bench_npredict.txt → LocalState\ ...
  Uploading bench_maxlen.txt → LocalState\ ...
  Uploading bench_ubatch.txt → LocalState\ ...
  Uploading bench_n_batch.txt → LocalState\ ...
  Uploading bench_kvq8.txt → LocalState\ ...
  Uploading bench_gpu_layers.txt → LocalState\ ...
  Uploading bench_ignore_eog.txt → LocalState\ ...
  Uploading bench_mtp_pmin.txt → LocalState\ ...
  Uploading d3d12twocol.txt → LocalState\ ...
  Uploading bench_greedy.txt → LocalState\ ...
  Uploading bench_seed.txt → LocalState\ ...
  Uploading bench_tokens.txt → LocalState\ ...
  Uploading bench_profile.txt → LocalState\ ...
  Uploading bench_run_index.txt → LocalState\ ...
  Starting app...
  Waiting for bench-result.csv.done (timeout 300s)...
  Done after 21s (http 200).
  Tokens: /tmp/tmp.OPWLAUFLhv/run1.tokens (257 lines)
  Row: qwen35-4b-mtp,Q4_K_M,d3d12,2048,2,100.82,25.37,3461,5420,2614,4147,119,256,0,xbox-series-t2-u64-b256-greedy-s1-g34-noeog-prof0,2026-10-09T17:09:56Z,1,1180.4,1181.8

--- Run 2 / 3 ---
  Uploading bench artifacts...
  Uploading bench.flag → LocalState\ ...
  Uploading prompt.txt → LocalState\ ...
  Uploading model.txt → LocalState\ ...
  Uploading bench_threads.txt → LocalState\ ...
  Uploading bench_ctx.txt → LocalState\ ...
  Uploading bench_npredict.txt → LocalState\ ...
  Uploading bench_maxlen.txt → LocalState\ ...
  Uploading bench_ubatch.txt → LocalState\ ...
  Uploading bench_n_batch.txt → LocalState\ ...
  Uploading bench_kvq8.txt → LocalState\ ...
  Uploading bench_gpu_layers.txt → LocalState\ ...
  Uploading bench_ignore_eog.txt → LocalState\ ...
  Uploading bench_mtp_pmin.txt → LocalState\ ...
  Uploading d3d12twocol.txt → LocalState\ ...
  Uploading bench_greedy.txt → LocalState\ ...
  Uploading bench_seed.txt → LocalState\ ...
  Uploading bench_tokens.txt → LocalState\ ...
  Uploading bench_profile.txt → LocalState\ ...
  Uploading bench_run_index.txt → LocalState\ ...
  Starting app...
  Waiting for bench-result.csv.done (timeout 300s)...
  Done after 20s (http 200).
  Tokens: /tmp/tmp.OPWLAUFLhv/run2.tokens (257 lines)
  Row: qwen35-4b-mtp,Q4_K_M,d3d12,2048,2,101.46,25.74,3448,5364,2614,4147,119,256,0,xbox-series-t2-u64-b256-greedy-s1-g34-noeog-prof0,2026-10-09T17:10:21Z,2,1172.8,1174.2

--- Run 3 / 3 ---
  Uploading bench artifacts...
  Uploading bench.flag → LocalState\ ...
  Uploading prompt.txt → LocalState\ ...
  Uploading model.txt → LocalState\ ...
  Uploading bench_threads.txt → LocalState\ ...
  Uploading bench_ctx.txt → LocalState\ ...
  Uploading bench_npredict.txt → LocalState\ ...
  Uploading bench_maxlen.txt → LocalState\ ...
  Uploading bench_ubatch.txt → LocalState\ ...
  Uploading bench_n_batch.txt → LocalState\ ...
  Uploading bench_kvq8.txt → LocalState\ ...
  Uploading bench_gpu_layers.txt → LocalState\ ...
  Uploading bench_ignore_eog.txt → LocalState\ ...
  Uploading bench_mtp_pmin.txt → LocalState\ ...
  Uploading d3d12twocol.txt → LocalState\ ...
  Uploading bench_greedy.txt → LocalState\ ...
  Uploading bench_seed.txt → LocalState\ ...
  Uploading bench_tokens.txt → LocalState\ ...
  Uploading bench_profile.txt → LocalState\ ...
  Uploading bench_run_index.txt → LocalState\ ...
  Starting app...
  Waiting for bench-result.csv.done (timeout 300s)...
  Done after 20s (http 200).
  Tokens: /tmp/tmp.OPWLAUFLhv/run3.tokens (257 lines)
  Row: qwen35-4b-mtp,Q4_K_M,d3d12,2048,2,102.36,25.61,3461,5407,2614,4147,119,256,0,xbox-series-t2-u64-b256-greedy-s1-g34-noeog-prof0,2026-10-09T17:10:47Z,3,1162.6,1164.1

--- Appending recorded runs ---
  appended: qwen35-4b-mtp,Q4_K_M,d3d12,2048,2,101.46,25.74,3448,5364,2614,4147,119,256,0,xbox-series-t2-u64-b256-greedy-s1-g34-noeog-prof0,2026-10-09T17:10:21Z,2,1172.8,1174.2
  appended: qwen35-4b-mtp,Q4_K_M,d3d12,2048,2,102.36,25.61,3461,5407,2614,4147,119,256,0,xbox-series-t2-u64-b256-greedy-s1-g34-noeog-prof0,2026-10-09T17:10:47Z,3,1162.6,1164.1
Appended 2 run(s) to /home/hjotha/worktrees/xllama-qwen35-4b-maxperf/bench/results/qwen4b-maxperf/enabled-rev209/blocks/b1/csv/chat256-sw1.csv

Done. /home/hjotha/worktrees/xllama-qwen35-4b-maxperf/bench/results/qwen4b-maxperf/enabled-rev209/blocks/b1/csv/chat256-sw1.csv updated.
  Restoring original model.txt on the device...
=== xllama bench-xbox-ort ===
  Model:   qwen35-4b-mtp
  Threads: 2
  n_ctx:   2048
  n_predict: 256
  max_length: derived
  Runs:    3 (run 1 warmup, dropped from median)
  Xbox:    192.168.1.26
  PFN: GianlucaMazza.xllama_1.6.0.209_x64__pj67f1fcj4n14

--- Skipping genai_config (GGUF model; threads via bench_threads.txt) ---

--- Run 1 / 3 ---
  Uploading bench artifacts...
  Uploading bench.flag → LocalState\ ...
  Uploading prompt.txt → LocalState\ ...
  Uploading model.txt → LocalState\ ...
  Uploading bench_threads.txt → LocalState\ ...
  Uploading bench_ctx.txt → LocalState\ ...
  Uploading bench_npredict.txt → LocalState\ ...
  Uploading bench_maxlen.txt → LocalState\ ...
  Uploading bench_ubatch.txt → LocalState\ ...
  Uploading bench_n_batch.txt → LocalState\ ...
  Uploading bench_kvq8.txt → LocalState\ ...
  Uploading bench_gpu_layers.txt → LocalState\ ...
  Uploading bench_ignore_eog.txt → LocalState\ ...
  Uploading bench_mtp_pmin.txt → LocalState\ ...
  Uploading d3d12twocol.txt → LocalState\ ...
  Uploading bench_greedy.txt → LocalState\ ...
  Uploading bench_seed.txt → LocalState\ ...
  Uploading bench_tokens.txt → LocalState\ ...
  Uploading bench_profile.txt → LocalState\ ...
  Uploading bench_run_index.txt → LocalState\ ...
  Starting app...
  Waiting for bench-result.csv.done (timeout 300s)...
  Done after 30s (http 200).
  Tokens: /tmp/tmp.Obj8k3sV6U/run1.tokens (257 lines)
  Row: qwen35-4b-mtp,Q4_K_M,d3d12,2048,2,96.70,23.25,3448,7529,2614,4147,324,256,0,xbox-series-t2-u64-b256-greedy-s1-g34-noeog-prof0,2026-10-09T17:11:16Z,1,3350.6,3352.0

--- Run 2 / 3 ---
  Uploading bench artifacts...
  Uploading bench.flag → LocalState\ ...
  Uploading prompt.txt → LocalState\ ...
  Uploading model.txt → LocalState\ ...
  Uploading bench_threads.txt → LocalState\ ...
  Uploading bench_ctx.txt → LocalState\ ...
  Uploading bench_npredict.txt → LocalState\ ...
  Uploading bench_maxlen.txt → LocalState\ ...
  Uploading bench_ubatch.txt → LocalState\ ...
  Uploading bench_n_batch.txt → LocalState\ ...
  Uploading bench_kvq8.txt → LocalState\ ...
  Uploading bench_gpu_layers.txt → LocalState\ ...
  Uploading bench_ignore_eog.txt → LocalState\ ...
  Uploading bench_mtp_pmin.txt → LocalState\ ...
  Uploading d3d12twocol.txt → LocalState\ ...
  Uploading bench_greedy.txt → LocalState\ ...
  Uploading bench_seed.txt → LocalState\ ...
  Uploading bench_tokens.txt → LocalState\ ...
  Uploading bench_profile.txt → LocalState\ ...
  Uploading bench_run_index.txt → LocalState\ ...
  Starting app...
  Waiting for bench-result.csv.done (timeout 300s)...
  Done after 31s (http 200).
  Tokens: /tmp/tmp.Obj8k3sV6U/run2.tokens (257 lines)
  Row: qwen35-4b-mtp,Q4_K_M,d3d12,2048,2,97.68,23.48,3461,7575,2614,4147,324,256,0,xbox-series-t2-u64-b256-greedy-s1-g34-noeog-prof0,2026-10-09T17:11:52Z,2,3317.0,3318.4

--- Run 3 / 3 ---
  Uploading bench artifacts...
  Uploading bench.flag → LocalState\ ...
  Uploading prompt.txt → LocalState\ ...
  Uploading model.txt → LocalState\ ...
  Uploading bench_threads.txt → LocalState\ ...
  Uploading bench_ctx.txt → LocalState\ ...
  Uploading bench_npredict.txt → LocalState\ ...
  Uploading bench_maxlen.txt → LocalState\ ...
  Uploading bench_ubatch.txt → LocalState\ ...
  Uploading bench_n_batch.txt → LocalState\ ...
  Uploading bench_kvq8.txt → LocalState\ ...
  Uploading bench_gpu_layers.txt → LocalState\ ...
  Uploading bench_ignore_eog.txt → LocalState\ ...
  Uploading bench_mtp_pmin.txt → LocalState\ ...
  Uploading d3d12twocol.txt → LocalState\ ...
  Uploading bench_greedy.txt → LocalState\ ...
  Uploading bench_seed.txt → LocalState\ ...
  Uploading bench_tokens.txt → LocalState\ ...
  Uploading bench_profile.txt → LocalState\ ...
  Uploading bench_run_index.txt → LocalState\ ...
  Starting app...
  Waiting for bench-result.csv.done (timeout 300s)...
  Done after 31s (http 200).
  Tokens: /tmp/tmp.Obj8k3sV6U/run3.tokens (257 lines)
  Row: qwen35-4b-mtp,Q4_K_M,d3d12,2048,2,96.65,23.37,3448,7547,2614,4147,324,256,0,xbox-series-t2-u64-b256-greedy-s1-g34-noeog-prof0,2026-10-09T17:12:30Z,3,3352.2,3353.6

--- Appending recorded runs ---
  appended: qwen35-4b-mtp,Q4_K_M,d3d12,2048,2,97.68,23.48,3461,7575,2614,4147,324,256,0,xbox-series-t2-u64-b256-greedy-s1-g34-noeog-prof0,2026-10-09T17:11:52Z,2,3317.0,3318.4
  appended: qwen35-4b-mtp,Q4_K_M,d3d12,2048,2,96.65,23.37,3448,7547,2614,4147,324,256,0,xbox-series-t2-u64-b256-greedy-s1-g34-noeog-prof0,2026-10-09T17:12:30Z,3,3352.2,3353.6
Appended 2 run(s) to /home/hjotha/worktrees/xllama-qwen35-4b-maxperf/bench/results/qwen4b-maxperf/enabled-rev209/blocks/b1/csv/code256-sw0.csv

Done. /home/hjotha/worktrees/xllama-qwen35-4b-maxperf/bench/results/qwen4b-maxperf/enabled-rev209/blocks/b1/csv/code256-sw0.csv updated.
  Restoring original model.txt on the device...
=== xllama bench-xbox-ort ===
  Model:   qwen35-4b-mtp
  Threads: 2
  n_ctx:   2048
  n_predict: 256
  max_length: derived
  Runs:    3 (run 1 warmup, dropped from median)
  Xbox:    192.168.1.26
  PFN: GianlucaMazza.xllama_1.6.0.209_x64__pj67f1fcj4n14

--- Skipping genai_config (GGUF model; threads via bench_threads.txt) ---

--- Run 1 / 3 ---
  Uploading bench artifacts...
  Uploading bench.flag → LocalState\ ...
  Uploading prompt.txt → LocalState\ ...
  Uploading model.txt → LocalState\ ...
  Uploading bench_threads.txt → LocalState\ ...
  Uploading bench_ctx.txt → LocalState\ ...
  Uploading bench_npredict.txt → LocalState\ ...
  Uploading bench_maxlen.txt → LocalState\ ...
  Uploading bench_ubatch.txt → LocalState\ ...
  Uploading bench_n_batch.txt → LocalState\ ...
  Uploading bench_kvq8.txt → LocalState\ ...
  Uploading bench_gpu_layers.txt → LocalState\ ...
  Uploading bench_ignore_eog.txt → LocalState\ ...
  Uploading bench_mtp_pmin.txt → LocalState\ ...
  Uploading d3d12twocol.txt → LocalState\ ...
  Uploading bench_greedy.txt → LocalState\ ...
  Uploading bench_seed.txt → LocalState\ ...
  Uploading bench_tokens.txt → LocalState\ ...
  Uploading bench_profile.txt → LocalState\ ...
  Uploading bench_run_index.txt → LocalState\ ...
  Starting app...
  Waiting for bench-result.csv.done (timeout 300s)...
  Done after 30s (http 200).
  Tokens: /tmp/tmp.NDZtASlKiQ/run1.tokens (257 lines)
  Row: qwen35-4b-mtp,Q4_K_M,d3d12,2048,2,102.23,24.44,3457,7343,2614,4147,324,256,0,xbox-series-t2-u64-b256-greedy-s1-g34-noeog-prof0,2026-10-09T17:13:07Z,1,3169.3,3170.7

--- Run 2 / 3 ---
  Uploading bench artifacts...
  Uploading bench.flag → LocalState\ ...
  Uploading prompt.txt → LocalState\ ...
  Uploading model.txt → LocalState\ ...
  Uploading bench_threads.txt → LocalState\ ...
  Uploading bench_ctx.txt → LocalState\ ...
  Uploading bench_npredict.txt → LocalState\ ...
  Uploading bench_maxlen.txt → LocalState\ ...
  Uploading bench_ubatch.txt → LocalState\ ...
  Uploading bench_n_batch.txt → LocalState\ ...
  Uploading bench_kvq8.txt → LocalState\ ...
  Uploading bench_gpu_layers.txt → LocalState\ ...
  Uploading bench_ignore_eog.txt → LocalState\ ...
  Uploading bench_mtp_pmin.txt → LocalState\ ...
  Uploading d3d12twocol.txt → LocalState\ ...
  Uploading bench_greedy.txt → LocalState\ ...
  Uploading bench_seed.txt → LocalState\ ...
  Uploading bench_tokens.txt → LocalState\ ...
  Uploading bench_profile.txt → LocalState\ ...
  Uploading bench_run_index.txt → LocalState\ ...
  Starting app...
  Waiting for bench-result.csv.done (timeout 300s)...
  Done after 30s (http 200).
  Tokens: /tmp/tmp.NDZtASlKiQ/run2.tokens (257 lines)
  Row: qwen35-4b-mtp,Q4_K_M,d3d12,2048,2,102.51,24.45,3448,7327,2614,4147,324,256,0,xbox-series-t2-u64-b256-greedy-s1-g34-noeog-prof0,2026-10-09T17:13:43Z,2,3160.6,3162.0

--- Run 3 / 3 ---
  Uploading bench artifacts...
  Uploading bench.flag → LocalState\ ...
  Uploading prompt.txt → LocalState\ ...
  Uploading model.txt → LocalState\ ...
  Uploading bench_threads.txt → LocalState\ ...
  Uploading bench_ctx.txt → LocalState\ ...
  Uploading bench_npredict.txt → LocalState\ ...
  Uploading bench_maxlen.txt → LocalState\ ...
  Uploading bench_ubatch.txt → LocalState\ ...
  Uploading bench_n_batch.txt → LocalState\ ...
  Uploading bench_kvq8.txt → LocalState\ ...
  Uploading bench_gpu_layers.txt → LocalState\ ...
  Uploading bench_ignore_eog.txt → LocalState\ ...
  Uploading bench_mtp_pmin.txt → LocalState\ ...
  Uploading d3d12twocol.txt → LocalState\ ...
  Uploading bench_greedy.txt → LocalState\ ...
  Uploading bench_seed.txt → LocalState\ ...
  Uploading bench_tokens.txt → LocalState\ ...
  Uploading bench_profile.txt → LocalState\ ...
  Uploading bench_run_index.txt → LocalState\ ...
  Starting app...
  Waiting for bench-result.csv.done (timeout 300s)...
  Done after 30s (http 200).
  Tokens: /tmp/tmp.NDZtASlKiQ/run3.tokens (257 lines)
  Row: qwen35-4b-mtp,Q4_K_M,d3d12,2048,2,102.99,24.43,3457,7624,2614,4147,324,256,0,xbox-series-t2-u64-b256-greedy-s1-g34-noeog-prof0,2026-10-09T17:14:20Z,3,3145.9,3147.2

--- Appending recorded runs ---
  appended: qwen35-4b-mtp,Q4_K_M,d3d12,2048,2,102.51,24.45,3448,7327,2614,4147,324,256,0,xbox-series-t2-u64-b256-greedy-s1-g34-noeog-prof0,2026-10-09T17:13:43Z,2,3160.6,3162.0
  appended: qwen35-4b-mtp,Q4_K_M,d3d12,2048,2,102.99,24.43,3457,7624,2614,4147,324,256,0,xbox-series-t2-u64-b256-greedy-s1-g34-noeog-prof0,2026-10-09T17:14:20Z,3,3145.9,3147.2
Appended 2 run(s) to /home/hjotha/worktrees/xllama-qwen35-4b-maxperf/bench/results/qwen4b-maxperf/enabled-rev209/blocks/b1/csv/code256-sw1.csv

Done. /home/hjotha/worktrees/xllama-qwen35-4b-maxperf/bench/results/qwen4b-maxperf/enabled-rev209/blocks/b1/csv/code256-sw1.csv updated.
  Restoring original model.txt on the device...
=== xllama bench-xbox-ort ===
  Model:   qwen35-4b-mtp
  Threads: 2
  n_ctx:   2048
  n_predict: 256
  max_length: derived
  Runs:    3 (run 1 warmup, dropped from median)
  Xbox:    192.168.1.26
  PFN: GianlucaMazza.xllama_1.6.0.209_x64__pj67f1fcj4n14

--- Skipping genai_config (GGUF model; threads via bench_threads.txt) ---

--- Run 1 / 3 ---
  Uploading bench artifacts...
  Uploading bench.flag → LocalState\ ...
  Uploading prompt.txt → LocalState\ ...
  Uploading model.txt → LocalState\ ...
  Uploading bench_threads.txt → LocalState\ ...
  Uploading bench_ctx.txt → LocalState\ ...
  Uploading bench_npredict.txt → LocalState\ ...
  Uploading bench_maxlen.txt → LocalState\ ...
  Uploading bench_ubatch.txt → LocalState\ ...
  Uploading bench_n_batch.txt → LocalState\ ...
  Uploading bench_kvq8.txt → LocalState\ ...
  Uploading bench_gpu_layers.txt → LocalState\ ...
  Uploading bench_ignore_eog.txt → LocalState\ ...
  Uploading bench_mtp_pmin.txt → LocalState\ ...
  Uploading d3d12twocol.txt → LocalState\ ...
  Uploading bench_greedy.txt → LocalState\ ...
  Uploading bench_seed.txt → LocalState\ ...
  Uploading bench_tokens.txt → LocalState\ ...
  Uploading bench_profile.txt → LocalState\ ...
  Uploading bench_run_index.txt → LocalState\ ...
  Starting app...
  Waiting for bench-result.csv.done (timeout 300s)...
  Done after 30s (http 200).
  Tokens: /tmp/tmp.ZiaEhlu1M4/run1.tokens (257 lines)
  Row: qwen35-4b-mtp,Q4_K_M,d3d12,2048,2,95.57,23.49,3457,7288,2614,4147,298,256,0,xbox-series-t2-u64-b256-greedy-s1-g34-noeog-prof0,2026-10-09T17:14:57Z,1,3118.0,3119.4

--- Run 2 / 3 ---
  Uploading bench artifacts...
  Uploading bench.flag → LocalState\ ...
  Uploading prompt.txt → LocalState\ ...
  Uploading model.txt → LocalState\ ...
  Uploading bench_threads.txt → LocalState\ ...
  Uploading bench_ctx.txt → LocalState\ ...
  Uploading bench_npredict.txt → LocalState\ ...
  Uploading bench_maxlen.txt → LocalState\ ...
  Uploading bench_ubatch.txt → LocalState\ ...
  Uploading bench_n_batch.txt → LocalState\ ...
  Uploading bench_kvq8.txt → LocalState\ ...
  Uploading bench_gpu_layers.txt → LocalState\ ...
  Uploading bench_ignore_eog.txt → LocalState\ ...
  Uploading bench_mtp_pmin.txt → LocalState\ ...
  Uploading d3d12twocol.txt → LocalState\ ...
  Uploading bench_greedy.txt → LocalState\ ...
  Uploading bench_seed.txt → LocalState\ ...
  Uploading bench_tokens.txt → LocalState\ ...
  Uploading bench_profile.txt → LocalState\ ...
  Uploading bench_run_index.txt → LocalState\ ...
  Starting app...
  Waiting for bench-result.csv.done (timeout 300s)...
  Done after 31s (http 200).
  Tokens: /tmp/tmp.ZiaEhlu1M4/run2.tokens (257 lines)
  Row: qwen35-4b-mtp,Q4_K_M,d3d12,2048,2,96.81,23.40,3448,7284,2614,4147,298,256,0,xbox-series-t2-u64-b256-greedy-s1-g34-noeog-prof0,2026-10-09T17:15:34Z,2,3078.3,3079.7

--- Run 3 / 3 ---
  Uploading bench artifacts...
  Uploading bench.flag → LocalState\ ...
  Uploading prompt.txt → LocalState\ ...
  Uploading model.txt → LocalState\ ...
  Uploading bench_threads.txt → LocalState\ ...
  Uploading bench_ctx.txt → LocalState\ ...
  Uploading bench_npredict.txt → LocalState\ ...
  Uploading bench_maxlen.txt → LocalState\ ...
  Uploading bench_ubatch.txt → LocalState\ ...
  Uploading bench_n_batch.txt → LocalState\ ...
  Uploading bench_kvq8.txt → LocalState\ ...
  Uploading bench_gpu_layers.txt → LocalState\ ...
  Uploading bench_ignore_eog.txt → LocalState\ ...
  Uploading bench_mtp_pmin.txt → LocalState\ ...
  Uploading d3d12twocol.txt → LocalState\ ...
  Uploading bench_greedy.txt → LocalState\ ...
  Uploading bench_seed.txt → LocalState\ ...
  Uploading bench_tokens.txt → LocalState\ ...
  Uploading bench_profile.txt → LocalState\ ...
  Uploading bench_run_index.txt → LocalState\ ...
  Starting app...
  Waiting for bench-result.csv.done (timeout 300s)...
  Done after 31s (http 200).
  Tokens: /tmp/tmp.ZiaEhlu1M4/run3.tokens (257 lines)
  Row: qwen35-4b-mtp,Q4_K_M,d3d12,2048,2,96.36,23.58,3448,7290,2614,4147,298,256,0,xbox-series-t2-u64-b256-greedy-s1-g34-noeog-prof0,2026-10-09T17:16:14Z,3,3092.6,3094.0

--- Appending recorded runs ---
  appended: qwen35-4b-mtp,Q4_K_M,d3d12,2048,2,96.81,23.40,3448,7284,2614,4147,298,256,0,xbox-series-t2-u64-b256-greedy-s1-g34-noeog-prof0,2026-10-09T17:15:34Z,2,3078.3,3079.7
  appended: qwen35-4b-mtp,Q4_K_M,d3d12,2048,2,96.36,23.58,3448,7290,2614,4147,298,256,0,xbox-series-t2-u64-b256-greedy-s1-g34-noeog-prof0,2026-10-09T17:16:14Z,3,3092.6,3094.0
Appended 2 run(s) to /home/hjotha/worktrees/xllama-qwen35-4b-maxperf/bench/results/qwen4b-maxperf/enabled-rev209/blocks/b1/csv/std256-sw0.csv

Done. /home/hjotha/worktrees/xllama-qwen35-4b-maxperf/bench/results/qwen4b-maxperf/enabled-rev209/blocks/b1/csv/std256-sw0.csv updated.
  Restoring original model.txt on the device...
=== xllama bench-xbox-ort ===
  Model:   qwen35-4b-mtp
  Threads: 2
  n_ctx:   2048
  n_predict: 256
  max_length: derived
  Runs:    3 (run 1 warmup, dropped from median)
  Xbox:    192.168.1.26
  PFN: GianlucaMazza.xllama_1.6.0.209_x64__pj67f1fcj4n14

--- Skipping genai_config (GGUF model; threads via bench_threads.txt) ---

--- Run 1 / 3 ---
  Uploading bench artifacts...
  Uploading bench.flag → LocalState\ ...
  Uploading prompt.txt → LocalState\ ...
  Uploading model.txt → LocalState\ ...
  Uploading bench_threads.txt → LocalState\ ...
  Uploading bench_ctx.txt → LocalState\ ...
  Uploading bench_npredict.txt → LocalState\ ...
  Uploading bench_maxlen.txt → LocalState\ ...
  Uploading bench_ubatch.txt → LocalState\ ...
  Uploading bench_n_batch.txt → LocalState\ ...
  Uploading bench_kvq8.txt → LocalState\ ...
  Uploading bench_gpu_layers.txt → LocalState\ ...
  Uploading bench_ignore_eog.txt → LocalState\ ...
  Uploading bench_mtp_pmin.txt → LocalState\ ...
  Uploading d3d12twocol.txt → LocalState\ ...
  Uploading bench_greedy.txt → LocalState\ ...
  Uploading bench_seed.txt → LocalState\ ...
  Uploading bench_tokens.txt → LocalState\ ...
  Uploading bench_profile.txt → LocalState\ ...
  Uploading bench_run_index.txt → LocalState\ ...
  Starting app...
  Waiting for bench-result.csv.done (timeout 300s)...
  Done after 31s (http 200).
  Tokens: /tmp/tmp.19qZMDgkd1/run1.tokens (257 lines)
  Row: qwen35-4b-mtp,Q4_K_M,d3d12,2048,2,101.83,24.79,3461,7159,2614,4147,298,256,0,xbox-series-t2-u64-b256-greedy-s1-g34-noeog-prof0,2026-10-09T17:16:56Z,1,2926.6,2927.9

--- Run 2 / 3 ---
  Uploading bench artifacts...
  Uploading bench.flag → LocalState\ ...
  Uploading prompt.txt → LocalState\ ...
  Uploading model.txt → LocalState\ ...
  Uploading bench_threads.txt → LocalState\ ...
  Uploading bench_ctx.txt → LocalState\ ...
  Uploading bench_npredict.txt → LocalState\ ...
  Uploading bench_maxlen.txt → LocalState\ ...
  Uploading bench_ubatch.txt → LocalState\ ...
  Uploading bench_n_batch.txt → LocalState\ ...
  Uploading bench_kvq8.txt → LocalState\ ...
  Uploading bench_gpu_layers.txt → LocalState\ ...
  Uploading bench_ignore_eog.txt → LocalState\ ...
  Uploading bench_mtp_pmin.txt → LocalState\ ...
  Uploading d3d12twocol.txt → LocalState\ ...
  Uploading bench_greedy.txt → LocalState\ ...
  Uploading bench_seed.txt → LocalState\ ...
  Uploading bench_tokens.txt → LocalState\ ...
  Uploading bench_profile.txt → LocalState\ ...
  Uploading bench_run_index.txt → LocalState\ ...
  Starting app...
  Waiting for bench-result.csv.done (timeout 300s)...
  Done after 30s (http 200).
  Tokens: /tmp/tmp.19qZMDgkd1/run2.tokens (257 lines)
  Row: qwen35-4b-mtp,Q4_K_M,d3d12,2048,2,100.55,24.60,3448,7176,2614,4147,298,256,0,xbox-series-t2-u64-b256-greedy-s1-g34-noeog-prof0,2026-10-09T17:17:36Z,2,2963.7,2965.1

--- Run 3 / 3 ---
  Uploading bench artifacts...
  Uploading bench.flag → LocalState\ ...
  Uploading prompt.txt → LocalState\ ...
  Uploading model.txt → LocalState\ ...
  Uploading bench_threads.txt → LocalState\ ...
  Uploading bench_ctx.txt → LocalState\ ...
  Uploading bench_npredict.txt → LocalState\ ...
  Uploading bench_maxlen.txt → LocalState\ ...
  Uploading bench_ubatch.txt → LocalState\ ...
  Uploading bench_n_batch.txt → LocalState\ ...
  Uploading bench_kvq8.txt → LocalState\ ...
  Uploading bench_gpu_layers.txt → LocalState\ ...
  Uploading bench_ignore_eog.txt → LocalState\ ...
  Uploading bench_mtp_pmin.txt → LocalState\ ...
  Uploading d3d12twocol.txt → LocalState\ ...
  Uploading bench_greedy.txt → LocalState\ ...
  Uploading bench_seed.txt → LocalState\ ...
  Uploading bench_tokens.txt → LocalState\ ...
  Uploading bench_profile.txt → LocalState\ ...
  Uploading bench_run_index.txt → LocalState\ ...
  Starting app...
  Waiting for bench-result.csv.done (timeout 300s)...
  Done after 31s (http 200).
  Tokens: /tmp/tmp.19qZMDgkd1/run3.tokens (257 lines)
  Row: qwen35-4b-mtp,Q4_K_M,d3d12,2048,2,102.31,24.81,3448,8520,2614,4147,298,256,0,xbox-series-t2-u64-b256-greedy-s1-g34-noeog-prof0,2026-10-09T17:18:14Z,3,2912.6,2914.1

--- Appending recorded runs ---
  appended: qwen35-4b-mtp,Q4_K_M,d3d12,2048,2,100.55,24.60,3448,7176,2614,4147,298,256,0,xbox-series-t2-u64-b256-greedy-s1-g34-noeog-prof0,2026-10-09T17:17:36Z,2,2963.7,2965.1
  appended: qwen35-4b-mtp,Q4_K_M,d3d12,2048,2,102.31,24.81,3448,8520,2614,4147,298,256,0,xbox-series-t2-u64-b256-greedy-s1-g34-noeog-prof0,2026-10-09T17:18:14Z,3,2912.6,2914.1
Appended 2 run(s) to /home/hjotha/worktrees/xllama-qwen35-4b-maxperf/bench/results/qwen4b-maxperf/enabled-rev209/blocks/b1/csv/std256-sw1.csv

Done. /home/hjotha/worktrees/xllama-qwen35-4b-maxperf/bench/results/qwen4b-maxperf/enabled-rev209/blocks/b1/csv/std256-sw1.csv updated.
  Restoring original model.txt on the device...
=== xllama bench-xbox-ort ===
  Model:   qwen35-4b-mtp
  Threads: 2
  n_ctx:   2048
  n_predict: 64
  max_length: derived
  Runs:    3 (run 1 warmup, dropped from median)
  Xbox:    192.168.1.26
  PFN: GianlucaMazza.xllama_1.6.0.209_x64__pj67f1fcj4n14

--- Skipping genai_config (GGUF model; threads via bench_threads.txt) ---

--- Run 1 / 3 ---
  Uploading bench artifacts...
  Uploading bench.flag → LocalState\ ...
  Uploading prompt.txt → LocalState\ ...
  Uploading model.txt → LocalState\ ...
  Uploading bench_threads.txt → LocalState\ ...
  Uploading bench_ctx.txt → LocalState\ ...
  Uploading bench_npredict.txt → LocalState\ ...
  Uploading bench_maxlen.txt → LocalState\ ...
  Uploading bench_ubatch.txt → LocalState\ ...
  Uploading bench_n_batch.txt → LocalState\ ...
  Uploading bench_kvq8.txt → LocalState\ ...
  Uploading bench_gpu_layers.txt → LocalState\ ...
  Uploading bench_ignore_eog.txt → LocalState\ ...
  Uploading bench_mtp.txt → LocalState\ ...
  Uploading bench_mtp_pmin.txt → LocalState\ ...
  Uploading d3d12twocol.txt → LocalState\ ...
  Uploading bench_greedy.txt → LocalState\ ...
  Uploading bench_seed.txt → LocalState\ ...
  Uploading bench_tokens.txt → LocalState\ ...
  Uploading bench_profile.txt → LocalState\ ...
  Uploading bench_run_index.txt → LocalState\ ...
  Starting app...
  Waiting for bench-result.csv.done (timeout 300s)...
  Done after 21s (http 200).
  Tokens: /tmp/tmp.6iKqvLdux7/run1.tokens (65 lines)
  Row: qwen35-4b-mtp,Q4_K_M,d3d12,2048,2,90.67,28.88,3672,4333,2692,4147,119,64,0,xbox-series-t2-u64-b256-mtp2-pmin50-greedy-s1-g34-noeog-prof0,2026-10-09T17:18:43Z,1,1312.5,1391.3

--- Run 2 / 3 ---
  Uploading bench artifacts...
  Uploading bench.flag → LocalState\ ...
  Uploading prompt.txt → LocalState\ ...
  Uploading model.txt → LocalState\ ...
  Uploading bench_threads.txt → LocalState\ ...
  Uploading bench_ctx.txt → LocalState\ ...
  Uploading bench_npredict.txt → LocalState\ ...
  Uploading bench_maxlen.txt → LocalState\ ...
  Uploading bench_ubatch.txt → LocalState\ ...
  Uploading bench_n_batch.txt → LocalState\ ...
  Uploading bench_kvq8.txt → LocalState\ ...
  Uploading bench_gpu_layers.txt → LocalState\ ...
  Uploading bench_ignore_eog.txt → LocalState\ ...
  Uploading bench_mtp.txt → LocalState\ ...
  Uploading bench_mtp_pmin.txt → LocalState\ ...
  Uploading d3d12twocol.txt → LocalState\ ...
  Uploading bench_greedy.txt → LocalState\ ...
  Uploading bench_seed.txt → LocalState\ ...
  Uploading bench_tokens.txt → LocalState\ ...
  Uploading bench_profile.txt → LocalState\ ...
  Uploading bench_run_index.txt → LocalState\ ...
  Starting app...
  Waiting for bench-result.csv.done (timeout 300s)...
  Done after 21s (http 200).
  Tokens: /tmp/tmp.6iKqvLdux7/run2.tokens (65 lines)
  Row: qwen35-4b-mtp,Q4_K_M,d3d12,2048,2,89.89,29.14,3673,4350,2692,4147,119,64,0,xbox-series-t2-u64-b256-mtp2-pmin50-greedy-s1-g34-noeog-prof0,2026-10-09T17:19:11Z,2,1323.9,1405.5

--- Run 3 / 3 ---
  Uploading bench artifacts...
  Uploading bench.flag → LocalState\ ...
  Uploading prompt.txt → LocalState\ ...
  Uploading model.txt → LocalState\ ...
  Uploading bench_threads.txt → LocalState\ ...
  Uploading bench_ctx.txt → LocalState\ ...
  Uploading bench_npredict.txt → LocalState\ ...
  Uploading bench_maxlen.txt → LocalState\ ...
  Uploading bench_ubatch.txt → LocalState\ ...
  Uploading bench_n_batch.txt → LocalState\ ...
  Uploading bench_kvq8.txt → LocalState\ ...
  Uploading bench_gpu_layers.txt → LocalState\ ...
  Uploading bench_ignore_eog.txt → LocalState\ ...
  Uploading bench_mtp.txt → LocalState\ ...
  Uploading bench_mtp_pmin.txt → LocalState\ ...
  Uploading d3d12twocol.txt → LocalState\ ...
  Uploading bench_greedy.txt → LocalState\ ...
  Uploading bench_seed.txt → LocalState\ ...
  Uploading bench_tokens.txt → LocalState\ ...
  Uploading bench_profile.txt → LocalState\ ...
  Uploading bench_run_index.txt → LocalState\ ...
  Starting app...
  Waiting for bench-result.csv.done (timeout 300s)...
  Done after 20s (http 200).
  Tokens: /tmp/tmp.6iKqvLdux7/run3.tokens (65 lines)
  Row: qwen35-4b-mtp,Q4_K_M,d3d12,2048,2,90.16,28.93,3672,4329,2692,4147,119,64,0,xbox-series-t2-u64-b256-mtp2-pmin50-greedy-s1-g34-noeog-prof0,2026-10-09T17:19:39Z,3,1319.9,1401.0

--- Appending recorded runs ---
  appended: qwen35-4b-mtp,Q4_K_M,d3d12,2048,2,89.89,29.14,3673,4350,2692,4147,119,64,0,xbox-series-t2-u64-b256-mtp2-pmin50-greedy-s1-g34-noeog-prof0,2026-10-09T17:19:11Z,2,1323.9,1405.5
  appended: qwen35-4b-mtp,Q4_K_M,d3d12,2048,2,90.16,28.93,3672,4329,2692,4147,119,64,0,xbox-series-t2-u64-b256-mtp2-pmin50-greedy-s1-g34-noeog-prof0,2026-10-09T17:19:39Z,3,1319.9,1401.0
Appended 2 run(s) to /home/hjotha/worktrees/xllama-qwen35-4b-maxperf/bench/results/qwen4b-maxperf/enabled-rev209/blocks/b1/csv/chat64-mtp-sw0.csv

Done. /home/hjotha/worktrees/xllama-qwen35-4b-maxperf/bench/results/qwen4b-maxperf/enabled-rev209/blocks/b1/csv/chat64-mtp-sw0.csv updated.
  Restoring original model.txt on the device...
=== xllama bench-xbox-ort ===
  Model:   qwen35-4b-mtp
  Threads: 2
  n_ctx:   2048
  n_predict: 64
  max_length: derived
  Runs:    3 (run 1 warmup, dropped from median)
  Xbox:    192.168.1.26
  PFN: GianlucaMazza.xllama_1.6.0.209_x64__pj67f1fcj4n14

--- Skipping genai_config (GGUF model; threads via bench_threads.txt) ---

--- Run 1 / 3 ---
  Uploading bench artifacts...
  Uploading bench.flag → LocalState\ ...
  Uploading prompt.txt → LocalState\ ...
  Uploading model.txt → LocalState\ ...
  Uploading bench_threads.txt → LocalState\ ...
  Uploading bench_ctx.txt → LocalState\ ...
  Uploading bench_npredict.txt → LocalState\ ...
  Uploading bench_maxlen.txt → LocalState\ ...
  Uploading bench_ubatch.txt → LocalState\ ...
  Uploading bench_n_batch.txt → LocalState\ ...
  Uploading bench_kvq8.txt → LocalState\ ...
  Uploading bench_gpu_layers.txt → LocalState\ ...
  Uploading bench_ignore_eog.txt → LocalState\ ...
  Uploading bench_mtp.txt → LocalState\ ...
  Uploading bench_mtp_pmin.txt → LocalState\ ...
  Uploading d3d12twocol.txt → LocalState\ ...
  Uploading bench_greedy.txt → LocalState\ ...
  Uploading bench_seed.txt → LocalState\ ...
  Uploading bench_tokens.txt → LocalState\ ...
  Uploading bench_profile.txt → LocalState\ ...
  Uploading bench_run_index.txt → LocalState\ ...
  Starting app...
  Waiting for bench-result.csv.done (timeout 300s)...
  Done after 20s (http 200).
  Tokens: /tmp/tmp.n1eRXUKZRG/run1.tokens (65 lines)
  Row: qwen35-4b-mtp,Q4_K_M,d3d12,2048,2,95.36,29.94,3672,4306,2692,4147,119,64,0,xbox-series-t2-u64-b256-mtp2-pmin50-greedy-s1-g34-noeog-prof0,2026-10-09T17:20:08Z,1,1247.8,1323.8

--- Run 2 / 3 ---
  Uploading bench artifacts...
  Uploading bench.flag → LocalState\ ...
  Uploading prompt.txt → LocalState\ ...
  Uploading model.txt → LocalState\ ...
  Uploading bench_threads.txt → LocalState\ ...
  Uploading bench_ctx.txt → LocalState\ ...
  Uploading bench_npredict.txt → LocalState\ ...
  Uploading bench_maxlen.txt → LocalState\ ...
  Uploading bench_ubatch.txt → LocalState\ ...
  Uploading bench_n_batch.txt → LocalState\ ...
  Uploading bench_kvq8.txt → LocalState\ ...
  Uploading bench_gpu_layers.txt → LocalState\ ...
  Uploading bench_ignore_eog.txt → LocalState\ ...
  Uploading bench_mtp.txt → LocalState\ ...
  Uploading bench_mtp_pmin.txt → LocalState\ ...
  Uploading d3d12twocol.txt → LocalState\ ...
  Uploading bench_greedy.txt → LocalState\ ...
  Uploading bench_seed.txt → LocalState\ ...
  Uploading bench_tokens.txt → LocalState\ ...
  Uploading bench_profile.txt → LocalState\ ...
  Uploading bench_run_index.txt → LocalState\ ...
  Starting app...
  Waiting for bench-result.csv.done (timeout 300s)...
  Done after 21s (http 200).
  Tokens: /tmp/tmp.n1eRXUKZRG/run2.tokens (65 lines)
  Row: qwen35-4b-mtp,Q4_K_M,d3d12,2048,2,94.40,29.95,3672,4324,2692,4147,119,64,0,xbox-series-t2-u64-b256-mtp2-pmin50-greedy-s1-g34-noeog-prof0,2026-10-09T17:20:34Z,2,1260.5,1337.1

--- Run 3 / 3 ---
  Uploading bench artifacts...
  Uploading bench.flag → LocalState\ ...
  Uploading prompt.txt → LocalState\ ...
  Uploading model.txt → LocalState\ ...
  Uploading bench_threads.txt → LocalState\ ...
  Uploading bench_ctx.txt → LocalState\ ...
  Uploading bench_npredict.txt → LocalState\ ...
  Uploading bench_maxlen.txt → LocalState\ ...
  Uploading bench_ubatch.txt → LocalState\ ...
  Uploading bench_n_batch.txt → LocalState\ ...
  Uploading bench_kvq8.txt → LocalState\ ...
  Uploading bench_gpu_layers.txt → LocalState\ ...
  Uploading bench_ignore_eog.txt → LocalState\ ...
  Uploading bench_mtp.txt → LocalState\ ...
  Uploading bench_mtp_pmin.txt → LocalState\ ...
  Uploading d3d12twocol.txt → LocalState\ ...
  Uploading bench_greedy.txt → LocalState\ ...
  Uploading bench_seed.txt → LocalState\ ...
  Uploading bench_tokens.txt → LocalState\ ...
  Uploading bench_profile.txt → LocalState\ ...
  Uploading bench_run_index.txt → LocalState\ ...
  Starting app...
  Waiting for bench-result.csv.done (timeout 300s)...
  Done after 21s (http 200).
  Tokens: /tmp/tmp.n1eRXUKZRG/run3.tokens (65 lines)
  Row: qwen35-4b-mtp,Q4_K_M,d3d12,2048,2,92.29,29.71,3673,4326,2692,4147,119,64,0,xbox-series-t2-u64-b256-mtp2-pmin50-greedy-s1-g34-noeog-prof0,2026-10-09T17:21:03Z,3,1289.4,1371.4

--- Appending recorded runs ---
  appended: qwen35-4b-mtp,Q4_K_M,d3d12,2048,2,94.40,29.95,3672,4324,2692,4147,119,64,0,xbox-series-t2-u64-b256-mtp2-pmin50-greedy-s1-g34-noeog-prof0,2026-10-09T17:20:34Z,2,1260.5,1337.1
  appended: qwen35-4b-mtp,Q4_K_M,d3d12,2048,2,92.29,29.71,3673,4326,2692,4147,119,64,0,xbox-series-t2-u64-b256-mtp2-pmin50-greedy-s1-g34-noeog-prof0,2026-10-09T17:21:03Z,3,1289.4,1371.4
Appended 2 run(s) to /home/hjotha/worktrees/xllama-qwen35-4b-maxperf/bench/results/qwen4b-maxperf/enabled-rev209/blocks/b1/csv/chat64-mtp-sw1.csv

Done. /home/hjotha/worktrees/xllama-qwen35-4b-maxperf/bench/results/qwen4b-maxperf/enabled-rev209/blocks/b1/csv/chat64-mtp-sw1.csv updated.
  Restoring original model.txt on the device...
=== xllama bench-xbox-ort ===
  Model:   qwen35-4b-mtp
  Threads: 2
  n_ctx:   2048
  n_predict: 64
  max_length: derived
  Runs:    3 (run 1 warmup, dropped from median)
  Xbox:    192.168.1.26
  PFN: GianlucaMazza.xllama_1.6.0.209_x64__pj67f1fcj4n14

--- Skipping genai_config (GGUF model; threads via bench_threads.txt) ---

--- Run 1 / 3 ---
  Uploading bench artifacts...
  Uploading bench.flag → LocalState\ ...
  Uploading prompt.txt → LocalState\ ...
  Uploading model.txt → LocalState\ ...
  Uploading bench_threads.txt → LocalState\ ...
  Uploading bench_ctx.txt → LocalState\ ...
  Uploading bench_npredict.txt → LocalState\ ...
  Uploading bench_maxlen.txt → LocalState\ ...
  Uploading bench_ubatch.txt → LocalState\ ...
  Uploading bench_n_batch.txt → LocalState\ ...
  Uploading bench_kvq8.txt → LocalState\ ...
  Uploading bench_gpu_layers.txt → LocalState\ ...
  Uploading bench_ignore_eog.txt → LocalState\ ...
  Uploading bench_mtp.txt → LocalState\ ...
  Uploading bench_mtp_pmin.txt → LocalState\ ...
  Uploading d3d12twocol.txt → LocalState\ ...
  Uploading bench_greedy.txt → LocalState\ ...
  Uploading bench_seed.txt → LocalState\ ...
  Uploading bench_tokens.txt → LocalState\ ...
  Uploading bench_profile.txt → LocalState\ ...
  Uploading bench_run_index.txt → LocalState\ ...
  Starting app...
  Waiting for bench-result.csv.done (timeout 300s)...
  Done after 20s (http 200).
  Tokens: /tmp/tmp.YJlbLuGH5S/run1.tokens (65 lines)
  Row: qwen35-4b-mtp,Q4_K_M,d3d12,2048,2,90.13,34.55,3672,4355,2692,4147,324,64,0,xbox-series-t2-u64-b256-mtp2-pmin50-greedy-s1-g34-noeog-prof0,2026-10-09T17:21:36Z,1,3594.7,3679.0

--- Run 2 / 3 ---
  Uploading bench artifacts...
  Uploading bench.flag → LocalState\ ...
  Uploading prompt.txt → LocalState\ ...
  Uploading model.txt → LocalState\ ...
  Uploading bench_threads.txt → LocalState\ ...
  Uploading bench_ctx.txt → LocalState\ ...
  Uploading bench_npredict.txt → LocalState\ ...
  Uploading bench_maxlen.txt → LocalState\ ...
  Uploading bench_ubatch.txt → LocalState\ ...
  Uploading bench_n_batch.txt → LocalState\ ...
  Uploading bench_kvq8.txt → LocalState\ ...
  Uploading bench_gpu_layers.txt → LocalState\ ...
  Uploading bench_ignore_eog.txt → LocalState\ ...
  Uploading bench_mtp.txt → LocalState\ ...
  Uploading bench_mtp_pmin.txt → LocalState\ ...
  Uploading d3d12twocol.txt → LocalState\ ...
  Uploading bench_greedy.txt → LocalState\ ...
  Uploading bench_seed.txt → LocalState\ ...
  Uploading bench_tokens.txt → LocalState\ ...
  Uploading bench_profile.txt → LocalState\ ...
  Uploading bench_run_index.txt → LocalState\ ...
  Starting app...
  Waiting for bench-result.csv.done (timeout 300s)...
  Done after 20s (http 200).
  Tokens: /tmp/tmp.YJlbLuGH5S/run2.tokens (65 lines)
  Row: qwen35-4b-mtp,Q4_K_M,d3d12,2048,2,89.60,34.79,3662,4313,2692,4147,324,64,0,xbox-series-t2-u64-b256-mtp2-pmin50-greedy-s1-g34-noeog-prof0,2026-10-09T17:22:02Z,2,3615.9,3705.8

--- Run 3 / 3 ---
  Uploading bench artifacts...
  Uploading bench.flag → LocalState\ ...
  Uploading prompt.txt → LocalState\ ...
  Uploading model.txt → LocalState\ ...
  Uploading bench_threads.txt → LocalState\ ...
  Uploading bench_ctx.txt → LocalState\ ...
  Uploading bench_npredict.txt → LocalState\ ...
  Uploading bench_maxlen.txt → LocalState\ ...
  Uploading bench_ubatch.txt → LocalState\ ...
  Uploading bench_n_batch.txt → LocalState\ ...
  Uploading bench_kvq8.txt → LocalState\ ...
  Uploading bench_gpu_layers.txt → LocalState\ ...
  Uploading bench_ignore_eog.txt → LocalState\ ...
  Uploading bench_mtp.txt → LocalState\ ...
  Uploading bench_mtp_pmin.txt → LocalState\ ...
  Uploading d3d12twocol.txt → LocalState\ ...
  Uploading bench_greedy.txt → LocalState\ ...
  Uploading bench_seed.txt → LocalState\ ...
  Uploading bench_tokens.txt → LocalState\ ...
  Uploading bench_profile.txt → LocalState\ ...
  Uploading bench_run_index.txt → LocalState\ ...
  Starting app...
  Waiting for bench-result.csv.done (timeout 300s)...
  Done after 20s (http 200).
  Tokens: /tmp/tmp.YJlbLuGH5S/run3.tokens (65 lines)
  Row: qwen35-4b-mtp,Q4_K_M,d3d12,2048,2,89.12,34.51,3672,4310,2692,4147,324,64,0,xbox-series-t2-u64-b256-mtp2-pmin50-greedy-s1-g34-noeog-prof0,2026-10-09T17:22:28Z,3,3635.6,3719.9

--- Appending recorded runs ---
  appended: qwen35-4b-mtp,Q4_K_M,d3d12,2048,2,89.60,34.79,3662,4313,2692,4147,324,64,0,xbox-series-t2-u64-b256-mtp2-pmin50-greedy-s1-g34-noeog-prof0,2026-10-09T17:22:02Z,2,3615.9,3705.8
  appended: qwen35-4b-mtp,Q4_K_M,d3d12,2048,2,89.12,34.51,3672,4310,2692,4147,324,64,0,xbox-series-t2-u64-b256-mtp2-pmin50-greedy-s1-g34-noeog-prof0,2026-10-09T17:22:28Z,3,3635.6,3719.9
Appended 2 run(s) to /home/hjotha/worktrees/xllama-qwen35-4b-maxperf/bench/results/qwen4b-maxperf/enabled-rev209/blocks/b1/csv/code64-mtp-sw0.csv

Done. /home/hjotha/worktrees/xllama-qwen35-4b-maxperf/bench/results/qwen4b-maxperf/enabled-rev209/blocks/b1/csv/code64-mtp-sw0.csv updated.
  Restoring original model.txt on the device...
=== xllama bench-xbox-ort ===
  Model:   qwen35-4b-mtp
  Threads: 2
  n_ctx:   2048
  n_predict: 64
  max_length: derived
  Runs:    3 (run 1 warmup, dropped from median)
  Xbox:    192.168.1.26
  PFN: GianlucaMazza.xllama_1.6.0.209_x64__pj67f1fcj4n14

--- Skipping genai_config (GGUF model; threads via bench_threads.txt) ---

--- Run 1 / 3 ---
  Uploading bench artifacts...
  Uploading bench.flag → LocalState\ ...
  Uploading prompt.txt → LocalState\ ...
  Uploading model.txt → LocalState\ ...
  Uploading bench_threads.txt → LocalState\ ...
  Uploading bench_ctx.txt → LocalState\ ...
  Uploading bench_npredict.txt → LocalState\ ...
  Uploading bench_maxlen.txt → LocalState\ ...
  Uploading bench_ubatch.txt → LocalState\ ...
  Uploading bench_n_batch.txt → LocalState\ ...
  Uploading bench_kvq8.txt → LocalState\ ...
  Uploading bench_gpu_layers.txt → LocalState\ ...
  Uploading bench_ignore_eog.txt → LocalState\ ...
  Uploading bench_mtp.txt → LocalState\ ...
  Uploading bench_mtp_pmin.txt → LocalState\ ...
  Uploading d3d12twocol.txt → LocalState\ ...
  Uploading bench_greedy.txt → LocalState\ ...
  Uploading bench_seed.txt → LocalState\ ...
  Uploading bench_tokens.txt → LocalState\ ...
  Uploading bench_profile.txt → LocalState\ ...
  Uploading bench_run_index.txt → LocalState\ ...
  Starting app...
  Waiting for bench-result.csv.done (timeout 300s)...
  Done after 21s (http 200).
  Tokens: /tmp/tmp.LMxU1C2lK6/run1.tokens (65 lines)
  Row: qwen35-4b-mtp,Q4_K_M,d3d12,2048,2,94.23,36.16,3672,4308,2692,4147,324,64,0,xbox-series-t2-u64-b256-mtp2-pmin50-greedy-s1-g34-noeog-prof0,2026-10-09T17:22:56Z,1,3438.4,3519.3

--- Run 2 / 3 ---
  Uploading bench artifacts...
  Uploading bench.flag → LocalState\ ...
  Uploading prompt.txt → LocalState\ ...
  Uploading model.txt → LocalState\ ...
  Uploading bench_threads.txt → LocalState\ ...
  Uploading bench_ctx.txt → LocalState\ ...
  Uploading bench_npredict.txt → LocalState\ ...
  Uploading bench_maxlen.txt → LocalState\ ...
  Uploading bench_ubatch.txt → LocalState\ ...
  Uploading bench_n_batch.txt → LocalState\ ...
  Uploading bench_kvq8.txt → LocalState\ ...
  Uploading bench_gpu_layers.txt → LocalState\ ...
  Uploading bench_ignore_eog.txt → LocalState\ ...
  Uploading bench_mtp.txt → LocalState\ ...
  Uploading bench_mtp_pmin.txt → LocalState\ ...
  Uploading d3d12twocol.txt → LocalState\ ...
  Uploading bench_greedy.txt → LocalState\ ...
  Uploading bench_seed.txt → LocalState\ ...
  Uploading bench_tokens.txt → LocalState\ ...
  Uploading bench_profile.txt → LocalState\ ...
  Uploading bench_run_index.txt → LocalState\ ...
  Starting app...
  Waiting for bench-result.csv.done (timeout 300s)...
  Done after 21s (http 200).
  Tokens: /tmp/tmp.LMxU1C2lK6/run2.tokens (65 lines)
  Row: qwen35-4b-mtp,Q4_K_M,d3d12,2048,2,93.69,36.25,3672,4356,2692,4147,324,64,0,xbox-series-t2-u64-b256-mtp2-pmin50-greedy-s1-g34-noeog-prof0,2026-10-09T17:23:23Z,2,3458.2,3539.4

--- Run 3 / 3 ---
  Uploading bench artifacts...
  Uploading bench.flag → LocalState\ ...
  Uploading prompt.txt → LocalState\ ...
  Uploading model.txt → LocalState\ ...
  Uploading bench_threads.txt → LocalState\ ...
  Uploading bench_ctx.txt → LocalState\ ...
  Uploading bench_npredict.txt → LocalState\ ...
  Uploading bench_maxlen.txt → LocalState\ ...
  Uploading bench_ubatch.txt → LocalState\ ...
  Uploading bench_n_batch.txt → LocalState\ ...
  Uploading bench_kvq8.txt → LocalState\ ...
  Uploading bench_gpu_layers.txt → LocalState\ ...
  Uploading bench_ignore_eog.txt → LocalState\ ...
  Uploading bench_mtp.txt → LocalState\ ...
  Uploading bench_mtp_pmin.txt → LocalState\ ...
  Uploading d3d12twocol.txt → LocalState\ ...
  Uploading bench_greedy.txt → LocalState\ ...
  Uploading bench_seed.txt → LocalState\ ...
  Uploading bench_tokens.txt → LocalState\ ...
  Uploading bench_profile.txt → LocalState\ ...
  Uploading bench_run_index.txt → LocalState\ ...
  Starting app...
  Waiting for bench-result.csv.done (timeout 300s)...
  Done after 20s (http 200).
  Tokens: /tmp/tmp.LMxU1C2lK6/run3.tokens (65 lines)
  Row: qwen35-4b-mtp,Q4_K_M,d3d12,2048,2,94.94,35.97,3672,4606,2692,4147,324,64,0,xbox-series-t2-u64-b256-mtp2-pmin50-greedy-s1-g34-noeog-prof0,2026-10-09T17:23:48Z,3,3412.8,3494.3

--- Appending recorded runs ---
  appended: qwen35-4b-mtp,Q4_K_M,d3d12,2048,2,93.69,36.25,3672,4356,2692,4147,324,64,0,xbox-series-t2-u64-b256-mtp2-pmin50-greedy-s1-g34-noeog-prof0,2026-10-09T17:23:23Z,2,3458.2,3539.4
  appended: qwen35-4b-mtp,Q4_K_M,d3d12,2048,2,94.94,35.97,3672,4606,2692,4147,324,64,0,xbox-series-t2-u64-b256-mtp2-pmin50-greedy-s1-g34-noeog-prof0,2026-10-09T17:23:48Z,3,3412.8,3494.3
Appended 2 run(s) to /home/hjotha/worktrees/xllama-qwen35-4b-maxperf/bench/results/qwen4b-maxperf/enabled-rev209/blocks/b1/csv/code64-mtp-sw1.csv

Done. /home/hjotha/worktrees/xllama-qwen35-4b-maxperf/bench/results/qwen4b-maxperf/enabled-rev209/blocks/b1/csv/code64-mtp-sw1.csv updated.
  Restoring original model.txt on the device...
=== xllama bench-xbox-ort ===
  Model:   qwen35-4b-mtp
  Threads: 2
  n_ctx:   2048
  n_predict: 64
  max_length: derived
  Runs:    3 (run 1 warmup, dropped from median)
  Xbox:    192.168.1.26
  PFN: GianlucaMazza.xllama_1.6.0.209_x64__pj67f1fcj4n14

--- Skipping genai_config (GGUF model; threads via bench_threads.txt) ---

--- Run 1 / 3 ---
  Uploading bench artifacts...
  Uploading bench.flag → LocalState\ ...
  Uploading prompt.txt → LocalState\ ...
  Uploading model.txt → LocalState\ ...
  Uploading bench_threads.txt → LocalState\ ...
  Uploading bench_ctx.txt → LocalState\ ...
  Uploading bench_npredict.txt → LocalState\ ...
  Uploading bench_maxlen.txt → LocalState\ ...
  Uploading bench_ubatch.txt → LocalState\ ...
  Uploading bench_n_batch.txt → LocalState\ ...
  Uploading bench_kvq8.txt → LocalState\ ...
  Uploading bench_gpu_layers.txt → LocalState\ ...
  Uploading bench_ignore_eog.txt → LocalState\ ...
  Uploading bench_mtp.txt → LocalState\ ...
  Uploading bench_mtp_pmin.txt → LocalState\ ...
  Uploading d3d12twocol.txt → LocalState\ ...
  Uploading bench_greedy.txt → LocalState\ ...
  Uploading bench_seed.txt → LocalState\ ...
  Uploading bench_tokens.txt → LocalState\ ...
  Uploading bench_profile.txt → LocalState\ ...
  Uploading bench_run_index.txt → LocalState\ ...
  Starting app...
  Waiting for bench-result.csv.done (timeout 300s)...
  Done after 21s (http 200).
  Tokens: /tmp/tmp.eRXSznJTr7/run1.tokens (65 lines)
  Row: qwen35-4b-mtp,Q4_K_M,d3d12,2048,2,87.98,28.19,3672,4339,2692,4147,298,64,0,xbox-series-t2-u64-b256-mtp2-pmin50-greedy-s1-g34-noeog-prof0,2026-10-09T17:24:14Z,1,3387.3,3471.2

--- Run 2 / 3 ---
  Uploading bench artifacts...
  Uploading bench.flag → LocalState\ ...
  Uploading prompt.txt → LocalState\ ...
  Uploading model.txt → LocalState\ ...
  Uploading bench_threads.txt → LocalState\ ...
  Uploading bench_ctx.txt → LocalState\ ...
  Uploading bench_npredict.txt → LocalState\ ...
  Uploading bench_maxlen.txt → LocalState\ ...
  Uploading bench_ubatch.txt → LocalState\ ...
  Uploading bench_n_batch.txt → LocalState\ ...
  Uploading bench_kvq8.txt → LocalState\ ...
  Uploading bench_gpu_layers.txt → LocalState\ ...
  Uploading bench_ignore_eog.txt → LocalState\ ...
  Uploading bench_mtp.txt → LocalState\ ...
  Uploading bench_mtp_pmin.txt → LocalState\ ...
  Uploading d3d12twocol.txt → LocalState\ ...
  Uploading bench_greedy.txt → LocalState\ ...
  Uploading bench_seed.txt → LocalState\ ...
  Uploading bench_tokens.txt → LocalState\ ...
  Uploading bench_profile.txt → LocalState\ ...
  Uploading bench_run_index.txt → LocalState\ ...
  Starting app...
  Waiting for bench-result.csv.done (timeout 300s)...
  Done after 20s (http 200).
  Tokens: /tmp/tmp.eRXSznJTr7/run2.tokens (65 lines)
  Row: qwen35-4b-mtp,Q4_K_M,d3d12,2048,2,89.87,27.98,3672,4540,2692,4147,298,64,0,xbox-series-t2-u64-b256-mtp2-pmin50-greedy-s1-g34-noeog-prof0,2026-10-09T17:24:39Z,2,3315.9,3400.3

--- Run 3 / 3 ---
  Uploading bench artifacts...
  Uploading bench.flag → LocalState\ ...
  Uploading prompt.txt → LocalState\ ...
  Uploading model.txt → LocalState\ ...
  Uploading bench_threads.txt → LocalState\ ...
  Uploading bench_ctx.txt → LocalState\ ...
  Uploading bench_npredict.txt → LocalState\ ...
  Uploading bench_maxlen.txt → LocalState\ ...
  Uploading bench_ubatch.txt → LocalState\ ...
  Uploading bench_n_batch.txt → LocalState\ ...
  Uploading bench_kvq8.txt → LocalState\ ...
  Uploading bench_gpu_layers.txt → LocalState\ ...
  Uploading bench_ignore_eog.txt → LocalState\ ...
  Uploading bench_mtp.txt → LocalState\ ...
  Uploading bench_mtp_pmin.txt → LocalState\ ...
  Uploading d3d12twocol.txt → LocalState\ ...
  Uploading bench_greedy.txt → LocalState\ ...
  Uploading bench_seed.txt → LocalState\ ...
  Uploading bench_tokens.txt → LocalState\ ...
  Uploading bench_profile.txt → LocalState\ ...
  Uploading bench_run_index.txt → LocalState\ ...
  Starting app...
  Waiting for bench-result.csv.done (timeout 300s)...
  Done after 20s (http 200).
  Tokens: /tmp/tmp.eRXSznJTr7/run3.tokens (65 lines)
  Row: qwen35-4b-mtp,Q4_K_M,d3d12,2048,2,87.74,28.01,3672,4323,2692,4147,298,64,0,xbox-series-t2-u64-b256-mtp2-pmin50-greedy-s1-g34-noeog-prof0,2026-10-09T17:25:04Z,3,3396.3,3480.6

--- Appending recorded runs ---
  appended: qwen35-4b-mtp,Q4_K_M,d3d12,2048,2,89.87,27.98,3672,4540,2692,4147,298,64,0,xbox-series-t2-u64-b256-mtp2-pmin50-greedy-s1-g34-noeog-prof0,2026-10-09T17:24:39Z,2,3315.9,3400.3
  appended: qwen35-4b-mtp,Q4_K_M,d3d12,2048,2,87.74,28.01,3672,4323,2692,4147,298,64,0,xbox-series-t2-u64-b256-mtp2-pmin50-greedy-s1-g34-noeog-prof0,2026-10-09T17:25:04Z,3,3396.3,3480.6
Appended 2 run(s) to /home/hjotha/worktrees/xllama-qwen35-4b-maxperf/bench/results/qwen4b-maxperf/enabled-rev209/blocks/b1/csv/std64-mtp-sw0.csv

Done. /home/hjotha/worktrees/xllama-qwen35-4b-maxperf/bench/results/qwen4b-maxperf/enabled-rev209/blocks/b1/csv/std64-mtp-sw0.csv updated.
  Restoring original model.txt on the device...
=== xllama bench-xbox-ort ===
  Model:   qwen35-4b-mtp
  Threads: 2
  n_ctx:   2048
  n_predict: 64
  max_length: derived
  Runs:    3 (run 1 warmup, dropped from median)
  Xbox:    192.168.1.26
  PFN: GianlucaMazza.xllama_1.6.0.209_x64__pj67f1fcj4n14

--- Skipping genai_config (GGUF model; threads via bench_threads.txt) ---

--- Run 1 / 3 ---
  Uploading bench artifacts...
  Uploading bench.flag → LocalState\ ...
  Uploading prompt.txt → LocalState\ ...
  Uploading model.txt → LocalState\ ...
  Uploading bench_threads.txt → LocalState\ ...
  Uploading bench_ctx.txt → LocalState\ ...
  Uploading bench_npredict.txt → LocalState\ ...
  Uploading bench_maxlen.txt → LocalState\ ...
  Uploading bench_ubatch.txt → LocalState\ ...
  Uploading bench_n_batch.txt → LocalState\ ...
  Uploading bench_kvq8.txt → LocalState\ ...
  Uploading bench_gpu_layers.txt → LocalState\ ...
  Uploading bench_ignore_eog.txt → LocalState\ ...
  Uploading bench_mtp.txt → LocalState\ ...
  Uploading bench_mtp_pmin.txt → LocalState\ ...
  Uploading d3d12twocol.txt → LocalState\ ...
  Uploading bench_greedy.txt → LocalState\ ...
  Uploading bench_seed.txt → LocalState\ ...
  Uploading bench_tokens.txt → LocalState\ ...
  Uploading bench_profile.txt → LocalState\ ...
  Uploading bench_run_index.txt → LocalState\ ...
  Starting app...
  Waiting for bench-result.csv.done (timeout 300s)...
  Done after 20s (http 200).
  Tokens: /tmp/tmp.gcLo9aTRil/run1.tokens (65 lines)
  Row: qwen35-4b-mtp,Q4_K_M,d3d12,2048,2,93.95,29.07,3674,4388,2692,4147,298,64,0,xbox-series-t2-u64-b256-mtp2-pmin50-greedy-s1-g34-noeog-prof0,2026-10-09T17:25:30Z,1,3171.8,3253.2

--- Run 2 / 3 ---
  Uploading bench artifacts...
  Uploading bench.flag → LocalState\ ...
  Uploading prompt.txt → LocalState\ ...
  Uploading model.txt → LocalState\ ...
  Uploading bench_threads.txt → LocalState\ ...
  Uploading bench_ctx.txt → LocalState\ ...
  Uploading bench_npredict.txt → LocalState\ ...
  Uploading bench_maxlen.txt → LocalState\ ...
  Uploading bench_ubatch.txt → LocalState\ ...
  Uploading bench_n_batch.txt → LocalState\ ...
  Uploading bench_kvq8.txt → LocalState\ ...
  Uploading bench_gpu_layers.txt → LocalState\ ...
  Uploading bench_ignore_eog.txt → LocalState\ ...
  Uploading bench_mtp.txt → LocalState\ ...
  Uploading bench_mtp_pmin.txt → LocalState\ ...
  Uploading d3d12twocol.txt → LocalState\ ...
  Uploading bench_greedy.txt → LocalState\ ...
  Uploading bench_seed.txt → LocalState\ ...
  Uploading bench_tokens.txt → LocalState\ ...
  Uploading bench_profile.txt → LocalState\ ...
  Uploading bench_run_index.txt → LocalState\ ...
  Starting app...
  Waiting for bench-result.csv.done (timeout 300s)...
  Done after 21s (http 200).
  Tokens: /tmp/tmp.gcLo9aTRil/run2.tokens (65 lines)
  Row: qwen35-4b-mtp,Q4_K_M,d3d12,2048,2,93.29,29.22,3672,4348,2692,4147,298,64,0,xbox-series-t2-u64-b256-mtp2-pmin50-greedy-s1-g34-noeog-prof0,2026-10-09T17:25:55Z,2,3194.5,3275.3

--- Run 3 / 3 ---
  Uploading bench artifacts...
  Uploading bench.flag → LocalState\ ...
  Uploading prompt.txt → LocalState\ ...
  Uploading model.txt → LocalState\ ...
  Uploading bench_threads.txt → LocalState\ ...
  Uploading bench_ctx.txt → LocalState\ ...
  Uploading bench_npredict.txt → LocalState\ ...
  Uploading bench_maxlen.txt → LocalState\ ...
  Uploading bench_ubatch.txt → LocalState\ ...
  Uploading bench_n_batch.txt → LocalState\ ...
  Uploading bench_kvq8.txt → LocalState\ ...
  Uploading bench_gpu_layers.txt → LocalState\ ...
  Uploading bench_ignore_eog.txt → LocalState\ ...
  Uploading bench_mtp.txt → LocalState\ ...
  Uploading bench_mtp_pmin.txt → LocalState\ ...
  Uploading d3d12twocol.txt → LocalState\ ...
  Uploading bench_greedy.txt → LocalState\ ...
  Uploading bench_seed.txt → LocalState\ ...
  Uploading bench_tokens.txt → LocalState\ ...
  Uploading bench_profile.txt → LocalState\ ...
  Uploading bench_run_index.txt → LocalState\ ...
  Starting app...
  Waiting for bench-result.csv.done (timeout 300s)...
  Done after 21s (http 200).
  Tokens: /tmp/tmp.gcLo9aTRil/run3.tokens (65 lines)
  Row: qwen35-4b-mtp,Q4_K_M,d3d12,2048,2,93.75,29.18,3672,4313,2692,4147,298,64,0,xbox-series-t2-u64-b256-mtp2-pmin50-greedy-s1-g34-noeog-prof0,2026-10-09T17:26:20Z,3,3178.7,3269.1

--- Appending recorded runs ---
  appended: qwen35-4b-mtp,Q4_K_M,d3d12,2048,2,93.29,29.22,3672,4348,2692,4147,298,64,0,xbox-series-t2-u64-b256-mtp2-pmin50-greedy-s1-g34-noeog-prof0,2026-10-09T17:25:55Z,2,3194.5,3275.3
  appended: qwen35-4b-mtp,Q4_K_M,d3d12,2048,2,93.75,29.18,3672,4313,2692,4147,298,64,0,xbox-series-t2-u64-b256-mtp2-pmin50-greedy-s1-g34-noeog-prof0,2026-10-09T17:26:20Z,3,3178.7,3269.1
Appended 2 run(s) to /home/hjotha/worktrees/xllama-qwen35-4b-maxperf/bench/results/qwen4b-maxperf/enabled-rev209/blocks/b1/csv/std64-mtp-sw1.csv

Done. /home/hjotha/worktrees/xllama-qwen35-4b-maxperf/bench/results/qwen4b-maxperf/enabled-rev209/blocks/b1/csv/std64-mtp-sw1.csv updated.
  Restoring original model.txt on the device...
=== xllama bench-xbox-ort ===
  Model:   qwen35-4b-mtp
  Threads: 2
  n_ctx:   2048
  n_predict: 256
  max_length: derived
  Runs:    3 (run 1 warmup, dropped from median)
  Xbox:    192.168.1.26
  PFN: GianlucaMazza.xllama_1.6.0.209_x64__pj67f1fcj4n14

--- Skipping genai_config (GGUF model; threads via bench_threads.txt) ---

--- Run 1 / 3 ---
  Uploading bench artifacts...
  Uploading bench.flag → LocalState\ ...
  Uploading prompt.txt → LocalState\ ...
  Uploading model.txt → LocalState\ ...
  Uploading bench_threads.txt → LocalState\ ...
  Uploading bench_ctx.txt → LocalState\ ...
  Uploading bench_npredict.txt → LocalState\ ...
  Uploading bench_maxlen.txt → LocalState\ ...
  Uploading bench_ubatch.txt → LocalState\ ...
  Uploading bench_n_batch.txt → LocalState\ ...
  Uploading bench_kvq8.txt → LocalState\ ...
  Uploading bench_gpu_layers.txt → LocalState\ ...
  Uploading bench_ignore_eog.txt → LocalState\ ...
  Uploading bench_mtp.txt → LocalState\ ...
  Uploading bench_mtp_pmin.txt → LocalState\ ...
  Uploading d3d12twocol.txt → LocalState\ ...
  Uploading bench_greedy.txt → LocalState\ ...
  Uploading bench_seed.txt → LocalState\ ...
  Uploading bench_tokens.txt → LocalState\ ...
  Uploading bench_profile.txt → LocalState\ ...
  Uploading bench_run_index.txt → LocalState\ ...
  Starting app...
  Waiting for bench-result.csv.done (timeout 300s)...
  Done after 21s (http 200).
  Tokens: /tmp/tmp.eVzPniOHEU/run1.tokens (257 lines)
  Row: qwen35-4b-mtp,Q4_K_M,d3d12,2048,2,87.99,28.05,3662,4316,2692,4147,119,256,0,xbox-series-t2-u64-b256-mtp2-pmin50-greedy-s1-g34-noeog-prof0,2026-10-09T17:26:51Z,1,1352.5,1437.0

--- Run 2 / 3 ---
  Uploading bench artifacts...
  Uploading bench.flag → LocalState\ ...
  Uploading prompt.txt → LocalState\ ...
  Uploading model.txt → LocalState\ ...
  Uploading bench_threads.txt → LocalState\ ...
  Uploading bench_ctx.txt → LocalState\ ...
  Uploading bench_npredict.txt → LocalState\ ...
  Uploading bench_maxlen.txt → LocalState\ ...
  Uploading bench_ubatch.txt → LocalState\ ...
  Uploading bench_n_batch.txt → LocalState\ ...
  Uploading bench_kvq8.txt → LocalState\ ...
  Uploading bench_gpu_layers.txt → LocalState\ ...
  Uploading bench_ignore_eog.txt → LocalState\ ...
  Uploading bench_mtp.txt → LocalState\ ...
  Uploading bench_mtp_pmin.txt → LocalState\ ...
  Uploading d3d12twocol.txt → LocalState\ ...
  Uploading bench_greedy.txt → LocalState\ ...
  Uploading bench_seed.txt → LocalState\ ...
  Uploading bench_tokens.txt → LocalState\ ...
  Uploading bench_profile.txt → LocalState\ ...
  Uploading bench_run_index.txt → LocalState\ ...
  Starting app...
  Waiting for bench-result.csv.done (timeout 300s)...
  Done after 21s (http 200).
  Tokens: /tmp/tmp.eVzPniOHEU/run2.tokens (257 lines)
  Row: qwen35-4b-mtp,Q4_K_M,d3d12,2048,2,88.16,28.23,3673,4318,2692,4147,119,256,0,xbox-series-t2-u64-b256-mtp2-pmin50-greedy-s1-g34-noeog-prof0,2026-10-09T17:27:16Z,2,1349.9,1434.5

--- Run 3 / 3 ---
  Uploading bench artifacts...
  Uploading bench.flag → LocalState\ ...
  Uploading prompt.txt → LocalState\ ...
  Uploading model.txt → LocalState\ ...
  Uploading bench_threads.txt → LocalState\ ...
  Uploading bench_ctx.txt → LocalState\ ...
  Uploading bench_npredict.txt → LocalState\ ...
  Uploading bench_maxlen.txt → LocalState\ ...
  Uploading bench_ubatch.txt → LocalState\ ...
  Uploading bench_n_batch.txt → LocalState\ ...
  Uploading bench_kvq8.txt → LocalState\ ...
  Uploading bench_gpu_layers.txt → LocalState\ ...
  Uploading bench_ignore_eog.txt → LocalState\ ...
  Uploading bench_mtp.txt → LocalState\ ...
  Uploading bench_mtp_pmin.txt → LocalState\ ...
  Uploading d3d12twocol.txt → LocalState\ ...
  Uploading bench_greedy.txt → LocalState\ ...
  Uploading bench_seed.txt → LocalState\ ...
  Uploading bench_tokens.txt → LocalState\ ...
  Uploading bench_profile.txt → LocalState\ ...
  Uploading bench_run_index.txt → LocalState\ ...
  Starting app...
  Waiting for bench-result.csv.done (timeout 300s)...
  Done after 20s (http 200).
  Tokens: /tmp/tmp.eVzPniOHEU/run3.tokens (257 lines)
  Row: qwen35-4b-mtp,Q4_K_M,d3d12,2048,2,88.49,28.02,3672,4342,2692,4147,119,256,0,xbox-series-t2-u64-b256-mtp2-pmin50-greedy-s1-g34-noeog-prof0,2026-10-09T17:27:41Z,3,1344.7,1449.4

--- Appending recorded runs ---
  appended: qwen35-4b-mtp,Q4_K_M,d3d12,2048,2,88.16,28.23,3673,4318,2692,4147,119,256,0,xbox-series-t2-u64-b256-mtp2-pmin50-greedy-s1-g34-noeog-prof0,2026-10-09T17:27:16Z,2,1349.9,1434.5
  appended: qwen35-4b-mtp,Q4_K_M,d3d12,2048,2,88.49,28.02,3672,4342,2692,4147,119,256,0,xbox-series-t2-u64-b256-mtp2-pmin50-greedy-s1-g34-noeog-prof0,2026-10-09T17:27:41Z,3,1344.7,1449.4
Appended 2 run(s) to /home/hjotha/worktrees/xllama-qwen35-4b-maxperf/bench/results/qwen4b-maxperf/enabled-rev209/blocks/b1/csv/chat256-mtp-sw0.csv

Done. /home/hjotha/worktrees/xllama-qwen35-4b-maxperf/bench/results/qwen4b-maxperf/enabled-rev209/blocks/b1/csv/chat256-mtp-sw0.csv updated.
  Restoring original model.txt on the device...
=== xllama bench-xbox-ort ===
  Model:   qwen35-4b-mtp
  Threads: 2
  n_ctx:   2048
  n_predict: 256
  max_length: derived
  Runs:    3 (run 1 warmup, dropped from median)
  Xbox:    192.168.1.26
  PFN: GianlucaMazza.xllama_1.6.0.209_x64__pj67f1fcj4n14

--- Skipping genai_config (GGUF model; threads via bench_threads.txt) ---

--- Run 1 / 3 ---
  Uploading bench artifacts...
  Uploading bench.flag → LocalState\ ...
  Uploading prompt.txt → LocalState\ ...
  Uploading model.txt → LocalState\ ...
  Uploading bench_threads.txt → LocalState\ ...
  Uploading bench_ctx.txt → LocalState\ ...
  Uploading bench_npredict.txt → LocalState\ ...
  Uploading bench_maxlen.txt → LocalState\ ...
  Uploading bench_ubatch.txt → LocalState\ ...
  Uploading bench_n_batch.txt → LocalState\ ...
  Uploading bench_kvq8.txt → LocalState\ ...
  Uploading bench_gpu_layers.txt → LocalState\ ...
  Uploading bench_ignore_eog.txt → LocalState\ ...
  Uploading bench_mtp.txt → LocalState\ ...
  Uploading bench_mtp_pmin.txt → LocalState\ ...
  Uploading d3d12twocol.txt → LocalState\ ...
  Uploading bench_greedy.txt → LocalState\ ...
  Uploading bench_seed.txt → LocalState\ ...
  Uploading bench_tokens.txt → LocalState\ ...
  Uploading bench_profile.txt → LocalState\ ...
  Uploading bench_run_index.txt → LocalState\ ...
  Starting app...
  Waiting for bench-result.csv.done (timeout 300s)...
  Done after 21s (http 200).
  Tokens: /tmp/tmp.vG5rdQHWC7/run1.tokens (257 lines)
  Row: qwen35-4b-mtp,Q4_K_M,d3d12,2048,2,95.09,29.01,3672,4337,2692,4147,119,256,0,xbox-series-t2-u64-b256-mtp2-pmin50-greedy-s1-g34-noeog-prof0,2026-10-09T17:28:06Z,1,1251.5,1329.5

--- Run 2 / 3 ---
  Uploading bench artifacts...
  Uploading bench.flag → LocalState\ ...
  Uploading prompt.txt → LocalState\ ...
  Uploading model.txt → LocalState\ ...
  Uploading bench_threads.txt → LocalState\ ...
  Uploading bench_ctx.txt → LocalState\ ...
  Uploading bench_npredict.txt → LocalState\ ...
  Uploading bench_maxlen.txt → LocalState\ ...
  Uploading bench_ubatch.txt → LocalState\ ...
  Uploading bench_n_batch.txt → LocalState\ ...
  Uploading bench_kvq8.txt → LocalState\ ...
  Uploading bench_gpu_layers.txt → LocalState\ ...
  Uploading bench_ignore_eog.txt → LocalState\ ...
  Uploading bench_mtp.txt → LocalState\ ...
  Uploading bench_mtp_pmin.txt → LocalState\ ...
  Uploading d3d12twocol.txt → LocalState\ ...
  Uploading bench_greedy.txt → LocalState\ ...
  Uploading bench_seed.txt → LocalState\ ...
  Uploading bench_tokens.txt → LocalState\ ...
  Uploading bench_profile.txt → LocalState\ ...
  Uploading bench_run_index.txt → LocalState\ ...
  Starting app...
  Waiting for bench-result.csv.done (timeout 300s)...
  Done after 21s (http 200).
  Tokens: /tmp/tmp.vG5rdQHWC7/run2.tokens (257 lines)
  Row: qwen35-4b-mtp,Q4_K_M,d3d12,2048,2,94.82,29.24,3673,4337,2692,4147,119,256,0,xbox-series-t2-u64-b256-mtp2-pmin50-greedy-s1-g34-noeog-prof0,2026-10-09T17:28:31Z,2,1255.0,1356.5

--- Run 3 / 3 ---
  Uploading bench artifacts...
  Uploading bench.flag → LocalState\ ...
  Uploading prompt.txt → LocalState\ ...
  Uploading model.txt → LocalState\ ...
  Uploading bench_threads.txt → LocalState\ ...
  Uploading bench_ctx.txt → LocalState\ ...
  Uploading bench_npredict.txt → LocalState\ ...
  Uploading bench_maxlen.txt → LocalState\ ...
  Uploading bench_ubatch.txt → LocalState\ ...
  Uploading bench_n_batch.txt → LocalState\ ...
  Uploading bench_kvq8.txt → LocalState\ ...
  Uploading bench_gpu_layers.txt → LocalState\ ...
  Uploading bench_ignore_eog.txt → LocalState\ ...
  Uploading bench_mtp.txt → LocalState\ ...
  Uploading bench_mtp_pmin.txt → LocalState\ ...
  Uploading d3d12twocol.txt → LocalState\ ...
  Uploading bench_greedy.txt → LocalState\ ...
  Uploading bench_seed.txt → LocalState\ ...
  Uploading bench_tokens.txt → LocalState\ ...
  Uploading bench_profile.txt → LocalState\ ...
  Uploading bench_run_index.txt → LocalState\ ...
  Starting app...
  Waiting for bench-result.csv.done (timeout 300s)...
  Done after 20s (http 200).
  Tokens: /tmp/tmp.vG5rdQHWC7/run3.tokens (257 lines)
  Row: qwen35-4b-mtp,Q4_K_M,d3d12,2048,2,93.64,29.00,3662,4292,2692,4147,119,256,0,xbox-series-t2-u64-b256-mtp2-pmin50-greedy-s1-g34-noeog-prof0,2026-10-09T17:28:56Z,3,1270.9,1347.3

--- Appending recorded runs ---
  appended: qwen35-4b-mtp,Q4_K_M,d3d12,2048,2,94.82,29.24,3673,4337,2692,4147,119,256,0,xbox-series-t2-u64-b256-mtp2-pmin50-greedy-s1-g34-noeog-prof0,2026-10-09T17:28:31Z,2,1255.0,1356.5
  appended: qwen35-4b-mtp,Q4_K_M,d3d12,2048,2,93.64,29.00,3662,4292,2692,4147,119,256,0,xbox-series-t2-u64-b256-mtp2-pmin50-greedy-s1-g34-noeog-prof0,2026-10-09T17:28:56Z,3,1270.9,1347.3
Appended 2 run(s) to /home/hjotha/worktrees/xllama-qwen35-4b-maxperf/bench/results/qwen4b-maxperf/enabled-rev209/blocks/b1/csv/chat256-mtp-sw1.csv

Done. /home/hjotha/worktrees/xllama-qwen35-4b-maxperf/bench/results/qwen4b-maxperf/enabled-rev209/blocks/b1/csv/chat256-mtp-sw1.csv updated.
  Restoring original model.txt on the device...
=== xllama bench-xbox-ort ===
  Model:   qwen35-4b-mtp
  Threads: 2
  n_ctx:   2048
  n_predict: 256
  max_length: derived
  Runs:    3 (run 1 warmup, dropped from median)
  Xbox:    192.168.1.26
  PFN: GianlucaMazza.xllama_1.6.0.209_x64__pj67f1fcj4n14

--- Skipping genai_config (GGUF model; threads via bench_threads.txt) ---

--- Run 1 / 3 ---
  Uploading bench artifacts...
  Uploading bench.flag → LocalState\ ...
  Uploading prompt.txt → LocalState\ ...
  Uploading model.txt → LocalState\ ...
  Uploading bench_threads.txt → LocalState\ ...
  Uploading bench_ctx.txt → LocalState\ ...
  Uploading bench_npredict.txt → LocalState\ ...
  Uploading bench_maxlen.txt → LocalState\ ...
  Uploading bench_ubatch.txt → LocalState\ ...
  Uploading bench_n_batch.txt → LocalState\ ...
  Uploading bench_kvq8.txt → LocalState\ ...
  Uploading bench_gpu_layers.txt → LocalState\ ...
  Uploading bench_ignore_eog.txt → LocalState\ ...
  Uploading bench_mtp.txt → LocalState\ ...
  Uploading bench_mtp_pmin.txt → LocalState\ ...
  Uploading d3d12twocol.txt → LocalState\ ...
  Uploading bench_greedy.txt → LocalState\ ...
  Uploading bench_seed.txt → LocalState\ ...
  Uploading bench_tokens.txt → LocalState\ ...
  Uploading bench_profile.txt → LocalState\ ...
  Uploading bench_run_index.txt → LocalState\ ...
  Starting app...
  Waiting for bench-result.csv.done (timeout 300s)...
  Done after 20s (http 200).
  Tokens: /tmp/tmp.E40wunlQUK/run1.tokens (257 lines)
  Row: qwen35-4b-mtp,Q4_K_M,d3d12,2048,2,88.47,33.37,3672,4340,2692,4147,324,256,0,xbox-series-t2-u64-b256-mtp2-pmin50-greedy-s1-g34-noeog-prof0,2026-10-09T17:29:23Z,1,3662.4,3747.4

--- Run 2 / 3 ---
  Uploading bench artifacts...
  Uploading bench.flag → LocalState\ ...
  Uploading prompt.txt → LocalState\ ...
  Uploading model.txt → LocalState\ ...
  Uploading bench_threads.txt → LocalState\ ...
  Uploading bench_ctx.txt → LocalState\ ...
  Uploading bench_npredict.txt → LocalState\ ...
  Uploading bench_maxlen.txt → LocalState\ ...
  Uploading bench_ubatch.txt → LocalState\ ...
  Uploading bench_n_batch.txt → LocalState\ ...
  Uploading bench_kvq8.txt → LocalState\ ...
  Uploading bench_gpu_layers.txt → LocalState\ ...
  Uploading bench_ignore_eog.txt → LocalState\ ...
  Uploading bench_mtp.txt → LocalState\ ...
  Uploading bench_mtp_pmin.txt → LocalState\ ...
  Uploading d3d12twocol.txt → LocalState\ ...
  Uploading bench_greedy.txt → LocalState\ ...
  Uploading bench_seed.txt → LocalState\ ...
  Uploading bench_tokens.txt → LocalState\ ...
  Uploading bench_profile.txt → LocalState\ ...
  Uploading bench_run_index.txt → LocalState\ ...
  Starting app...
  Waiting for bench-result.csv.done (timeout 300s)...
  Done after 21s (http 200).
  Tokens: /tmp/tmp.E40wunlQUK/run2.tokens (257 lines)
  Row: qwen35-4b-mtp,Q4_K_M,d3d12,2048,2,89.33,33.25,3672,4345,2692,4147,324,256,0,xbox-series-t2-u64-b256-mtp2-pmin50-greedy-s1-g34-noeog-prof0,2026-10-09T17:29:49Z,2,3627.1,3711.6

--- Run 3 / 3 ---
  Uploading bench artifacts...
  Uploading bench.flag → LocalState\ ...
  Uploading prompt.txt → LocalState\ ...
  Uploading model.txt → LocalState\ ...
  Uploading bench_threads.txt → LocalState\ ...
  Uploading bench_ctx.txt → LocalState\ ...
  Uploading bench_npredict.txt → LocalState\ ...
  Uploading bench_maxlen.txt → LocalState\ ...
  Uploading bench_ubatch.txt → LocalState\ ...
  Uploading bench_n_batch.txt → LocalState\ ...
  Uploading bench_kvq8.txt → LocalState\ ...
  Uploading bench_gpu_layers.txt → LocalState\ ...
  Uploading bench_ignore_eog.txt → LocalState\ ...
  Uploading bench_mtp.txt → LocalState\ ...
  Uploading bench_mtp_pmin.txt → LocalState\ ...
  Uploading d3d12twocol.txt → LocalState\ ...
  Uploading bench_greedy.txt → LocalState\ ...
  Uploading bench_seed.txt → LocalState\ ...
  Uploading bench_tokens.txt → LocalState\ ...
  Uploading bench_profile.txt → LocalState\ ...
  Uploading bench_run_index.txt → LocalState\ ...
  Starting app...
  Waiting for bench-result.csv.done (timeout 300s)...
  Done after 21s (http 200).
  Tokens: /tmp/tmp.E40wunlQUK/run3.tokens (257 lines)
  Row: qwen35-4b-mtp,Q4_K_M,d3d12,2048,2,89.10,33.38,3672,4291,2692,4147,324,256,0,xbox-series-t2-u64-b256-mtp2-pmin50-greedy-s1-g34-noeog-prof0,2026-10-09T17:30:14Z,3,3636.2,3720.8

--- Appending recorded runs ---
  appended: qwen35-4b-mtp,Q4_K_M,d3d12,2048,2,89.33,33.25,3672,4345,2692,4147,324,256,0,xbox-series-t2-u64-b256-mtp2-pmin50-greedy-s1-g34-noeog-prof0,2026-10-09T17:29:49Z,2,3627.1,3711.6
  appended: qwen35-4b-mtp,Q4_K_M,d3d12,2048,2,89.10,33.38,3672,4291,2692,4147,324,256,0,xbox-series-t2-u64-b256-mtp2-pmin50-greedy-s1-g34-noeog-prof0,2026-10-09T17:30:14Z,3,3636.2,3720.8
Appended 2 run(s) to /home/hjotha/worktrees/xllama-qwen35-4b-maxperf/bench/results/qwen4b-maxperf/enabled-rev209/blocks/b1/csv/code256-mtp-sw0.csv

Done. /home/hjotha/worktrees/xllama-qwen35-4b-maxperf/bench/results/qwen4b-maxperf/enabled-rev209/blocks/b1/csv/code256-mtp-sw0.csv updated.
  Restoring original model.txt on the device...
=== xllama bench-xbox-ort ===
  Model:   qwen35-4b-mtp
  Threads: 2
  n_ctx:   2048
  n_predict: 256
  max_length: derived
  Runs:    3 (run 1 warmup, dropped from median)
  Xbox:    192.168.1.26
  PFN: GianlucaMazza.xllama_1.6.0.209_x64__pj67f1fcj4n14

--- Skipping genai_config (GGUF model; threads via bench_threads.txt) ---

--- Run 1 / 3 ---
  Uploading bench artifacts...
  Uploading bench.flag → LocalState\ ...
  Uploading prompt.txt → LocalState\ ...
  Uploading model.txt → LocalState\ ...
  Uploading bench_threads.txt → LocalState\ ...
  Uploading bench_ctx.txt → LocalState\ ...
  Uploading bench_npredict.txt → LocalState\ ...
  Uploading bench_maxlen.txt → LocalState\ ...
  Uploading bench_ubatch.txt → LocalState\ ...
  Uploading bench_n_batch.txt → LocalState\ ...
  Uploading bench_kvq8.txt → LocalState\ ...
  Uploading bench_gpu_layers.txt → LocalState\ ...
  Uploading bench_ignore_eog.txt → LocalState\ ...
  Uploading bench_mtp.txt → LocalState\ ...
  Uploading bench_mtp_pmin.txt → LocalState\ ...
  Uploading d3d12twocol.txt → LocalState\ ...
  Uploading bench_greedy.txt → LocalState\ ...
  Uploading bench_seed.txt → LocalState\ ...
  Uploading bench_tokens.txt → LocalState\ ...
  Uploading bench_profile.txt → LocalState\ ...
  Uploading bench_run_index.txt → LocalState\ ...
  Starting app...
  Waiting for bench-result.csv.done (timeout 300s)...
  Done after 20s (http 200).
  Tokens: /tmp/tmp.MotUh3NJDP/run1.tokens (257 lines)
  Row: qwen35-4b-mtp,Q4_K_M,d3d12,2048,2,93.98,34.41,3672,4345,2692,4147,324,256,0,xbox-series-t2-u64-b256-mtp2-pmin50-greedy-s1-g34-noeog-prof0,2026-10-09T17:30:40Z,1,3447.6,3529.3

--- Run 2 / 3 ---
  Uploading bench artifacts...
  Uploading bench.flag → LocalState\ ...
  Uploading prompt.txt → LocalState\ ...
  Uploading model.txt → LocalState\ ...
  Uploading bench_threads.txt → LocalState\ ...
  Uploading bench_ctx.txt → LocalState\ ...
  Uploading bench_npredict.txt → LocalState\ ...
  Uploading bench_maxlen.txt → LocalState\ ...
  Uploading bench_ubatch.txt → LocalState\ ...
  Uploading bench_n_batch.txt → LocalState\ ...
  Uploading bench_kvq8.txt → LocalState\ ...
  Uploading bench_gpu_layers.txt → LocalState\ ...
  Uploading bench_ignore_eog.txt → LocalState\ ...
  Uploading bench_mtp.txt → LocalState\ ...
  Uploading bench_mtp_pmin.txt → LocalState\ ...
  Uploading d3d12twocol.txt → LocalState\ ...
  Uploading bench_greedy.txt → LocalState\ ...
  Uploading bench_seed.txt → LocalState\ ...
  Uploading bench_tokens.txt → LocalState\ ...
  Uploading bench_profile.txt → LocalState\ ...
  Uploading bench_run_index.txt → LocalState\ ...
  Starting app...
  Waiting for bench-result.csv.done (timeout 300s)...
  Done after 20s (http 200).
  Tokens: /tmp/tmp.MotUh3NJDP/run2.tokens (257 lines)
  Row: qwen35-4b-mtp,Q4_K_M,d3d12,2048,2,94.71,34.66,3662,4283,2692,4147,324,256,0,xbox-series-t2-u64-b256-mtp2-pmin50-greedy-s1-g34-noeog-prof0,2026-10-09T17:31:05Z,2,3421.1,3501.7

--- Run 3 / 3 ---
  Uploading bench artifacts...
  Uploading bench.flag → LocalState\ ...
  Uploading prompt.txt → LocalState\ ...
  Uploading model.txt → LocalState\ ...
  Uploading bench_threads.txt → LocalState\ ...
  Uploading bench_ctx.txt → LocalState\ ...
  Uploading bench_npredict.txt → LocalState\ ...
  Uploading bench_maxlen.txt → LocalState\ ...
  Uploading bench_ubatch.txt → LocalState\ ...
  Uploading bench_n_batch.txt → LocalState\ ...
  Uploading bench_kvq8.txt → LocalState\ ...
  Uploading bench_gpu_layers.txt → LocalState\ ...
  Uploading bench_ignore_eog.txt → LocalState\ ...
  Uploading bench_mtp.txt → LocalState\ ...
  Uploading bench_mtp_pmin.txt → LocalState\ ...
  Uploading d3d12twocol.txt → LocalState\ ...
  Uploading bench_greedy.txt → LocalState\ ...
  Uploading bench_seed.txt → LocalState\ ...
  Uploading bench_tokens.txt → LocalState\ ...
  Uploading bench_profile.txt → LocalState\ ...
  Uploading bench_run_index.txt → LocalState\ ...
  Starting app...
  Waiting for bench-result.csv.done (timeout 300s)...
  Done after 20s (http 200).
  Tokens: /tmp/tmp.MotUh3NJDP/run3.tokens (257 lines)
  Row: qwen35-4b-mtp,Q4_K_M,d3d12,2048,2,94.92,34.70,3672,4330,2692,4147,324,256,0,xbox-series-t2-u64-b256-mtp2-pmin50-greedy-s1-g34-noeog-prof0,2026-10-09T17:31:30Z,3,3413.4,3494.7

--- Appending recorded runs ---
  appended: qwen35-4b-mtp,Q4_K_M,d3d12,2048,2,94.71,34.66,3662,4283,2692,4147,324,256,0,xbox-series-t2-u64-b256-mtp2-pmin50-greedy-s1-g34-noeog-prof0,2026-10-09T17:31:05Z,2,3421.1,3501.7
  appended: qwen35-4b-mtp,Q4_K_M,d3d12,2048,2,94.92,34.70,3672,4330,2692,4147,324,256,0,xbox-series-t2-u64-b256-mtp2-pmin50-greedy-s1-g34-noeog-prof0,2026-10-09T17:31:30Z,3,3413.4,3494.7
Appended 2 run(s) to /home/hjotha/worktrees/xllama-qwen35-4b-maxperf/bench/results/qwen4b-maxperf/enabled-rev209/blocks/b1/csv/code256-mtp-sw1.csv

Done. /home/hjotha/worktrees/xllama-qwen35-4b-maxperf/bench/results/qwen4b-maxperf/enabled-rev209/blocks/b1/csv/code256-mtp-sw1.csv updated.
  Restoring original model.txt on the device...
=== xllama bench-xbox-ort ===
  Model:   qwen35-4b-mtp
  Threads: 2
  n_ctx:   2048
  n_predict: 256
  max_length: derived
  Runs:    3 (run 1 warmup, dropped from median)
  Xbox:    192.168.1.26
  PFN: GianlucaMazza.xllama_1.6.0.209_x64__pj67f1fcj4n14

--- Skipping genai_config (GGUF model; threads via bench_threads.txt) ---

--- Run 1 / 3 ---
  Uploading bench artifacts...
  Uploading bench.flag → LocalState\ ...
  Uploading prompt.txt → LocalState\ ...
  Uploading model.txt → LocalState\ ...
  Uploading bench_threads.txt → LocalState\ ...
  Uploading bench_ctx.txt → LocalState\ ...
  Uploading bench_npredict.txt → LocalState\ ...
  Uploading bench_maxlen.txt → LocalState\ ...
  Uploading bench_ubatch.txt → LocalState\ ...
  Uploading bench_n_batch.txt → LocalState\ ...
  Uploading bench_kvq8.txt → LocalState\ ...
  Uploading bench_gpu_layers.txt → LocalState\ ...
  Uploading bench_ignore_eog.txt → LocalState\ ...
  Uploading bench_mtp.txt → LocalState\ ...
  Uploading bench_mtp_pmin.txt → LocalState\ ...
  Uploading d3d12twocol.txt → LocalState\ ...
  Uploading bench_greedy.txt → LocalState\ ...
  Uploading bench_seed.txt → LocalState\ ...
  Uploading bench_tokens.txt → LocalState\ ...
  Uploading bench_profile.txt → LocalState\ ...
  Uploading bench_run_index.txt → LocalState\ ...
  Starting app...
  Waiting for bench-result.csv.done (timeout 300s)...
  Done after 20s (http 200).
  Tokens: /tmp/tmp.UXiks8vTyV/run1.tokens (257 lines)
  Row: qwen35-4b-mtp,Q4_K_M,d3d12,2048,2,88.78,27.84,3672,4300,2692,4147,298,256,0,xbox-series-t2-u64-b256-mtp2-pmin50-greedy-s1-g34-noeog-prof0,2026-10-09T17:31:57Z,1,3356.7,3440.9

--- Run 2 / 3 ---
  Uploading bench artifacts...
  Uploading bench.flag → LocalState\ ...
  Uploading prompt.txt → LocalState\ ...
  Uploading model.txt → LocalState\ ...
  Uploading bench_threads.txt → LocalState\ ...
  Uploading bench_ctx.txt → LocalState\ ...
  Uploading bench_npredict.txt → LocalState\ ...
  Uploading bench_maxlen.txt → LocalState\ ...
  Uploading bench_ubatch.txt → LocalState\ ...
  Uploading bench_n_batch.txt → LocalState\ ...
  Uploading bench_kvq8.txt → LocalState\ ...
  Uploading bench_gpu_layers.txt → LocalState\ ...
  Uploading bench_ignore_eog.txt → LocalState\ ...
  Uploading bench_mtp.txt → LocalState\ ...
  Uploading bench_mtp_pmin.txt → LocalState\ ...
  Uploading d3d12twocol.txt → LocalState\ ...
  Uploading bench_greedy.txt → LocalState\ ...
  Uploading bench_seed.txt → LocalState\ ...
  Uploading bench_tokens.txt → LocalState\ ...
  Uploading bench_profile.txt → LocalState\ ...
  Uploading bench_run_index.txt → LocalState\ ...
  Starting app...
  Waiting for bench-result.csv.done (timeout 300s)...
  Done after 20s (http 200).
  Tokens: /tmp/tmp.UXiks8vTyV/run2.tokens (257 lines)
  Row: qwen35-4b-mtp,Q4_K_M,d3d12,2048,2,89.22,27.92,3672,4298,2692,4147,298,256,0,xbox-series-t2-u64-b256-mtp2-pmin50-greedy-s1-g34-noeog-prof0,2026-10-09T17:32:22Z,2,3340.1,3424.4

--- Run 3 / 3 ---
  Uploading bench artifacts...
  Uploading bench.flag → LocalState\ ...
  Uploading prompt.txt → LocalState\ ...
  Uploading model.txt → LocalState\ ...
  Uploading bench_threads.txt → LocalState\ ...
  Uploading bench_ctx.txt → LocalState\ ...
  Uploading bench_npredict.txt → LocalState\ ...
  Uploading bench_maxlen.txt → LocalState\ ...
  Uploading bench_ubatch.txt → LocalState\ ...
  Uploading bench_n_batch.txt → LocalState\ ...
  Uploading bench_kvq8.txt → LocalState\ ...
  Uploading bench_gpu_layers.txt → LocalState\ ...
  Uploading bench_ignore_eog.txt → LocalState\ ...
  Uploading bench_mtp.txt → LocalState\ ...
  Uploading bench_mtp_pmin.txt → LocalState\ ...
  Uploading d3d12twocol.txt → LocalState\ ...
  Uploading bench_greedy.txt → LocalState\ ...
  Uploading bench_seed.txt → LocalState\ ...
  Uploading bench_tokens.txt → LocalState\ ...
  Uploading bench_profile.txt → LocalState\ ...
  Uploading bench_run_index.txt → LocalState\ ...
  Starting app...
  Waiting for bench-result.csv.done (timeout 300s)...
  Done after 30s (http 200).
  Tokens: /tmp/tmp.UXiks8vTyV/run3.tokens (257 lines)
  Row: qwen35-4b-mtp,Q4_K_M,d3d12,2048,2,88.34,27.74,3672,4444,2692,4147,298,256,0,xbox-series-t2-u64-b256-mtp2-pmin50-greedy-s1-g34-noeog-prof0,2026-10-09T17:32:48Z,3,3373.5,3457.5

--- Appending recorded runs ---
  appended: qwen35-4b-mtp,Q4_K_M,d3d12,2048,2,89.22,27.92,3672,4298,2692,4147,298,256,0,xbox-series-t2-u64-b256-mtp2-pmin50-greedy-s1-g34-noeog-prof0,2026-10-09T17:32:22Z,2,3340.1,3424.4
  appended: qwen35-4b-mtp,Q4_K_M,d3d12,2048,2,88.34,27.74,3672,4444,2692,4147,298,256,0,xbox-series-t2-u64-b256-mtp2-pmin50-greedy-s1-g34-noeog-prof0,2026-10-09T17:32:48Z,3,3373.5,3457.5
Appended 2 run(s) to /home/hjotha/worktrees/xllama-qwen35-4b-maxperf/bench/results/qwen4b-maxperf/enabled-rev209/blocks/b1/csv/std256-mtp-sw0.csv

Done. /home/hjotha/worktrees/xllama-qwen35-4b-maxperf/bench/results/qwen4b-maxperf/enabled-rev209/blocks/b1/csv/std256-mtp-sw0.csv updated.
  Restoring original model.txt on the device...
=== xllama bench-xbox-ort ===
  Model:   qwen35-4b-mtp
  Threads: 2
  n_ctx:   2048
  n_predict: 256
  max_length: derived
  Runs:    3 (run 1 warmup, dropped from median)
  Xbox:    192.168.1.26
  PFN: GianlucaMazza.xllama_1.6.0.209_x64__pj67f1fcj4n14

--- Skipping genai_config (GGUF model; threads via bench_threads.txt) ---

--- Run 1 / 3 ---
  Uploading bench artifacts...
  Uploading bench.flag → LocalState\ ...
  Uploading prompt.txt → LocalState\ ...
  Uploading model.txt → LocalState\ ...
  Uploading bench_threads.txt → LocalState\ ...
  Uploading bench_ctx.txt → LocalState\ ...
  Uploading bench_npredict.txt → LocalState\ ...
  Uploading bench_maxlen.txt → LocalState\ ...
  Uploading bench_ubatch.txt → LocalState\ ...
  Uploading bench_n_batch.txt → LocalState\ ...
  Uploading bench_kvq8.txt → LocalState\ ...
  Uploading bench_gpu_layers.txt → LocalState\ ...
  Uploading bench_ignore_eog.txt → LocalState\ ...
  Uploading bench_mtp.txt → LocalState\ ...
  Uploading bench_mtp_pmin.txt → LocalState\ ...
  Uploading d3d12twocol.txt → LocalState\ ...
  Uploading bench_greedy.txt → LocalState\ ...
  Uploading bench_seed.txt → LocalState\ ...
  Uploading bench_tokens.txt → LocalState\ ...
  Uploading bench_profile.txt → LocalState\ ...
  Uploading bench_run_index.txt → LocalState\ ...
  Starting app...
  Waiting for bench-result.csv.done (timeout 300s)...
  Done after 20s (http 200).
  Tokens: /tmp/tmp.Wn2R1UEFIz/run1.tokens (257 lines)
  Row: qwen35-4b-mtp,Q4_K_M,d3d12,2048,2,93.95,28.95,3674,4648,2692,4147,298,256,0,xbox-series-t2-u64-b256-mtp2-pmin50-greedy-s1-g34-noeog-prof0,2026-10-09T17:33:24Z,1,3172.0,3252.5

--- Run 2 / 3 ---
  Uploading bench artifacts...
  Uploading bench.flag → LocalState\ ...
  Uploading prompt.txt → LocalState\ ...
  Uploading model.txt → LocalState\ ...
  Uploading bench_threads.txt → LocalState\ ...
  Uploading bench_ctx.txt → LocalState\ ...
  Uploading bench_npredict.txt → LocalState\ ...
  Uploading bench_maxlen.txt → LocalState\ ...
  Uploading bench_ubatch.txt → LocalState\ ...
  Uploading bench_n_batch.txt → LocalState\ ...
  Uploading bench_kvq8.txt → LocalState\ ...
  Uploading bench_gpu_layers.txt → LocalState\ ...
  Uploading bench_ignore_eog.txt → LocalState\ ...
  Uploading bench_mtp.txt → LocalState\ ...
  Uploading bench_mtp_pmin.txt → LocalState\ ...
  Uploading d3d12twocol.txt → LocalState\ ...
  Uploading bench_greedy.txt → LocalState\ ...
  Uploading bench_seed.txt → LocalState\ ...
  Uploading bench_tokens.txt → LocalState\ ...
  Uploading bench_profile.txt → LocalState\ ...
  Uploading bench_run_index.txt → LocalState\ ...
  Starting app...
  Waiting for bench-result.csv.done (timeout 300s)...
  Done after 21s (http 200).
  Tokens: /tmp/tmp.Wn2R1UEFIz/run2.tokens (257 lines)
  Row: qwen35-4b-mtp,Q4_K_M,d3d12,2048,2,93.65,28.82,3672,4371,2692,4147,298,256,0,xbox-series-t2-u64-b256-mtp2-pmin50-greedy-s1-g34-noeog-prof0,2026-10-09T17:33:49Z,2,3182.1,3292.1

--- Run 3 / 3 ---
  Uploading bench artifacts...
  Uploading bench.flag → LocalState\ ...
  Uploading prompt.txt → LocalState\ ...
  Uploading model.txt → LocalState\ ...
  Uploading bench_threads.txt → LocalState\ ...
  Uploading bench_ctx.txt → LocalState\ ...
  Uploading bench_npredict.txt → LocalState\ ...
  Uploading bench_maxlen.txt → LocalState\ ...
  Uploading bench_ubatch.txt → LocalState\ ...
  Uploading bench_n_batch.txt → LocalState\ ...
  Uploading bench_kvq8.txt → LocalState\ ...
  Uploading bench_gpu_layers.txt → LocalState\ ...
  Uploading bench_ignore_eog.txt → LocalState\ ...
  Uploading bench_mtp.txt → LocalState\ ...
  Uploading bench_mtp_pmin.txt → LocalState\ ...
  Uploading d3d12twocol.txt → LocalState\ ...
  Uploading bench_greedy.txt → LocalState\ ...
  Uploading bench_seed.txt → LocalState\ ...
  Uploading bench_tokens.txt → LocalState\ ...
  Uploading bench_profile.txt → LocalState\ ...
  Uploading bench_run_index.txt → LocalState\ ...
  Starting app...
  Waiting for bench-result.csv.done (timeout 300s)...
  Done after 21s (http 200).
  Tokens: /tmp/tmp.Wn2R1UEFIz/run3.tokens (257 lines)
  Row: qwen35-4b-mtp,Q4_K_M,d3d12,2048,2,94.70,29.02,3672,4718,2692,4147,298,256,0,xbox-series-t2-u64-b256-mtp2-pmin50-greedy-s1-g34-noeog-prof0,2026-10-09T17:34:15Z,3,3146.9,3227.9

--- Appending recorded runs ---
  appended: qwen35-4b-mtp,Q4_K_M,d3d12,2048,2,93.65,28.82,3672,4371,2692,4147,298,256,0,xbox-series-t2-u64-b256-mtp2-pmin50-greedy-s1-g34-noeog-prof0,2026-10-09T17:33:49Z,2,3182.1,3292.1
  appended: qwen35-4b-mtp,Q4_K_M,d3d12,2048,2,94.70,29.02,3672,4718,2692,4147,298,256,0,xbox-series-t2-u64-b256-mtp2-pmin50-greedy-s1-g34-noeog-prof0,2026-10-09T17:34:15Z,3,3146.9,3227.9
Appended 2 run(s) to /home/hjotha/worktrees/xllama-qwen35-4b-maxperf/bench/results/qwen4b-maxperf/enabled-rev209/blocks/b1/csv/std256-mtp-sw1.csv

Done. /home/hjotha/worktrees/xllama-qwen35-4b-maxperf/bench/results/qwen4b-maxperf/enabled-rev209/blocks/b1/csv/std256-mtp-sw1.csv updated.
  Restoring original model.txt on the device...
